property_id,city,state,county,property_type,bedrooms,bathrooms,sqft,lot_size_sqft,year_built,last_sale_price,assessed_value,owner_occupied,avm_value_modelA,avm_value_modelB,assessment_ratio,assessment_flag,avm_residual_pct
P-100001,Honolulu,HI,Honolulu,Single Family,6,5.0,1312,10986,1974,546937.17,473424.11,False,525730.36,658817.45,1.1553,Under-assessed,3.88
P-100002,Pittsburgh,PA,Allegheny,Single Family,6,4.0,3387,7939,1939,287944.73,259431.97,False,292523.01,315908.06,1.1099,Under-assessed,-1.59
P-100004,Bronx,NY,Bronx,Single Family,5,2.0,4975,16921,1951,948377.61,835505.83,True,919118.49,1282200.7,1.1351,Under-assessed,3.09
P-100005,Tucson,AZ,Pima,Townhouse,6,3.5,2341,13079,1983,428592.88,401872.5,True,423951.11,450958.77,1.0665,Within band,1.08
P-100006,Grand Rapids,MI,Kent,Single Family,7,1.5,1852,12132,1940,737821.9,722270.61,True,755312.7,504117.51,1.0215,Within band,-2.37
P-100007,Houston,TX,Harris,Single Family,4,1.0,6495,10810,1984,714330.52,767039.79,False,737849.36,594331.96,0.9313,Within band,-3.29
P-100008,Cleveland,OH,Cuyahoga,Townhouse,7,3.0,2561,3510,1950,804847.49,664559.38,False,739166.22,664747.92,1.2111,Under-assessed,8.16
P-100009,Indianapolis,IN,Marion,Condo,5,2.5,6440,11547,1971,896216.5,817372.88,True,842592.52,684171.69,1.0965,Within band,5.98
P-100010,Tucson,AZ,Pima,Condo,1,1.0,3306,4466,1985,305643.61,289024.04,True,301366.27,381183.09,1.0575,Within band,1.4
P-100012,Decatur,GA,DeKalb,Condo,1,1.0,5942,14798,1921,875817.08,923644.33,False,901210.03,691995.9,0.9482,Within band,-2.9
P-100013,Austin,TX,Travis,Condo,6,4.5,1868,4979,1957,289806.7,282200.46,True,295858.48,340865.58,1.027,Within band,-2.09
P-100014,Bronx,NY,Bronx,Single Family,6,2.5,3907,5871,1992,1200956.81,975083.85,True,1120017.56,1512695.2,1.2316,Under-assessed,6.74
P-100015,Naperville,IL,DuPage,Condo,4,3.5,1194,1346,1978,604504.22,664246.73,True,669897.9,506667.0,0.9101,Within band,-10.82
P-100016,Charlotte,NC,Mecklenburg,Condo,5,5.0,664,11606,1990,353515.43,293798.17,True,339371.19,514110.38,1.2033,Under-assessed,4.0
P-100017,Naperville,IL,DuPage,Condo,7,1.0,1356,11748,1974,766891.51,614328.96,False,720809.61,620393.05,1.2483,Under-assessed,6.01
P-100018,Fort Wayne,IN,Allen,Single Family,5,1.0,3624,13167,1990,235513.15,191365.89,True,233890.51,359859.29,1.2307,Under-assessed,0.69
P-100019,Fort Lauderdale,FL,Broward,Condo,7,2.0,2050,8805,1923,259901.32,268924.04,True,272915.86,315923.29,0.9664,Within band,-5.01
P-100020,Rockville,MD,Montgomery,Condo,2,1.0,6006,9170,1971,693914.34,569583.09,False,658185.79,753870.41,1.2183,Under-assessed,5.15
P-100021,Orlando,FL,Orange,Single Family,5,4.0,3431,15367,2020,364668.31,399410.54,True,384368.34,370166.3,0.913,Within band,-5.4
P-100022,Austin,TX,Travis,Townhouse,5,3.5,6034,8075,2012,822036.53,733902.21,True,802648.19,781194.26,1.1201,Under-assessed,2.36
P-100023,Atlanta,GA,Fulton,Condo,2,4.0,5351,15290,2003,371354.4,346342.92,False,371599.89,430654.49,1.0722,Within band,-0.07
P-100024,Reno,NV,Washoe,Single Family,1,1.0,2605,10389,1998,782795.4,733185.62,True,792996.45,600641.48,1.0677,Within band,-1.3
P-100025,Charlotte,NC,Mecklenburg,Condo,4,1.0,5166,9248,1935,476040.22,447188.84,False,472078.02,574946.87,1.0645,Within band,0.83
P-100026,Minneapolis,MN,Hennepin,Condo,7,2.5,5823,10366,2018,726586.37,717885.16,True,812188.23,567253.98,1.0121,Within band,-11.78
P-100027,San Francisco,CA,San Francisco,Condo,1,4.0,3939,9360,1989,1871069.13,1612955.74,False,1811818.76,1743097.25,1.16,Under-assessed,3.17
P-100028,Cincinnati,OH,Hamilton,Multi Family,5,5.0,5541,9154,1982,291148.88,275337.34,False,287148.35,414607.09,1.0574,Within band,1.37
P-100029,Jacksonville,FL,Duval,Single Family,6,4.0,1711,9275,1943,159222.01,143014.13,True,153167.83,161260.15,1.1133,Under-assessed,3.8
P-100032,Charlotte,NC,Mecklenburg,Townhouse,7,1.0,3444,12172,1974,635986.65,605324.61,True,634047.42,523989.79,1.0507,Within band,0.3
P-100033,Queens,NY,Queens,Condo,7,4.5,4408,11544,2013,2257047.59,2382345.21,False,2336201.76,2492020.01,0.9474,Within band,-3.51
P-100034,Nashville,TN,Davidson,Condo,3,3.0,5483,16971,1955,553517.0,600244.23,True,637663.57,664615.69,0.9222,Within band,-15.2
P-100035,Boise,ID,Ada,Condo,3,3.5,4476,13544,1987,388130.77,374591.43,True,392056.74,591322.69,1.0361,Within band,-1.01
P-100036,Las Vegas,NV,Clark,Townhouse,7,5.0,5488,10124,1932,769450.12,668071.18,True,730319.04,563381.23,1.1517,Under-assessed,5.09
P-100037,Denver,CO,Denver,Single Family,4,4.5,3391,6411,1926,602974.07,568796.75,False,550732.85,707637.0,1.0601,Within band,8.66
P-100038,Queens,NY,Queens,Multi Family,5,2.5,4880,11112,1977,3220938.35,3407913.82,False,3298961.79,2620815.8,0.9451,Within band,-2.42
P-100040,Durham,NC,Durham,Single Family,3,2.0,1184,2161,1941,738250.28,756475.7,True,740087.16,640712.5,0.9759,Within band,-0.25
P-100042,Lexington,KY,Fayette,Condo,2,4.0,5800,13856,1931,486608.11,437943.66,True,475156.33,548848.76,1.1111,Under-assessed,2.35
P-100043,Indianapolis,IN,Marion,Multi Family,7,5.0,609,11384,1989,480341.55,411304.35,True,481106.39,531031.88,1.1678,Under-assessed,-0.16
P-100044,Naperville,IL,DuPage,Single Family,1,2.5,6414,9008,1959,549654.43,506999.71,False,545990.55,629407.95,1.0841,Within band,0.67
P-100045,Queens,NY,Queens,Single Family,4,2.5,4341,13372,1938,1619937.34,1542945.39,False,1653274.88,2042884.95,1.0499,Within band,-2.06
P-100046,Nashville,TN,Davidson,Townhouse,5,4.5,1817,9133,1988,497786.28,480650.1,False,510454.61,518745.15,1.0357,Within band,-2.54
P-100047,Tucson,AZ,Pima,Multi Family,4,2.0,4657,5263,1936,511787.1,460402.86,True,501127.86,551213.3,1.1116,Under-assessed,2.08
P-100048,Houston,TX,Harris,Condo,3,4.0,5923,7238,1962,784826.24,753501.23,False,801247.09,817032.31,1.0416,Within band,-2.09
P-100050,Decatur,GA,DeKalb,Condo,4,2.0,2502,10057,2001,318102.32,318118.93,True,334045.89,391167.75,0.9999,Within band,-5.01
P-100051,Aurora,CO,Arapahoe,Multi Family,7,4.5,1473,5359,1968,986307.23,876592.11,True,960808.85,849517.97,1.1252,Under-assessed,2.59
P-100052,San Diego,CA,San Diego,Condo,5,3.0,6152,17963,2018,2460503.7,2069366.71,True,2292203.94,1940265.01,1.189,Under-assessed,6.84
P-100053,Columbus,OH,Franklin,Condo,2,5.0,3597,12294,1984,832519.84,707111.82,False,746860.06,524085.92,1.1774,Under-assessed,10.29
P-100056,Cleveland,OH,Cuyahoga,Multi Family,6,1.5,4608,14694,1972,852461.39,690335.92,False,785516.57,607692.62,1.2349,Under-assessed,7.85
P-100057,Cleveland,OH,Cuyahoga,Single Family,7,4.5,1350,12208,1947,620529.48,677201.19,False,677465.74,598679.51,0.9163,Within band,-9.18
P-100058,Oakland,CA,Alameda,Townhouse,7,2.0,5482,5528,1955,3068138.69,3363472.17,False,3112349.55,2036713.17,0.9122,Within band,-1.44
P-100059,Knoxville,TN,Knox,Multi Family,5,1.5,1120,8922,1977,726853.29,710935.06,False,777096.61,518999.78,1.0224,Within band,-6.91
P-100060,Charleston,SC,Charleston,Single Family,7,4.0,4092,15333,1933,502409.71,413004.5,True,485756.99,415296.67,1.2165,Under-assessed,3.31
P-100062,Philadelphia,PA,Philadelphia,Multi Family,3,3.0,3666,6166,2007,839928.33,694929.35,False,754906.77,455239.08,1.2087,Under-assessed,10.12
P-100063,Fort Wayne,IN,Allen,Multi Family,7,1.0,2956,12793,1959,394284.02,375446.61,True,402764.81,399423.16,1.0502,Within band,-2.15
P-100064,Cleveland,OH,Cuyahoga,Condo,7,5.0,815,10792,2004,766979.42,620245.48,True,725026.04,716095.26,1.2366,Under-assessed,5.47
P-100065,Louisville,KY,Jefferson,Single Family,6,5.0,2362,8525,1973,473843.72,431679.18,True,455322.31,429638.06,1.0977,Within band,3.91
P-100066,Queens,NY,Queens,Multi Family,4,4.5,3992,8467,1947,2752576.59,2487095.69,True,2721745.25,1993754.1,1.1067,Under-assessed,1.12
P-100067,Lakewood,CO,Jefferson,Condo,3,2.5,1724,5910,1957,693746.83,658515.31,False,748255.67,681176.87,1.0535,Within band,-7.86
P-100068,Irvine,CA,Orange,Townhouse,5,4.0,5297,11923,2010,2402432.09,2004954.53,True,2299821.22,1875544.13,1.1982,Under-assessed,4.27
P-100069,Fort Lauderdale,FL,Broward,Condo,6,3.5,2415,7871,2019,251143.51,248623.89,True,267794.42,389683.79,1.0101,Within band,-6.63
P-100070,Scottsdale,AZ,Maricopa,Single Family,2,4.5,4400,13636,2017,571985.11,616168.83,False,600902.37,565525.17,0.9283,Within band,-5.06
P-100071,Las Vegas,NV,Clark,Condo,5,1.0,3483,11795,1929,362118.12,293779.98,False,343596.74,373408.69,1.2326,Under-assessed,5.11
P-100072,Boston,MA,Suffolk,Single Family,4,2.5,3233,13145,1980,1979170.27,1850834.8,False,1921060.61,2140199.81,1.0693,Within band,2.94
P-100073,Charlotte,NC,Mecklenburg,Townhouse,3,4.0,3948,9491,2006,586350.97,580057.06,False,588726.33,536558.27,1.0109,Within band,-0.41
P-100075,Sacramento,CA,Sacramento,Condo,3,4.5,2172,5883,1937,922582.78,971782.75,False,1028952.41,967613.53,0.9494,Within band,-11.53
P-100076,Omaha,NE,Douglas,Townhouse,7,2.0,4185,4900,1972,404153.54,352122.43,False,393136.51,497449.93,1.1478,Under-assessed,2.73
P-100077,Lakewood,CO,Jefferson,Single Family,4,3.0,3728,11967,1987,802392.99,838554.73,False,901028.89,564403.1,0.9569,Within band,-12.29
P-100078,Indianapolis,IN,Marion,Single Family,5,2.0,4183,5685,1948,757028.54,685016.6,True,745027.4,579802.63,1.1051,Under-assessed,1.59
P-100080,Waukegan,IL,Lake,Single Family,1,2.5,4039,14507,2021,605792.24,504780.85,True,512936.36,520832.03,1.2001,Under-assessed,15.33
P-100081,Manhattan,NY,New York,Multi Family,2,1.5,4888,10796,1928,3357881.22,3197368.82,True,3287538.72,2067087.15,1.0502,Within band,2.09
P-100082,Cleveland,OH,Cuyahoga,Single Family,7,3.5,1692,2418,1965,545890.72,541981.42,False,588732.75,677036.25,1.0072,Within band,-7.85
P-100083,Oakland,CA,Alameda,Single Family,3,3.0,4822,11346,1989,1893869.29,1943085.79,False,1911832.77,1121957.24,0.9747,Within band,-0.95
P-100084,Seattle,WA,King,Multi Family,3,2.0,4664,16002,1983,1570408.13,1500969.01,False,1693805.78,1201205.45,1.0463,Within band,-7.86
P-100085,Provo,UT,Utah,Condo,4,4.0,1965,13266,1976,394206.65,401319.84,False,411669.57,415965.6,0.9823,Within band,-4.43
P-100086,Columbus,OH,Franklin,Single Family,1,2.0,1150,5016,2019,623227.04,570163.2,True,593041.57,468169.27,1.0931,Within band,4.84
P-100087,Cleveland,OH,Cuyahoga,Townhouse,6,3.0,2644,4502,1923,693826.39,662828.71,False,713680.19,726470.36,1.0468,Within band,-2.86
P-100088,Fairfax,VA,Fairfax,Single Family,1,3.5,6070,11762,2010,377926.89,335262.23,False,381390.11,488048.95,1.1273,Under-assessed,-0.92
P-100089,Atlanta,GA,Fulton,Single Family,2,4.5,815,6727,1990,566376.38,589653.61,True,658545.01,507484.85,0.9605,Within band,-16.27
P-100091,Tampa,FL,Hillsborough,Condo,3,5.0,2926,4218,1952,273115.5,240979.45,True,266500.42,386238.11,1.1334,Under-assessed,2.42
P-100092,Queens,NY,Queens,Single Family,1,3.0,5934,9387,2018,2195018.47,2176794.02,False,2469935.23,1911035.11,1.0084,Within band,-12.52
P-100093,Baltimore,MD,Baltimore,Single Family,4,4.0,4566,12175,1946,708231.08,632999.06,True,691375.01,631639.92,1.1189,Under-assessed,2.38
P-100095,Lawrenceville,GA,Gwinnett,Single Family,1,1.5,3821,12102,1978,874015.57,852168.01,False,867101.33,568250.96,1.0256,Within band,0.79
P-100096,Rockville,MD,Montgomery,Townhouse,7,4.0,3597,4338,1971,361389.22,310215.27,True,354256.49,579082.74,1.165,Under-assessed,1.97
P-100097,Wichita,KS,Sedgwick,Townhouse,5,3.5,1781,5042,1997,517115.56,419937.38,True,485873.79,551902.38,1.2314,Under-assessed,6.04
P-100098,Brooklyn,NY,Kings,Condo,5,3.5,4755,13106,1988,1944032.29,1730066.59,False,1909832.82,1828890.07,1.1237,Under-assessed,1.76
P-100099,Oklahoma City,OK,Oklahoma,Townhouse,2,1.0,5380,13251,1941,528901.22,521454.68,True,537418.17,564503.08,1.0143,Within band,-1.61
P-100100,Portland,OR,Multnomah,Condo,7,4.5,1110,12673,1937,922419.85,827885.52,False,886596.03,780861.79,1.1142,Under-assessed,3.88
P-100101,Nashville,TN,Davidson,Condo,5,4.5,2175,6213,1955,555307.59,601090.29,False,587522.89,558020.14,0.9238,Within band,-5.8
P-100102,Memphis,TN,Shelby,Multi Family,4,3.5,1799,6557,1925,344351.67,283645.51,True,323521.73,376863.53,1.214,Under-assessed,6.05
P-100103,Seattle,WA,King,Condo,2,1.0,6087,14787,1948,2395730.95,1988598.97,False,2381141.4,2265679.58,1.2047,Under-assessed,0.61
P-100104,Philadelphia,PA,Philadelphia,Townhouse,3,1.0,1332,12019,1993,301131.76,306231.52,False,303511.03,365363.65,0.9833,Within band,-0.79
P-100105,Troy,MI,Oakland,Townhouse,5,1.5,3344,8006,1978,891497.59,853426.69,True,856609.36,694092.16,1.0446,Within band,3.91
P-100106,Kansas City,MO,Jackson,Townhouse,6,2.5,2037,12046,2001,819693.35,760930.33,True,791654.25,534406.54,1.0772,Within band,3.42
P-100107,Charlotte,NC,Mecklenburg,Townhouse,3,1.0,2742,13451,1966,660359.5,660581.27,True,681412.68,507683.9,0.9997,Within band,-3.19
P-100108,Honolulu,HI,Honolulu,Single Family,2,4.5,5562,11683,1973,2590919.22,2661405.58,False,2655832.27,2053450.76,0.9735,Within band,-2.51
P-100109,San Francisco,CA,San Francisco,Townhouse,1,1.0,5086,13367,1945,2196740.11,1865825.7,False,2082341.08,1772198.24,1.1774,Under-assessed,5.21
P-100110,Eugene,OR,Lane,Single Family,5,4.5,6111,11160,2012,326124.55,340779.27,True,342350.3,566381.63,0.957,Within band,-4.98
P-100111,Provo,UT,Utah,Single Family,7,4.0,3667,9933,1977,798303.82,728606.84,False,795800.18,567550.18,1.0957,Within band,0.31
P-100112,Tampa,FL,Hillsborough,Single Family,7,1.0,3044,10629,2006,680893.3,653371.65,True,665278.7,642611.47,1.0421,Within band,2.29
P-100113,Fort Worth,TX,Tarrant,Single Family,4,1.0,2604,3328,1971,462390.99,400051.79,False,437828.32,460860.1,1.1558,Under-assessed,5.31
P-100114,Las Vegas,NV,Clark,Condo,2,4.0,3061,7569,1927,554240.13,589663.93,True,611615.97,476590.56,0.9399,Within band,-10.35
P-100115,Columbia,SC,Richland,Condo,4,2.5,2446,7373,2010,232594.36,249904.58,True,276209.99,518345.03,0.9307,Within band,-18.75
P-100116,Naperville,IL,DuPage,Condo,1,3.0,3689,14726,1997,590279.2,485112.28,True,569672.14,567191.29,1.2168,Under-assessed,3.49
P-100117,Waukegan,IL,Lake,Condo,4,2.5,5122,10391,2019,340786.17,327187.11,False,338284.5,394513.88,1.0416,Within band,0.73
P-100119,Billings,MT,Yellowstone,Single Family,4,2.0,3485,6258,1937,681844.55,583123.23,True,647713.77,504202.27,1.1693,Under-assessed,5.01
P-100120,San Diego,CA,San Diego,Single Family,1,2.5,4742,12213,1967,634372.86,634389.62,True,633717.43,1045845.34,1.0,Within band,0.1
P-100121,Indianapolis,IN,Marion,Condo,1,5.0,6316,17359,1975,748810.81,623089.17,False,720903.14,704627.03,1.2018,Under-assessed,3.73
P-100122,Seattle,WA,King,Condo,6,2.5,3057,14264,1930,2443893.94,2431597.09,True,2418991.58,2192151.66,1.0051,Within band,1.02
P-100124,Atlanta,GA,Fulton,Multi Family,1,3.0,1930,11169,1950,562022.82,515232.72,True,553488.63,532133.1,1.0908,Within band,1.52
P-100125,Boston,MA,Suffolk,Townhouse,5,4.0,3273,3758,2001,1283647.44,1215846.51,True,1309562.71,1697749.28,1.0558,Within band,-2.02
P-100126,San Francisco,CA,San Francisco,Single Family,6,4.0,3194,9103,1933,729137.31,680591.9,True,746870.24,1754460.72,1.0713,Within band,-2.43
P-100127,Fort Wayne,IN,Allen,Single Family,5,3.5,3755,3957,1957,442771.85,365468.25,True,416340.27,459794.35,1.2115,Under-assessed,5.97
P-100128,Cincinnati,OH,Hamilton,Single Family,2,4.0,2860,9759,1958,497700.42,452079.94,False,476453.22,486811.82,1.1009,Under-assessed,4.27
P-100129,Fort Lauderdale,FL,Broward,Townhouse,4,3.5,4206,9690,1975,756070.87,752525.7,False,780527.83,620873.21,1.0047,Within band,-3.23
P-100130,Atlanta,GA,Fulton,Townhouse,7,2.5,3269,9430,1955,756865.72,688372.9,False,758146.41,672119.62,1.0995,Within band,-0.17
P-100131,Naperville,IL,DuPage,Multi Family,6,4.5,1740,12116,1958,308776.51,261299.95,False,294968.23,330586.39,1.1817,Under-assessed,4.47
P-100133,Reno,NV,Washoe,Condo,5,2.5,4251,10380,1970,481189.3,469918.4,True,495577.31,399043.63,1.024,Within band,-2.99
P-100134,Orlando,FL,Orange,Condo,4,3.5,4500,6099,1976,683155.28,611883.63,True,662168.71,588300.8,1.1165,Under-assessed,3.07
P-100135,Hempstead,NY,Nassau,Single Family,2,4.0,5758,8780,1943,2403460.57,2207998.45,True,2414043.58,1857977.35,1.0885,Within band,-0.44
P-100136,Austin,TX,Travis,Single Family,5,1.5,4998,8061,1966,374268.23,312209.5,True,357495.68,497276.16,1.1988,Under-assessed,4.48
P-100137,Wichita,KS,Sedgwick,Single Family,7,3.0,5633,15302,1930,644245.86,538176.25,True,609122.74,541210.76,1.1971,Under-assessed,5.45
P-100138,Pittsburgh,PA,Allegheny,Condo,6,2.0,5145,7878,1982,345291.12,308819.4,True,354139.0,518263.45,1.1181,Under-assessed,-2.56
P-100139,Fort Wayne,IN,Allen,Single Family,4,2.0,1277,10540,1923,740787.09,657542.6,False,727721.71,456709.23,1.1266,Under-assessed,1.76
P-100140,Arlington,VA,Arlington,Condo,7,3.5,5040,5721,2017,1162776.29,1006455.65,True,1130205.71,963552.08,1.1553,Under-assessed,2.8
P-100141,Memphis,TN,Shelby,Townhouse,6,3.5,6422,16420,2000,453970.31,382138.81,True,397664.38,759407.08,1.188,Under-assessed,12.4
P-100143,Fairfax,VA,Fairfax,Single Family,4,5.0,2879,14261,1967,845634.78,759537.98,False,751141.2,690973.11,1.1134,Under-assessed,11.17
P-100144,Honolulu,HI,Honolulu,Condo,4,3.0,3244,7890,1963,2119297.13,2055384.71,True,2142733.9,1708500.38,1.0311,Within band,-1.11
P-100145,Dallas,TX,Dallas,Multi Family,2,2.0,5924,10869,1940,802050.23,707573.39,False,789691.76,629950.02,1.1335,Under-assessed,1.54
P-100146,Hempstead,NY,Nassau,Condo,4,1.5,6364,7923,1920,1100934.59,924575.81,True,1056212.12,1433072.21,1.1907,Under-assessed,4.06
P-100147,Minneapolis,MN,Hennepin,Single Family,1,3.5,3611,8513,1937,418522.42,429381.96,True,437998.23,475558.42,0.9747,Within band,-4.65
P-100148,Houston,TX,Harris,Single Family,4,4.5,2379,3799,1932,229210.25,223909.12,False,240822.37,342742.93,1.0237,Within band,-5.07
P-100149,Tacoma,WA,Pierce,Condo,7,1.0,5993,10935,1946,2029134.84,1738144.64,True,2034548.67,2025577.81,1.1674,Under-assessed,-0.27
P-100150,Honolulu,HI,Honolulu,Townhouse,3,2.0,3768,13080,1973,1564508.01,1332696.57,True,1509243.97,1454228.14,1.1739,Under-assessed,3.53
P-100152,Salt Lake City,UT,Salt Lake,Single Family,3,4.0,2554,3502,1951,187245.98,156312.19,False,178295.38,246369.65,1.1979,Under-assessed,4.78
P-100153,Tampa,FL,Hillsborough,Condo,5,3.0,1967,8059,1936,704825.58,620690.09,False,691785.01,555177.89,1.1356,Under-assessed,1.85
P-100154,Durham,NC,Durham,Single Family,7,2.0,3612,6189,1952,723196.58,724813.74,True,750450.44,649033.38,0.9978,Within band,-3.77
P-100155,Charlotte,NC,Mecklenburg,Single Family,5,4.0,2439,7711,1951,444680.15,398424.76,False,446395.9,369689.46,1.1161,Under-assessed,-0.39
P-100156,Atlanta,GA,Fulton,Condo,7,3.0,3281,4696,1990,476262.02,409681.23,True,481042.33,570600.07,1.1625,Under-assessed,-1.0
P-100157,Chicago,IL,Cook,Condo,5,3.5,5809,17170,1921,861772.4,885625.18,True,850053.22,761405.64,0.9731,Within band,1.36
P-100158,Fairfax,VA,Fairfax,Condo,4,3.5,4355,5746,1994,414692.41,411028.48,True,440208.57,535573.28,1.0089,Within band,-6.15
P-100160,St. Louis,MO,St. Louis,Townhouse,1,2.5,3285,5715,1931,674702.77,619966.39,True,671327.48,536355.7,1.0883,Within band,0.5
P-100161,Fort Wayne,IN,Allen,Single Family,1,1.0,1105,4746,1936,274543.77,250293.85,True,275546.42,443816.39,1.0969,Within band,-0.37
P-100162,Dallas,TX,Dallas,Townhouse,1,1.0,4376,5205,1941,840822.75,879925.73,True,854293.3,678923.96,0.9556,Within band,-1.6
P-100163,Tacoma,WA,Pierce,Condo,6,3.0,4686,11436,1990,1911044.34,1689234.77,True,1869948.27,2116940.24,1.1313,Under-assessed,2.15
P-100165,Miami,FL,Miami-Dade,Single Family,7,2.5,5316,11679,1965,849460.71,723837.03,True,789563.6,684072.42,1.1736,Under-assessed,7.05
P-100166,San Antonio,TX,Bexar,Single Family,5,3.0,2038,10073,1924,190400.75,186687.71,False,194093.65,291484.24,1.0199,Within band,-1.94
P-100167,Jacksonville,FL,Duval,Single Family,7,1.5,4911,10889,1929,411400.81,377945.15,False,425371.15,498806.25,1.0885,Within band,-3.4
P-100169,Fort Worth,TX,Tarrant,Single Family,2,3.5,1237,5136,1964,886256.13,878152.23,False,877512.08,708859.32,1.0092,Within band,0.99
P-100171,Lexington,KY,Fayette,Condo,1,3.5,2739,4454,1929,386610.4,352835.1,True,373993.18,467226.39,1.0957,Within band,3.26
P-100172,San Antonio,TX,Bexar,Single Family,3,2.5,2156,8861,2009,552207.7,531244.59,True,546401.76,470174.08,1.0395,Within band,1.05
P-100173,Indianapolis,IN,Marion,Condo,7,4.5,2235,3824,1923,281423.33,249775.43,False,279555.72,432205.26,1.1267,Under-assessed,0.66
P-100174,Sacramento,CA,Sacramento,Single Family,4,1.0,2756,9960,1979,1253372.47,1103680.44,True,1270620.82,1883414.59,1.1356,Under-assessed,-1.38
P-100175,Memphis,TN,Shelby,Multi Family,7,5.0,4029,12802,2007,796177.33,773736.5,False,811953.42,649841.05,1.029,Within band,-1.98
P-100176,Boston,MA,Suffolk,Single Family,2,2.5,1633,2332,1974,689023.99,641218.11,True,706522.41,980364.23,1.0746,Within band,-2.54
P-100177,Sacramento,CA,Sacramento,Single Family,7,1.0,6337,16545,1995,2043814.13,1704041.58,False,1950727.34,2016794.27,1.1994,Under-assessed,4.55
P-100178,Fort Lauderdale,FL,Broward,Multi Family,3,4.0,5964,13919,1993,594990.48,506729.54,False,570194.53,634627.26,1.1742,Under-assessed,4.17
P-100179,Troy,MI,Oakland,Townhouse,1,3.5,3082,8176,1955,777420.32,784304.26,True,772029.46,534439.4,0.9912,Within band,0.69
P-100180,Seattle,WA,King,Multi Family,6,4.5,4831,10957,1927,2021572.59,1657052.91,False,1844271.09,2038862.63,1.22,Under-assessed,8.77
P-100181,San Antonio,TX,Bexar,Single Family,1,3.5,6372,9634,1955,407314.5,387575.19,True,404162.59,569534.93,1.0509,Within band,0.77
P-100183,Naperville,IL,DuPage,Single Family,4,2.0,5903,8740,1996,744674.55,652124.26,True,719349.95,625050.7,1.1419,Under-assessed,3.4
P-100185,Tacoma,WA,Pierce,Condo,2,2.0,4837,8774,1927,2906560.96,3031568.35,False,3037719.41,2379159.62,0.9588,Within band,-4.51
P-100186,Durham,NC,Durham,Townhouse,7,2.5,3411,15314,2011,293443.29,290947.28,True,295047.68,495178.66,1.0086,Within band,-0.55
P-100188,Rockville,MD,Montgomery,Multi Family,5,3.0,3984,4869,1939,464838.31,419656.48,True,454268.56,550076.57,1.1077,Under-assessed,2.27
P-100189,San Francisco,CA,San Francisco,Single Family,1,4.5,2840,6270,2017,2809303.93,2891743.29,True,2890689.26,1606105.39,0.9715,Within band,-2.9
P-100190,Honolulu,HI,Honolulu,Single Family,5,2.5,3656,3886,1961,2758385.6,2364413.7,True,2368406.82,1397089.25,1.1666,Under-assessed,14.14
P-100191,Lakewood,CO,Jefferson,Single Family,7,1.0,3042,7806,1978,1173398.29,1123218.26,False,1184328.13,1112176.39,1.0447,Within band,-0.93
P-100193,San Diego,CA,San Diego,Single Family,6,1.5,4014,11293,1968,826964.94,779264.69,True,803558.47,1526507.23,1.0612,Within band,2.83
P-100194,Miami,FL,Miami-Dade,Single Family,5,1.5,2915,4782,2020,202885.69,199375.88,False,208715.17,268306.33,1.0176,Within band,-2.87
P-100195,Bronx,NY,Bronx,Condo,1,1.0,6102,7560,1934,2997458.1,2842283.32,False,3019226.05,2199655.26,1.0546,Within band,-0.73
P-100196,Kansas City,MO,Jackson,Single Family,7,3.0,3550,14638,1960,452276.26,374710.67,False,414682.19,543569.85,1.207,Under-assessed,8.31
P-100197,Knoxville,TN,Knox,Single Family,4,4.0,4339,8792,1969,658123.9,684428.93,True,713063.17,499792.35,0.9616,Within band,-8.35
P-100198,Bronx,NY,Bronx,Single Family,2,4.0,3537,13553,1923,3080856.11,3239707.96,False,3071135.87,2193910.33,0.951,Within band,0.32
P-100199,Los Angeles,CA,Los Angeles,Condo,7,2.5,6087,11629,1986,2045464.68,2015747.57,True,2100498.02,2045926.91,1.0147,Within band,-2.69
P-100200,Queens,NY,Queens,Single Family,7,4.5,1954,3180,2016,1949526.28,1753147.48,False,1938024.66,1533307.97,1.112,Under-assessed,0.59
P-100201,Scottsdale,AZ,Maricopa,Single Family,4,3.5,1572,9720,2015,629630.94,579910.18,False,615735.21,388927.03,1.0857,Within band,2.21
P-100202,Honolulu,HI,Honolulu,Townhouse,3,1.0,2426,9871,1962,2158460.08,2115259.25,True,2191795.98,1569211.54,1.0204,Within band,-1.54
P-100203,Nashville,TN,Davidson,Single Family,2,4.5,1750,13494,2015,682816.09,598342.72,True,645535.93,614104.22,1.1412,Under-assessed,5.46
P-100204,Nashville,TN,Davidson,Townhouse,1,4.5,4346,15134,1995,865828.45,943022.62,False,872615.08,799161.94,0.9181,Within band,-0.78
P-100205,Atlanta,GA,Fulton,Townhouse,3,5.0,3751,10610,1997,834409.99,729667.87,False,811634.71,561367.58,1.1435,Under-assessed,2.73
P-100206,Cambridge,MA,Middlesex,Townhouse,6,3.0,6224,11881,2006,854648.77,850397.68,True,880402.72,1247624.42,1.005,Within band,-3.01
P-100207,Fort Wayne,IN,Allen,Condo,7,4.0,704,9268,1933,139712.27,113993.97,False,140758.23,255245.79,1.2256,Under-assessed,-0.75
P-100208,San Jose,CA,Santa Clara,Single Family,5,5.0,2437,13039,1991,1636104.32,1693845.96,False,1671208.06,1386327.18,0.9659,Within band,-2.15
P-100209,Pittsburgh,PA,Allegheny,Single Family,7,2.5,5791,17335,2010,625153.26,610471.91,False,617313.53,624321.16,1.024,Within band,1.25
P-100210,Eugene,OR,Lane,Single Family,4,1.0,4110,8682,1991,617087.51,601781.16,False,649202.72,650796.42,1.0254,Within band,-5.2
P-100211,Queens,NY,Queens,Single Family,7,5.0,3533,4727,2020,2608428.76,2258869.58,True,2465395.83,2078915.8,1.1547,Under-assessed,5.48
P-100212,Grand Rapids,MI,Kent,Townhouse,3,3.0,2389,12518,1987,490388.61,513489.11,True,527245.16,460633.15,0.955,Within band,-7.52
P-100213,Charlotte,NC,Mecklenburg,Multi Family,3,5.0,2916,3320,1986,761245.07,726450.63,False,788793.06,345057.66,1.0479,Within band,-3.62
P-100214,Henderson,NV,Clark,Condo,5,1.0,5735,6807,1946,642861.4,555401.74,True,607998.55,497962.14,1.1575,Under-assessed,5.42
P-100215,Queens,NY,Queens,Single Family,7,3.0,5171,6325,1993,2955938.92,2726232.41,True,2879122.37,2056123.62,1.0843,Within band,2.6
P-100216,Tampa,FL,Hillsborough,Townhouse,1,1.5,3530,11768,1933,346072.55,308144.8,True,318905.69,565316.84,1.1231,Under-assessed,7.85
P-100219,St. Louis,MO,St. Louis,Condo,6,4.5,3310,9161,1936,643610.54,534205.45,True,615425.21,549976.5,1.2048,Under-assessed,4.38
P-100220,New Orleans,LA,Orleans,Townhouse,2,2.5,6434,16933,1975,335810.27,282178.6,True,338718.22,584033.84,1.1901,Under-assessed,-0.87
P-100222,Indianapolis,IN,Marion,Condo,7,3.0,1696,9309,1984,518121.35,471055.03,True,530581.86,494024.54,1.0999,Within band,-2.4
P-100223,Bronx,NY,Bronx,Single Family,2,1.5,2765,8817,1949,580565.74,554652.52,True,573305.79,915604.29,1.0467,Within band,1.25
P-100224,Henderson,NV,Clark,Multi Family,6,4.0,3592,13220,2003,820616.76,783688.08,True,798527.53,590542.4,1.0471,Within band,2.69
P-100225,Fairfax,VA,Fairfax,Condo,1,5.0,5871,10471,1947,480288.49,436422.25,True,456441.03,624588.82,1.1005,Under-assessed,4.97
P-100227,Charleston,SC,Charleston,Condo,4,4.5,4545,7339,1948,767683.59,647014.2,False,705046.91,683432.72,1.1865,Under-assessed,8.16
P-100228,Kansas City,MO,Jackson,Single Family,2,5.0,4731,15943,1973,764681.06,633836.16,False,706845.49,470970.93,1.2064,Under-assessed,7.56
P-100229,Boston,MA,Suffolk,Condo,7,1.0,6158,16795,1975,2042234.9,2169766.94,False,2113014.7,1871693.57,0.9412,Within band,-3.47
P-100231,Las Vegas,NV,Clark,Condo,3,5.0,4069,13320,1966,597266.93,549029.41,True,575574.91,537924.15,1.0879,Within band,3.63
P-100235,Grand Rapids,MI,Kent,Single Family,1,5.0,2930,14827,1991,833707.0,753873.32,False,802751.05,550839.33,1.1059,Under-assessed,3.71
P-100236,Austin,TX,Travis,Condo,3,3.5,1558,9967,1952,803368.18,833909.65,True,832169.47,664592.7,0.9634,Within band,-3.59
P-100237,Kansas City,MO,Jackson,Condo,6,2.5,3186,9943,1965,522873.29,528230.42,False,570758.94,634302.9,0.9899,Within band,-9.16
P-100238,Atlanta,GA,Fulton,Single Family,6,2.5,4687,7958,1950,693634.67,610136.05,True,643182.17,658450.73,1.1369,Under-assessed,7.27
P-100239,Tampa,FL,Hillsborough,Single Family,7,4.5,3640,13809,1960,504025.49,538853.62,True,552047.44,460315.28,0.9354,Within band,-9.53
P-100240,Lexington,KY,Fayette,Condo,1,5.0,3444,9894,2007,725205.09,792614.47,True,756069.7,600988.52,0.915,Within band,-4.26
P-100241,New Orleans,LA,Orleans,Condo,3,2.5,2806,10528,1998,387615.24,368091.45,True,400597.4,454316.66,1.053,Within band,-3.35
P-100242,Decatur,GA,DeKalb,Condo,7,2.5,5149,12230,1968,272929.31,296877.32,True,303325.29,405468.57,0.9193,Within band,-11.14
P-100244,Fort Wayne,IN,Allen,Townhouse,2,5.0,2029,6692,1965,373570.42,353490.31,False,373211.32,349318.71,1.0568,Within band,0.1
P-100245,Hempstead,NY,Nassau,Single Family,1,2.0,3414,7153,1960,1416478.64,1435077.07,False,1412512.2,1965715.43,0.987,Within band,0.28
P-100246,Baton Rouge,LA,East Baton Rouge,Single Family,6,2.5,6023,10145,2015,666543.6,575341.4,True,634116.64,561854.92,1.1585,Under-assessed,4.86
P-100247,Troy,MI,Oakland,Multi Family,3,2.5,2626,7281,1976,608654.93,583105.24,False,629660.98,533051.88,1.0438,Within band,-3.45
P-100248,Rockville,MD,Montgomery,Condo,2,4.5,5769,16186,1992,821972.85,815280.74,True,899735.5,772326.17,1.0082,Within band,-9.46
P-100249,Columbus,OH,Franklin,Single Family,3,3.0,4443,13210,1921,656460.57,711660.54,False,746302.84,681657.75,0.9224,Within band,-13.69
P-100250,Tucson,AZ,Pima,Multi Family,2,2.0,6456,17039,1969,766172.95,673384.87,False,747913.65,606202.24,1.1378,Under-assessed,2.38
P-100251,Seattle,WA,King,Single Family,3,1.5,5817,13277,1999,1830940.06,1806819.5,False,1873970.41,1214572.08,1.0133,Within band,-2.35
P-100252,Decatur,GA,DeKalb,Single Family,2,1.5,1834,2075,1983,289406.71,258577.08,False,284462.15,344311.57,1.1192,Under-assessed,1.71
P-100253,San Francisco,CA,San Francisco,Single Family,2,2.5,2648,8899,1921,821982.75,833823.21,False,846791.48,914653.01,0.9858,Within band,-3.02
P-100254,Chicago,IL,Cook,Multi Family,6,3.0,3246,5844,2000,688024.92,743910.62,True,722805.39,523970.84,0.9249,Within band,-5.06
P-100255,San Diego,CA,San Diego,Single Family,7,3.0,5389,7349,1970,2856888.53,3115866.84,True,3119112.06,1991460.01,0.9169,Within band,-9.18
P-100256,Sacramento,CA,Sacramento,Single Family,1,3.5,5880,8401,2009,2085877.64,1747440.32,False,2070405.06,2032670.93,1.1937,Under-assessed,0.74
P-100257,Lawrenceville,GA,Gwinnett,Single Family,4,4.5,5179,10007,1989,663689.46,643785.76,True,697795.42,468941.72,1.0309,Within band,-5.14
P-100258,Indianapolis,IN,Marion,Condo,5,3.5,4319,4330,2019,617660.33,630073.65,False,642577.23,565912.31,0.9803,Within band,-4.03
P-100259,Salt Lake City,UT,Salt Lake,Single Family,5,3.0,3242,9956,2002,371178.76,355203.29,False,369040.34,392816.3,1.045,Within band,0.58
P-100260,Fort Lauderdale,FL,Broward,Multi Family,6,4.5,4907,15130,2009,580434.71,528141.14,False,566175.03,697441.66,1.099,Within band,2.46
P-100262,Lawrenceville,GA,Gwinnett,Condo,4,1.5,5831,15277,1965,646104.2,645828.12,True,694212.73,718972.24,1.0004,Within band,-7.45
P-100263,Salt Lake City,UT,Salt Lake,Townhouse,7,3.5,3977,14352,1975,764400.88,751042.22,True,773227.07,578189.76,1.0178,Within band,-1.15
P-100264,Eugene,OR,Lane,Condo,2,3.0,653,5573,1948,557787.38,449861.33,True,534527.1,628066.79,1.2399,Under-assessed,4.17
P-100265,Fort Worth,TX,Tarrant,Townhouse,2,2.5,2699,7619,1931,564979.98,607559.44,True,592103.89,443552.81,0.9299,Within band,-4.8
P-100266,Oklahoma City,OK,Oklahoma,Townhouse,3,4.0,4012,5986,2018,296839.78,313119.5,True,296757.22,365433.87,0.948,Within band,0.03
P-100267,Provo,UT,Utah,Single Family,6,4.0,4250,14000,1993,513688.89,477515.28,True,501005.98,571027.87,1.0758,Within band,2.47
P-100268,Indianapolis,IN,Marion,Single Family,7,2.0,4539,13702,1945,500531.66,486216.06,True,503962.23,584697.72,1.0294,Within band,-0.69
P-100269,Seattle,WA,King,Multi Family,4,3.5,3453,6573,1961,1500800.97,1211539.67,False,1293600.51,1220335.56,1.2388,Under-assessed,13.81
P-100270,Omaha,NE,Douglas,Townhouse,2,1.5,1520,2413,1951,860173.91,912322.56,True,878506.69,672277.11,0.9428,Within band,-2.13
P-100272,St. Louis,MO,St. Louis,Townhouse,7,1.5,756,5548,2003,421488.12,401493.61,False,433319.07,434171.92,1.0498,Within band,-2.81
P-100273,Chicago,IL,Cook,Condo,5,3.0,3332,11359,1970,700624.76,633388.58,False,666688.41,635815.11,1.1062,Under-assessed,4.84
P-100275,Minneapolis,MN,Hennepin,Single Family,5,5.0,6203,9517,1937,361018.75,386143.11,False,363236.03,415597.05,0.9349,Within band,-0.61
P-100277,Jacksonville,FL,Duval,Townhouse,2,2.5,2491,13752,1923,400223.84,413810.59,False,408177.24,413923.44,0.9672,Within band,-1.99
P-100278,Fairfax,VA,Fairfax,Single Family,3,4.0,2423,13422,1945,1209331.91,1031709.42,True,974622.7,682704.31,1.1722,Under-assessed,19.41
P-100279,Charlotte,NC,Mecklenburg,Townhouse,4,5.0,4902,15410,2010,733797.49,611102.8,True,686406.91,475086.13,1.2008,Under-assessed,6.46
P-100280,Fort Wayne,IN,Allen,Condo,7,3.0,4379,7106,1974,349647.39,352089.99,True,407273.2,545079.06,0.9931,Within band,-16.48
P-100281,New Orleans,LA,Orleans,Single Family,4,2.5,4324,5801,1952,372778.33,399673.82,True,445366.48,647585.12,0.9327,Within band,-19.47
P-100282,Honolulu,HI,Honolulu,Condo,5,2.0,3702,12718,1968,583913.55,626933.87,False,652517.43,872440.43,0.9314,Within band,-11.75
P-100283,Pittsburgh,PA,Allegheny,Single Family,2,1.0,5700,9846,1921,477741.27,453659.61,True,496610.66,572248.48,1.0531,Within band,-3.95
P-100284,Rockville,MD,Montgomery,Condo,5,3.0,5677,15976,1991,1284145.67,1046162.2,True,1166579.54,914764.82,1.2275,Under-assessed,9.16
P-100285,Tulsa,OK,Tulsa,Single Family,2,3.0,5606,16434,2008,665880.52,689980.25,True,686517.73,548291.1,0.9651,Within band,-3.1
P-100286,Sacramento,CA,Sacramento,Multi Family,7,5.0,1131,5928,1980,860364.66,910112.99,False,885014.23,853433.67,0.9453,Within band,-2.87
P-100289,Oakland,CA,Alameda,Single Family,6,3.5,3396,9884,2012,2185210.7,2293625.19,True,2224975.35,1907039.97,0.9527,Within band,-1.82
P-100290,Fort Worth,TX,Tarrant,Condo,3,4.5,3991,4908,1986,353488.12,354710.94,False,370197.48,506655.76,0.9966,Within band,-4.73
P-100292,Aurora,CO,Arapahoe,Condo,1,4.5,4745,5153,2022,879195.83,743996.03,True,841361.29,1019471.26,1.1817,Under-assessed,4.3
P-100293,Charleston,SC,Charleston,Condo,1,1.0,3147,3868,2007,781536.74,645645.29,False,754588.02,585457.52,1.2105,Under-assessed,3.45
P-100294,Lakewood,CO,Jefferson,Townhouse,7,4.5,6097,8024,1954,479184.87,399802.2,True,447872.94,553419.22,1.1986,Under-assessed,6.53
P-100296,Albuquerque,NM,Bernalillo,Condo,1,4.5,5251,7410,1931,754023.79,709146.38,False,740122.14,594307.65,1.0633,Within band,1.84
P-100297,Manhattan,NY,New York,Townhouse,7,3.5,4313,12300,1923,649363.86,587954.98,True,633031.67,1039567.4,1.1044,Under-assessed,2.52
P-100298,Fort Lauderdale,FL,Broward,Condo,5,4.5,3883,13558,1972,306088.73,295187.29,False,310620.28,356064.55,1.0369,Within band,-1.48
P-100299,Louisville,KY,Jefferson,Townhouse,7,4.5,1536,11238,1996,481068.58,398948.33,True,478464.98,566631.11,1.2058,Under-assessed,0.54
P-100300,Cincinnati,OH,Hamilton,Single Family,5,1.0,1801,12628,1939,473320.05,434032.02,False,468000.12,463259.17,1.0905,Within band,1.12
P-100301,Louisville,KY,Jefferson,Townhouse,5,4.0,1644,6463,1927,407993.86,444864.21,False,475101.83,267630.8,0.9171,Within band,-16.45
P-100302,Baton Rouge,LA,East Baton Rouge,Condo,6,2.0,4490,6768,1944,553228.83,596018.1,True,590818.02,521287.55,0.9282,Within band,-6.79
P-100303,Manhattan,NY,New York,Multi Family,7,4.5,6296,16198,1974,2350907.87,2240002.56,True,2338350.59,2347307.45,1.0495,Within band,0.53
P-100304,Tulsa,OK,Tulsa,Condo,5,3.5,874,1494,1992,496949.14,414430.39,False,430279.9,202094.54,1.1991,Under-assessed,13.42
P-100305,St. Louis,MO,St. Louis,Single Family,6,1.5,6203,16585,1989,742516.63,730570.83,True,744633.28,665993.74,1.0164,Within band,-0.29
P-100306,Lexington,KY,Fayette,Condo,2,1.0,6293,16084,2015,357175.26,346142.79,True,392403.18,626676.33,1.0319,Within band,-9.86
P-100307,San Antonio,TX,Bexar,Condo,3,2.0,5644,10247,1955,789129.54,806828.73,True,814618.64,691928.55,0.9781,Within band,-3.23
P-100308,Durham,NC,Durham,Townhouse,1,2.0,5478,8003,1983,707153.81,729153.6,True,724761.33,550664.44,0.9698,Within band,-2.49
P-100310,Columbia,SC,Richland,Multi Family,5,3.0,3344,7773,1954,745806.76,743049.5,True,748986.28,682625.55,1.0037,Within band,-0.43
P-100311,Baton Rouge,LA,East Baton Rouge,Condo,1,1.0,1156,1351,1972,196205.03,197313.56,True,204020.31,244019.58,0.9944,Within band,-3.98
P-100312,San Jose,CA,Santa Clara,Single Family,1,2.0,3679,14433,2017,3194686.51,3325540.93,True,3074431.09,2043358.09,0.9607,Within band,3.76
P-100313,Irvine,CA,Orange,Townhouse,3,2.0,1206,5749,2019,640281.51,576123.01,True,636772.48,669955.68,1.1114,Under-assessed,0.55
P-100315,Billings,MT,Yellowstone,Townhouse,4,1.0,4822,16415,2018,502729.97,463101.69,True,503278.56,530906.45,1.0856,Within band,-0.11
P-100316,Tampa,FL,Hillsborough,Single Family,3,5.0,3385,4703,1978,713153.4,709115.36,True,726090.4,568986.28,1.0057,Within band,-1.81
P-100317,Fort Lauderdale,FL,Broward,Condo,2,1.0,2181,2596,2012,897179.18,849422.12,True,821929.83,300319.18,1.0562,Within band,8.39
P-100318,Nashville,TN,Davidson,Condo,4,5.0,1820,11312,1949,841356.33,858720.17,True,840623.78,639691.13,0.9798,Within band,0.09
P-100319,Atlanta,GA,Fulton,Townhouse,1,1.5,1535,9680,1996,743356.67,608759.33,True,712590.25,604974.82,1.2211,Under-assessed,4.14
P-100320,Provo,UT,Utah,Townhouse,1,1.5,2843,5157,2016,443820.37,404310.68,True,443476.07,492404.58,1.0977,Within band,0.08
P-100321,Bronx,NY,Bronx,Single Family,6,3.0,4009,15371,2023,2866334.18,2888426.45,True,2868949.42,2174130.09,0.9924,Within band,-0.09
P-100322,Atlanta,GA,Fulton,Condo,3,4.0,637,9774,1950,269684.23,294774.96,True,323006.72,437190.88,0.9149,Within band,-19.77
P-100323,Tacoma,WA,Pierce,Single Family,4,2.0,1908,12887,1925,614784.22,544403.33,True,607575.06,793687.05,1.1293,Under-assessed,1.17
P-100324,San Diego,CA,San Diego,Single Family,1,2.5,4243,13953,1994,1444215.56,1479058.74,True,1482983.96,1734470.12,0.9764,Within band,-2.68
P-100325,Philadelphia,PA,Philadelphia,Single Family,4,2.0,2370,12354,1978,258887.4,217703.95,True,248627.51,281464.61,1.1892,Under-assessed,3.96
P-100326,Fort Worth,TX,Tarrant,Single Family,4,2.0,3414,7016,1957,590836.07,613506.23,False,621165.67,478511.26,0.963,Within band,-5.13
P-100327,Philadelphia,PA,Philadelphia,Condo,1,4.0,2620,6680,1961,458714.0,489698.66,True,487803.46,389307.38,0.9367,Within band,-6.34
P-100329,Dallas,TX,Dallas,Townhouse,1,4.5,4399,6670,2010,436181.09,462991.2,False,464652.5,588000.62,0.9421,Within band,-6.53
P-100330,Columbia,SC,Richland,Townhouse,5,2.5,6208,7534,1999,807060.85,871361.79,False,860442.9,726063.48,0.9262,Within band,-6.61
P-100331,St. Louis,MO,St. Louis,Single Family,5,2.5,1733,7220,1950,540914.38,510378.7,False,547046.36,465246.75,1.0598,Within band,-1.13
P-100332,Henderson,NV,Clark,Single Family,3,3.5,4306,12272,1984,530812.43,499520.59,True,538700.41,440462.91,1.0626,Within band,-1.49
P-100334,Rockville,MD,Montgomery,Condo,1,1.0,2503,11016,2002,703052.84,634742.64,False,701788.34,791418.66,1.1076,Under-assessed,0.18
P-100335,Portland,OR,Multnomah,Single Family,7,3.0,2457,10390,1967,1464868.86,1543465.1,False,1518080.5,1098227.06,0.9491,Within band,-3.63
P-100336,Salt Lake City,UT,Salt Lake,Single Family,2,2.5,1557,2231,1960,568129.63,498887.22,False,555647.74,495244.3,1.1388,Under-assessed,2.2
P-100337,Manhattan,NY,New York,Single Family,1,4.0,4691,7072,1978,3279824.43,2628084.91,False,3080778.56,2436784.92,1.248,Under-assessed,6.07
P-100338,Rockville,MD,Montgomery,Townhouse,6,1.5,4523,5179,1937,1113610.0,993813.03,True,1023126.4,612669.75,1.1205,Under-assessed,8.13
P-100339,Boise,ID,Ada,Single Family,6,1.5,4792,11254,1944,502562.98,493277.3,True,503802.27,452110.2,1.0188,Within band,-0.25
P-100340,Cleveland,OH,Cuyahoga,Single Family,7,5.0,1317,4850,2013,812487.8,891932.17,False,838377.51,748094.28,0.9109,Within band,-3.19
P-100341,Brooklyn,NY,Kings,Condo,3,1.5,5438,11594,1931,470187.55,505133.37,True,481142.58,945253.16,0.9308,Within band,-2.33
P-100343,Pittsburgh,PA,Allegheny,Condo,4,1.5,5506,11433,1994,494779.01,524715.01,True,536940.71,493938.88,0.9429,Within band,-8.52
P-100345,Decatur,GA,DeKalb,Condo,3,3.5,1385,10140,1994,394270.91,316942.28,True,361605.85,428447.41,1.244,Under-assessed,8.28
P-100346,Queens,NY,Queens,Condo,7,5.0,6437,15466,2009,2756735.57,2550542.44,True,2702730.26,2325290.48,1.0808,Within band,1.96
P-100347,Brooklyn,NY,Kings,Single Family,2,2.0,6287,8619,2008,1141052.01,984673.46,True,1119113.64,1390506.14,1.1588,Under-assessed,1.92
P-100348,Saint Paul,MN,Ramsey,Townhouse,1,4.5,1574,5719,1925,171672.94,137867.4,True,132067.85,439863.3,1.2452,Under-assessed,23.07
P-100349,San Antonio,TX,Bexar,Single Family,7,5.0,5621,9583,1984,564783.58,590693.56,False,643978.35,537347.13,0.9561,Within band,-14.02
P-100350,Salt Lake City,UT,Salt Lake,Single Family,3,2.0,4201,15236,1933,261061.86,285703.58,True,281216.19,413219.92,0.9138,Within band,-7.72
P-100351,Tampa,FL,Hillsborough,Condo,5,1.0,1273,6648,1983,210263.63,197034.63,True,212358.31,266027.39,1.0671,Within band,-1.0
P-100352,Lawrenceville,GA,Gwinnett,Single Family,6,1.5,3847,11024,1986,633667.65,529597.47,False,591776.91,593593.46,1.1965,Under-assessed,6.61
P-100353,Oakland,CA,Alameda,Multi Family,1,2.5,4079,15960,1983,1299480.91,1338194.59,True,1298566.58,1576681.91,0.9711,Within band,0.07
P-100354,Tulsa,OK,Tulsa,Single Family,1,3.0,4608,12755,1949,610129.4,493544.08,False,523838.37,493679.47,1.2362,Under-assessed,14.14
P-100355,Cincinnati,OH,Hamilton,Single Family,6,5.0,4632,12267,1945,348979.09,330509.41,True,341574.73,391882.42,1.0559,Within band,2.12
P-100356,Saint Paul,MN,Ramsey,Single Family,1,1.0,2048,11168,2004,791081.35,842826.04,False,826125.24,441763.3,0.9386,Within band,-4.43
P-100357,Orlando,FL,Orange,Single Family,4,5.0,1880,10181,1927,425280.16,415632.06,False,470672.62,378430.54,1.0232,Within band,-10.67
P-100358,San Jose,CA,Santa Clara,Townhouse,1,3.5,3717,5311,1974,1502686.23,1387849.27,False,1402682.13,2032891.39,1.0827,Within band,6.66
P-100359,Lakewood,CO,Jefferson,Single Family,6,4.0,5253,13686,1973,619942.66,583310.23,True,631489.14,692218.38,1.0628,Within band,-1.86
P-100360,Miami,FL,Miami-Dade,Townhouse,2,3.0,3576,10719,1945,507622.33,554441.44,True,542748.85,634428.92,0.9156,Within band,-6.92
P-100361,Grand Rapids,MI,Kent,Single Family,5,5.0,4493,11490,1946,390906.86,389132.55,False,405701.39,400697.92,1.0046,Within band,-3.78
P-100362,Chicago,IL,Cook,Condo,2,1.0,5743,17266,1986,792913.65,753078.53,True,779033.92,743965.02,1.0529,Within band,1.75
P-100363,Saint Paul,MN,Ramsey,Condo,2,3.0,4166,10887,1960,790945.04,783176.57,True,791565.27,662345.55,1.0099,Within band,-0.08
P-100364,Scottsdale,AZ,Maricopa,Condo,4,4.5,5186,12331,1974,624599.2,537528.29,False,599287.16,463967.91,1.162,Under-assessed,4.05
P-100365,Fairfax,VA,Fairfax,Single Family,4,3.5,6102,16873,1931,776274.06,789680.57,True,810912.24,665092.97,0.983,Within band,-4.46
P-100366,Charleston,SC,Charleston,Single Family,7,3.5,3297,12870,2014,424161.52,433996.85,True,459881.39,514926.64,0.9773,Within band,-8.42
P-100367,Portland,OR,Multnomah,Single Family,3,5.0,4071,11851,2007,595616.03,633634.24,False,659639.3,524114.25,0.94,Within band,-10.75
P-100368,Boise,ID,Ada,Condo,6,3.5,6213,8212,1988,796223.29,742654.06,True,777797.68,637605.99,1.0721,Within band,2.31
P-100369,Bronx,NY,Bronx,Single Family,7,4.5,4459,11224,1962,2638027.35,2837366.88,True,2735050.74,2492885.63,0.9297,Within band,-3.68
P-100370,Pittsburgh,PA,Allegheny,Single Family,6,4.5,5851,8080,1920,432516.24,385659.27,True,427398.35,545665.37,1.1215,Under-assessed,1.18
P-100371,Jacksonville,FL,Duval,Single Family,3,2.0,6231,15947,1961,743632.36,613734.43,True,717610.55,708048.05,1.2117,Under-assessed,3.5
P-100372,Fort Wayne,IN,Allen,Single Family,1,4.0,5662,12689,1996,322923.07,351149.73,False,338224.98,404015.15,0.9196,Within band,-4.74
P-100373,Kansas City,MO,Jackson,Condo,3,4.5,3729,5862,1975,787943.43,681311.03,True,767960.48,579933.97,1.1565,Under-assessed,2.54
P-100374,Durham,NC,Durham,Single Family,1,1.0,4441,6623,1961,880031.36,885360.6,True,845181.85,714784.17,0.994,Within band,3.96
P-100375,Miami,FL,Miami-Dade,Townhouse,5,1.0,643,4798,1984,603333.14,659598.28,True,691937.04,270593.97,0.9147,Within band,-14.69
P-100376,Arlington,VA,Arlington,Multi Family,2,3.0,1557,6689,1925,1474219.92,1564890.15,False,1474335.56,1054391.57,0.9421,Within band,-0.01
P-100377,Wichita,KS,Sedgwick,Single Family,7,2.0,5152,15923,2001,742611.74,636177.64,True,699561.28,644766.19,1.1673,Under-assessed,5.8
P-100378,Saint Paul,MN,Ramsey,Condo,4,4.5,4638,6481,2012,796165.85,720435.58,False,768449.69,532140.07,1.1051,Under-assessed,3.48
P-100380,San Antonio,TX,Bexar,Condo,5,1.0,3298,4016,2003,605444.59,543371.17,True,582259.74,517827.79,1.1142,Under-assessed,3.83
P-100381,Henderson,NV,Clark,Multi Family,3,2.0,2566,9101,1931,135999.39,115447.46,True,141686.93,275826.37,1.178,Under-assessed,-4.18
P-100382,Fairfax,VA,Fairfax,Single Family,7,3.5,4799,8073,1982,834530.9,786905.81,True,842479.28,686236.87,1.0605,Within band,-0.95
P-100384,Jacksonville,FL,Duval,Condo,1,1.0,4805,6568,1985,451432.55,424074.36,True,457722.62,551076.37,1.0645,Within band,-1.39
P-100385,Dallas,TX,Dallas,Single Family,1,4.0,6370,11246,1960,578022.54,593748.38,False,631720.58,526023.35,0.9735,Within band,-9.29
P-100386,Waukegan,IL,Lake,Multi Family,5,1.0,647,7117,1934,130377.59,122963.79,False,129951.32,187132.12,1.0603,Within band,0.33
P-100387,Aurora,CO,Arapahoe,Condo,1,1.0,6301,9384,1923,551075.38,464857.57,True,520286.23,646155.92,1.1855,Under-assessed,5.59
P-100389,Pittsburgh,PA,Allegheny,Townhouse,6,4.5,2499,14201,1927,532080.87,517672.66,False,535387.01,404740.72,1.0278,Within band,-0.62
P-100390,Boise,ID,Ada,Condo,4,3.5,4189,7991,1984,291367.83,262739.75,True,285921.04,357784.88,1.109,Under-assessed,1.87
P-100391,Pittsburgh,PA,Allegheny,Single Family,6,4.5,1657,4496,1945,241924.99,200863.33,True,230456.15,211307.19,1.2044,Under-assessed,4.74
P-100392,San Diego,CA,San Diego,Condo,1,1.5,3366,10421,1934,2333566.91,2260279.92,False,2424008.53,1811693.4,1.0324,Within band,-3.88
P-100393,Cambridge,MA,Middlesex,Single Family,1,1.5,5207,5894,1984,771503.81,644528.02,True,736363.43,1030083.02,1.197,Under-assessed,4.55
P-100394,Boston,MA,Suffolk,Single Family,1,2.5,4197,11008,2018,2795551.15,2936569.96,True,2878303.5,2007503.18,0.952,Within band,-2.96
P-100395,Pittsburgh,PA,Allegheny,Condo,2,4.0,3986,10692,1978,862435.62,895537.8,False,848309.84,607366.51,0.963,Within band,1.64
P-100396,Nashville,TN,Davidson,Single Family,6,2.0,5306,6253,2000,884436.72,882763.8,False,836187.05,526228.09,1.0019,Within band,5.46
P-100397,Aurora,CO,Arapahoe,Townhouse,2,4.0,4255,14804,1946,1365095.71,1414925.08,True,1362518.08,1159199.98,0.9648,Within band,0.19
P-100398,San Francisco,CA,San Francisco,Single Family,5,5.0,2925,6426,1931,2010598.4,1922937.84,True,1936528.07,1251001.92,1.0456,Within band,3.68
P-100399,Aurora,CO,Arapahoe,Condo,6,5.0,3503,5531,1926,1207871.93,1128902.55,False,1172029.65,798833.05,1.07,Within band,2.97
P-100400,Oklahoma City,OK,Oklahoma,Townhouse,6,2.0,6451,12638,1986,695259.61,624589.31,True,657155.28,623524.36,1.1131,Under-assessed,5.48
P-100401,Philadelphia,PA,Philadelphia,Condo,4,1.5,3625,14714,1987,434147.89,414907.97,False,434537.56,376981.97,1.0464,Within band,-0.09
P-100402,Pittsburgh,PA,Allegheny,Single Family,6,5.0,4934,6868,2008,285861.18,231485.3,False,278873.15,425649.51,1.2349,Under-assessed,2.44
P-100403,Orlando,FL,Orange,Single Family,3,3.0,3667,8635,1957,499021.92,420606.02,True,474826.42,412168.85,1.1864,Under-assessed,4.85
P-100404,Austin,TX,Travis,Townhouse,3,4.5,3367,9548,1980,770878.79,756781.66,True,779873.63,557509.89,1.0186,Within band,-1.17
P-100406,Boise,ID,Ada,Single Family,5,5.0,2151,9947,1984,819554.14,817485.85,False,840932.46,610338.89,1.0025,Within band,-2.61
P-100407,New Orleans,LA,Orleans,Single Family,4,1.0,3384,10544,1943,443650.41,425181.48,True,454759.72,399048.77,1.0434,Within band,-2.5
P-100408,Manhattan,NY,New York,Single Family,1,3.5,2086,2531,2011,628430.44,521360.51,True,584269.08,1187761.35,1.2054,Under-assessed,7.03
P-100409,San Diego,CA,San Diego,Condo,4,1.5,2806,3799,1960,1867711.78,1530846.55,True,1732973.89,1353660.68,1.2201,Under-assessed,7.21
P-100410,Charlotte,NC,Mecklenburg,Condo,2,2.0,3658,12512,1941,729978.46,792598.78,False,762229.73,578962.14,0.921,Within band,-4.42
P-100412,Fort Wayne,IN,Allen,Townhouse,6,3.5,5803,10085,2016,672048.19,587221.25,True,674477.65,640594.3,1.1445,Under-assessed,-0.36
P-100413,Tulsa,OK,Tulsa,Single Family,7,4.0,5008,6337,2020,803841.83,661768.36,False,738220.4,564673.75,1.2147,Under-assessed,8.16
P-100416,Indianapolis,IN,Marion,Single Family,3,2.5,4885,16827,2020,333975.82,335109.21,False,335964.34,475494.37,0.9966,Within band,-0.6
P-100417,Austin,TX,Travis,Condo,1,5.0,4422,12541,1966,523460.39,557558.98,True,526483.34,534144.46,0.9388,Within band,-0.58
P-100418,Reno,NV,Washoe,Single Family,2,2.5,1947,7341,1959,169018.42,140119.28,False,157553.6,291649.52,1.2062,Under-assessed,6.78
P-100419,Raleigh,NC,Wake,Single Family,7,3.5,4857,8735,1929,725084.59,675458.96,True,754239.17,529544.93,1.0735,Within band,-4.02
P-100421,Tucson,AZ,Pima,Townhouse,5,1.5,3382,14046,2006,730684.73,697923.65,True,727557.95,590432.74,1.0469,Within band,0.43
P-100422,Lexington,KY,Fayette,Townhouse,4,2.0,2591,4846,2022,154375.21,137934.26,True,150307.34,202196.86,1.1192,Under-assessed,2.64
P-100424,Nashville,TN,Davidson,Townhouse,5,3.5,5647,10556,1973,376322.86,352347.57,True,372136.71,489563.36,1.068,Within band,1.11
P-100425,Waukegan,IL,Lake,Multi Family,2,1.0,3572,3734,1929,399151.6,333114.68,False,349321.42,473025.99,1.1982,Under-assessed,12.48
P-100426,Los Angeles,CA,Los Angeles,Condo,6,2.0,3383,12468,1951,994551.36,848176.5,True,946118.18,1730339.88,1.1726,Under-assessed,4.87
P-100428,Honolulu,HI,Honolulu,Condo,7,2.0,3284,7333,1926,2369850.38,2516438.54,False,2490738.08,1311573.35,0.9417,Within band,-5.1
P-100429,Oakland,CA,Alameda,Condo,3,4.5,4850,12456,1942,1431560.56,1370923.52,True,1398491.31,1170297.46,1.0442,Within band,2.31
P-100430,Billings,MT,Yellowstone,Condo,4,2.5,3106,10069,1968,565668.9,516021.39,True,560171.28,580511.58,1.0962,Within band,0.97
P-100431,New Orleans,LA,Orleans,Single Family,4,4.0,3610,11761,1960,332955.18,284300.35,False,323798.27,392874.97,1.1711,Under-assessed,2.75
P-100432,Boston,MA,Suffolk,Single Family,3,1.0,5073,8354,1962,1049771.28,918557.32,True,986218.85,1104439.53,1.1428,Under-assessed,6.05
P-100433,Brooklyn,NY,Kings,Townhouse,7,4.0,3923,13424,2016,2448690.95,2439452.8,False,2485125.93,2292489.07,1.0038,Within band,-1.49
P-100434,Charleston,SC,Charleston,Condo,4,4.0,2316,9503,1977,785296.42,716512.35,True,797318.33,609707.48,1.096,Within band,-1.53
P-100435,Nashville,TN,Davidson,Condo,3,3.5,5408,5788,1992,732579.09,619840.57,True,645929.19,467427.65,1.1819,Under-assessed,11.83
P-100436,Troy,MI,Oakland,Single Family,6,3.0,1363,4171,1933,646410.72,523345.59,True,602959.67,344140.17,1.2352,Under-assessed,6.72
P-100438,Naperville,IL,DuPage,Single Family,2,3.0,5412,8737,1984,679082.2,599379.88,False,652986.02,481652.97,1.133,Under-assessed,3.84
P-100439,Charlotte,NC,Mecklenburg,Townhouse,1,1.5,2958,13546,1978,390489.84,395759.26,True,399244.58,442825.98,0.9867,Within band,-2.24
P-100440,Kansas City,MO,Jackson,Single Family,2,2.0,2842,13132,1988,347673.88,350946.6,False,345774.15,347138.49,0.9907,Within band,0.55
P-100441,Tampa,FL,Hillsborough,Multi Family,4,2.0,2670,6067,1984,154815.43,127251.88,True,145397.3,252370.23,1.2166,Under-assessed,6.08
P-100443,Tulsa,OK,Tulsa,Single Family,1,1.0,6149,10625,1939,463713.23,401112.75,True,461855.25,497017.89,1.1561,Under-assessed,0.4
P-100444,Honolulu,HI,Honolulu,Townhouse,1,1.0,3691,6996,1951,1592666.35,1369686.22,False,1509521.53,1397078.45,1.1628,Under-assessed,5.22
P-100446,Billings,MT,Yellowstone,Condo,6,3.5,959,2062,1947,440655.53,431692.92,True,462899.52,307027.29,1.0208,Within band,-5.05
P-100447,Albuquerque,NM,Bernalillo,Townhouse,7,4.5,1153,6643,1922,594655.99,555809.18,True,550621.62,419412.55,1.0699,Within band,7.41
P-100448,Wichita,KS,Sedgwick,Townhouse,1,1.0,1726,7862,1983,351359.49,320694.37,False,356316.97,370151.21,1.0956,Within band,-1.41
P-100450,Tulsa,OK,Tulsa,Single Family,1,2.5,1026,11419,1938,851854.13,704932.99,True,802383.54,579435.04,1.2084,Under-assessed,5.81
P-100451,St. Louis,MO,St. Louis,Condo,3,3.0,5322,12666,2001,277092.78,286621.08,True,294960.27,373245.22,0.9668,Within band,-6.45
P-100452,Boston,MA,Suffolk,Single Family,7,3.0,5475,14276,1939,2136199.02,1873847.11,True,2121015.15,2335787.73,1.14,Under-assessed,0.71
P-100453,Irvine,CA,Orange,Single Family,1,5.0,3665,11716,1971,3273357.77,3571717.1,False,3189670.58,2522635.67,0.9165,Within band,2.56
P-100454,Philadelphia,PA,Philadelphia,Multi Family,3,3.5,4774,16392,1982,615284.2,620782.76,True,630149.83,571944.49,0.9911,Within band,-2.42
P-100455,Fort Worth,TX,Tarrant,Single Family,6,2.0,2683,6736,1997,571106.6,601063.87,False,599720.11,507946.76,0.9502,Within band,-5.01
P-100456,Troy,MI,Oakland,Single Family,7,4.0,2671,14006,1958,510504.52,509251.65,False,528524.05,474566.19,1.0025,Within band,-3.53
P-100457,Fort Lauderdale,FL,Broward,Multi Family,6,3.0,652,3411,1982,121231.29,125125.61,False,121966.89,192591.02,0.9689,Within band,-0.61
P-100458,Atlanta,GA,Fulton,Single Family,4,2.5,2120,5412,1927,704934.27,724495.78,False,755062.83,614138.29,0.973,Within band,-7.11
P-100459,Fort Lauderdale,FL,Broward,Single Family,3,1.0,5397,9243,1981,498451.6,413835.82,True,446934.42,735641.53,1.2045,Under-assessed,10.34
P-100460,Miami,FL,Miami-Dade,Condo,4,4.5,3360,13262,1974,382509.16,408154.74,True,406089.21,357189.17,0.9372,Within band,-6.16
P-100461,Reno,NV,Washoe,Single Family,1,1.5,4946,9524,2009,706123.0,642945.45,True,702748.06,608110.5,1.0983,Within band,0.48
P-100462,Austin,TX,Travis,Townhouse,6,4.5,2513,12454,1982,432128.85,448631.04,False,463236.89,422328.95,0.9632,Within band,-7.2
P-100463,Denver,CO,Denver,Condo,1,2.0,4679,6105,1958,1298824.93,1423727.58,True,1341636.11,1001678.99,0.9123,Within band,-3.3
P-100464,Waukegan,IL,Lake,Single Family,3,4.0,2896,6506,2012,320950.26,348375.83,False,343964.33,386960.34,0.9213,Within band,-7.17
P-100465,Sacramento,CA,Sacramento,Townhouse,4,4.0,5956,16476,2020,2163794.83,2014684.86,True,2168933.33,1901011.75,1.074,Within band,-0.24
P-100466,Lawrenceville,GA,Gwinnett,Townhouse,6,1.0,3146,4159,1995,537770.37,492836.25,False,537722.7,497654.25,1.0912,Within band,0.01
P-100467,Baton Rouge,LA,East Baton Rouge,Townhouse,2,3.0,2393,10582,2007,475511.93,420836.54,True,460615.26,466234.72,1.1299,Under-assessed,3.13
P-100469,Aurora,CO,Arapahoe,Single Family,3,4.0,3803,4979,1987,1172105.52,1182552.37,True,1211229.19,818785.94,0.9912,Within band,-3.34
P-100470,New Orleans,LA,Orleans,Single Family,6,4.5,2984,5356,1946,290146.45,249147.75,True,275233.19,346068.01,1.1646,Under-assessed,5.14
P-100471,Cincinnati,OH,Hamilton,Single Family,1,1.5,4822,15473,1963,582846.06,575905.39,True,581156.88,549535.53,1.0121,Within band,0.29
P-100472,Oklahoma City,OK,Oklahoma,Multi Family,3,4.5,3609,3799,1935,210969.55,199738.7,True,211957.83,273795.07,1.0562,Within band,-0.47
P-100473,Baltimore,MD,Baltimore,Multi Family,3,2.0,1414,6742,1928,1156521.78,1201125.87,True,1166365.23,900975.53,0.9629,Within band,-0.85
P-100474,Columbia,SC,Richland,Single Family,7,2.5,5995,7917,1943,792362.69,676662.89,True,752904.25,647694.07,1.171,Under-assessed,4.98
P-100475,Naperville,IL,DuPage,Single Family,1,5.0,3045,9001,1989,253850.49,203086.91,False,255967.01,396154.54,1.25,Under-assessed,-0.83
P-100476,Brooklyn,NY,Kings,Townhouse,5,5.0,4782,8220,2008,751977.85,611674.32,False,697213.32,1202685.55,1.2294,Under-assessed,7.28
P-100477,Baton Rouge,LA,East Baton Rouge,Condo,3,3.0,3727,14372,1940,432046.31,468088.54,True,513332.96,573770.55,0.923,Within band,-18.81
P-100478,Honolulu,HI,Honolulu,Townhouse,2,4.0,1857,7040,2020,1772562.75,1930684.76,True,1840752.58,1209102.69,0.9181,Within band,-3.85
P-100479,Reno,NV,Washoe,Condo,3,1.0,1402,7581,1948,415333.23,429795.17,True,435718.68,479855.78,0.9664,Within band,-4.91
P-100480,Memphis,TN,Shelby,Single Family,2,3.5,3791,6751,1964,748746.3,816433.03,True,854589.02,581962.05,0.9171,Within band,-14.14
P-100481,Houston,TX,Harris,Condo,1,3.5,6395,10476,2006,594788.33,557516.5,True,606009.87,585243.35,1.0669,Within band,-1.89
P-100482,Lakewood,CO,Jefferson,Single Family,1,2.5,1367,4072,1993,368893.83,326749.65,False,359270.3,588815.83,1.129,Under-assessed,2.61
P-100483,Baltimore,MD,Baltimore,Single Family,4,1.0,5648,8763,2015,308748.31,312075.85,False,323604.74,481598.8,0.9893,Within band,-4.81
P-100484,Tulsa,OK,Tulsa,Condo,2,2.0,1215,7228,1937,520673.9,482569.26,False,513322.91,426581.12,1.079,Within band,1.41
P-100485,Tampa,FL,Hillsborough,Townhouse,4,2.5,3097,13631,1985,764067.36,825669.77,True,773732.25,584985.83,0.9254,Within band,-1.26
P-100487,Rockville,MD,Montgomery,Condo,7,3.0,1490,8675,2004,1307228.95,1100637.52,True,1241114.87,992957.26,1.1877,Under-assessed,5.06
P-100489,Jacksonville,FL,Duval,Single Family,7,2.5,1026,12139,1963,455138.74,464801.09,True,467340.35,447293.9,0.9792,Within band,-2.68
P-100490,Charlotte,NC,Mecklenburg,Condo,6,2.5,6058,13089,1945,489636.41,510683.79,True,520673.1,555532.36,0.9588,Within band,-6.34
P-100491,Tucson,AZ,Pima,Single Family,4,1.0,5650,8920,1931,794193.09,732396.26,True,782068.45,572127.72,1.0844,Within band,1.53
P-100492,San Jose,CA,Santa Clara,Townhouse,3,3.5,6429,13278,1951,1425514.7,1218138.64,True,1390013.47,1946588.23,1.1702,Under-assessed,2.49
P-100493,Miami,FL,Miami-Dade,Condo,1,1.5,6080,6303,2007,550379.22,461819.03,False,545862.65,635022.7,1.1918,Under-assessed,0.82
P-100494,Scottsdale,AZ,Maricopa,Single Family,6,1.5,936,10546,2003,757579.14,766214.04,True,756863.17,378527.69,0.9887,Within band,0.09
P-100495,Chicago,IL,Cook,Condo,7,5.0,3445,9441,1977,611294.42,656074.64,False,693041.63,608514.4,0.9317,Within band,-13.37
P-100496,Jacksonville,FL,Duval,Condo,6,4.0,4655,15873,1988,798799.46,678704.33,True,758934.36,643134.92,1.1769,Under-assessed,4.99
P-100497,Austin,TX,Travis,Condo,4,5.0,6397,18202,1987,321891.0,278790.08,True,318648.97,645404.76,1.1546,Under-assessed,1.01
P-100498,Los Angeles,CA,Los Angeles,Condo,7,2.5,4979,6882,1920,2428368.78,2383560.18,True,2536243.83,2032426.45,1.0188,Within band,-4.44
P-100499,Denver,CO,Denver,Condo,6,3.0,2047,6241,1922,944866.43,976477.69,True,982313.62,831700.15,0.9676,Within band,-3.96
P-100500,Indianapolis,IN,Marion,Multi Family,2,4.5,2498,14455,2012,458444.78,490834.11,False,514685.04,466220.25,0.934,Within band,-12.27
P-100502,Houston,TX,Harris,Single Family,7,1.0,1682,5750,2018,185204.53,200313.43,True,221073.1,622027.39,0.9246,Within band,-19.37
P-100503,San Francisco,CA,San Francisco,Single Family,3,3.5,4523,7054,1951,620420.3,546116.9,True,596585.84,1172491.15,1.1361,Under-assessed,3.84
P-100504,Cambridge,MA,Middlesex,Multi Family,4,2.0,3494,14231,1956,1138947.4,1145012.57,True,1164140.49,1438798.08,0.9947,Within band,-2.21
P-100505,Phoenix,AZ,Maricopa,Townhouse,1,1.0,5552,8027,1942,454330.16,445190.6,True,460742.32,513567.6,1.0205,Within band,-1.41
P-100506,Seattle,WA,King,Single Family,7,1.0,1817,12562,1938,1426780.81,1332625.57,True,1400668.37,1123255.26,1.0707,Within band,1.83
P-100507,Manhattan,NY,New York,Townhouse,4,4.0,4542,15903,1972,2285316.5,2056875.22,True,2408758.02,1402630.52,1.1111,Under-assessed,-5.4
P-100508,Salt Lake City,UT,Salt Lake,Condo,5,2.5,6359,7788,1950,402133.36,441611.43,False,459769.25,611512.0,0.9106,Within band,-14.33
P-100509,Columbus,OH,Franklin,Multi Family,2,2.5,2439,3354,2015,227485.02,230030.32,True,229598.52,324961.84,0.9889,Within band,-0.93
P-100510,New Orleans,LA,Orleans,Townhouse,2,1.5,2607,3869,1921,563962.86,521636.58,True,544855.46,546256.47,1.0811,Within band,3.39
P-100511,Nashville,TN,Davidson,Single Family,5,2.0,4722,7349,1921,429184.74,430889.06,True,431564.64,479002.86,0.996,Within band,-0.55
P-100512,Minneapolis,MN,Hennepin,Single Family,6,2.5,3880,14022,1927,290747.0,304339.86,True,300477.68,391148.19,0.9553,Within band,-3.35
P-100513,Billings,MT,Yellowstone,Multi Family,2,3.0,1488,3198,1929,402907.27,424657.33,True,440996.74,488708.83,0.9488,Within band,-9.45
P-100514,Oklahoma City,OK,Oklahoma,Single Family,2,3.0,1296,10636,1992,155002.14,146499.05,False,157984.34,308028.97,1.058,Within band,-1.92
P-100515,Troy,MI,Oakland,Single Family,6,1.5,3314,9986,2014,512791.15,534455.7,True,540289.02,517864.04,0.9595,Within band,-5.36
P-100516,Denver,CO,Denver,Single Family,6,2.5,2366,13531,2003,469035.15,397889.13,False,451665.11,738408.69,1.1788,Under-assessed,3.7
P-100517,Eugene,OR,Lane,Multi Family,1,4.0,2558,5979,1998,1028252.45,997477.12,False,1045770.57,1007031.57,1.0309,Within band,-1.7
P-100518,Indianapolis,IN,Marion,Condo,2,1.5,2894,12339,1966,395627.41,337769.23,False,363522.34,435684.16,1.1713,Under-assessed,8.11
P-100519,Tampa,FL,Hillsborough,Multi Family,7,2.0,4211,10219,1985,778971.8,710504.02,False,759810.6,447163.85,1.0964,Within band,2.46
P-100520,Los Angeles,CA,Los Angeles,Condo,4,2.0,5270,11811,1929,1130306.43,1061000.08,True,1114774.3,1142396.22,1.0653,Within band,1.37
P-100521,Decatur,GA,DeKalb,Townhouse,3,4.5,2341,13847,2014,491451.19,460181.92,False,473703.94,510854.74,1.0679,Within band,3.61
P-100522,Oklahoma City,OK,Oklahoma,Condo,1,2.5,787,11988,1974,330481.53,281845.12,True,288112.53,376463.36,1.1726,Under-assessed,12.82
P-100523,Columbia,SC,Richland,Multi Family,3,3.0,1947,5200,1964,854714.48,805696.46,True,821441.26,800961.56,1.0608,Within band,3.89
P-100525,Eugene,OR,Lane,Condo,6,2.5,4042,15452,1989,1229261.27,1122643.72,True,1237402.86,1218876.6,1.095,Within band,-0.66
P-100526,Dallas,TX,Dallas,Single Family,6,4.5,3991,10714,1965,394724.75,366207.77,True,402235.68,446252.77,1.0779,Within band,-1.9
P-100527,Indianapolis,IN,Marion,Multi Family,6,3.0,6351,16515,1932,896383.31,942251.56,True,891993.16,674924.87,0.9513,Within band,0.49
P-100528,Provo,UT,Utah,Condo,7,4.0,2335,5986,2019,474611.31,395992.1,True,454074.96,332093.08,1.1985,Under-assessed,4.33
P-100529,Austin,TX,Travis,Condo,3,4.0,6115,10072,1920,822146.06,665775.84,False,784310.24,766632.69,1.2349,Under-assessed,4.6
P-100530,Hempstead,NY,Nassau,Townhouse,6,4.0,1022,10489,1974,843054.92,773185.49,True,838026.24,797598.03,1.0904,Within band,0.6
P-100533,Honolulu,HI,Honolulu,Single Family,2,3.0,2746,5705,1931,686013.36,623187.7,True,692451.88,943840.82,1.1008,Under-assessed,-0.94
P-100534,Albuquerque,NM,Bernalillo,Single Family,7,2.0,2072,6966,1921,824837.77,800247.83,False,788022.18,552201.93,1.0307,Within band,4.46
P-100535,Wichita,KS,Sedgwick,Single Family,2,1.0,4990,5367,1986,519160.88,449018.07,True,506926.39,561612.02,1.1562,Under-assessed,2.36
P-100536,San Francisco,CA,San Francisco,Townhouse,6,5.0,5940,10762,1979,2722843.09,2534472.98,True,2666359.62,1731332.05,1.0743,Within band,2.07
P-100537,New Orleans,LA,Orleans,Single Family,4,4.5,4071,13841,2015,331905.66,327548.83,True,336772.23,417919.75,1.0133,Within band,-1.47
P-100538,Oakland,CA,Alameda,Multi Family,3,5.0,3485,10010,1923,799682.36,717158.62,False,766116.87,866786.2,1.1151,Under-assessed,4.2
P-100539,Manhattan,NY,New York,Townhouse,2,4.5,5248,10516,1949,2163003.78,1914440.63,True,2195921.6,1964426.94,1.1298,Under-assessed,-1.52
P-100540,Lexington,KY,Fayette,Single Family,7,4.5,4684,5450,1955,448565.05,419783.11,True,452414.72,490577.47,1.0686,Within band,-0.86
P-100541,Dallas,TX,Dallas,Multi Family,1,5.0,4921,5561,1963,622925.02,586152.51,False,635775.08,594050.06,1.0627,Within band,-2.06
P-100542,San Francisco,CA,San Francisco,Single Family,4,1.5,3663,13787,1933,539328.95,565020.94,False,552649.64,912658.15,0.9545,Within band,-2.47
P-100543,Hempstead,NY,Nassau,Single Family,6,1.0,2727,3432,1934,596410.34,490555.05,False,533148.61,1161103.33,1.2158,Under-assessed,10.61
P-100545,Durham,NC,Durham,Condo,6,1.5,1215,9318,1927,285730.87,247111.67,True,281748.62,390525.26,1.1563,Under-assessed,1.39
P-100546,Cambridge,MA,Middlesex,Single Family,2,2.5,3578,9895,1977,3096969.3,2666200.13,True,2998282.07,2603513.94,1.1616,Under-assessed,3.19
P-100547,Lexington,KY,Fayette,Condo,1,4.5,2132,6502,1923,491467.53,459911.52,True,476177.7,450281.74,1.0686,Within band,3.11
P-100548,Boston,MA,Suffolk,Single Family,1,4.0,4061,7238,1957,1027821.38,1005430.03,True,1061355.86,1656714.22,1.0223,Within band,-3.26
P-100549,Boise,ID,Ada,Townhouse,3,2.5,1139,9857,1932,334858.39,330192.55,True,336765.75,373215.87,1.0141,Within band,-0.57
P-100550,Hempstead,NY,Nassau,Single Family,1,2.0,4722,16198,1999,1904112.9,2010303.72,True,1914108.2,1871170.53,0.9472,Within band,-0.52
P-100551,Reno,NV,Washoe,Single Family,2,3.0,1230,4027,2006,713003.39,697461.02,True,783153.63,437589.36,1.0223,Within band,-9.84
P-100552,Dallas,TX,Dallas,Single Family,7,1.5,1419,6409,2022,694225.44,657569.33,True,763674.9,415789.25,1.0557,Within band,-10.0
P-100553,Kansas City,MO,Jackson,Townhouse,4,1.5,2811,14046,1986,688008.12,580933.5,True,592948.67,437233.75,1.1843,Under-assessed,13.82
P-100554,Saint Paul,MN,Ramsey,Single Family,3,5.0,4280,12912,1942,326941.28,295768.58,True,319060.63,451255.83,1.1054,Under-assessed,2.41
P-100555,New Orleans,LA,Orleans,Townhouse,7,3.5,2962,4767,1921,509163.07,429804.57,True,468545.59,504942.45,1.1846,Under-assessed,7.98
P-100556,Everett,WA,Snohomish,Townhouse,1,1.0,4600,9610,1920,1762484.63,1851019.55,False,2111173.78,1816558.96,0.9522,Within band,-19.78
P-100558,Atlanta,GA,Fulton,Single Family,6,2.5,2648,4871,1973,552341.34,492411.66,True,529090.63,571471.47,1.1217,Under-assessed,4.21
P-100559,Saint Paul,MN,Ramsey,Townhouse,4,3.5,4103,11746,1973,869928.6,703164.92,True,762513.17,452608.1,1.2372,Under-assessed,12.35
P-100560,Charlotte,NC,Mecklenburg,Townhouse,3,1.0,3816,5879,1971,642661.8,669810.6,True,734397.5,555423.15,0.9595,Within band,-14.27
P-100563,Aurora,CO,Arapahoe,Condo,3,4.5,5991,16102,1935,818824.44,660379.75,True,788657.69,879212.64,1.2399,Under-assessed,3.68
P-100564,Baltimore,MD,Baltimore,Townhouse,6,3.0,3804,10125,2009,1259826.23,1165426.12,True,1292762.22,1133251.28,1.081,Within band,-2.61
P-100565,Aurora,CO,Arapahoe,Single Family,4,4.5,2868,3017,1940,729297.2,771820.08,True,765365.54,909546.91,0.9449,Within band,-4.95
P-100566,Atlanta,GA,Fulton,Single Family,3,3.0,3827,4944,2002,497320.84,488246.0,False,510980.8,529991.26,1.0186,Within band,-2.75
P-100567,Jacksonville,FL,Duval,Single Family,1,2.0,2498,4079,2005,202851.94,191273.94,True,201423.21,276888.48,1.0605,Within band,0.7
P-100568,Detroit,MI,Wayne,Single Family,4,3.5,5568,15911,1923,840369.66,699438.24,True,818833.64,595131.73,1.2015,Under-assessed,2.56
P-100569,Raleigh,NC,Wake,Single Family,4,5.0,2175,3584,1994,138909.58,115136.85,False,139102.93,261053.2,1.2065,Under-assessed,-0.14
P-100570,Provo,UT,Utah,Condo,4,2.5,2299,11643,1980,510663.22,503280.9,True,538571.29,501698.63,1.0147,Within band,-5.47
P-100571,Louisville,KY,Jefferson,Condo,1,5.0,3310,3679,1948,760635.69,818962.76,False,793809.44,335447.36,0.9288,Within band,-4.36
P-100572,Salt Lake City,UT,Salt Lake,Multi Family,5,1.0,5072,16500,1934,574562.56,572246.84,True,591856.71,478344.95,1.004,Within band,-3.01
P-100573,Brooklyn,NY,Kings,Single Family,1,1.0,3433,4592,1973,2274350.27,2453589.71,False,2496257.72,2153322.04,0.9269,Within band,-9.76
P-100574,Fort Worth,TX,Tarrant,Condo,7,2.5,775,1681,1923,723418.33,621309.49,False,703639.7,500096.94,1.1643,Under-assessed,2.73
P-100576,Louisville,KY,Jefferson,Single Family,4,2.0,2915,3631,1960,392740.62,419104.28,False,405956.4,358715.57,0.9371,Within band,-3.37
P-100577,Irvine,CA,Orange,Townhouse,7,2.5,4233,15916,1958,3321352.31,3206505.77,False,3319592.57,2633994.88,1.0358,Within band,0.05
P-100578,Memphis,TN,Shelby,Condo,2,3.0,5129,8582,1935,410464.19,425397.71,False,442105.72,512569.67,0.9649,Within band,-7.71
P-100579,Arlington,VA,Arlington,Single Family,1,3.0,5595,11885,1983,322618.17,295324.34,False,320995.59,551704.04,1.0924,Within band,0.5
P-100581,Indianapolis,IN,Marion,Townhouse,7,5.0,2730,5393,1968,484519.33,406783.93,True,466132.27,405275.5,1.1911,Under-assessed,3.79
P-100582,Denver,CO,Denver,Condo,7,1.0,1618,6646,1992,1092931.77,961075.3,True,1077535.13,1036138.46,1.1372,Under-assessed,1.41
P-100583,Honolulu,HI,Honolulu,Condo,5,5.0,3172,4221,1976,998401.92,1034365.07,False,1054268.21,1295228.48,0.9652,Within band,-5.6
P-100584,Billings,MT,Yellowstone,Condo,7,4.5,5350,10549,1925,551658.03,451390.8,False,528495.93,498730.81,1.2221,Under-assessed,4.2
P-100585,Oklahoma City,OK,Oklahoma,Condo,1,2.5,2271,7608,1993,409660.3,411423.84,True,438294.9,362519.43,0.9957,Within band,-6.99
P-100586,Reno,NV,Washoe,Single Family,2,3.5,965,5730,1939,831260.67,691500.51,False,807888.39,548630.64,1.2021,Under-assessed,2.81
P-100587,New Orleans,LA,Orleans,Single Family,4,1.5,1233,4912,1992,512726.79,507136.69,False,528781.44,568417.17,1.011,Within band,-3.13
P-100588,San Diego,CA,San Diego,Condo,2,3.5,2591,8521,1949,1840254.58,2009040.99,True,1938242.01,1309127.43,0.916,Within band,-5.32
P-100589,Irvine,CA,Orange,Condo,5,2.0,5004,9017,2019,3223260.5,3144054.03,True,3166831.46,1927920.23,1.0252,Within band,1.75
P-100590,Boston,MA,Suffolk,Single Family,4,1.0,1966,3945,1973,1253297.17,1270109.6,False,1305482.61,1206596.27,0.9868,Within band,-4.16
P-100591,Hempstead,NY,Nassau,Multi Family,3,2.0,3895,15313,1991,1186376.47,991465.37,False,1181158.86,1484284.94,1.1966,Under-assessed,0.44
P-100592,Irvine,CA,Orange,Multi Family,3,4.5,6335,8540,2013,1009524.88,986171.98,True,1063431.29,1974341.9,1.0237,Within band,-5.34
P-100593,Billings,MT,Yellowstone,Townhouse,3,1.5,2502,7373,1983,386071.42,368815.3,True,398051.28,465526.22,1.0468,Within band,-3.1
P-100594,Manhattan,NY,New York,Townhouse,3,1.5,3445,8111,1941,811580.79,767747.89,False,787028.35,907428.55,1.0571,Within band,3.03
P-100595,Tacoma,WA,Pierce,Single Family,1,1.0,5022,13835,2022,1045154.63,1097152.48,True,1052057.48,978095.02,0.9526,Within band,-0.66
P-100596,Charleston,SC,Charleston,Single Family,4,4.0,4640,8949,1931,794312.15,809793.39,False,829386.56,618670.92,0.9809,Within band,-4.42
P-100597,Henderson,NV,Clark,Condo,6,1.5,6390,17661,1960,815972.56,758865.32,False,737414.79,626021.41,1.0753,Within band,9.63
P-100598,Honolulu,HI,Honolulu,Condo,6,2.5,2773,10475,1939,1927746.87,1966433.29,False,1926625.63,1730772.41,0.9803,Within band,0.06
P-100599,Oakland,CA,Alameda,Townhouse,4,2.5,5824,11537,1981,2067906.47,2198943.28,True,2163028.73,1448948.1,0.9404,Within band,-4.6
P-100600,Knoxville,TN,Knox,Condo,4,4.5,3265,7318,2004,451394.92,424049.77,True,433120.07,437546.21,1.0645,Within band,4.05
P-100601,Fairfax,VA,Fairfax,Condo,7,4.0,1098,10310,2018,687830.42,615804.61,True,709839.42,895062.18,1.117,Under-assessed,-3.2
P-100602,Phoenix,AZ,Maricopa,Single Family,5,2.5,5722,7529,1998,596386.09,585346.01,True,622426.26,499095.36,1.0189,Within band,-4.37
P-100603,Knoxville,TN,Knox,Condo,2,2.0,4988,11468,2011,298880.89,253576.9,False,295593.0,467289.84,1.1787,Under-assessed,1.1
P-100604,Columbia,SC,Richland,Condo,3,1.0,2484,12831,2018,656694.62,579032.26,True,575378.62,436784.33,1.1341,Under-assessed,12.38
P-100606,Chicago,IL,Cook,Multi Family,1,2.5,3928,13119,1955,497012.62,477112.82,True,488664.42,751756.46,1.0417,Within band,1.68
P-100607,Provo,UT,Utah,Condo,4,3.5,4505,13731,1933,621398.48,523920.56,True,586806.81,561730.26,1.1861,Under-assessed,5.57
P-100609,Fort Wayne,IN,Allen,Single Family,6,4.5,4814,13903,2014,894349.18,962649.84,False,939202.14,509855.71,0.929,Within band,-5.02
P-100610,Charleston,SC,Charleston,Single Family,4,4.5,1998,12257,2022,529179.49,542249.18,True,550723.72,372507.22,0.9759,Within band,-4.07
P-100611,Seattle,WA,King,Single Family,2,3.0,4886,16109,1946,2898581.87,2641697.93,False,2880844.83,2430694.36,1.0972,Within band,0.61
P-100612,Hempstead,NY,Nassau,Single Family,1,1.0,3154,14646,1944,1057766.3,1016851.32,True,1176687.49,2320504.26,1.0402,Within band,-11.24
P-100613,Memphis,TN,Shelby,Condo,3,4.0,5387,17336,1959,406474.35,374354.95,True,396033.2,503184.46,1.0858,Within band,2.57
P-100614,Waukegan,IL,Lake,Condo,5,4.0,3304,12735,2018,785652.17,693865.41,True,756322.41,545888.32,1.1323,Under-assessed,3.73
P-100615,Waukegan,IL,Lake,Townhouse,1,1.0,1722,10105,2023,462957.44,435877.54,True,461413.38,512334.76,1.0621,Within band,0.33
P-100616,Rockville,MD,Montgomery,Townhouse,7,2.5,1960,12343,1955,1153617.21,1074217.17,True,1106977.04,1023618.22,1.0739,Within band,4.04
P-100617,Atlanta,GA,Fulton,Multi Family,2,5.0,2164,8430,1967,259624.37,285231.52,True,284381.52,332008.77,0.9102,Within band,-9.54
P-100619,Fairfax,VA,Fairfax,Single Family,3,1.0,5621,17307,1939,1146767.49,1217034.48,True,1230834.13,809357.87,0.9423,Within band,-7.33
P-100620,Las Vegas,NV,Clark,Townhouse,7,3.5,6410,9182,1995,683265.72,652451.89,True,690465.05,709628.14,1.0472,Within band,-1.05
P-100621,Manhattan,NY,New York,Condo,6,5.0,3952,6785,2001,2727826.71,2952400.45,True,2915424.7,1605482.75,0.9239,Within band,-6.88
P-100622,Louisville,KY,Jefferson,Single Family,2,3.5,5442,15708,1922,718043.6,576683.51,False,678223.4,701259.36,1.2451,Under-assessed,5.55
P-100623,Boise,ID,Ada,Single Family,3,2.0,5228,10397,1972,296249.1,261244.26,False,294630.07,481580.97,1.134,Under-assessed,0.55
P-100625,Indianapolis,IN,Marion,Single Family,3,1.0,1544,10015,2004,612268.66,515496.28,False,556267.3,555050.13,1.1877,Under-assessed,9.15
P-100626,Henderson,NV,Clark,Townhouse,6,1.5,2132,7997,1959,246941.6,211344.53,True,224052.7,416683.71,1.1684,Under-assessed,9.27
P-100627,Rockville,MD,Montgomery,Multi Family,3,1.0,2519,10825,1933,805183.18,709212.02,True,793357.39,658387.24,1.1353,Under-assessed,1.47
P-100628,Oklahoma City,OK,Oklahoma,Townhouse,7,1.0,1340,6407,2021,717342.03,648355.77,True,730382.52,506451.86,1.1064,Under-assessed,-1.82
P-100629,San Francisco,CA,San Francisco,Single Family,6,5.0,3665,3746,1981,935955.9,880959.33,False,909912.66,1181487.56,1.0624,Within band,2.78
P-100630,Charlotte,NC,Mecklenburg,Multi Family,7,3.5,2919,13974,2013,800693.36,735160.7,False,736703.12,570953.63,1.0891,Within band,7.99
P-100631,Phoenix,AZ,Maricopa,Single Family,5,4.0,1232,11809,1949,227702.32,185184.46,False,217642.77,246522.72,1.2296,Under-assessed,4.42
P-100633,Bronx,NY,Bronx,Single Family,4,4.0,4060,4953,1958,1746192.66,1729141.36,True,1756505.11,1335897.36,1.0099,Within band,-0.59
P-100635,Everett,WA,Snohomish,Townhouse,6,3.5,2667,9641,1963,2508738.66,2623515.47,True,2456280.93,2010852.54,0.9563,Within band,2.09
P-100636,Honolulu,HI,Honolulu,Multi Family,2,2.0,1288,10053,1932,834466.61,826018.48,False,852044.75,641490.13,1.0102,Within band,-2.11
P-100638,San Francisco,CA,San Francisco,Townhouse,5,5.0,2596,13970,2022,598935.22,564122.42,True,591224.27,890344.02,1.0617,Within band,1.29
P-100639,Tulsa,OK,Tulsa,Condo,1,4.0,5983,8109,1955,328301.56,340474.15,True,385807.29,649490.13,0.9642,Within band,-17.52
P-100640,Wichita,KS,Sedgwick,Condo,4,4.5,5168,5373,1963,385664.86,403709.58,True,425649.35,688210.3,0.9553,Within band,-10.37
P-100641,Raleigh,NC,Wake,Single Family,5,3.5,1280,4680,2015,888197.51,791570.34,True,858351.4,860489.06,1.1221,Under-assessed,3.36
P-100642,Hempstead,NY,Nassau,Condo,5,4.5,2522,8670,1988,851677.04,923767.86,False,942525.49,1129789.45,0.922,Within band,-10.67
P-100643,Bronx,NY,Bronx,Townhouse,3,3.5,3575,13901,1933,2475915.46,2693973.84,True,2644911.16,1796519.64,0.9191,Within band,-6.83
P-100644,Everett,WA,Snohomish,Townhouse,7,4.5,5975,8797,2007,3217206.7,3133711.66,False,3207138.02,2448888.03,1.0266,Within band,0.31
P-100645,Wichita,KS,Sedgwick,Single Family,3,2.5,1963,11290,2000,488092.56,529850.75,True,536644.36,461337.72,0.9212,Within band,-9.95
P-100646,Bronx,NY,Bronx,Condo,3,2.0,3000,4061,1923,1081372.18,1014065.28,False,1132660.12,1162967.61,1.0664,Within band,-4.74
P-100647,Tulsa,OK,Tulsa,Single Family,6,1.0,6187,17276,1972,796308.92,843012.99,True,819755.31,587049.09,0.9446,Within band,-2.94
P-100648,Boise,ID,Ada,Condo,7,4.0,926,6879,1971,678967.21,671349.51,True,672492.16,503698.72,1.0113,Within band,0.95
P-100649,Orlando,FL,Orange,Condo,7,4.5,2321,6654,1932,377420.03,310322.62,True,361980.96,319388.58,1.2162,Under-assessed,4.09
P-100650,Reno,NV,Washoe,Single Family,2,5.0,2962,3387,1948,806533.06,732991.17,True,796223.09,489126.93,1.1003,Under-assessed,1.28
P-100651,Rockville,MD,Montgomery,Single Family,5,3.0,3747,7962,2001,573501.63,495217.86,True,559203.28,706428.9,1.1581,Under-assessed,2.49
P-100652,Charleston,SC,Charleston,Single Family,5,5.0,3174,11748,1967,414823.42,412547.26,True,454020.84,435701.1,1.0055,Within band,-9.45
P-100653,Nashville,TN,Davidson,Single Family,6,2.5,3520,11692,1978,564138.23,604694.47,False,606505.3,569542.71,0.9329,Within band,-7.51
P-100654,Fort Worth,TX,Tarrant,Condo,7,5.0,1250,2167,1977,562027.69,490879.3,True,565014.87,566042.43,1.1449,Under-assessed,-0.53
P-100655,Tulsa,OK,Tulsa,Single Family,2,5.0,3080,4077,1946,297517.27,305997.75,True,303577.92,450481.33,0.9723,Within band,-2.04
P-100656,Irvine,CA,Orange,Single Family,5,2.5,5501,13483,1958,2186454.27,2031055.74,False,2291105.53,2682893.78,1.0765,Within band,-4.79
P-100657,Honolulu,HI,Honolulu,Single Family,6,2.0,3292,11603,1981,2018310.72,1796076.91,True,1795013.72,1805379.31,1.1237,Under-assessed,11.06
P-100658,Albuquerque,NM,Bernalillo,Condo,4,4.5,1936,4865,1928,713141.49,635688.83,False,707969.23,578556.84,1.1218,Under-assessed,0.73
P-100659,Tucson,AZ,Pima,Single Family,1,3.0,5593,9038,1993,644072.04,545475.12,False,580210.49,550276.31,1.1808,Under-assessed,9.92
P-100660,Charleston,SC,Charleston,Condo,3,2.0,3108,8575,2013,396068.19,354324.18,True,381372.58,389113.61,1.1178,Under-assessed,3.71
P-100661,Knoxville,TN,Knox,Condo,6,3.0,3014,9133,1923,371039.72,339398.16,False,369314.85,502004.23,1.0932,Within band,0.46
P-100662,Fort Lauderdale,FL,Broward,Townhouse,4,1.0,6001,12391,2008,868590.73,821784.46,True,857562.14,705214.96,1.057,Within band,1.27
P-100663,Tacoma,WA,Pierce,Single Family,6,1.5,3258,15258,1972,2964147.63,2505077.85,True,2818154.13,2162587.73,1.1833,Under-assessed,4.93
P-100664,Lexington,KY,Fayette,Single Family,2,1.5,6328,17983,2014,364889.77,331454.51,True,363393.59,555906.46,1.1009,Under-assessed,0.41
P-100665,Kansas City,MO,Jackson,Condo,5,1.0,1749,3701,2002,440407.58,458825.18,True,462445.71,454261.14,0.9599,Within band,-5.0
P-100666,Boston,MA,Suffolk,Single Family,5,1.5,5173,7013,1988,932582.95,982839.66,False,1008963.2,1100018.47,0.9489,Within band,-8.19
P-100668,Austin,TX,Travis,Condo,7,2.5,5387,16438,2018,374763.04,373295.4,False,391719.02,634623.38,1.0039,Within band,-4.52
P-100669,Manhattan,NY,New York,Single Family,7,2.0,5024,10734,1928,1448756.2,1562541.01,True,1566675.61,1423033.02,0.9272,Within band,-8.14
P-100670,Tucson,AZ,Pima,Single Family,1,4.0,808,8081,2015,786266.73,718746.05,False,781483.12,587044.37,1.0939,Within band,0.61
P-100671,Tampa,FL,Hillsborough,Single Family,2,2.5,1585,9598,2014,591781.76,650135.74,True,660514.85,614019.13,0.9102,Within band,-11.61
P-100672,Cambridge,MA,Middlesex,Multi Family,7,1.5,3505,9409,1959,3001430.64,3252897.04,False,3134133.61,2445050.76,0.9227,Within band,-4.42
P-100673,Rockville,MD,Montgomery,Condo,2,1.0,1648,10145,1939,468264.44,481697.24,False,470881.17,469109.6,0.9721,Within band,-0.56
P-100674,Bronx,NY,Bronx,Single Family,3,1.5,1930,2421,1983,1072434.53,1059129.64,True,1117410.91,1019154.65,1.0126,Within band,-4.19
P-100675,Fort Worth,TX,Tarrant,Condo,2,2.0,1420,1664,1964,819807.18,759112.64,False,801235.93,765040.18,1.08,Within band,2.27
P-100676,Tulsa,OK,Tulsa,Single Family,3,5.0,3594,13647,2005,678725.93,643323.93,True,669627.14,645040.96,1.055,Within band,1.34
P-100677,Phoenix,AZ,Maricopa,Condo,2,3.0,2112,14072,2004,354864.35,387578.24,False,356916.24,390797.78,0.9156,Within band,-0.58
P-100679,Lexington,KY,Fayette,Townhouse,4,4.5,2359,9784,1999,324987.62,271477.02,True,298590.15,373547.48,1.1971,Under-assessed,8.12
P-100680,Fairfax,VA,Fairfax,Condo,3,1.5,3593,10581,2002,330496.79,276912.83,True,330975.86,441531.48,1.1935,Under-assessed,-0.14
P-100681,Lakewood,CO,Jefferson,Condo,2,4.0,4785,7977,1938,1308015.38,1350883.5,False,1330872.84,975671.69,0.9683,Within band,-1.75
P-100682,Columbia,SC,Richland,Condo,2,3.5,1900,3540,2007,249195.7,263569.87,True,255544.56,328533.81,0.9455,Within band,-2.55
P-100684,Oklahoma City,OK,Oklahoma,Single Family,7,2.5,3805,6417,2002,446827.24,383382.86,False,382362.53,374656.33,1.1655,Under-assessed,14.43
P-100686,Irvine,CA,Orange,Single Family,6,4.5,4089,13673,1941,3122539.08,3308804.29,True,3188421.57,2749528.77,0.9437,Within band,-2.11
P-100687,Oklahoma City,OK,Oklahoma,Multi Family,4,1.0,5826,7549,2018,338558.78,345239.49,False,357721.05,532698.99,0.9806,Within band,-5.66
P-100688,Knoxville,TN,Knox,Townhouse,4,2.5,5442,12548,2005,327288.25,342958.24,False,336912.54,413513.59,0.9543,Within band,-2.94
P-100690,San Antonio,TX,Bexar,Condo,4,1.0,4340,8493,1965,758327.38,686827.37,True,749293.82,732200.05,1.1041,Under-assessed,1.19
P-100691,Naperville,IL,DuPage,Single Family,7,4.5,1328,6796,1965,600794.13,625755.15,False,640627.09,505206.11,0.9601,Within band,-6.63
P-100692,Honolulu,HI,Honolulu,Multi Family,2,3.0,6394,14347,1964,1477853.81,1579432.72,True,1712856.52,2077660.27,0.9357,Within band,-15.9
P-100694,Detroit,MI,Wayne,Condo,4,1.0,2614,11592,1939,640666.64,517599.55,False,590514.97,562784.51,1.2378,Under-assessed,7.83
P-100695,Manhattan,NY,New York,Single Family,7,4.5,3995,13109,1990,3495036.42,3228354.9,False,3355839.65,2430913.36,1.0826,Within band,3.98
P-100696,Durham,NC,Durham,Condo,3,5.0,3525,4787,2008,224904.39,235752.51,True,235148.32,326331.07,0.954,Within band,-4.55
P-100697,Salt Lake City,UT,Salt Lake,Condo,7,2.5,4411,8820,1993,772558.46,761465.9,True,770900.23,679537.45,1.0146,Within band,0.21
P-100698,Memphis,TN,Shelby,Condo,5,3.0,825,12516,1996,502831.66,517569.43,True,559308.46,422769.99,0.9715,Within band,-11.23
P-100699,Reno,NV,Washoe,Townhouse,3,1.0,5593,6460,2011,708483.73,592225.1,False,682985.5,702762.17,1.1963,Under-assessed,3.6
P-100700,Atlanta,GA,Fulton,Townhouse,1,1.5,3905,13309,2009,860243.31,895921.2,True,846827.38,747717.35,0.9602,Within band,1.56
P-100701,Saint Paul,MN,Ramsey,Condo,3,1.5,3382,10783,2016,193341.75,155856.7,False,188829.11,309932.19,1.2405,Under-assessed,2.33
P-100702,Columbia,SC,Richland,Townhouse,5,3.5,1168,3992,1944,616455.77,526783.65,False,568525.46,436604.14,1.1702,Under-assessed,7.78
P-100703,Atlanta,GA,Fulton,Single Family,5,1.0,5003,6973,2023,848713.41,706411.73,False,787741.95,638609.49,1.2014,Under-assessed,7.18
P-100704,Lawrenceville,GA,Gwinnett,Condo,7,4.0,4269,6175,2005,552480.24,482794.06,False,538533.16,534955.76,1.1443,Under-assessed,2.52
P-100705,Baltimore,MD,Baltimore,Condo,5,5.0,4873,11331,2016,955657.34,845535.48,False,946653.93,613800.15,1.1302,Under-assessed,0.94
P-100706,Cincinnati,OH,Hamilton,Single Family,5,4.0,3105,11257,2020,721177.8,724939.26,False,735740.68,501930.5,0.9948,Within band,-2.02
P-100707,Baton Rouge,LA,East Baton Rouge,Single Family,1,3.0,3753,6837,1965,872065.95,913161.05,True,873398.23,640749.02,0.955,Within band,-0.15
P-100709,Austin,TX,Travis,Townhouse,7,4.0,966,3520,1938,587026.28,587354.92,True,644282.5,324185.24,0.9994,Within band,-9.75
P-100710,Philadelphia,PA,Philadelphia,Condo,7,4.5,2676,12508,1921,608698.94,494592.12,True,507049.1,439138.47,1.2307,Under-assessed,16.7
P-100711,Fairfax,VA,Fairfax,Condo,6,4.0,2933,11719,1956,641645.79,563653.59,True,549022.67,949462.62,1.1384,Under-assessed,14.44
P-100712,Charleston,SC,Charleston,Multi Family,2,1.5,6282,7386,1950,460039.93,428496.17,False,451644.15,677148.34,1.0736,Within band,1.83
P-100713,Lawrenceville,GA,Gwinnett,Townhouse,7,3.0,2037,7773,1979,276506.45,225885.99,True,264669.84,437937.04,1.2241,Under-assessed,4.28
P-100714,Reno,NV,Washoe,Condo,3,5.0,1919,4267,1990,872057.7,726781.38,False,833315.11,569814.54,1.1999,Under-assessed,4.44
P-100715,Cleveland,OH,Cuyahoga,Single Family,5,1.0,3774,13062,1935,788462.35,779383.98,False,794814.43,619551.03,1.0116,Within band,-0.81
P-100716,Lexington,KY,Fayette,Condo,6,4.5,5618,9714,1964,884502.26,828332.2,True,873296.53,650706.26,1.0678,Within band,1.27
P-100717,Detroit,MI,Wayne,Condo,2,1.0,4367,11090,2010,806247.92,699900.34,True,796520.94,666281.11,1.1519,Under-assessed,1.21
P-100718,Kansas City,MO,Jackson,Multi Family,2,5.0,2286,6316,1947,675820.09,580110.84,False,644664.62,469060.86,1.165,Under-assessed,4.61
P-100719,Philadelphia,PA,Philadelphia,Condo,6,4.5,3060,13276,1972,159690.85,143930.15,True,160385.11,290944.88,1.1095,Under-assessed,-0.43
P-100720,Detroit,MI,Wayne,Single Family,6,4.0,5310,8550,1939,440805.99,385136.4,False,404842.22,471730.27,1.1445,Under-assessed,8.16
P-100721,Columbia,SC,Richland,Single Family,3,1.5,3166,9010,1945,699995.76,624584.2,False,678773.58,509915.52,1.1207,Under-assessed,3.03
P-100722,Rockville,MD,Montgomery,Single Family,2,2.0,4001,5941,1988,1392277.79,1179933.33,False,1260239.41,674116.01,1.18,Under-assessed,9.48
P-100724,Fairfax,VA,Fairfax,Single Family,2,2.0,5712,10628,2006,772338.9,643583.48,True,698092.59,586318.48,1.2001,Under-assessed,9.61
P-100725,Knoxville,TN,Knox,Single Family,3,3.0,2173,10584,1955,885988.39,838927.09,True,832738.63,660453.26,1.0561,Within band,6.01
P-100726,Saint Paul,MN,Ramsey,Single Family,6,1.5,3327,12359,1924,221906.89,178236.36,False,216026.47,286726.74,1.245,Under-assessed,2.65
P-100727,Detroit,MI,Wayne,Multi Family,4,3.5,1684,7356,2012,324038.59,306750.85,True,320449.33,442548.08,1.0564,Within band,1.11
P-100728,Las Vegas,NV,Clark,Single Family,2,1.5,2050,8167,1928,240124.78,209168.76,True,230907.46,252448.89,1.148,Under-assessed,3.84
P-100730,Austin,TX,Travis,Townhouse,6,5.0,2178,9977,1945,672425.35,660077.84,True,685246.62,492180.0,1.0187,Within band,-1.91
P-100731,Boston,MA,Suffolk,Condo,5,2.5,6334,8365,2009,2773082.89,2374076.24,True,2729143.96,1988662.06,1.1681,Under-assessed,1.58
P-100732,Philadelphia,PA,Philadelphia,Condo,5,1.0,5964,17162,1952,339530.33,278209.79,False,330681.98,410909.45,1.2204,Under-assessed,2.61
P-100733,Houston,TX,Harris,Townhouse,6,1.5,5262,9561,2013,774985.64,703248.13,True,782151.75,662260.6,1.102,Under-assessed,-0.92
P-100734,Tucson,AZ,Pima,Single Family,3,4.0,4398,12006,1977,239094.18,245111.13,True,255687.13,405077.59,0.9755,Within band,-6.94
P-100735,Queens,NY,Queens,Single Family,2,2.0,2377,3930,1922,1643439.51,1448309.05,True,1568366.95,1119376.14,1.1347,Under-assessed,4.57
P-100736,Tacoma,WA,Pierce,Multi Family,7,2.0,4592,15500,1927,1527776.69,1252886.62,True,1456233.73,1607450.2,1.2194,Under-assessed,4.68
P-100737,Arlington,VA,Arlington,Single Family,3,3.0,6203,16336,1974,1033952.11,867308.42,False,1005317.49,952692.32,1.1921,Under-assessed,2.77
P-100738,Louisville,KY,Jefferson,Condo,3,2.5,3160,13545,1980,733708.79,661972.03,False,706316.11,576194.84,1.1084,Under-assessed,3.73
P-100739,Baton Rouge,LA,East Baton Rouge,Townhouse,5,1.5,3746,6176,1999,370890.85,351338.28,True,381055.16,496378.83,1.0557,Within band,-2.74
P-100740,Tacoma,WA,Pierce,Single Family,3,3.5,5684,13590,1991,895666.6,973589.85,True,956755.9,1351984.83,0.92,Within band,-6.82
P-100741,Lawrenceville,GA,Gwinnett,Condo,5,5.0,2913,6979,2021,413286.95,432122.9,True,426996.04,430980.32,0.9564,Within band,-3.32
P-100742,San Francisco,CA,San Francisco,Single Family,5,4.5,3173,4938,1955,1840626.87,1862510.12,True,1860610.48,1731980.81,0.9883,Within band,-1.09
P-100743,Tampa,FL,Hillsborough,Multi Family,5,1.0,5751,12865,2002,372629.7,334615.19,False,352994.7,447056.82,1.1136,Under-assessed,5.27
P-100744,Cambridge,MA,Middlesex,Single Family,1,5.0,1938,13633,1950,730171.19,797124.84,True,842929.9,1102109.2,0.916,Within band,-15.44
P-100745,Provo,UT,Utah,Condo,7,1.5,2297,9645,1940,209894.34,184334.75,True,212455.04,252976.81,1.1387,Under-assessed,-1.22
P-100746,Baltimore,MD,Baltimore,Single Family,5,3.5,3245,9594,2016,1061196.72,855087.61,False,1000826.6,968944.68,1.241,Under-assessed,5.69
P-100747,Oakland,CA,Alameda,Single Family,1,3.5,6349,7669,1994,3139023.22,3357416.65,True,3158377.71,1959250.35,0.935,Within band,-0.62
P-100748,Omaha,NE,Douglas,Condo,7,3.0,3340,6547,1961,820383.94,685636.12,False,760238.25,854481.76,1.1965,Under-assessed,7.33
P-100749,Naperville,IL,DuPage,Condo,2,3.0,6250,17296,1947,811588.68,723134.59,True,787959.74,646223.56,1.1223,Under-assessed,2.91
P-100750,San Antonio,TX,Bexar,Condo,4,4.0,6497,11860,1978,887699.0,910919.07,False,854688.24,657896.74,0.9745,Within band,3.72
P-100751,Irvine,CA,Orange,Condo,1,3.0,4245,10494,2013,2182738.28,1809860.67,False,2045379.94,2123462.73,1.206,Under-assessed,6.29
P-100752,Pittsburgh,PA,Allegheny,Condo,4,2.5,1585,12016,2015,862891.49,698174.38,False,815550.93,592451.54,1.2359,Under-assessed,5.49
P-100755,San Diego,CA,San Diego,Single Family,5,2.0,3657,14447,1967,2664905.74,2248404.18,True,2506137.19,1795894.71,1.1852,Under-assessed,5.96
P-100757,Hempstead,NY,Nassau,Single Family,5,3.5,5025,15391,2015,936255.31,910141.07,False,973498.7,1321823.42,1.0287,Within band,-3.98
P-100759,Phoenix,AZ,Maricopa,Condo,6,4.5,1875,13244,2016,266898.28,285035.37,False,272474.24,305925.17,0.9364,Within band,-2.09
P-100760,Aurora,CO,Arapahoe,Single Family,2,2.0,6174,7342,1928,604120.68,559763.28,True,593007.15,656693.61,1.0792,Within band,1.84
P-100761,Detroit,MI,Wayne,Single Family,6,1.0,6163,14213,1924,509995.98,412745.92,True,494196.3,575844.92,1.2356,Under-assessed,3.1
P-100763,Scottsdale,AZ,Maricopa,Single Family,2,4.0,1377,1545,2007,220139.64,220706.02,True,220046.35,291153.28,0.9974,Within band,0.04
P-100764,Tacoma,WA,Pierce,Townhouse,1,5.0,4623,7472,1977,1344837.9,1091934.34,True,1272261.15,1706167.09,1.2316,Under-assessed,5.4
P-100765,Fairfax,VA,Fairfax,Single Family,7,4.0,959,5911,1943,568107.18,570896.55,False,569990.7,574833.64,0.9951,Within band,-0.33
P-100766,Miami,FL,Miami-Dade,Townhouse,1,4.5,4664,10671,2021,665158.54,673488.08,True,663731.68,564477.87,0.9876,Within band,0.21
P-100768,Baltimore,MD,Baltimore,Condo,2,2.0,3060,5242,2015,1141768.68,1040787.88,False,1143782.69,1131785.94,1.097,Within band,-0.18
P-100769,Aurora,CO,Arapahoe,Condo,6,4.5,4518,12361,1947,418856.42,404577.51,False,431674.26,560744.65,1.0353,Within band,-3.06
P-100770,Baltimore,MD,Baltimore,Multi Family,7,3.5,2446,6746,1972,371607.62,302069.68,False,362576.11,672912.78,1.2302,Under-assessed,2.43
P-100771,Troy,MI,Oakland,Condo,4,2.0,2577,12390,1986,344349.59,283233.26,True,317879.09,391849.32,1.2158,Under-assessed,7.69
P-100772,Cleveland,OH,Cuyahoga,Townhouse,3,5.0,5558,10917,1959,787195.54,750537.41,False,781027.33,697017.75,1.0488,Within band,0.78
P-100773,Lexington,KY,Fayette,Townhouse,5,5.0,5649,15993,1928,316242.49,341620.4,False,333429.12,430844.66,0.9257,Within band,-5.43
P-100774,Louisville,KY,Jefferson,Multi Family,3,3.0,5496,12440,2005,634106.68,623907.78,True,643364.67,512961.93,1.0163,Within band,-1.46
P-100775,Columbus,OH,Franklin,Single Family,1,3.0,5831,9878,1946,586542.37,615351.44,True,609151.84,582765.32,0.9532,Within band,-3.85
P-100776,Seattle,WA,King,Single Family,3,1.5,3684,12706,1970,459964.57,480017.81,True,492505.51,770759.9,0.9582,Within band,-7.07
P-100777,Cambridge,MA,Middlesex,Single Family,5,1.5,4502,11664,1969,1405083.04,1200406.59,False,1280215.06,1218748.16,1.1705,Under-assessed,8.89
P-100779,Tulsa,OK,Tulsa,Single Family,5,3.5,2401,5216,2023,873791.78,752284.36,True,734308.92,288346.88,1.1615,Under-assessed,15.96
P-100780,Seattle,WA,King,Condo,4,2.0,2021,5631,1955,777530.07,778578.55,True,861189.63,1156503.98,0.9987,Within band,-10.76
P-100781,Philadelphia,PA,Philadelphia,Townhouse,7,4.0,788,9656,2017,331944.18,332605.86,True,338771.98,311253.75,0.998,Within band,-2.06
P-100782,Detroit,MI,Wayne,Multi Family,2,4.0,2296,5866,1960,395547.08,345957.22,False,376701.76,435805.69,1.1433,Under-assessed,4.76
P-100783,Louisville,KY,Jefferson,Townhouse,3,3.5,3720,4055,1982,460307.64,493797.97,True,487280.44,334218.7,0.9322,Within band,-5.86
P-100785,Tucson,AZ,Pima,Single Family,5,1.0,5290,16015,2020,731725.1,792057.76,False,753133.53,570173.72,0.9238,Within band,-2.93
P-100786,Dallas,TX,Dallas,Single Family,5,1.5,4389,13456,2017,407765.86,344894.72,False,377380.39,463240.53,1.1823,Under-assessed,7.45
P-100788,Bronx,NY,Bronx,Condo,7,4.5,6150,12621,1990,2101480.31,2241518.35,False,2186428.86,2016006.81,0.9375,Within band,-4.04
P-100791,St. Louis,MO,St. Louis,Single Family,3,3.5,1035,6778,1979,829325.78,826033.03,False,818765.73,587268.5,1.004,Within band,1.27
P-100792,Baltimore,MD,Baltimore,Condo,2,1.0,1429,3820,2015,1153326.03,943381.58,True,1096145.16,999531.2,1.2225,Under-assessed,4.96
P-100793,Kansas City,MO,Jackson,Townhouse,1,4.5,4593,11693,2017,520897.88,538500.25,False,535898.65,568565.0,0.9673,Within band,-2.88
P-100794,Reno,NV,Washoe,Single Family,5,4.0,2859,9320,1948,152675.49,122695.28,True,150910.5,310539.77,1.2443,Under-assessed,1.16
P-100795,Minneapolis,MN,Hennepin,Single Family,3,4.5,1141,4730,1979,833804.54,898379.81,False,821314.1,610092.12,0.9281,Within band,1.5
P-100796,Wichita,KS,Sedgwick,Townhouse,6,3.5,4914,7463,2005,651926.68,636889.26,False,669600.54,628979.31,1.0236,Within band,-2.71
P-100797,Saint Paul,MN,Ramsey,Multi Family,1,3.0,2710,4454,1938,552910.98,572286.6,False,591768.01,525112.66,0.9661,Within band,-7.03
P-100798,Columbus,OH,Franklin,Condo,2,4.5,6030,7116,2019,364886.46,298138.11,True,342240.08,546167.42,1.2239,Under-assessed,6.21
P-100799,Tampa,FL,Hillsborough,Multi Family,5,2.5,3920,10966,1950,343444.72,357649.2,True,366072.94,438439.41,0.9603,Within band,-6.59
P-100800,Miami,FL,Miami-Dade,Single Family,7,2.0,1020,1054,1980,258506.99,229406.06,False,262997.94,274850.38,1.1269,Under-assessed,-1.74
P-100802,Brooklyn,NY,Kings,Condo,1,4.5,5568,9234,2008,1315275.92,1388466.99,True,1349201.96,1736224.88,0.9473,Within band,-2.58
P-100803,Billings,MT,Yellowstone,Townhouse,2,2.5,4378,6814,2010,241070.88,197105.44,True,242852.49,427551.42,1.2231,Under-assessed,-0.74
P-100804,Las Vegas,NV,Clark,Condo,6,3.0,6409,9845,1980,631821.7,535127.26,False,593854.74,632408.57,1.1807,Under-assessed,6.01
P-100805,Arlington,VA,Arlington,Multi Family,6,3.5,5241,16707,1943,308926.44,262356.93,True,308819.94,514045.73,1.1775,Under-assessed,0.03
P-100806,Scottsdale,AZ,Maricopa,Multi Family,1,1.0,5773,11683,2011,387511.14,353374.19,True,382319.24,475346.84,1.0966,Within band,1.34
P-100808,Baton Rouge,LA,East Baton Rouge,Townhouse,5,2.5,3181,12862,1948,470431.64,502164.12,True,522748.95,420768.09,0.9368,Within band,-11.12
P-100810,New Orleans,LA,Orleans,Multi Family,5,3.5,2051,10981,2003,276200.52,256548.89,True,279665.81,412930.41,1.0766,Within band,-1.25
P-100811,Hempstead,NY,Nassau,Single Family,3,1.5,2965,8035,1989,2559250.35,2100061.8,True,2536710.62,1760627.77,1.2187,Under-assessed,0.88
P-100812,Atlanta,GA,Fulton,Condo,4,5.0,1600,9484,2005,599205.48,494332.79,True,590925.92,600877.08,1.2121,Under-assessed,1.38
P-100813,Omaha,NE,Douglas,Condo,2,4.5,5773,11530,1923,385341.01,399906.74,False,397779.71,582922.37,0.9636,Within band,-3.23
P-100814,Omaha,NE,Douglas,Single Family,5,4.5,3772,9051,2002,407719.23,330625.17,False,355405.42,569181.48,1.2332,Under-assessed,12.83
P-100815,Billings,MT,Yellowstone,Single Family,2,1.5,5471,13999,1991,717577.62,603289.82,False,636466.81,493359.23,1.1894,Under-assessed,11.3
P-100816,Omaha,NE,Douglas,Condo,1,1.5,1049,5967,2005,871980.84,879629.88,False,861466.2,594932.18,0.9913,Within band,1.21
P-100817,Irvine,CA,Orange,Condo,3,2.0,6431,7955,1937,3290801.47,3224537.17,False,3355982.62,2854101.71,1.0206,Within band,-1.98
P-100818,Decatur,GA,DeKalb,Condo,3,5.0,5034,6339,2023,675994.83,717291.44,True,711551.11,605918.53,0.9424,Within band,-5.26
P-100819,Lakewood,CO,Jefferson,Single Family,1,1.5,5419,5484,1933,1369682.85,1288552.34,True,1322304.65,903416.98,1.063,Within band,3.46
P-100820,Charlotte,NC,Mecklenburg,Single Family,6,1.0,4452,8030,2013,672365.97,686726.7,False,697253.74,619877.87,0.9791,Within band,-3.7
P-100821,Lexington,KY,Fayette,Townhouse,6,4.0,2176,10823,1957,388528.94,424318.85,True,416185.91,350255.47,0.9157,Within band,-7.12
P-100822,Raleigh,NC,Wake,Condo,6,2.0,5323,8343,2002,572559.21,500779.77,True,553272.91,498094.24,1.1433,Under-assessed,3.37
P-100823,Brooklyn,NY,Kings,Single Family,7,1.0,3986,5738,1963,1079317.01,911047.46,False,1023046.05,1305844.81,1.1847,Under-assessed,5.21
P-100824,Charleston,SC,Charleston,Condo,4,3.5,2140,13049,2004,309359.44,335575.46,True,327511.2,373443.22,0.9219,Within band,-5.87
P-100825,Kansas City,MO,Jackson,Single Family,3,3.0,2050,9032,2018,130738.74,134502.71,False,139558.9,278430.38,0.972,Within band,-6.75
P-100826,Chicago,IL,Cook,Single Family,2,1.0,2520,13091,1982,419973.69,400196.84,True,420286.42,478233.9,1.0494,Within band,-0.07
P-100828,Austin,TX,Travis,Multi Family,5,3.5,611,8492,1944,266150.06,237379.62,True,263717.14,300455.06,1.1212,Under-assessed,0.91
P-100829,Tulsa,OK,Tulsa,Condo,3,1.0,3353,9200,1980,711962.69,640786.89,False,722321.17,469491.24,1.1111,Under-assessed,-1.45
P-100830,Tucson,AZ,Pima,Single Family,1,5.0,4214,15984,1937,292171.08,252886.09,True,290529.54,412776.37,1.1553,Under-assessed,0.56
P-100831,Boise,ID,Ada,Townhouse,1,1.5,2650,12452,1988,702205.83,612578.38,False,603822.63,318172.37,1.1463,Under-assessed,14.01
P-100832,Waukegan,IL,Lake,Townhouse,3,1.0,4098,15507,1964,849030.77,794443.82,False,807678.69,600441.9,1.0687,Within band,4.87
P-100833,Lawrenceville,GA,Gwinnett,Condo,7,2.5,2219,4391,1957,479466.99,448224.97,False,486639.13,575420.72,1.0697,Within band,-1.5
P-100834,Saint Paul,MN,Ramsey,Townhouse,1,5.0,2034,13247,1973,204649.05,173391.01,True,196948.05,264140.32,1.1803,Under-assessed,3.76
P-100835,Fort Wayne,IN,Allen,Condo,6,2.5,4278,11239,1942,596540.03,556883.68,False,588980.95,452176.28,1.0712,Within band,1.27
P-100836,Denver,CO,Denver,Single Family,1,2.5,6336,15077,1934,972077.82,1042844.98,True,1125667.86,802843.38,0.9321,Within band,-15.8
P-100837,Tucson,AZ,Pima,Single Family,2,5.0,5124,6493,1963,529559.18,464898.66,True,514210.85,541599.96,1.1391,Under-assessed,2.9
P-100838,Brooklyn,NY,Kings,Multi Family,6,5.0,1256,6529,1978,952135.64,1045278.85,False,990885.41,804668.65,0.9109,Within band,-4.07
P-100839,San Antonio,TX,Bexar,Townhouse,1,1.5,6235,9354,1981,863409.15,804432.88,False,840270.51,675526.18,1.0733,Within band,2.68
P-100840,Knoxville,TN,Knox,Condo,7,3.0,2736,5345,1930,545704.68,534847.61,True,583521.75,539072.33,1.0203,Within band,-6.93
P-100841,Everett,WA,Snohomish,Multi Family,4,1.0,961,10778,1926,458526.55,488669.09,True,483214.79,502403.04,0.9383,Within band,-5.38
P-100842,Tacoma,WA,Pierce,Multi Family,2,3.0,4791,8524,1961,1577177.2,1435015.48,True,1523829.95,2232878.97,1.0991,Within band,3.38
P-100843,Albuquerque,NM,Bernalillo,Townhouse,5,4.5,5663,11480,2020,899018.0,887617.95,True,893819.15,615003.03,1.0128,Within band,0.58
P-100844,Tampa,FL,Hillsborough,Condo,6,1.0,2743,12992,2013,321756.07,319546.64,True,322323.93,403752.42,1.0069,Within band,-0.18
P-100845,Columbia,SC,Richland,Single Family,6,4.0,5671,16777,1957,686271.9,666662.45,True,701923.79,737313.2,1.0294,Within band,-2.28
P-100846,Charlotte,NC,Mecklenburg,Multi Family,2,1.5,3136,7262,1930,480332.92,502721.75,True,509787.85,496870.58,0.9555,Within band,-6.13
P-100847,Denver,CO,Denver,Townhouse,3,5.0,6196,9259,1957,530006.47,568924.78,True,562534.14,638172.59,0.9316,Within band,-6.14
P-100848,Cambridge,MA,Middlesex,Townhouse,2,5.0,6313,14520,1986,994286.62,894326.38,False,999010.63,1469624.32,1.1118,Under-assessed,-0.48
P-100850,St. Louis,MO,St. Louis,Single Family,6,2.5,4635,8186,1937,435895.72,479412.53,True,471383.61,550416.7,0.9092,Within band,-8.14
P-100851,Wichita,KS,Sedgwick,Condo,7,4.0,5126,16927,1987,815622.64,875532.79,True,829399.58,690850.81,0.9316,Within band,-1.69
P-100852,Jacksonville,FL,Duval,Single Family,3,3.0,5483,7444,2012,828190.74,881761.75,False,838781.18,733319.84,0.9392,Within band,-1.28
P-100853,San Jose,CA,Santa Clara,Condo,6,3.0,1491,10325,1957,1138824.47,1092094.58,False,1129382.61,1086172.56,1.0428,Within band,0.83
P-100856,Columbus,OH,Franklin,Single Family,4,2.0,6210,13675,1929,369895.01,319536.04,True,333703.5,680216.41,1.1576,Under-assessed,9.78
P-100857,Cambridge,MA,Middlesex,Single Family,4,5.0,5876,8212,1999,1093118.77,1147137.92,True,1226727.85,1165944.78,0.9529,Within band,-12.22
P-100858,Austin,TX,Travis,Condo,6,5.0,1718,8393,1925,285329.38,260303.36,True,290268.9,321182.96,1.0961,Within band,-1.73
P-100859,Boston,MA,Suffolk,Single Family,6,4.5,2690,12240,2023,955083.17,935365.58,False,946243.57,1202432.63,1.0211,Within band,0.93
P-100860,Cincinnati,OH,Hamilton,Condo,7,3.5,5345,11638,2001,862509.41,728026.56,True,818438.87,719467.33,1.1847,Under-assessed,5.11
P-100861,Lawrenceville,GA,Gwinnett,Condo,3,2.0,4121,10743,1992,556682.03,513453.29,True,554819.18,473237.57,1.0842,Within band,0.33
P-100862,Pittsburgh,PA,Allegheny,Condo,5,2.5,3268,14247,2004,589872.08,586956.27,True,598581.2,550109.41,1.005,Within band,-1.48
P-100863,Memphis,TN,Shelby,Multi Family,3,1.0,5099,7511,1971,580599.46,559320.56,False,576673.21,650650.17,1.038,Within band,0.68
P-100864,Lexington,KY,Fayette,Condo,1,5.0,4547,11525,1932,644169.06,685837.82,True,728358.86,608401.7,0.9392,Within band,-13.07
P-100867,Philadelphia,PA,Philadelphia,Single Family,1,3.5,2406,12850,1955,330694.78,308271.98,False,322176.97,322151.95,1.0727,Within band,2.58
P-100868,Brooklyn,NY,Kings,Single Family,5,1.5,4631,16509,2000,2969318.39,3197739.2,False,3057186.77,1843280.32,0.9286,Within band,-2.96
P-100869,Dallas,TX,Dallas,Single Family,2,1.5,1686,6833,1965,677636.75,583299.94,True,657354.54,565886.95,1.1617,Under-assessed,2.99
P-100870,Hempstead,NY,Nassau,Condo,7,4.0,2549,10958,2005,1419155.61,1346387.59,True,1416202.03,1758041.88,1.054,Within band,0.21
P-100871,Denver,CO,Denver,Townhouse,3,1.0,1753,8234,1957,912322.35,755726.66,True,808349.66,691206.62,1.2072,Under-assessed,11.4
P-100872,Troy,MI,Oakland,Single Family,6,5.0,1995,5053,1929,130930.55,129846.28,False,135592.28,222923.42,1.0084,Within band,-3.56
P-100873,Albuquerque,NM,Bernalillo,Townhouse,5,3.5,4624,16604,2007,593065.39,609293.76,False,613711.38,643990.26,0.9734,Within band,-3.48
P-100874,Las Vegas,NV,Clark,Single Family,4,5.0,6491,16921,1974,434169.49,406413.95,False,427413.99,521150.66,1.0683,Within band,1.56
P-100875,Manhattan,NY,New York,Single Family,2,2.5,5754,11476,1961,2505343.26,2749978.1,False,2546142.83,1898850.88,0.911,Within band,-1.63
P-100876,Eugene,OR,Lane,Condo,6,2.0,1195,10544,1937,692871.05,755697.11,True,748351.65,686644.38,0.9169,Within band,-8.01
P-100877,Saint Paul,MN,Ramsey,Single Family,1,3.5,877,10792,2008,689116.7,725315.43,False,742790.6,502588.72,0.9501,Within band,-7.79
P-100878,Denver,CO,Denver,Condo,5,1.5,5902,7278,1956,716135.25,690145.07,False,758983.48,754845.75,1.0377,Within band,-5.98
P-100879,Atlanta,GA,Fulton,Single Family,1,4.5,2851,9084,2019,180833.65,148110.78,False,167670.38,498015.34,1.2209,Under-assessed,7.28
P-100880,Detroit,MI,Wayne,Single Family,6,2.0,1660,6904,1986,569907.33,625905.04,False,621506.1,554936.25,0.9105,Within band,-9.05
P-100881,Grand Rapids,MI,Kent,Single Family,6,3.5,3796,10037,2013,603240.54,565230.74,True,591335.66,526987.31,1.0672,Within band,1.97
P-100882,Atlanta,GA,Fulton,Multi Family,4,4.0,2206,4505,1965,764645.37,679195.61,True,727052.83,647204.18,1.1258,Under-assessed,4.92
P-100883,Seattle,WA,King,Townhouse,1,3.5,3916,6609,1953,692801.19,744622.12,False,731038.62,1421954.35,0.9304,Within band,-5.52
P-100885,Charleston,SC,Charleston,Single Family,7,3.0,2743,6416,1920,271444.44,267903.2,False,281247.96,459328.55,1.0132,Within band,-3.61
P-100886,Baltimore,MD,Baltimore,Townhouse,5,2.5,2804,3421,1931,1306275.38,1199630.05,True,1251470.23,934272.7,1.0889,Within band,4.2
P-100887,Waukegan,IL,Lake,Single Family,6,5.0,1397,5298,2022,452475.06,405053.9,False,453646.07,378084.9,1.1171,Under-assessed,-0.26
P-100888,Fort Lauderdale,FL,Broward,Multi Family,5,5.0,1599,13003,1995,528502.38,432337.51,True,497145.52,376958.64,1.2224,Under-assessed,5.93
P-100889,Jacksonville,FL,Duval,Multi Family,2,2.0,3310,12442,2023,832056.43,772519.07,True,797044.3,605029.82,1.0771,Within band,4.21
P-100890,Salt Lake City,UT,Salt Lake,Townhouse,5,3.5,6083,10664,1989,613094.47,598684.52,False,633423.11,535363.35,1.0241,Within band,-3.32
P-100891,Jacksonville,FL,Duval,Townhouse,1,2.0,651,1296,1925,241635.65,220311.56,False,241706.5,280377.54,1.0968,Within band,-0.03
P-100892,Henderson,NV,Clark,Single Family,5,2.5,5788,16159,1974,553325.92,555870.38,False,572364.29,514801.85,0.9954,Within band,-3.44
P-100893,Baton Rouge,LA,East Baton Rouge,Condo,4,4.5,5820,13046,2012,860576.85,795159.1,False,819548.32,629248.53,1.0823,Within band,4.77
P-100894,Everett,WA,Snohomish,Condo,7,1.5,1695,4814,1928,835201.03,704044.22,True,827883.18,851213.88,1.1863,Under-assessed,0.88
P-100896,Durham,NC,Durham,Townhouse,1,3.5,1766,11901,1931,518523.97,547801.78,True,536241.53,455538.33,0.9466,Within band,-3.42
P-100897,Indianapolis,IN,Marion,Single Family,6,2.5,2224,9480,2020,679411.6,732228.03,True,783635.58,527976.07,0.9279,Within band,-15.34
P-100898,Queens,NY,Queens,Multi Family,7,3.5,5984,15571,1929,2403090.41,2321243.36,False,2556359.96,2400038.53,1.0353,Within band,-6.38
P-100899,Lexington,KY,Fayette,Multi Family,1,4.5,5880,13466,2014,700054.81,606009.31,True,671944.34,662077.58,1.1552,Under-assessed,4.02
P-100900,Lexington,KY,Fayette,Townhouse,4,1.0,2130,11485,1942,463310.53,378353.86,False,429435.91,337510.16,1.2245,Under-assessed,7.31
P-100901,Waukegan,IL,Lake,Condo,2,2.0,1822,2282,2023,646672.09,543472.85,True,590824.81,380598.7,1.1899,Under-assessed,8.64
P-100902,Durham,NC,Durham,Single Family,5,5.0,4744,14065,1976,392464.08,395602.18,True,418099.0,540579.56,0.9921,Within band,-6.53
P-100903,Scottsdale,AZ,Maricopa,Single Family,2,1.0,2878,7827,1950,839584.84,692324.15,True,745340.35,362719.74,1.2127,Under-assessed,11.23
P-100904,Memphis,TN,Shelby,Single Family,7,2.0,5866,15322,1941,727792.0,787869.96,True,755544.56,529185.71,0.9237,Within band,-3.81
P-100905,Tacoma,WA,Pierce,Single Family,5,4.0,4451,5805,1946,2544659.26,2106669.37,True,2497402.81,2198211.23,1.2079,Under-assessed,1.86
P-100908,Kansas City,MO,Jackson,Single Family,1,3.0,786,9934,2007,427931.29,360396.61,True,394671.17,519394.5,1.1874,Under-assessed,7.77
P-100909,Queens,NY,Queens,Townhouse,2,3.5,3466,15288,1968,3010920.49,3140809.74,False,3061790.28,2424106.45,0.9586,Within band,-1.69
P-100910,New Orleans,LA,Orleans,Single Family,3,2.5,4072,9954,1990,374778.37,343375.92,False,371657.5,453496.96,1.0915,Within band,0.83
P-100912,Dallas,TX,Dallas,Single Family,3,3.5,2738,5336,2007,612753.09,530981.85,True,572509.97,540648.39,1.154,Under-assessed,6.57
P-100913,Wichita,KS,Sedgwick,Single Family,3,4.0,3125,13330,1928,409292.64,410569.85,False,424648.15,457918.92,0.9969,Within band,-3.75
P-100914,Baltimore,MD,Baltimore,Single Family,5,1.0,1570,9994,1935,346476.47,360969.24,True,362446.3,484768.21,0.9599,Within band,-4.61
P-100915,Tacoma,WA,Pierce,Single Family,5,1.5,6090,12090,1977,777576.57,629171.9,True,703588.5,942289.33,1.2359,Under-assessed,9.52
P-100916,Chicago,IL,Cook,Single Family,6,2.5,3320,4625,1926,754137.78,685010.75,True,736330.45,645322.1,1.1009,Under-assessed,2.36
P-100917,Atlanta,GA,Fulton,Townhouse,5,5.0,6140,11961,1977,452208.55,442643.47,True,457354.79,457731.63,1.0216,Within band,-1.14
P-100918,Tulsa,OK,Tulsa,Multi Family,4,2.0,1246,7033,1994,169978.15,178342.42,True,177919.56,261552.64,0.9531,Within band,-4.67
P-100919,Grand Rapids,MI,Kent,Townhouse,1,1.5,1554,2382,1977,579041.14,544418.87,True,592896.9,460928.59,1.0636,Within band,-2.39
P-100921,Tulsa,OK,Tulsa,Single Family,5,4.5,6212,8182,1973,418132.57,428574.19,True,435622.77,525710.86,0.9756,Within band,-4.18
P-100922,Everett,WA,Snohomish,Single Family,7,3.5,4179,7177,1946,2697752.29,2700232.74,False,2824074.51,1745541.12,0.9991,Within band,-4.68
P-100923,Houston,TX,Harris,Single Family,1,2.5,4427,5262,1985,479378.6,504917.62,False,498300.05,556997.96,0.9494,Within band,-3.95
P-100924,San Antonio,TX,Bexar,Condo,3,5.0,5478,13743,2019,576076.1,615960.18,False,607717.22,555449.5,0.9352,Within band,-5.49
P-100925,Denver,CO,Denver,Condo,3,5.0,1732,4365,2017,444291.47,473184.81,False,469608.72,574506.47,0.9389,Within band,-5.7
P-100926,Houston,TX,Harris,Single Family,4,4.5,3223,10977,2005,193083.71,164883.64,True,195504.39,519477.9,1.171,Under-assessed,-1.25
P-100927,Boise,ID,Ada,Townhouse,3,2.0,5514,16498,1974,556557.35,470363.93,False,536757.75,636035.11,1.1832,Under-assessed,3.56
P-100928,Seattle,WA,King,Single Family,7,4.0,1521,7330,1974,584264.64,579998.36,True,615976.79,813678.92,1.0074,Within band,-5.43
P-100929,Reno,NV,Washoe,Multi Family,2,3.0,5842,6582,1997,842457.13,835630.03,False,855681.98,612015.91,1.0082,Within band,-1.57
P-100930,Minneapolis,MN,Hennepin,Single Family,1,2.0,5194,10732,1933,421029.46,460761.12,True,475187.22,497761.7,0.9138,Within band,-12.86
P-100931,Provo,UT,Utah,Condo,3,5.0,3877,12604,2009,511410.85,415432.53,True,461549.14,564859.87,1.231,Under-assessed,9.75
P-100932,Lexington,KY,Fayette,Condo,1,2.5,1525,11134,2016,895492.4,812501.87,False,862288.37,564747.72,1.1021,Under-assessed,3.71
P-100933,Rockville,MD,Montgomery,Condo,3,5.0,4786,6332,1971,698940.86,705999.83,True,787364.45,686355.52,0.99,Within band,-12.65
P-100934,Wichita,KS,Sedgwick,Condo,3,1.0,5246,12068,1971,779199.79,799990.13,False,800119.5,500731.83,0.974,Within band,-2.68
P-100936,Decatur,GA,DeKalb,Condo,5,2.5,6325,15856,1970,663253.85,618221.56,False,678966.27,611323.1,1.0728,Within band,-2.37
P-100937,Baton Rouge,LA,East Baton Rouge,Single Family,6,2.0,1079,12342,2019,492650.24,430536.38,True,487974.98,492690.08,1.1443,Under-assessed,0.95
P-100938,San Francisco,CA,San Francisco,Condo,7,4.0,2296,9197,1960,1208086.25,1201182.7,True,1219712.14,1452872.41,1.0057,Within band,-0.96
P-100940,Arlington,VA,Arlington,Single Family,7,3.0,3178,10118,1966,888035.16,800985.53,True,860979.17,1271648.25,1.1087,Under-assessed,3.05
P-100941,Lawrenceville,GA,Gwinnett,Townhouse,3,4.0,3723,5866,2001,263773.78,237647.57,True,252349.88,372392.59,1.1099,Under-assessed,4.33
P-100942,San Diego,CA,San Diego,Single Family,3,2.0,4302,11317,1981,2566546.37,2292400.41,True,2477837.3,1642561.46,1.1196,Under-assessed,3.46
P-100943,San Francisco,CA,San Francisco,Condo,7,3.0,4969,13440,2001,1634147.03,1310317.57,True,1535088.82,2226659.72,1.2471,Under-assessed,6.06
P-100944,Fort Wayne,IN,Allen,Townhouse,4,1.0,2838,10147,1937,895488.5,929300.8,True,886057.14,584659.25,0.9636,Within band,1.05
P-100945,San Diego,CA,San Diego,Townhouse,2,4.0,3432,14842,1995,2674963.5,2743891.14,True,2716226.87,2390437.0,0.9749,Within band,-1.54
P-100946,Lakewood,CO,Jefferson,Condo,3,3.0,3565,7961,1926,337722.64,295959.66,True,336463.48,529791.39,1.1411,Under-assessed,0.37
P-100947,Irvine,CA,Orange,Single Family,3,5.0,5636,17612,1982,2530624.9,2581318.25,False,2546700.3,1956534.61,0.9804,Within band,-0.64
P-100948,Denver,CO,Denver,Condo,5,4.0,6212,8992,1929,1377287.1,1396934.15,False,1351238.99,741318.31,0.9859,Within band,1.89
P-100949,Raleigh,NC,Wake,Condo,3,5.0,4720,7092,1954,606820.59,545718.14,False,596219.89,569270.81,1.112,Under-assessed,1.75
P-100950,Cambridge,MA,Middlesex,Single Family,7,4.0,3429,6251,1955,1225012.94,1331164.54,True,1293235.15,1700399.55,0.9203,Within band,-5.57
P-100951,Columbus,OH,Franklin,Condo,1,1.0,5857,17100,2003,709408.38,722041.59,True,720251.34,705490.54,0.9825,Within band,-1.53
P-100952,Raleigh,NC,Wake,Townhouse,5,5.0,1869,13183,1996,167518.28,158199.62,True,176716.13,292190.86,1.0589,Within band,-5.49
P-100953,Raleigh,NC,Wake,Townhouse,5,4.0,6420,10559,1942,328883.7,345160.97,True,337424.5,462855.81,0.9528,Within band,-2.6
P-100954,Queens,NY,Queens,Townhouse,2,2.0,4835,13267,1926,2620656.58,2823068.0,True,2778343.83,2344321.0,0.9283,Within band,-6.02
P-100955,Dallas,TX,Dallas,Single Family,5,5.0,6143,14021,2011,421262.39,406232.72,True,427445.95,434861.42,1.037,Within band,-1.47
P-100956,Indianapolis,IN,Marion,Townhouse,5,1.0,4553,9080,1973,730769.93,772324.7,True,775256.31,728851.23,0.9462,Within band,-6.09
P-100957,Fort Worth,TX,Tarrant,Single Family,1,3.5,2885,8282,2015,578894.51,607970.84,True,598476.23,559043.62,0.9522,Within band,-3.38
P-100958,Detroit,MI,Wayne,Multi Family,3,3.0,1308,12923,1931,669182.13,733446.68,True,704746.96,567655.42,0.9124,Within band,-5.31
P-100959,Baton Rouge,LA,East Baton Rouge,Condo,7,2.5,4121,10997,1990,277795.63,233972.82,True,283853.79,452462.0,1.1873,Under-assessed,-2.18
P-100960,Houston,TX,Harris,Townhouse,1,4.5,4934,16109,2004,619854.2,610128.42,True,586183.36,672621.09,1.0159,Within band,5.43
P-100961,Louisville,KY,Jefferson,Single Family,1,2.0,4135,15629,2017,890835.89,939636.8,True,867504.75,635260.08,0.9481,Within band,2.62
P-100962,San Francisco,CA,San Francisco,Single Family,7,4.5,3559,9057,1985,1408781.48,1321678.2,False,1419242.37,1837353.67,1.0659,Within band,-0.74
P-100963,Denver,CO,Denver,Condo,2,3.0,1352,11322,2011,1010664.75,940648.66,True,930782.18,685747.26,1.0744,Within band,7.9
P-100964,San Diego,CA,San Diego,Condo,3,3.0,3654,11618,1925,1422829.36,1354162.6,False,1432183.36,1422659.31,1.0507,Within band,-0.66
P-100965,Lexington,KY,Fayette,Townhouse,4,3.0,1032,8558,1941,284792.25,251623.59,False,290783.57,300956.79,1.1318,Under-assessed,-2.1
P-100966,Austin,TX,Travis,Condo,2,2.0,6243,10532,2011,473046.69,397773.1,True,463117.63,514595.36,1.1892,Under-assessed,2.1
P-100968,San Diego,CA,San Diego,Multi Family,5,3.5,6174,6414,1920,3368792.37,3610723.16,False,3302879.07,2694791.47,0.933,Within band,1.96
P-100969,Henderson,NV,Clark,Single Family,4,5.0,5294,8789,1972,388798.75,341025.98,True,361987.22,430381.85,1.1401,Under-assessed,6.9
P-100970,Cambridge,MA,Middlesex,Single Family,2,1.5,890,5114,1962,588482.01,607551.75,True,598869.55,678766.12,0.9686,Within band,-1.77
P-100971,Denver,CO,Denver,Condo,3,2.0,4046,12728,1927,786757.89,860480.31,True,856067.85,718114.13,0.9143,Within band,-8.81
P-100972,Aurora,CO,Arapahoe,Townhouse,7,2.5,3734,14066,1958,787070.63,757207.31,False,791102.87,896712.04,1.0394,Within band,-0.51
P-100975,Grand Rapids,MI,Kent,Single Family,6,2.0,605,1959,2005,225481.87,241341.15,True,239459.26,333092.17,0.9343,Within band,-6.2
P-100976,San Diego,CA,San Diego,Single Family,3,3.0,4205,14587,1999,1486342.08,1315049.87,True,1414719.16,1717201.31,1.1303,Under-assessed,4.82
P-100977,St. Louis,MO,St. Louis,Townhouse,6,1.0,2489,13407,2016,766802.2,615678.39,True,709831.98,638950.89,1.2455,Under-assessed,7.43
P-100978,Naperville,IL,DuPage,Single Family,2,4.0,973,9271,1998,665009.16,588708.28,False,656282.97,569674.33,1.1296,Under-assessed,1.31
P-100979,Billings,MT,Yellowstone,Condo,3,3.5,1800,2548,1966,422579.43,345584.39,False,398347.89,447419.34,1.2228,Under-assessed,5.73
P-100980,Indianapolis,IN,Marion,Condo,1,2.5,4523,12730,1954,661622.79,671545.1,True,660128.71,629922.81,0.9852,Within band,0.23
P-100981,Dallas,TX,Dallas,Single Family,3,3.5,665,4236,1940,613648.82,492954.07,True,581606.89,543312.91,1.2448,Under-assessed,5.22
P-100982,Decatur,GA,DeKalb,Single Family,6,2.0,6018,15400,2009,727696.73,754463.63,True,760071.22,732427.83,0.9645,Within band,-4.45
P-100984,Everett,WA,Snohomish,Condo,7,5.0,4295,9591,1992,3075146.45,2617864.72,True,3013148.19,2832735.42,1.1747,Under-assessed,2.02
P-100985,Pittsburgh,PA,Allegheny,Single Family,1,3.0,4384,11975,1923,662024.38,529837.45,True,595899.4,527663.64,1.2495,Under-assessed,9.99
P-100986,Austin,TX,Travis,Townhouse,6,2.0,1153,6929,1987,732827.55,712202.28,True,732611.9,466000.57,1.029,Within band,0.03
P-100987,Boston,MA,Suffolk,Single Family,6,3.5,5261,12859,2008,3417076.78,3455325.19,False,3294987.74,2048796.96,0.9889,Within band,3.57
P-100988,Scottsdale,AZ,Maricopa,Single Family,5,4.5,2012,10352,1955,378725.1,338314.19,True,345982.65,389425.95,1.1194,Under-assessed,8.65
P-100989,Bronx,NY,Bronx,Condo,2,2.5,1708,12562,1939,630436.74,556818.93,False,593617.28,677499.67,1.1322,Under-assessed,5.84
P-100990,Oakland,CA,Alameda,Single Family,6,2.0,5738,5951,1936,560152.83,612584.62,True,572211.33,993396.8,0.9144,Within band,-2.15
P-100991,Jacksonville,FL,Duval,Single Family,2,3.5,6480,9657,1925,820838.69,688841.95,True,794836.46,614587.92,1.1916,Under-assessed,3.17
P-100992,Austin,TX,Travis,Single Family,4,3.5,3859,13436,1932,596662.09,500960.92,False,564411.87,582846.74,1.191,Under-assessed,5.41
P-100993,Pittsburgh,PA,Allegheny,Single Family,5,5.0,2387,4342,2020,142753.87,150269.01,False,148377.64,222905.18,0.95,Within band,-3.94
P-100994,Bronx,NY,Bronx,Single Family,5,1.0,3605,10254,1991,3148634.2,2913447.64,True,3084172.61,2333829.43,1.0807,Within band,2.05
P-100995,Queens,NY,Queens,Townhouse,3,3.0,3061,13809,1924,1794974.58,1646808.18,True,1796992.1,2021593.8,1.09,Within band,-0.11
P-100996,Memphis,TN,Shelby,Condo,2,2.0,3756,5962,1975,808010.08,667850.95,True,756828.1,571618.16,1.2099,Under-assessed,6.33
P-100998,Oklahoma City,OK,Oklahoma,Condo,2,3.0,4375,7433,1966,640034.15,614105.49,False,630420.6,583165.37,1.0422,Within band,1.5
P-100999,Columbus,OH,Franklin,Condo,3,4.5,3798,15100,1992,646608.82,581461.4,False,642387.87,723922.75,1.112,Under-assessed,0.65
P-101000,Chicago,IL,Cook,Condo,4,4.0,5471,13708,1968,870574.6,809000.95,True,841433.59,601063.66,1.0761,Within band,3.35
P-101001,Lexington,KY,Fayette,Multi Family,5,2.0,3246,9327,1993,417403.74,439639.61,True,453024.96,374425.55,0.9494,Within band,-8.53
P-101003,Waukegan,IL,Lake,Single Family,2,1.5,6176,6472,1923,536643.17,546979.56,True,555419.61,560594.38,0.9811,Within band,-3.5
P-101004,San Francisco,CA,San Francisco,Townhouse,2,2.5,3571,14350,1955,2704329.36,2514711.71,False,2695568.79,2040950.32,1.0754,Within band,0.32
P-101005,San Diego,CA,San Diego,Single Family,6,5.0,3966,9560,2014,2952085.16,3163103.71,True,2961583.63,2212409.48,0.9333,Within band,-0.32
P-101006,Philadelphia,PA,Philadelphia,Single Family,6,1.0,5755,17228,1965,755927.05,704371.7,False,755594.57,616794.76,1.0732,Within band,0.04
P-101008,Waukegan,IL,Lake,Condo,1,2.5,3697,13894,1964,393830.25,376276.94,False,405096.17,469582.77,1.0466,Within band,-2.86
P-101009,Charlotte,NC,Mecklenburg,Condo,2,2.0,1984,4454,2001,660715.5,616320.82,False,680223.85,452953.01,1.072,Within band,-2.95
P-101010,Rockville,MD,Montgomery,Single Family,5,3.5,884,8576,1970,409965.64,395767.76,False,426013.08,542543.26,1.0359,Within band,-3.91
P-101012,Sacramento,CA,Sacramento,Multi Family,4,2.5,3256,10507,2016,1251099.59,1079631.46,False,1258193.45,1618056.34,1.1588,Under-assessed,-0.57
P-101013,Dallas,TX,Dallas,Townhouse,2,2.0,2063,7858,1971,164584.73,172207.61,True,174740.76,285651.61,0.9557,Within band,-6.17
P-101015,Fort Wayne,IN,Allen,Multi Family,2,4.0,6015,6954,1985,731945.16,673235.06,True,761594.93,562638.62,1.0872,Within band,-4.05
P-101016,Las Vegas,NV,Clark,Single Family,7,2.0,5729,16537,1928,407264.2,445223.75,False,430635.91,515377.43,0.9147,Within band,-5.74
P-101017,Reno,NV,Washoe,Townhouse,6,4.0,5453,8918,1995,370411.63,351518.91,True,381262.85,563875.29,1.0537,Within band,-2.93
P-101018,Houston,TX,Harris,Single Family,3,1.5,2253,11617,1951,706480.26,757192.18,False,747633.46,685455.32,0.933,Within band,-5.83
P-101019,Fort Worth,TX,Tarrant,Single Family,2,1.5,5531,8568,1936,461522.31,462669.2,True,488522.63,496232.2,0.9975,Within band,-5.85
P-101020,Salt Lake City,UT,Salt Lake,Condo,6,3.0,2263,4151,1997,191522.5,175179.76,False,192966.54,303064.75,1.0933,Within band,-0.75
P-101021,Decatur,GA,DeKalb,Single Family,3,1.0,3459,11426,2023,414946.02,402046.22,True,428026.06,395410.14,1.0321,Within band,-3.15
P-101022,Austin,TX,Travis,Condo,6,4.0,4666,11234,1958,566468.77,529671.91,False,559873.08,544754.33,1.0695,Within band,1.16
P-101023,Minneapolis,MN,Hennepin,Townhouse,3,2.5,4452,7715,1924,579313.38,632908.82,True,606046.15,568449.32,0.9153,Within band,-4.61
P-101025,San Francisco,CA,San Francisco,Townhouse,7,3.5,5611,12057,1964,3263939.89,3254924.01,True,3222483.9,2481028.09,1.0028,Within band,1.27
P-101026,Lakewood,CO,Jefferson,Townhouse,5,2.5,5576,9548,2010,1433699.99,1265579.14,False,1375276.52,923285.85,1.1328,Under-assessed,4.08
P-101027,Fort Wayne,IN,Allen,Multi Family,2,4.5,2390,11820,2005,757706.49,781317.46,True,777452.18,601187.55,0.9698,Within band,-2.61
P-101028,Houston,TX,Harris,Single Family,7,1.0,4523,9877,1958,821405.47,742816.92,True,780348.08,777123.86,1.1058,Under-assessed,5.0
P-101029,Jacksonville,FL,Duval,Townhouse,4,3.0,3725,4775,1938,684356.91,663807.08,True,708802.46,499576.6,1.031,Within band,-3.57
P-101030,Reno,NV,Washoe,Townhouse,5,3.5,5744,16844,1980,871797.04,943263.6,False,909264.51,712714.99,0.9242,Within band,-4.3
P-101031,Indianapolis,IN,Marion,Condo,1,1.5,2425,11305,1990,409369.56,352635.47,False,395655.91,419263.1,1.1609,Under-assessed,3.35
P-101032,Lawrenceville,GA,Gwinnett,Single Family,1,3.0,2500,13367,1977,677080.38,644127.15,False,672808.61,388784.85,1.0512,Within band,0.63
P-101033,San Antonio,TX,Bexar,Townhouse,1,2.0,5956,7425,2002,636878.06,593217.68,False,646351.61,759709.37,1.0736,Within band,-1.49
P-101034,San Jose,CA,Santa Clara,Single Family,2,2.0,5180,15166,1955,1737479.14,1484419.14,True,1688928.35,1898943.34,1.1705,Under-assessed,2.79
P-101035,Brooklyn,NY,Kings,Single Family,2,3.5,3887,13285,1933,1107355.03,889193.07,True,1005259.68,1508503.81,1.2453,Under-assessed,9.22
P-101036,Tampa,FL,Hillsborough,Multi Family,2,4.5,5594,15587,1964,705704.93,617306.24,True,667087.25,526738.5,1.1432,Under-assessed,5.47
P-101038,Dallas,TX,Dallas,Single Family,3,1.0,3658,4616,1976,755172.88,697837.24,False,771459.1,575521.28,1.0822,Within band,-2.16
P-101039,Rockville,MD,Montgomery,Townhouse,7,2.0,2760,3579,1969,731712.91,635285.59,False,739810.74,738542.64,1.1518,Under-assessed,-1.11
P-101040,Decatur,GA,DeKalb,Townhouse,4,4.0,4972,9588,2011,318683.52,324232.48,False,353118.53,573286.28,0.9829,Within band,-10.81
P-101041,Decatur,GA,DeKalb,Condo,4,5.0,943,4804,2009,390391.38,377055.48,True,403328.5,475101.55,1.0354,Within band,-3.31
P-101042,Denver,CO,Denver,Townhouse,5,3.0,6288,12103,1942,1017813.15,1084708.77,True,1125337.28,542782.66,0.9383,Within band,-10.56
P-101043,Charlotte,NC,Mecklenburg,Condo,2,2.0,1525,7680,1942,413969.66,416258.81,False,465081.2,607154.09,0.9945,Within band,-12.35
P-101044,Austin,TX,Travis,Single Family,7,1.0,3096,11324,1986,509294.68,496069.92,False,534111.2,559086.38,1.0267,Within band,-4.87
P-101045,Cleveland,OH,Cuyahoga,Townhouse,2,4.5,4670,8886,1999,667552.83,613600.07,False,660295.73,533566.09,1.0879,Within band,1.09
P-101047,Queens,NY,Queens,Multi Family,2,1.0,1842,11531,1960,1413204.14,1427815.86,False,1445562.22,1218813.83,0.9898,Within band,-2.29
P-101048,Boise,ID,Ada,Single Family,1,4.0,3688,4933,1962,637331.36,608212.72,True,590098.97,691753.18,1.0479,Within band,7.41
P-101049,Phoenix,AZ,Maricopa,Condo,6,2.0,1126,11650,1930,257888.57,213611.26,True,257602.3,306897.21,1.2073,Under-assessed,0.11
P-101050,Cleveland,OH,Cuyahoga,Multi Family,3,1.0,1451,11000,1934,534053.87,516366.86,True,534230.47,555479.71,1.0343,Within band,-0.03
P-101051,Austin,TX,Travis,Single Family,4,5.0,4535,8541,1960,526209.16,537272.54,False,546013.53,520158.84,0.9794,Within band,-3.76
P-101052,Oklahoma City,OK,Oklahoma,Townhouse,2,4.0,1786,4719,1929,270780.19,241452.39,True,263424.49,310923.43,1.1215,Under-assessed,2.72
P-101053,Everett,WA,Snohomish,Single Family,1,4.5,5638,12953,1939,2967416.17,2897498.66,False,2924677.95,2469374.54,1.0241,Within band,1.44
P-101054,Billings,MT,Yellowstone,Single Family,2,4.0,4059,10773,1922,695250.37,591260.0,False,664126.81,626985.49,1.1759,Under-assessed,4.48
P-101055,Nashville,TN,Davidson,Single Family,3,2.0,2813,6815,1987,821332.68,831956.87,False,791414.57,348842.75,0.9872,Within band,3.64
P-101056,Hempstead,NY,Nassau,Multi Family,2,4.5,4172,8170,1949,990796.74,1087778.93,False,1157571.33,1746930.51,0.9108,Within band,-16.83
P-101057,Naperville,IL,DuPage,Townhouse,6,1.5,5770,14655,2023,705033.18,649157.28,True,715391.34,827601.17,1.0861,Within band,-1.47
P-101058,Lawrenceville,GA,Gwinnett,Townhouse,2,1.5,6113,14969,1985,690250.06,624537.07,False,696117.75,668556.31,1.1052,Under-assessed,-0.85
P-101059,Dallas,TX,Dallas,Multi Family,7,3.5,5367,8103,1920,615147.17,588569.12,True,645906.21,594386.46,1.0452,Within band,-5.0
P-101060,St. Louis,MO,St. Louis,Single Family,3,4.0,5347,14083,2002,312620.86,278130.21,True,302518.82,386794.24,1.124,Under-assessed,3.23
P-101061,Troy,MI,Oakland,Townhouse,7,3.5,5308,6851,1937,372464.77,332392.91,True,374440.07,444963.64,1.1206,Under-assessed,-0.53
P-101062,Albuquerque,NM,Bernalillo,Townhouse,1,4.5,2796,13075,1980,231321.12,213648.58,False,235334.33,327594.93,1.0827,Within band,-1.73
P-101063,Fairfax,VA,Fairfax,Single Family,3,5.0,3483,14715,1999,1320729.87,1217301.44,False,1280714.4,894772.91,1.085,Within band,3.03
P-101064,Orlando,FL,Orange,Townhouse,2,4.0,5363,14151,2023,535910.01,475829.24,True,475663.18,592861.51,1.1263,Under-assessed,11.24
P-101065,Troy,MI,Oakland,Single Family,2,4.0,1743,9258,1925,429431.94,414772.46,True,448533.06,391792.8,1.0353,Within band,-4.45
P-101066,Knoxville,TN,Knox,Townhouse,5,2.5,6053,6727,1962,496324.73,518381.92,True,542743.17,531575.63,0.9574,Within band,-9.35
P-101068,Knoxville,TN,Knox,Condo,7,4.5,5034,15928,1957,456954.7,372662.96,True,434766.63,601920.36,1.2262,Under-assessed,4.86
P-101069,Boise,ID,Ada,Townhouse,6,1.5,989,4772,1954,836768.51,907817.0,True,845075.78,761946.53,0.9217,Within band,-0.99
P-101070,Minneapolis,MN,Hennepin,Multi Family,2,2.0,1557,6858,1964,596799.83,633606.15,True,618484.86,641833.07,0.9419,Within band,-3.63
P-101071,Tampa,FL,Hillsborough,Condo,4,1.0,2718,10892,1959,494712.25,440824.33,True,463122.62,493405.61,1.1222,Under-assessed,6.39
P-101072,Hempstead,NY,Nassau,Single Family,2,3.0,3328,15266,1964,1115392.15,1127053.61,True,1230962.9,2211977.35,0.9897,Within band,-10.36
P-101073,Decatur,GA,DeKalb,Single Family,6,4.5,4652,7225,1974,722472.7,717243.02,True,750298.48,625527.71,1.0073,Within band,-3.85
P-101074,Henderson,NV,Clark,Single Family,6,3.5,1746,13424,1960,199094.46,217659.92,True,209022.22,265022.8,0.9147,Within band,-4.99
P-101075,Nashville,TN,Davidson,Single Family,4,3.0,2805,10531,1949,716454.9,619337.42,False,655751.77,481468.88,1.1568,Under-assessed,8.47
P-101076,Orlando,FL,Orange,Townhouse,4,2.5,2729,7470,1997,278476.13,242110.04,True,273292.35,297368.15,1.1502,Under-assessed,1.86
P-101077,Oakland,CA,Alameda,Single Family,4,1.0,4802,12575,1984,2081591.08,2172401.57,True,2213845.67,804096.12,0.9582,Within band,-6.35
P-101078,Houston,TX,Harris,Single Family,1,4.5,6264,11273,1972,374837.49,323789.15,True,347591.73,587883.7,1.1577,Under-assessed,7.27
P-101079,Louisville,KY,Jefferson,Condo,7,4.0,4667,6102,2014,493768.84,451141.76,False,504840.03,580382.57,1.0945,Within band,-2.24
P-101081,Bronx,NY,Bronx,Condo,3,2.0,5929,10759,1969,1294652.82,1337303.47,False,1361456.09,1408440.17,0.9681,Within band,-5.16
P-101082,Hempstead,NY,Nassau,Townhouse,7,5.0,1635,10127,2014,789043.73,643388.34,True,765192.81,1104945.86,1.2264,Under-assessed,3.02
P-101083,Brooklyn,NY,Kings,Single Family,4,1.0,3288,12800,1987,1362708.54,1468498.55,True,1473846.62,1590894.78,0.928,Within band,-8.16
P-101084,Charleston,SC,Charleston,Single Family,2,5.0,4718,10316,2016,458845.59,382779.58,False,428546.66,397907.72,1.1987,Under-assessed,6.6
P-101086,Boston,MA,Suffolk,Townhouse,2,2.0,6115,12579,1922,2725692.85,2280200.6,True,2523636.72,1654002.56,1.1954,Under-assessed,7.41
P-101088,Aurora,CO,Arapahoe,Condo,4,2.5,3705,10292,1937,1398015.13,1209436.71,True,1301255.85,754306.96,1.1559,Under-assessed,6.92
P-101089,Omaha,NE,Douglas,Multi Family,1,3.5,5784,10566,1977,639214.12,636144.91,True,648533.48,657528.79,1.0048,Within band,-1.46
P-101090,Knoxville,TN,Knox,Townhouse,1,2.0,4762,8693,1980,499204.06,403582.48,False,430738.89,537756.65,1.2369,Under-assessed,13.71
P-101091,Charlotte,NC,Mecklenburg,Condo,1,4.0,1227,1799,1933,606292.44,569034.65,True,604438.43,598129.08,1.0655,Within band,0.31
P-101092,Philadelphia,PA,Philadelphia,Condo,5,1.0,1708,9742,1947,126452.6,119621.87,True,128629.45,151688.47,1.0571,Within band,-1.72
P-101093,Kansas City,MO,Jackson,Single Family,5,4.0,5311,6046,1973,506331.74,510661.77,False,527272.42,526839.86,0.9915,Within band,-4.14
P-101094,Atlanta,GA,Fulton,Townhouse,5,4.5,2808,8049,2016,869514.74,918819.34,True,883176.34,569048.99,0.9463,Within band,-1.57
P-101095,Tampa,FL,Hillsborough,Condo,5,1.5,1465,7752,1954,725014.54,760322.73,True,744493.81,429036.92,0.9536,Within band,-2.69
P-101096,Boston,MA,Suffolk,Townhouse,5,2.5,2517,6030,1971,1316092.29,1230351.69,False,1302575.26,1118019.45,1.0697,Within band,1.03
P-101097,Memphis,TN,Shelby,Single Family,5,2.0,3843,6026,1964,326315.75,355999.56,False,362380.83,384111.2,0.9166,Within band,-11.05
P-101098,Fort Worth,TX,Tarrant,Condo,1,1.0,1063,12651,2008,505903.38,532038.2,True,533381.0,576632.6,0.9509,Within band,-5.43
P-101099,Boise,ID,Ada,Single Family,6,2.0,1781,6320,1989,862652.05,842133.45,True,855234.68,669447.13,1.0244,Within band,0.86
P-101100,Lexington,KY,Fayette,Single Family,7,3.0,1780,4819,1957,130911.25,139685.21,True,129617.18,164442.05,0.9372,Within band,0.99
P-101101,Omaha,NE,Douglas,Single Family,6,4.0,2362,3185,1980,129359.38,118985.65,False,141051.59,633682.84,1.0872,Within band,-9.04
P-101102,Oklahoma City,OK,Oklahoma,Single Family,1,3.5,2210,8915,1989,575046.06,518512.85,True,541428.46,316164.57,1.109,Under-assessed,5.85
P-101104,Irvine,CA,Orange,Condo,3,3.0,3938,5770,1983,788425.99,760158.79,True,782609.51,1237503.17,1.0372,Within band,0.74
P-101105,Manhattan,NY,New York,Single Family,2,3.5,1781,3302,2002,1661799.81,1500100.65,True,1638626.4,1108177.49,1.1078,Under-assessed,1.39
P-101106,Dallas,TX,Dallas,Single Family,2,4.0,5654,6024,1946,646034.29,641166.96,True,667844.29,559227.99,1.0076,Within band,-3.38
P-101107,Billings,MT,Yellowstone,Single Family,3,3.5,6269,12152,1994,541238.92,495060.13,True,557696.08,492942.13,1.0933,Within band,-3.04
P-101108,New Orleans,LA,Orleans,Condo,6,5.0,3988,8170,1981,553682.03,588919.71,True,603317.84,634780.11,0.9402,Within band,-8.96
P-101110,Chicago,IL,Cook,Condo,5,3.0,4776,11936,1954,470256.95,447332.35,True,474754.49,530077.98,1.0512,Within band,-0.96
P-101111,Houston,TX,Harris,Single Family,7,1.0,3543,8930,1920,805346.4,696899.42,True,801613.23,548540.09,1.1556,Under-assessed,0.46
P-101112,Grand Rapids,MI,Kent,Condo,5,1.5,1593,5723,1935,436831.16,352497.76,False,416887.92,353656.81,1.2392,Under-assessed,4.57
P-101113,Chicago,IL,Cook,Townhouse,3,5.0,1273,10245,1974,494422.55,453164.16,True,499674.88,497765.8,1.091,Within band,-1.06
P-101114,Saint Paul,MN,Ramsey,Single Family,5,1.5,3207,4721,2004,591220.67,538492.07,True,584669.24,550421.86,1.0979,Within band,1.11
P-101115,Queens,NY,Queens,Single Family,1,3.5,2266,7573,2017,1179479.21,1089054.13,True,1168585.21,1349845.61,1.083,Within band,0.92
P-101116,New Orleans,LA,Orleans,Single Family,1,5.0,1730,6104,2002,682393.83,574428.03,True,655726.83,623413.44,1.188,Under-assessed,3.91
P-101117,Billings,MT,Yellowstone,Single Family,2,4.0,1752,2303,1987,390387.48,320511.38,True,383531.24,407399.9,1.218,Under-assessed,1.76
P-101119,Oakland,CA,Alameda,Multi Family,1,1.0,1098,8710,1997,977323.78,859410.3,True,937417.52,612931.3,1.1372,Under-assessed,4.08
P-101120,Manhattan,NY,New York,Single Family,2,2.0,5251,15526,1974,659363.53,552235.44,True,633508.23,986834.77,1.194,Under-assessed,3.92
P-101121,Minneapolis,MN,Hennepin,Condo,3,4.0,976,5980,2003,258609.4,282799.94,True,272285.26,429407.76,0.9145,Within band,-5.29
P-101122,Sacramento,CA,Sacramento,Condo,6,3.0,4628,7067,1953,1166379.26,1269406.42,True,1253065.8,1568290.21,0.9188,Within band,-7.43
P-101123,Jacksonville,FL,Duval,Multi Family,7,4.0,6363,12710,1964,846868.2,779166.85,False,822012.75,747531.08,1.0869,Within band,2.93
P-101124,Portland,OR,Multnomah,Townhouse,3,4.5,4426,5745,2004,491572.43,487508.89,False,490372.54,606938.32,1.0083,Within band,0.24
P-101125,Baltimore,MD,Baltimore,Condo,3,1.0,3116,15011,1973,1354446.16,1237315.16,True,1330041.41,1203804.75,1.0947,Within band,1.8
P-101126,Tulsa,OK,Tulsa,Single Family,4,3.0,2918,13449,1931,717803.65,718646.48,True,733254.54,525276.84,0.9988,Within band,-2.15
P-101127,Manhattan,NY,New York,Condo,2,3.5,6147,15760,2020,1326875.65,1405426.72,True,1469156.75,1601586.34,0.9441,Within band,-10.72
P-101128,Grand Rapids,MI,Kent,Single Family,1,2.0,1346,3983,1967,362581.63,371619.18,False,373816.6,381207.42,0.9757,Within band,-3.1
P-101129,Grand Rapids,MI,Kent,Single Family,7,2.5,4668,6999,1932,676553.38,718288.95,True,755243.68,515609.6,0.9419,Within band,-11.63
P-101130,Fort Lauderdale,FL,Broward,Single Family,1,1.5,2861,3392,1921,283688.15,296166.86,False,287281.93,331399.8,0.9579,Within band,-1.27
P-101131,St. Louis,MO,St. Louis,Multi Family,2,3.5,6201,17920,1998,882660.05,897248.27,False,851683.8,565663.77,0.9837,Within band,3.51
P-101132,St. Louis,MO,St. Louis,Single Family,2,4.5,3391,7052,1963,533485.13,445894.32,False,484274.68,532318.91,1.1964,Under-assessed,9.22
P-101134,Jacksonville,FL,Duval,Condo,2,4.5,3375,7089,1925,468978.78,453923.37,False,472190.59,542524.12,1.0332,Within band,-0.68
P-101135,Columbus,OH,Franklin,Condo,6,3.0,2190,4401,1947,803544.39,681952.68,False,726868.94,724332.55,1.1783,Under-assessed,9.54
P-101136,Kansas City,MO,Jackson,Single Family,6,3.5,1143,8301,1999,658272.96,640775.58,True,665342.66,566954.12,1.0273,Within band,-1.07
P-101137,Philadelphia,PA,Philadelphia,Single Family,2,2.5,3581,4341,2003,527691.76,563488.48,False,547080.55,522804.44,0.9365,Within band,-3.67
P-101138,Omaha,NE,Douglas,Condo,5,1.5,2405,2791,1921,355113.66,362775.97,True,351842.88,550252.09,0.9789,Within band,0.92
P-101139,Miami,FL,Miami-Dade,Condo,4,3.0,3911,15591,2021,311153.06,329922.06,True,322579.14,366187.35,0.9431,Within band,-3.67
P-101140,Dallas,TX,Dallas,Single Family,4,5.0,5394,12348,1935,369644.69,356907.79,True,365480.65,376357.22,1.0357,Within band,1.13
P-101141,Eugene,OR,Lane,Townhouse,4,5.0,1406,6998,1966,611516.8,645899.07,True,649948.66,731204.33,0.9468,Within band,-6.28
P-101142,Dallas,TX,Dallas,Townhouse,7,3.0,4063,11641,1979,230250.21,188666.41,False,224066.3,386474.84,1.2204,Under-assessed,2.69
P-101143,Detroit,MI,Wayne,Single Family,6,1.0,2373,3973,1982,368079.13,352996.31,False,381010.71,430533.42,1.0427,Within band,-3.51
P-101144,Henderson,NV,Clark,Townhouse,3,4.0,6213,14865,1971,885386.84,757697.19,True,824840.21,710430.41,1.1685,Under-assessed,6.84
P-101145,Eugene,OR,Lane,Condo,3,2.5,5093,11661,1980,801082.75,726934.82,False,801388.23,798325.29,1.102,Under-assessed,-0.04
P-101146,Philadelphia,PA,Philadelphia,Multi Family,5,2.5,2044,2986,2008,380994.94,393653.97,True,375410.92,311145.43,0.9678,Within band,1.47
P-101147,Manhattan,NY,New York,Townhouse,5,4.5,4114,8330,2019,476945.42,479112.39,False,519746.9,1351712.78,0.9955,Within band,-8.97
P-101148,Arlington,VA,Arlington,Townhouse,6,1.0,2576,11209,1953,476595.09,449456.37,False,494852.02,791418.13,1.0604,Within band,-3.83
P-101149,Atlanta,GA,Fulton,Single Family,7,3.5,5935,13964,1974,593262.88,493584.27,False,568028.08,673334.11,1.2019,Under-assessed,4.25
P-101150,Cleveland,OH,Cuyahoga,Condo,2,1.0,3670,6549,1933,771725.65,619201.09,True,720139.99,617719.89,1.2463,Under-assessed,6.68
P-101151,Louisville,KY,Jefferson,Single Family,6,4.0,2800,10917,1929,167229.02,135051.14,False,150796.09,442042.64,1.2383,Under-assessed,9.83
P-101152,Grand Rapids,MI,Kent,Single Family,3,2.5,2309,5335,1972,771401.97,675857.32,False,742105.1,480055.0,1.1414,Under-assessed,3.8
P-101154,Tulsa,OK,Tulsa,Single Family,2,5.0,1312,3934,1993,211940.9,183681.25,False,200285.63,294277.88,1.1539,Under-assessed,5.5
P-101155,Jacksonville,FL,Duval,Single Family,4,2.0,5129,15688,1958,397600.22,388230.23,True,405739.53,459189.72,1.0241,Within band,-2.05
P-101156,Austin,TX,Travis,Single Family,3,4.0,777,3556,1925,545599.43,553489.08,True,568309.17,546738.08,0.9857,Within band,-4.16
P-101157,Irvine,CA,Orange,Condo,5,1.0,5390,9079,1942,3191194.39,3469260.79,True,3270432.6,2440950.32,0.9198,Within band,-2.48
P-101158,Cleveland,OH,Cuyahoga,Condo,3,3.0,3291,15053,2007,820020.45,866429.39,True,838140.38,626390.57,0.9464,Within band,-2.21
P-101159,Charlotte,NC,Mecklenburg,Single Family,5,4.0,1683,1801,2023,539174.84,522621.74,True,551479.3,409785.86,1.0317,Within band,-2.28
P-101160,Seattle,WA,King,Townhouse,4,3.5,5611,15460,1998,858386.78,717071.7,True,817583.07,1345126.14,1.1971,Under-assessed,4.75
P-101162,Cleveland,OH,Cuyahoga,Condo,4,3.5,1838,12778,1985,611053.15,535015.14,True,582859.48,515468.3,1.1421,Under-assessed,4.61
P-101163,Eugene,OR,Lane,Condo,3,3.5,1725,6156,1927,529262.24,440223.62,True,502998.55,700947.38,1.2023,Under-assessed,4.96
P-101164,Brooklyn,NY,Kings,Condo,7,4.5,4574,14261,1979,2395019.31,2250938.13,False,2398075.58,2731428.73,1.064,Within band,-0.13
P-101165,Provo,UT,Utah,Condo,7,1.5,5439,8393,2014,843583.33,751424.66,True,803463.94,712047.4,1.1226,Under-assessed,4.76
P-101166,Chicago,IL,Cook,Multi Family,3,1.5,3532,13649,1927,249424.74,253147.03,True,279119.64,510243.49,0.9853,Within band,-11.91
P-101167,Reno,NV,Washoe,Condo,2,3.5,6330,13493,2010,739113.07,680988.65,True,771473.42,685215.74,1.0854,Within band,-4.38
P-101168,Hempstead,NY,Nassau,Townhouse,6,3.5,1256,10850,1970,964757.67,821765.2,True,926843.32,827565.43,1.174,Under-assessed,3.93
P-101169,Hempstead,NY,Nassau,Condo,2,1.0,1342,4119,2021,945702.0,781298.19,False,921485.32,899109.33,1.2104,Under-assessed,2.56
P-101170,Troy,MI,Oakland,Condo,7,3.5,1031,10545,1966,455640.69,373637.21,True,442000.75,624338.19,1.2195,Under-assessed,2.99
P-101171,Lexington,KY,Fayette,Single Family,2,2.0,3040,10636,1931,187737.93,162704.55,False,194167.63,427447.41,1.1539,Under-assessed,-3.42
P-101172,St. Louis,MO,St. Louis,Multi Family,7,1.0,4483,11625,1936,424919.41,430279.11,True,442943.61,485206.09,0.9875,Within band,-4.24
P-101173,St. Louis,MO,St. Louis,Multi Family,6,2.0,2426,13457,1934,280357.08,298809.54,True,296216.12,322121.57,0.9382,Within band,-5.66
P-101174,Saint Paul,MN,Ramsey,Condo,7,3.0,1552,4773,1978,259368.15,258732.1,False,273181.61,476917.29,1.0025,Within band,-5.33
P-101176,Atlanta,GA,Fulton,Condo,4,3.0,2784,7163,1929,719494.3,622871.46,True,676300.89,566223.71,1.1551,Under-assessed,6.0
P-101177,Eugene,OR,Lane,Condo,3,2.5,3700,5941,1973,971294.29,858878.82,False,963131.49,929787.07,1.1309,Under-assessed,0.84
P-101178,Austin,TX,Travis,Townhouse,4,3.0,2028,3525,1970,686368.14,615250.88,False,680209.34,452847.69,1.1156,Under-assessed,0.9
P-101179,Durham,NC,Durham,Multi Family,6,1.5,3005,6644,1978,514047.29,451630.23,True,492679.67,649663.56,1.1382,Under-assessed,4.16
P-101180,Eugene,OR,Lane,Single Family,6,4.0,2515,9136,1990,1409539.56,1156024.1,True,1301916.97,1204145.55,1.2193,Under-assessed,7.64
P-101181,Tulsa,OK,Tulsa,Single Family,5,1.5,690,9160,1959,380926.77,356671.87,True,365125.63,263629.23,1.068,Within band,4.15
P-101182,Fort Worth,TX,Tarrant,Multi Family,5,5.0,2612,6073,1923,429159.28,399980.52,False,446478.87,440404.46,1.073,Within band,-4.04
P-101183,Indianapolis,IN,Marion,Single Family,5,3.0,1265,11329,1922,721455.94,687133.09,False,738218.8,553184.47,1.05,Within band,-2.32
P-101184,Oklahoma City,OK,Oklahoma,Condo,3,2.0,6304,14742,2008,601975.53,572547.66,False,624030.05,779716.97,1.0514,Within band,-3.66
P-101185,Honolulu,HI,Honolulu,Single Family,3,5.0,4061,15532,2017,687135.98,632468.69,True,682355.83,1367484.51,1.0864,Within band,0.7
P-101186,Oakland,CA,Alameda,Single Family,4,2.5,5353,14877,1942,2788549.96,2932973.48,False,2949855.56,1438935.03,0.9508,Within band,-5.78
P-101187,Tampa,FL,Hillsborough,Condo,7,2.5,4398,5879,1978,695279.43,667585.09,True,689675.75,588980.37,1.0415,Within band,0.81
P-101188,Baton Rouge,LA,East Baton Rouge,Townhouse,3,1.0,1525,6149,1965,724568.19,792328.67,True,764043.27,647916.48,0.9145,Within band,-5.45
P-101189,Portland,OR,Multnomah,Single Family,3,2.5,5199,13597,2015,1230928.53,1275124.91,False,1250164.52,817996.88,0.9653,Within band,-1.56
P-101190,St. Louis,MO,St. Louis,Single Family,4,4.0,5850,10291,2004,292999.32,264614.12,False,288889.7,429802.64,1.1073,Under-assessed,1.4
P-101192,Naperville,IL,DuPage,Single Family,4,2.0,3894,6355,1987,249171.43,240470.45,False,261630.29,379858.92,1.0362,Within band,-5.0
P-101193,San Antonio,TX,Bexar,Townhouse,5,2.0,5855,16452,1979,612449.78,503788.08,True,545037.67,690227.31,1.2157,Under-assessed,11.01
P-101194,Orlando,FL,Orange,Single Family,5,2.0,737,4670,1999,213636.57,211645.65,False,213153.6,289085.64,1.0094,Within band,0.23
P-101195,Tacoma,WA,Pierce,Single Family,6,3.0,3336,11887,2007,2955026.78,3161870.02,True,3004546.8,2687422.85,0.9346,Within band,-1.68
P-101196,Manhattan,NY,New York,Townhouse,1,1.5,1879,5529,1978,1560907.19,1334250.8,True,1450263.69,949075.89,1.1699,Under-assessed,7.09
P-101197,Austin,TX,Travis,Condo,1,3.5,3507,7149,2009,715996.66,680461.49,False,734675.61,665796.46,1.0522,Within band,-2.61
P-101198,Charlotte,NC,Mecklenburg,Townhouse,4,4.5,2637,11120,1967,335627.28,308783.72,True,330783.98,494292.13,1.0869,Within band,1.44
P-101199,Tulsa,OK,Tulsa,Townhouse,3,4.5,6060,8913,1937,703825.88,602333.19,True,682229.89,681458.13,1.1685,Under-assessed,3.07
P-101200,Pittsburgh,PA,Allegheny,Multi Family,2,2.5,3424,9600,1998,888508.05,963493.61,False,947913.16,586724.13,0.9222,Within band,-6.69
P-101201,Charlotte,NC,Mecklenburg,Multi Family,5,5.0,4401,16035,1983,471733.05,430055.76,True,457268.23,401895.56,1.0969,Within band,3.07
P-101202,San Diego,CA,San Diego,Condo,5,5.0,2153,11975,1930,922011.58,848928.59,True,918843.73,973051.08,1.0861,Within band,0.34
P-101203,Grand Rapids,MI,Kent,Single Family,7,3.0,5220,6378,1947,354404.82,305226.75,False,342058.03,499061.49,1.1611,Under-assessed,3.48
P-101204,Jacksonville,FL,Duval,Condo,2,2.0,3031,3217,1962,604446.09,601236.09,False,630304.05,431860.74,1.0053,Within band,-4.28
P-101205,Minneapolis,MN,Hennepin,Townhouse,4,2.0,5256,14188,1924,626247.3,570515.34,True,596692.04,537692.51,1.0977,Within band,4.72
P-101206,Eugene,OR,Lane,Townhouse,4,2.0,5938,16455,2018,648455.62,520073.25,True,618655.73,920702.68,1.2469,Under-assessed,4.6
P-101207,Irvine,CA,Orange,Single Family,1,1.0,4664,12695,1983,1049170.34,862399.53,False,865763.52,1032347.2,1.2166,Under-assessed,17.48
P-101208,Atlanta,GA,Fulton,Townhouse,5,1.5,5439,8687,1986,497737.81,466821.6,False,503515.34,525255.2,1.0662,Within band,-1.16
P-101210,Albuquerque,NM,Bernalillo,Single Family,7,5.0,5458,11145,1930,329027.94,282232.17,False,322991.17,416879.87,1.1658,Under-assessed,1.83
P-101211,Austin,TX,Travis,Single Family,3,4.5,2734,7178,2011,744598.02,745136.41,True,748248.61,659831.59,0.9993,Within band,-0.49
P-101212,Rockville,MD,Montgomery,Single Family,6,3.0,3212,8319,1935,947491.49,1040666.2,True,1000847.45,811946.86,0.9105,Within band,-5.63
P-101213,Provo,UT,Utah,Single Family,2,5.0,3645,12557,1990,431485.35,426524.39,True,445676.36,552292.56,1.0116,Within band,-3.29
P-101214,Queens,NY,Queens,Multi Family,3,4.0,6410,16245,1946,3094202.5,2695109.16,False,2922773.66,3182247.54,1.1481,Under-assessed,5.54
P-101215,St. Louis,MO,St. Louis,Single Family,7,4.0,4592,5289,1984,681470.72,659334.33,False,711602.59,600539.67,1.0336,Within band,-4.42
P-101216,Wichita,KS,Sedgwick,Single Family,7,4.0,3701,5343,1932,381522.9,368575.33,True,402075.26,480335.31,1.0351,Within band,-5.39
P-101217,Tampa,FL,Hillsborough,Single Family,2,1.0,3168,6868,1996,825887.39,662446.86,True,774416.23,677553.77,1.2467,Under-assessed,6.23
P-101219,Philadelphia,PA,Philadelphia,Single Family,3,2.5,711,2969,2015,419806.5,403176.36,False,415199.4,296295.95,1.0412,Within band,1.1
P-101220,Waukegan,IL,Lake,Multi Family,2,1.0,3845,10329,1950,458498.72,417825.01,False,466597.54,610401.53,1.0973,Within band,-1.77
P-101221,Seattle,WA,King,Townhouse,1,2.0,1080,4967,2001,537878.1,452127.79,True,521186.54,590217.38,1.1897,Under-assessed,3.1
P-101222,Louisville,KY,Jefferson,Single Family,4,1.0,1005,11216,2011,536088.0,450268.02,False,530377.53,582277.19,1.1906,Under-assessed,1.07
P-101223,Seattle,WA,King,Townhouse,3,3.0,3298,6986,1985,726216.97,584522.59,True,633047.85,1382095.57,1.2424,Under-assessed,12.83
P-101224,Waukegan,IL,Lake,Single Family,5,3.5,1823,3843,1983,600894.19,537481.34,True,601093.82,535631.83,1.118,Under-assessed,-0.03
P-101225,Brooklyn,NY,Kings,Single Family,7,4.0,3926,4188,1936,1050058.01,1153269.85,True,1110018.91,1189731.1,0.9105,Within band,-5.71
P-101226,Austin,TX,Travis,Single Family,4,4.5,1369,6546,1974,162095.5,151074.84,True,162986.94,313965.73,1.0729,Within band,-0.55
P-101227,Charlotte,NC,Mecklenburg,Multi Family,3,3.5,2351,3941,2007,753087.38,814607.63,True,840049.53,508391.74,0.9245,Within band,-11.55
P-101228,San Francisco,CA,San Francisco,Multi Family,5,2.5,4119,9527,1969,3149782.86,2741934.61,False,2950797.72,2176438.81,1.1487,Under-assessed,6.32
P-101229,Kansas City,MO,Jackson,Single Family,2,4.5,4483,16460,1931,542807.49,573563.83,True,569514.94,549017.09,0.9464,Within band,-4.92
P-101230,Saint Paul,MN,Ramsey,Townhouse,6,4.5,2342,13525,1937,284059.98,261750.41,True,277511.2,392919.96,1.0852,Within band,2.31
P-101231,Kansas City,MO,Jackson,Condo,5,2.0,2433,14244,1988,796623.63,670922.32,True,682664.67,443488.9,1.1874,Under-assessed,14.31
P-101233,Reno,NV,Washoe,Single Family,3,4.0,5256,16556,1997,605421.87,584434.46,False,605677.89,544128.15,1.0359,Within band,-0.04
P-101234,Charlotte,NC,Mecklenburg,Single Family,2,4.5,4281,11939,1979,290308.27,268317.49,True,294722.7,374367.51,1.082,Within band,-1.52
P-101235,Baltimore,MD,Baltimore,Condo,4,1.0,3344,13409,1960,503358.86,522911.67,False,531683.9,695021.49,0.9626,Within band,-5.63
P-101236,San Diego,CA,San Diego,Multi Family,4,3.5,4747,7483,1974,1833001.47,1670551.86,True,1852274.34,1600649.01,1.0972,Within band,-1.05
P-101237,Charlotte,NC,Mecklenburg,Multi Family,7,3.0,3972,15914,1929,340525.11,299723.3,True,336601.96,411945.14,1.1361,Under-assessed,1.15
P-101238,Baton Rouge,LA,East Baton Rouge,Townhouse,7,1.5,2710,12519,2010,514747.16,502796.37,False,530068.99,550752.09,1.0238,Within band,-2.98
P-101239,Manhattan,NY,New York,Condo,5,3.0,3721,5382,1936,757575.12,730617.41,True,771360.75,1160845.44,1.0369,Within band,-1.82
P-101240,Everett,WA,Snohomish,Single Family,2,4.5,4179,15631,1940,869285.54,908391.33,True,930205.47,1674521.34,0.957,Within band,-7.01
P-101241,Bronx,NY,Bronx,Single Family,7,5.0,4705,13328,1938,3222429.96,2776151.97,True,3030262.56,2454884.94,1.1608,Under-assessed,5.96
P-101242,Provo,UT,Utah,Single Family,6,2.5,6317,18168,1952,568916.95,523542.53,True,567254.66,576699.58,1.0867,Within band,0.29
P-101243,Troy,MI,Oakland,Condo,5,4.0,2179,13291,1989,308324.66,325866.73,True,345411.9,468760.68,0.9462,Within band,-12.03
P-101244,Manhattan,NY,New York,Multi Family,3,3.5,3210,15210,1977,2537370.65,2753871.73,True,2644316.87,2525832.55,0.9214,Within band,-4.21
P-101245,Arlington,VA,Arlington,Single Family,1,1.0,3765,12346,1977,705094.18,735264.1,True,743928.68,816288.36,0.959,Within band,-5.51
P-101246,Pittsburgh,PA,Allegheny,Condo,7,3.0,2730,3855,2018,519587.88,489292.18,True,521352.17,354987.0,1.0619,Within band,-0.34
P-101247,Cambridge,MA,Middlesex,Single Family,1,2.5,3944,7122,1925,3139785.51,3274692.96,False,3177576.14,1901609.36,0.9588,Within band,-1.2
P-101248,Atlanta,GA,Fulton,Condo,1,3.0,1166,4649,1954,641019.27,625099.26,True,657872.61,507273.77,1.0255,Within band,-2.63
P-101249,Brooklyn,NY,Kings,Townhouse,4,3.0,4914,5129,1958,1419208.19,1332936.81,False,1419729.32,1459047.22,1.0647,Within band,-0.04
P-101250,Lexington,KY,Fayette,Condo,6,1.0,3358,12934,2000,713789.32,601086.8,True,673968.81,522884.89,1.1875,Under-assessed,5.58
P-101252,Saint Paul,MN,Ramsey,Condo,1,5.0,4084,8463,2007,527691.05,454046.47,False,523886.07,527892.0,1.1622,Under-assessed,0.72
P-101253,Troy,MI,Oakland,Condo,2,4.0,855,11387,1966,683605.83,693811.69,True,696464.2,663418.48,0.9853,Within band,-1.88
P-101254,Portland,OR,Multnomah,Condo,6,1.5,3643,5154,2023,935557.28,962975.54,False,1000319.9,727233.27,0.9715,Within band,-6.92
P-101255,Nashville,TN,Davidson,Single Family,4,2.0,2529,4716,1978,685447.52,682794.16,True,692638.69,523612.58,1.0039,Within band,-1.05
P-101256,Hempstead,NY,Nassau,Multi Family,3,3.0,6452,15334,2000,2395174.87,2398359.6,True,2422733.27,1854183.62,0.9987,Within band,-1.15
P-101257,Irvine,CA,Orange,Condo,1,5.0,5030,15258,2007,571364.21,585467.82,True,592023.78,1253466.35,0.9759,Within band,-3.62
P-101258,Fort Wayne,IN,Allen,Multi Family,2,4.0,5105,8547,1984,325588.14,303769.88,False,334368.49,391645.86,1.0718,Within band,-2.7
P-101259,San Francisco,CA,San Francisco,Single Family,6,1.0,5777,11244,2014,719058.08,749390.85,False,731587.59,1108122.16,0.9595,Within band,-1.74
P-101261,Baltimore,MD,Baltimore,Condo,3,5.0,6029,13183,2004,664545.8,715314.49,True,871087.94,777132.95,0.929,Within band,-31.08
P-101263,Albuquerque,NM,Bernalillo,Single Family,6,1.5,4899,12737,1999,590733.2,603578.82,True,607777.58,571646.14,0.9787,Within band,-2.89
P-101264,Cambridge,MA,Middlesex,Condo,4,1.0,5936,17430,1933,2745255.37,3001478.47,True,2981999.77,1519555.32,0.9146,Within band,-8.62
P-101265,Albuquerque,NM,Bernalillo,Single Family,5,4.5,5005,5880,1938,301054.2,313484.42,True,322562.97,442609.74,0.9603,Within band,-7.14
P-101266,Rockville,MD,Montgomery,Multi Family,6,4.0,3042,3396,1928,818407.69,805269.62,False,816872.25,814052.59,1.0163,Within band,0.19
P-101268,Cleveland,OH,Cuyahoga,Multi Family,7,3.5,1165,10176,1964,608926.47,585338.64,False,622532.91,737490.5,1.0403,Within band,-2.23
P-101269,Aurora,CO,Arapahoe,Single Family,3,3.5,5062,9705,2003,398797.3,377308.85,True,413491.46,486162.9,1.057,Within band,-3.68
P-101270,Austin,TX,Travis,Single Family,4,5.0,1188,11764,1956,815167.46,707873.47,True,772586.36,600104.41,1.1516,Under-assessed,5.22
P-101271,Baton Rouge,LA,East Baton Rouge,Single Family,5,2.0,4991,11627,1956,638261.58,696552.75,True,716695.8,543942.18,0.9163,Within band,-12.29
P-101272,Lexington,KY,Fayette,Multi Family,4,4.5,4365,6382,1996,702078.81,648832.37,True,689544.96,528258.39,1.0821,Within band,1.79
P-101273,Tacoma,WA,Pierce,Single Family,6,2.5,2800,12855,1995,2109864.46,2257329.88,True,2332589.23,2344665.35,0.9347,Within band,-10.56
P-101274,Fairfax,VA,Fairfax,Single Family,3,2.0,5807,10794,1955,1277102.96,1126793.49,False,1220900.49,896377.15,1.1334,Under-assessed,4.4
P-101276,Wichita,KS,Sedgwick,Single Family,6,4.5,3677,7981,2023,192291.61,156428.14,True,190204.16,361261.78,1.2293,Under-assessed,1.09
P-101277,Reno,NV,Washoe,Condo,7,3.0,6197,10388,1990,431477.55,368555.34,True,418306.13,523338.17,1.1707,Under-assessed,3.05
P-101278,Raleigh,NC,Wake,Townhouse,6,4.5,2995,12501,1945,236077.18,196967.93,True,231250.02,288319.89,1.1986,Under-assessed,2.04
P-101279,Waukegan,IL,Lake,Condo,2,4.5,4659,15318,1975,451442.19,387470.91,True,429745.15,506074.41,1.1651,Under-assessed,4.81
P-101280,Baltimore,MD,Baltimore,Single Family,1,3.0,2474,9570,1981,941832.81,931842.04,True,957242.83,940128.27,1.0107,Within band,-1.64
P-101281,Los Angeles,CA,Los Angeles,Single Family,7,1.0,3930,14453,1990,2437678.35,2054563.97,True,2381175.58,2362998.45,1.1865,Under-assessed,2.32
P-101282,Cleveland,OH,Cuyahoga,Single Family,2,1.0,2115,10343,1975,801937.41,807883.57,True,810871.84,611057.23,0.9926,Within band,-1.11
P-101283,Hempstead,NY,Nassau,Multi Family,4,4.5,900,2589,1960,679932.99,694592.75,True,711649.39,687400.91,0.9789,Within band,-4.66
P-101284,Naperville,IL,DuPage,Single Family,1,3.5,2501,12120,1936,263667.6,214666.94,False,245416.25,320781.38,1.2283,Under-assessed,6.92
P-101285,Los Angeles,CA,Los Angeles,Condo,5,1.5,2176,5908,2002,981643.41,937574.44,False,977473.9,1094632.41,1.047,Within band,0.42
P-101286,Everett,WA,Snohomish,Condo,7,3.0,5592,12845,1974,2868806.4,2522004.04,True,2815926.12,2497495.33,1.1375,Under-assessed,1.84
P-101288,Cleveland,OH,Cuyahoga,Single Family,3,2.5,5839,14209,1927,603279.05,558000.99,True,597171.58,783934.84,1.0811,Within band,1.01
P-101290,Indianapolis,IN,Marion,Multi Family,4,2.0,3039,4730,1963,490360.43,486577.83,False,507068.34,533705.66,1.0078,Within band,-3.41
P-101291,Phoenix,AZ,Maricopa,Condo,3,5.0,4115,8151,2005,570645.9,590868.26,True,594101.5,508342.18,0.9658,Within band,-4.11
P-101292,Wichita,KS,Sedgwick,Condo,1,1.5,3824,12266,2003,273452.68,226012.84,True,270447.69,381459.04,1.2099,Under-assessed,1.1
P-101293,Austin,TX,Travis,Condo,6,1.0,5154,7446,1969,690894.08,595828.39,False,652989.58,599242.68,1.1596,Under-assessed,5.49
P-101294,Portland,OR,Multnomah,Townhouse,7,2.0,3783,15293,1957,713367.21,614590.42,False,654826.57,821398.27,1.1607,Under-assessed,8.21
P-101295,Albuquerque,NM,Bernalillo,Condo,7,1.5,6070,7869,1943,620784.28,666295.81,False,665670.45,578512.43,0.9317,Within band,-7.23
P-101296,Philadelphia,PA,Philadelphia,Single Family,1,4.0,1480,4262,1964,732508.45,592058.72,False,685961.23,546475.85,1.2372,Under-assessed,6.35
P-101297,Fort Worth,TX,Tarrant,Condo,4,4.0,4548,15308,2022,279992.43,246978.41,False,271435.91,371693.4,1.1337,Under-assessed,3.06
P-101299,Fort Worth,TX,Tarrant,Condo,1,1.5,5685,15551,1925,312229.29,261210.45,True,303930.74,446218.58,1.1953,Under-assessed,2.66
P-101300,San Jose,CA,Santa Clara,Single Family,5,1.5,4578,14272,1932,1076497.15,984615.18,False,1095192.65,1231984.91,1.0933,Within band,-1.74
P-101301,Arlington,VA,Arlington,Condo,7,1.0,1708,6679,1979,1102808.29,935701.5,True,966753.31,876861.6,1.1786,Under-assessed,12.34
P-101302,Kansas City,MO,Jackson,Single Family,7,2.5,4172,11977,1985,407431.87,361949.93,True,386316.27,440991.67,1.1257,Under-assessed,5.18
P-101303,Fort Worth,TX,Tarrant,Multi Family,1,3.0,1987,6074,2002,238366.37,210998.97,False,221279.87,551562.71,1.1297,Under-assessed,7.17
P-101304,Reno,NV,Washoe,Single Family,4,1.5,3930,12906,1952,755036.03,641906.12,False,719046.71,585206.43,1.1762,Under-assessed,4.77
P-101305,Austin,TX,Travis,Single Family,5,5.0,5492,17039,1998,335215.44,360179.08,True,342352.87,438349.79,0.9307,Within band,-2.13
P-101306,Phoenix,AZ,Maricopa,Townhouse,4,4.5,3449,14318,1971,282401.63,291859.0,False,288055.56,293440.29,0.9676,Within band,-2.0
P-101309,Hempstead,NY,Nassau,Single Family,2,2.5,1770,10817,1938,1001992.95,848194.0,False,979056.44,1015435.61,1.1813,Under-assessed,2.29
P-101310,Lawrenceville,GA,Gwinnett,Condo,3,4.5,5558,7455,1949,410960.06,341316.28,True,371404.82,666499.77,1.204,Under-assessed,9.63
P-101311,Portland,OR,Multnomah,Single Family,7,4.0,2969,4896,2001,1140250.64,1035136.93,False,1084746.92,954746.91,1.1015,Under-assessed,4.87
P-101312,Scottsdale,AZ,Maricopa,Condo,1,3.0,6435,11832,1951,355000.18,319455.75,False,360999.23,446196.29,1.1113,Under-assessed,-1.69
P-101313,Rockville,MD,Montgomery,Single Family,5,1.0,2035,3427,2002,911927.27,982967.78,True,966111.08,826556.99,0.9277,Within band,-5.94
P-101314,Boise,ID,Ada,Single Family,1,2.5,6012,16179,2012,825822.74,722738.84,True,824044.16,704428.59,1.1426,Under-assessed,0.22
P-101315,Reno,NV,Washoe,Townhouse,5,3.0,6316,6657,1989,712457.18,693059.66,False,724117.0,584853.84,1.028,Within band,-1.64
P-101316,Aurora,CO,Arapahoe,Single Family,4,1.5,997,7362,1962,804454.35,699922.32,True,773851.1,867863.42,1.1493,Under-assessed,3.8
P-101317,Portland,OR,Multnomah,Condo,5,5.0,1079,3372,1965,563942.39,537780.24,False,551829.88,654958.49,1.0486,Within band,2.15
P-101318,Denver,CO,Denver,Single Family,3,1.0,4954,9574,2006,521022.84,438832.31,True,491855.86,568720.61,1.1873,Under-assessed,5.6
P-101319,Tacoma,WA,Pierce,Townhouse,2,4.0,5518,7287,1961,2080460.42,1950558.07,False,2014104.36,2258906.8,1.0666,Within band,3.19
P-101320,Houston,TX,Harris,Condo,2,2.0,5683,11219,2006,587831.34,502234.25,True,559247.37,506482.52,1.1704,Under-assessed,4.86
P-101322,Aurora,CO,Arapahoe,Single Family,3,2.5,5436,8321,1971,758939.68,715264.01,False,786657.83,662116.38,1.0611,Within band,-3.65
P-101323,Tampa,FL,Hillsborough,Townhouse,1,2.0,1838,2576,1973,194271.34,158258.23,True,189578.27,255326.97,1.2276,Under-assessed,2.42
P-101324,Fairfax,VA,Fairfax,Townhouse,6,3.5,4124,5753,1968,475469.87,428946.86,True,463239.01,508045.73,1.1085,Under-assessed,2.57
P-101325,Knoxville,TN,Knox,Townhouse,7,2.0,2458,2465,1956,739259.02,752629.92,False,749996.85,433322.36,0.9822,Within band,-1.45
P-101326,St. Louis,MO,St. Louis,Condo,7,2.5,4236,4446,2020,697270.23,619672.77,False,679796.26,599048.35,1.1252,Under-assessed,2.51
P-101328,Irvine,CA,Orange,Multi Family,4,5.0,6168,13406,1923,1628465.13,1536207.71,True,1707219.23,2103965.5,1.0601,Within band,-4.84
P-101329,Fairfax,VA,Fairfax,Multi Family,7,5.0,2930,13532,1985,741161.13,795624.95,True,794633.75,820851.58,0.9315,Within band,-7.21
P-101330,Los Angeles,CA,Los Angeles,Condo,5,5.0,5225,16642,1939,3114789.48,3143406.38,True,3092330.92,2187843.78,0.9909,Within band,0.72
P-101331,Cincinnati,OH,Hamilton,Condo,1,4.5,5999,15071,1945,745128.95,688365.3,False,768770.07,868903.78,1.0825,Within band,-3.17
P-101332,Miami,FL,Miami-Dade,Multi Family,4,3.0,2107,9169,1976,795322.94,688828.16,True,749113.35,631732.64,1.1546,Under-assessed,5.81
P-101333,Las Vegas,NV,Clark,Multi Family,3,4.0,5626,13314,1972,322938.62,307887.35,False,330587.67,467041.62,1.0489,Within band,-2.37
P-101334,Everett,WA,Snohomish,Townhouse,1,4.0,5339,7462,1992,1727360.27,1658524.21,True,1803295.01,1808578.39,1.0415,Within band,-4.4
P-101335,Eugene,OR,Lane,Townhouse,6,1.0,5628,12850,1994,1233151.4,1239865.23,True,1271237.25,970351.75,0.9946,Within band,-3.09
P-101336,Austin,TX,Travis,Condo,7,1.0,2950,8600,1983,683970.85,723224.53,False,766705.67,545106.93,0.9457,Within band,-12.1
P-101337,Naperville,IL,DuPage,Single Family,7,2.5,2181,9467,2002,690286.54,695825.85,True,710026.14,545368.0,0.992,Within band,-2.86
P-101338,Fairfax,VA,Fairfax,Condo,6,2.0,4861,11846,1945,305213.15,334675.94,False,331426.95,430704.3,0.912,Within band,-8.59
P-101341,Louisville,KY,Jefferson,Single Family,1,1.5,3318,8098,1970,205585.07,213011.82,True,215568.8,320781.8,0.9651,Within band,-4.86
P-101342,Waukegan,IL,Lake,Single Family,3,3.0,5826,6942,1927,339839.51,296542.97,True,326756.29,586983.52,1.146,Under-assessed,3.85
P-101343,Reno,NV,Washoe,Condo,4,3.5,3485,11770,1926,273726.29,271467.64,True,285187.83,341047.58,1.0083,Within band,-4.19
P-101344,Eugene,OR,Lane,Single Family,2,4.5,5982,7664,1971,1376949.28,1388205.09,True,1420066.56,1137684.53,0.9919,Within band,-3.13
P-101345,Fort Lauderdale,FL,Broward,Multi Family,1,1.5,5259,14618,1980,764749.36,712411.61,False,743588.69,661463.85,1.0735,Within band,2.77
P-101346,Philadelphia,PA,Philadelphia,Townhouse,5,2.5,3671,6777,1952,398098.92,326477.8,True,377635.8,375541.34,1.2194,Under-assessed,5.14
P-101347,Scottsdale,AZ,Maricopa,Single Family,1,4.5,6337,14233,1962,556455.29,558901.38,True,579075.34,532920.0,0.9956,Within band,-4.07
P-101348,Naperville,IL,DuPage,Condo,2,4.5,2064,9911,2016,419713.95,406305.22,False,429524.96,390798.87,1.033,Within band,-2.34
P-101349,Jacksonville,FL,Duval,Single Family,7,5.0,4426,7546,1920,537433.28,578900.19,True,556458.93,681062.21,0.9284,Within band,-3.54
P-101350,Fort Wayne,IN,Allen,Single Family,1,5.0,2996,5293,1960,220051.9,207777.28,False,225899.71,361649.96,1.0591,Within band,-2.66
P-101351,Houston,TX,Harris,Condo,2,2.5,3018,14079,1957,501310.66,502986.62,False,516735.56,526548.83,0.9967,Within band,-3.08
P-101352,Miami,FL,Miami-Dade,Single Family,4,3.5,6414,16406,1975,392896.27,361775.26,False,387917.84,587461.54,1.086,Within band,1.27
P-101353,Cincinnati,OH,Hamilton,Single Family,5,3.5,1847,4492,1956,857081.61,783337.07,False,805139.29,871578.09,1.0941,Within band,6.06
P-101354,Jacksonville,FL,Duval,Single Family,4,1.0,3564,14922,1956,493027.79,456740.96,True,488646.62,516506.13,1.0794,Within band,0.89
P-101355,Fort Worth,TX,Tarrant,Single Family,4,1.0,851,9107,1924,224949.24,217786.3,False,234389.22,315014.92,1.0329,Within band,-4.2
P-101356,Kansas City,MO,Jackson,Condo,3,4.5,1331,11163,1943,204081.62,187933.85,True,199432.16,528392.67,1.0859,Within band,2.28
P-101357,Honolulu,HI,Honolulu,Single Family,2,1.5,4653,16001,1937,2942724.75,2727861.07,True,2870540.36,2239686.58,1.0788,Within band,2.45
P-101359,Las Vegas,NV,Clark,Single Family,4,1.5,3882,14559,1945,689113.85,684627.31,False,736538.86,542232.77,1.0066,Within band,-6.88
P-101360,Waukegan,IL,Lake,Single Family,5,1.0,4911,14662,1995,303140.99,282833.63,False,317155.73,602244.12,1.0718,Within band,-4.62
P-101361,Columbia,SC,Richland,Townhouse,7,2.0,5719,16908,1926,604877.28,492860.47,True,573643.38,594797.49,1.2273,Under-assessed,5.16
P-101362,Troy,MI,Oakland,Single Family,6,4.0,4859,5953,1964,785378.62,807612.43,False,788332.35,637293.71,0.9725,Within band,-0.38
P-101363,Memphis,TN,Shelby,Condo,2,2.5,668,10709,1975,507811.85,498365.58,True,529157.04,516787.59,1.019,Within band,-4.2
P-101365,Provo,UT,Utah,Townhouse,1,1.5,5963,12459,2019,730207.1,684910.22,True,737868.69,617749.1,1.0661,Within band,-1.05
P-101367,New Orleans,LA,Orleans,Townhouse,5,4.5,4534,12150,1939,458390.6,481669.4,False,483554.87,405348.86,0.9517,Within band,-5.49
P-101368,San Antonio,TX,Bexar,Condo,1,4.5,1495,7844,1962,496619.84,425375.4,False,444257.19,631539.61,1.1675,Under-assessed,10.54
P-101369,Memphis,TN,Shelby,Condo,5,4.0,922,1840,2003,401627.57,321827.72,False,380770.9,329992.23,1.248,Under-assessed,5.19
P-101370,Fort Wayne,IN,Allen,Condo,6,1.0,1757,11417,1945,134053.92,136644.64,False,137599.97,255415.98,0.981,Within band,-2.65
P-101371,Arlington,VA,Arlington,Townhouse,3,2.0,2084,4739,1949,1321178.49,1296628.92,True,1315220.71,1079608.47,1.0189,Within band,0.45
P-101374,Reno,NV,Washoe,Condo,6,4.0,3499,11922,1945,639680.53,563111.02,False,587121.29,350361.58,1.136,Under-assessed,8.22
P-101375,Billings,MT,Yellowstone,Single Family,2,4.0,3808,8718,1986,364288.07,294632.39,True,352499.65,449255.39,1.2364,Under-assessed,3.24
P-101376,Cambridge,MA,Middlesex,Townhouse,5,2.5,5981,16611,1952,1367336.42,1493977.79,False,1604234.38,1916997.05,0.9152,Within band,-17.33
P-101377,Lakewood,CO,Jefferson,Single Family,5,3.0,3884,11477,1941,1179379.63,961596.55,False,1047428.69,830172.04,1.2265,Under-assessed,11.19
P-101380,Durham,NC,Durham,Townhouse,2,1.5,1423,3252,1938,306420.47,298095.44,True,311860.24,552098.75,1.0279,Within band,-1.78
P-101381,Queens,NY,Queens,Townhouse,1,1.0,4889,10844,1983,1131505.58,1093263.14,False,1133865.24,1593971.97,1.035,Within band,-0.21
P-101382,Los Angeles,CA,Los Angeles,Single Family,6,3.0,3418,9274,1960,2755186.59,2773346.93,True,2710517.82,2533359.61,0.9935,Within band,1.62
P-101383,Provo,UT,Utah,Multi Family,1,2.0,1311,12252,1960,767755.16,836082.92,False,766227.73,535377.44,0.9183,Within band,0.2
P-101384,Miami,FL,Miami-Dade,Condo,7,4.5,3813,6430,1921,579541.25,537332.64,True,578458.27,573563.92,1.0786,Within band,0.19
P-101385,Oklahoma City,OK,Oklahoma,Condo,3,1.0,6434,11839,2012,600125.32,577294.07,True,607128.36,559752.5,1.0395,Within band,-1.17
P-101386,Atlanta,GA,Fulton,Condo,5,1.0,3127,11353,1964,783163.08,781025.99,False,782138.61,707042.91,1.0027,Within band,0.13
P-101387,Columbus,OH,Franklin,Single Family,2,3.0,1685,9408,1966,718344.75,656264.69,False,703408.14,552852.45,1.0946,Within band,2.08
P-101388,Baton Rouge,LA,East Baton Rouge,Condo,7,2.5,5899,10800,1951,459985.35,419393.32,False,452547.94,523544.89,1.0968,Within band,1.62
P-101389,Baltimore,MD,Baltimore,Townhouse,1,4.5,5555,7627,1969,1383899.97,1442950.09,True,1369325.05,1005596.1,0.9591,Within band,1.05
P-101391,Knoxville,TN,Knox,Condo,3,1.5,3656,6875,1927,318350.52,259562.49,True,305410.43,318114.66,1.2265,Under-assessed,4.06
P-101392,Arlington,VA,Arlington,Townhouse,1,2.0,5469,10649,1984,779718.07,716545.5,True,760393.55,730193.65,1.0882,Within band,2.48
P-101394,Miami,FL,Miami-Dade,Condo,2,2.0,623,2237,1950,537625.41,457367.45,False,518706.02,358388.96,1.1755,Under-assessed,3.52
P-101395,Detroit,MI,Wayne,Single Family,2,5.0,5231,16318,2005,650572.55,703609.48,False,701522.91,582362.66,0.9246,Within band,-7.83
P-101396,Cambridge,MA,Middlesex,Single Family,1,1.0,3496,5616,1930,1233786.45,1023940.28,True,1185686.88,1615500.14,1.2049,Under-assessed,3.9
P-101397,Seattle,WA,King,Townhouse,3,1.5,2077,5627,1978,469580.27,387064.73,True,444342.38,1159468.63,1.2132,Under-assessed,5.37
P-101398,Columbus,OH,Franklin,Multi Family,3,3.5,3790,5672,1996,265130.22,251755.7,False,264003.62,492148.35,1.0531,Within band,0.42
P-101400,Provo,UT,Utah,Single Family,2,3.0,6065,12303,1928,355502.21,326100.29,False,360880.01,455228.12,1.0902,Within band,-1.51
P-101401,Denver,CO,Denver,Condo,2,1.5,3668,6708,1957,913630.43,895622.45,True,923831.79,798585.36,1.0201,Within band,-1.12
P-101402,Detroit,MI,Wayne,Condo,4,1.0,2373,8556,1990,555811.49,445147.74,False,482640.31,411684.11,1.2486,Under-assessed,13.16
P-101403,Tucson,AZ,Pima,Single Family,7,1.5,6017,16565,1941,496392.32,454194.27,False,494692.21,518885.81,1.0929,Within band,0.34
P-101404,Cincinnati,OH,Hamilton,Condo,2,3.0,4530,6562,1986,270212.05,259658.13,False,281633.99,373736.34,1.0406,Within band,-4.23
P-101405,Columbia,SC,Richland,Townhouse,4,1.0,3186,5827,1937,203035.34,169151.51,True,202059.92,367657.19,1.2003,Under-assessed,0.48
P-101406,Salt Lake City,UT,Salt Lake,Townhouse,4,2.5,1375,8058,1945,766690.61,750523.64,False,746058.29,297709.57,1.0215,Within band,2.69
P-101407,Oklahoma City,OK,Oklahoma,Single Family,1,2.5,4905,16205,2010,580182.4,618542.8,True,597867.08,603126.21,0.938,Within band,-3.05
P-101408,Boise,ID,Ada,Condo,7,2.0,1541,7914,1948,745931.07,640263.21,True,710961.98,645895.12,1.165,Under-assessed,4.69
P-101409,New Orleans,LA,Orleans,Condo,4,2.0,5526,11379,2015,350765.76,362326.11,False,364793.77,400203.95,0.9681,Within band,-4.0
P-101410,Baton Rouge,LA,East Baton Rouge,Condo,5,2.0,1791,7069,2019,869637.78,723323.33,False,836488.85,714726.35,1.2023,Under-assessed,3.81
P-101411,Albuquerque,NM,Bernalillo,Single Family,7,2.0,6389,9467,1971,752656.51,759328.1,True,777970.39,667467.04,0.9912,Within band,-3.36
P-101412,Naperville,IL,DuPage,Condo,7,1.0,5540,9510,1921,817909.91,769725.21,False,843601.09,542976.67,1.0626,Within band,-3.14
P-101413,Minneapolis,MN,Hennepin,Condo,6,1.0,5207,15222,1997,795670.05,662222.93,False,710235.05,562242.6,1.2015,Under-assessed,10.74
P-101415,Boise,ID,Ada,Condo,7,1.0,3973,15011,1951,264165.45,245717.15,True,274618.4,432229.0,1.0751,Within band,-3.96
P-101416,Hempstead,NY,Nassau,Single Family,6,3.0,2604,8630,1920,2578005.31,2402096.34,False,2306906.6,1114079.46,1.0732,Within band,10.52
P-101417,Minneapolis,MN,Hennepin,Townhouse,3,1.5,3130,11239,1964,270076.3,266298.57,True,264160.72,425028.52,1.0142,Within band,2.19
P-101418,Henderson,NV,Clark,Single Family,6,1.5,822,11356,1945,368278.72,362736.45,True,374414.59,325837.56,1.0153,Within band,-1.67
P-101419,Scottsdale,AZ,Maricopa,Multi Family,5,2.0,1975,11311,1964,302307.56,276646.79,False,274797.48,477273.91,1.0928,Within band,9.1
P-101420,Tulsa,OK,Tulsa,Single Family,3,1.0,3701,10658,2006,258586.24,221439.34,True,260376.94,433226.33,1.1678,Under-assessed,-0.69
P-101422,Omaha,NE,Douglas,Townhouse,7,1.0,5331,11022,1940,879783.35,851483.11,True,882870.7,627911.51,1.0332,Within band,-0.35
P-101423,Charlotte,NC,Mecklenburg,Townhouse,2,3.5,5522,7096,1980,435788.93,382441.51,True,415145.42,495964.4,1.1395,Under-assessed,4.74
P-101424,Nashville,TN,Davidson,Condo,3,4.0,6063,12244,1986,871039.75,814415.34,True,866931.67,623176.17,1.0695,Within band,0.47
P-101425,Saint Paul,MN,Ramsey,Single Family,1,1.0,2360,10938,1953,740971.83,800029.25,False,763018.31,526021.84,0.9262,Within band,-2.98
P-101426,Saint Paul,MN,Ramsey,Condo,4,1.0,6221,7792,1969,503287.93,442001.47,False,460481.65,768292.53,1.1387,Under-assessed,8.51
P-101427,Lexington,KY,Fayette,Condo,3,1.0,5889,11379,2020,438989.39,444355.09,True,502279.41,525693.85,0.9879,Within band,-14.42
P-101428,Fort Wayne,IN,Allen,Single Family,3,4.5,1618,6544,1924,778697.88,635969.65,False,748651.47,698138.84,1.2244,Under-assessed,3.86
P-101429,Minneapolis,MN,Hennepin,Multi Family,7,2.5,4837,15434,1956,566916.78,580860.95,True,591559.72,537164.05,0.976,Within band,-4.35
P-101430,Memphis,TN,Shelby,Single Family,4,5.0,5335,11517,1996,380101.55,373684.28,False,390745.26,402088.13,1.0172,Within band,-2.8
P-101431,Manhattan,NY,New York,Single Family,2,4.0,3283,10081,1938,607396.77,622100.25,True,634675.57,1215548.7,0.9764,Within band,-4.49
P-101432,Durham,NC,Durham,Condo,2,1.5,5000,6178,2006,871143.1,755024.16,False,841600.83,663793.73,1.1538,Under-assessed,3.39
P-101433,Tampa,FL,Hillsborough,Multi Family,2,4.0,1713,8072,1951,855696.75,822713.77,False,827399.61,326247.4,1.0401,Within band,3.31
P-101434,Fairfax,VA,Fairfax,Townhouse,3,3.0,5925,9847,1956,1307172.97,1176827.81,False,1315869.25,930448.88,1.1108,Under-assessed,-0.67
P-101435,Scottsdale,AZ,Maricopa,Single Family,3,2.0,784,8648,1973,484451.79,432343.0,True,476914.34,452764.74,1.1205,Under-assessed,1.56
P-101436,Naperville,IL,DuPage,Single Family,5,3.0,874,7575,1967,430773.84,410041.64,True,453119.38,410270.39,1.0506,Within band,-5.19
P-101437,Reno,NV,Washoe,Condo,7,2.0,3971,11013,1924,612412.3,630054.37,False,657981.69,438909.32,0.972,Within band,-7.44
P-101438,Lakewood,CO,Jefferson,Townhouse,5,4.0,3175,4491,1931,957142.28,1020332.28,True,1012837.12,888552.53,0.9381,Within band,-5.82
P-101439,Rockville,MD,Montgomery,Multi Family,5,4.5,6079,6079,1955,1164656.64,1135616.06,False,1169804.31,853517.61,1.0256,Within band,-0.44
P-101441,Everett,WA,Snohomish,Townhouse,5,4.0,2031,4579,1928,1222799.37,1002903.13,True,1131534.19,1208382.11,1.2193,Under-assessed,7.46
P-101442,Waukegan,IL,Lake,Townhouse,2,3.0,4329,9231,1958,765538.77,655602.26,False,715134.15,675072.43,1.1677,Under-assessed,6.58
P-101443,Boston,MA,Suffolk,Multi Family,4,3.0,4670,12519,1958,741311.7,808631.96,True,779594.82,1292808.5,0.9167,Within band,-5.16
P-101444,Cambridge,MA,Middlesex,Townhouse,5,1.5,3461,6902,1999,3303778.23,3176217.05,True,3141630.51,2052849.61,1.0402,Within band,4.91
P-101445,Omaha,NE,Douglas,Single Family,5,4.0,3305,9219,2023,524686.81,572905.73,False,538041.7,562843.9,0.9158,Within band,-2.55
P-101447,Lakewood,CO,Jefferson,Condo,7,1.0,5413,7077,1942,375977.06,318234.99,False,355939.2,648978.66,1.1814,Under-assessed,5.33
P-101449,Wichita,KS,Sedgwick,Townhouse,3,4.5,3932,15530,1975,305157.08,272086.61,False,304241.13,431558.99,1.1215,Under-assessed,0.3
P-101452,Cincinnati,OH,Hamilton,Condo,4,1.5,631,813,1964,563588.39,562807.6,True,563448.04,505003.11,1.0014,Within band,0.02
P-101453,San Diego,CA,San Diego,Single Family,7,3.0,5178,10742,1998,1954704.61,1712764.15,False,1974126.64,2512845.66,1.1413,Under-assessed,-0.99
P-101454,Denver,CO,Denver,Single Family,6,2.0,5775,14229,1971,319122.72,259502.73,True,307798.12,565473.11,1.2297,Under-assessed,3.55
P-101455,Aurora,CO,Arapahoe,Townhouse,3,1.0,6481,15976,1922,608610.78,602749.43,True,638110.53,728101.0,1.0097,Within band,-4.85
P-101456,Miami,FL,Miami-Dade,Single Family,2,5.0,5178,13241,1987,516754.11,482048.52,False,498164.57,466071.36,1.072,Within band,3.6
P-101458,San Francisco,CA,San Francisco,Single Family,7,3.0,4868,14483,2022,3470501.71,3536287.84,True,3424231.5,2413154.13,0.9814,Within band,1.33
P-101459,Baton Rouge,LA,East Baton Rouge,Townhouse,2,3.0,4208,6307,1991,306707.42,326585.58,True,371859.32,554039.85,0.9391,Within band,-21.24
P-101460,Jacksonville,FL,Duval,Condo,7,5.0,3909,14178,1987,703607.44,739079.07,True,704788.78,594798.86,0.952,Within band,-0.17
P-101461,Decatur,GA,DeKalb,Single Family,5,2.5,1863,5884,1967,283541.49,303242.9,True,322220.09,456463.56,0.935,Within band,-13.64
P-101462,Fairfax,VA,Fairfax,Condo,3,5.0,2392,10250,1954,1180879.23,1059999.87,True,1041141.23,743992.76,1.114,Under-assessed,11.83
P-101463,Baltimore,MD,Baltimore,Single Family,5,4.5,2849,11654,2010,848824.8,701210.5,False,829977.48,930949.31,1.2105,Under-assessed,2.22
P-101464,Bronx,NY,Bronx,Single Family,7,4.5,4076,8289,1962,1133260.22,1044727.38,False,1106112.53,1429417.44,1.0847,Within band,2.4
P-101465,Orlando,FL,Orange,Single Family,7,1.0,5234,8618,1964,694390.42,593777.16,True,684812.16,758519.47,1.1694,Under-assessed,1.38
P-101466,Lexington,KY,Fayette,Condo,3,5.0,2361,7363,2018,636998.44,601249.58,True,599617.95,421278.12,1.0595,Within band,5.87
P-101468,Seattle,WA,King,Multi Family,1,4.0,4569,8948,2015,2965321.0,2935364.19,True,3003461.11,2124581.05,1.0102,Within band,-1.29
P-101469,Troy,MI,Oakland,Condo,7,3.5,3948,11229,2014,608699.15,515001.58,False,574866.05,539937.53,1.1819,Under-assessed,5.56
P-101470,Fort Wayne,IN,Allen,Townhouse,5,2.0,1331,3931,1969,262266.54,226929.6,True,256594.28,303812.13,1.1557,Under-assessed,2.16
P-101471,Austin,TX,Travis,Townhouse,6,1.5,5573,13844,1928,475746.17,433451.19,True,473807.52,506029.12,1.0976,Within band,0.41
P-101472,Nashville,TN,Davidson,Single Family,5,2.5,4838,15390,1963,637111.6,561699.24,True,599363.92,554393.95,1.1343,Under-assessed,5.92
P-101473,Baltimore,MD,Baltimore,Condo,6,3.0,2423,9499,1988,864900.74,718347.27,False,869040.3,1022181.58,1.204,Under-assessed,-0.48
P-101474,San Diego,CA,San Diego,Condo,3,4.5,4422,6469,1926,2475170.0,2071521.26,False,2466972.67,2269345.17,1.1949,Under-assessed,0.33
P-101475,Scottsdale,AZ,Maricopa,Townhouse,4,5.0,3358,9932,1952,201012.67,177114.08,True,204510.23,264150.32,1.1349,Under-assessed,-1.74
P-101476,St. Louis,MO,St. Louis,Townhouse,3,3.5,5127,5416,2019,645837.83,668911.62,False,670789.45,577384.55,0.9655,Within band,-3.86
P-101477,Miami,FL,Miami-Dade,Condo,7,3.0,5745,16235,1935,725821.83,617161.43,True,683718.0,564912.86,1.1761,Under-assessed,5.8
P-101478,St. Louis,MO,St. Louis,Single Family,6,1.5,2684,14636,1983,642163.95,652508.75,True,669948.12,589217.98,0.9841,Within band,-4.33
P-101479,Lexington,KY,Fayette,Condo,3,4.0,903,2912,1979,139810.66,146436.8,False,141147.56,235126.03,0.9548,Within band,-0.96
P-101480,Fort Lauderdale,FL,Broward,Condo,5,1.0,4604,13500,1975,666568.7,722059.06,False,729485.64,661382.69,0.9231,Within band,-9.44
P-101481,New Orleans,LA,Orleans,Condo,7,4.0,4587,8521,1967,805769.35,730682.73,True,767653.17,660201.66,1.1028,Under-assessed,4.73
P-101482,Salt Lake City,UT,Salt Lake,Townhouse,7,1.5,2188,12216,1920,178040.31,144949.47,True,173950.54,253577.73,1.2283,Under-assessed,2.3
P-101483,Saint Paul,MN,Ramsey,Townhouse,4,4.5,1112,12490,1954,525724.84,451495.21,False,514469.36,478078.88,1.1644,Under-assessed,2.14
P-101484,Albuquerque,NM,Bernalillo,Single Family,5,2.0,3407,6380,2005,443762.83,417697.38,False,440513.95,469728.94,1.0624,Within band,0.73
P-101485,Boston,MA,Suffolk,Single Family,6,2.0,2206,4929,1929,1254754.98,1066438.06,True,1140331.65,1259016.92,1.1766,Under-assessed,9.12
P-101486,Provo,UT,Utah,Multi Family,7,3.5,4298,8625,2000,610710.09,656155.51,False,668985.87,590783.54,0.9307,Within band,-9.54
P-101488,Miami,FL,Miami-Dade,Condo,3,1.5,4999,9577,1983,852497.71,779694.88,False,824872.17,632411.41,1.0934,Within band,3.24
P-101489,Henderson,NV,Clark,Condo,2,4.0,693,3897,1920,516363.4,533565.13,False,525241.52,475992.13,0.9678,Within band,-1.72
P-101490,Saint Paul,MN,Ramsey,Townhouse,1,4.5,4049,14767,1981,657453.45,651505.2,True,662669.5,584431.17,1.0091,Within band,-0.79
P-101491,Troy,MI,Oakland,Townhouse,2,1.0,2452,13450,1940,421955.66,420395.44,True,424271.62,394562.28,1.0037,Within band,-0.55
P-101492,Grand Rapids,MI,Kent,Single Family,4,3.0,5262,5805,1992,681068.14,644265.14,False,678351.52,558236.05,1.0571,Within band,0.4
P-101493,Oklahoma City,OK,Oklahoma,Townhouse,5,1.5,2138,8644,1989,230917.18,216915.3,False,226649.38,315710.96,1.0645,Within band,1.85
P-101494,Charlotte,NC,Mecklenburg,Single Family,2,2.0,1526,8463,1993,693277.0,559838.63,True,624553.56,672753.91,1.2384,Under-assessed,9.91
P-101495,Tulsa,OK,Tulsa,Condo,2,1.5,634,7322,1966,469934.93,489216.9,True,478308.79,353847.69,0.9606,Within band,-1.78
P-101496,Tampa,FL,Hillsborough,Single Family,2,5.0,2603,5706,1931,565658.3,539620.01,True,565961.58,473513.75,1.0483,Within band,-0.05
P-101497,Nashville,TN,Davidson,Single Family,6,1.0,2174,2709,1964,440428.3,472256.47,False,463584.13,489140.19,0.9326,Within band,-5.26
P-101498,Austin,TX,Travis,Condo,5,3.5,2310,6226,1977,420444.19,350898.93,True,384855.81,645511.16,1.1982,Under-assessed,8.46
P-101499,Houston,TX,Harris,Townhouse,7,4.5,6140,16544,2005,776787.39,640079.54,True,680421.17,879782.83,1.2136,Under-assessed,12.41
P-101500,Eugene,OR,Lane,Single Family,3,5.0,2901,11639,1925,1003978.4,1066198.72,True,1040391.71,839971.48,0.9416,Within band,-3.63
P-101501,Detroit,MI,Wayne,Townhouse,7,3.5,5349,17114,1958,746142.1,783140.7,True,744564.54,683961.48,0.9528,Within band,0.21
P-101502,Columbus,OH,Franklin,Townhouse,7,4.5,1842,4568,1969,652836.32,580249.4,False,630701.84,641147.27,1.1251,Under-assessed,3.39
P-101503,Boston,MA,Suffolk,Single Family,7,4.0,3704,15558,1995,2673187.33,2878088.96,True,2795919.75,2548622.05,0.9288,Within band,-4.59
P-101505,St. Louis,MO,St. Louis,Single Family,4,2.5,3529,5547,1936,552040.94,470182.86,False,518985.99,474343.27,1.1741,Under-assessed,5.99
P-101507,Tucson,AZ,Pima,Townhouse,4,5.0,3809,9102,2019,229648.34,189942.87,False,217116.44,339779.61,1.209,Under-assessed,5.46
P-101508,Durham,NC,Durham,Townhouse,2,1.5,1553,11033,2000,707685.89,676607.61,False,730419.9,764810.74,1.0459,Within band,-3.21
P-101509,Henderson,NV,Clark,Single Family,3,3.5,844,8702,1991,790519.07,763004.71,True,773142.74,604535.59,1.0361,Within band,2.2
P-101510,Los Angeles,CA,Los Angeles,Single Family,1,1.5,5690,17438,1961,2158557.1,2324228.72,True,2166622.4,1929160.91,0.9287,Within band,-0.37
P-101511,Louisville,KY,Jefferson,Condo,7,1.5,2661,5241,2023,361577.84,375737.61,False,392062.78,371260.97,0.9623,Within band,-8.43
P-101512,Aurora,CO,Arapahoe,Condo,5,5.0,654,8370,1920,323263.36,326649.59,False,334155.28,487470.69,0.9896,Within band,-3.37
P-101513,Bronx,NY,Bronx,Condo,1,4.0,2856,11536,1983,2339517.65,2478640.6,True,2338088.34,1827111.42,0.9439,Within band,0.06
P-101514,Miami,FL,Miami-Dade,Condo,3,2.0,1016,4781,2012,430629.54,413562.03,True,429894.26,433220.81,1.0413,Within band,0.17
P-101515,Arlington,VA,Arlington,Single Family,4,1.0,1320,5573,1962,834521.06,706053.84,False,812589.29,775507.81,1.182,Under-assessed,2.63
P-101516,Nashville,TN,Davidson,Townhouse,1,1.5,5232,12314,1983,595257.44,650395.76,True,627360.11,481526.99,0.9152,Within band,-5.39
P-101517,Tampa,FL,Hillsborough,Condo,2,2.0,5229,12601,1920,768445.75,764014.56,True,784216.03,653270.25,1.0058,Within band,-2.05
P-101518,Nashville,TN,Davidson,Condo,7,4.5,1282,5909,1996,248601.47,266304.71,False,285229.2,611303.53,0.9335,Within band,-14.73
P-101519,Decatur,GA,DeKalb,Single Family,3,1.5,4836,13772,1950,660618.49,588025.6,True,633953.79,549125.1,1.1235,Under-assessed,4.04
P-101520,Saint Paul,MN,Ramsey,Condo,6,3.0,2218,12534,1963,790743.8,845321.51,True,804454.92,569770.29,0.9354,Within band,-1.73
P-101521,Lakewood,CO,Jefferson,Condo,3,5.0,5902,6209,2002,656194.76,617656.5,False,664201.02,645908.68,1.0624,Within band,-1.22
P-101522,Oklahoma City,OK,Oklahoma,Single Family,3,2.0,3921,10178,2008,727780.59,764160.02,False,741814.74,471163.37,0.9524,Within band,-1.93
P-101523,Philadelphia,PA,Philadelphia,Condo,7,1.0,1421,12541,1962,235680.62,196232.39,False,223779.67,287126.3,1.201,Under-assessed,5.05
P-101524,Durham,NC,Durham,Single Family,6,1.5,4873,9229,1936,836356.94,724981.18,True,816520.14,595828.71,1.1536,Under-assessed,2.37
P-101525,Bronx,NY,Bronx,Multi Family,6,4.5,4504,5854,1965,1210048.75,975255.4,False,1076929.36,1699152.68,1.2408,Under-assessed,11.0
P-101526,Scottsdale,AZ,Maricopa,Townhouse,5,1.0,5307,5928,2010,877684.01,815980.36,True,880758.47,765499.57,1.0756,Within band,-0.35
P-101527,Charlotte,NC,Mecklenburg,Condo,2,2.5,1623,8185,1999,504313.26,513005.36,False,533562.21,562205.65,0.9831,Within band,-5.8
P-101528,Omaha,NE,Douglas,Single Family,3,3.5,2336,13343,1995,794798.61,872214.11,False,823168.26,663616.93,0.9112,Within band,-3.57
P-101529,Kansas City,MO,Jackson,Single Family,4,2.5,2871,8447,1951,610675.61,612974.34,True,643794.79,543153.84,0.9962,Within band,-5.42
P-101530,Queens,NY,Queens,Townhouse,2,4.5,1888,2788,1950,1151962.07,1033608.33,False,1108964.62,1210247.51,1.1145,Under-assessed,3.73
P-101531,Fairfax,VA,Fairfax,Single Family,7,3.0,5794,17234,1926,628059.4,671149.48,True,690840.41,665516.87,0.9358,Within band,-10.0
P-101532,Baton Rouge,LA,East Baton Rouge,Condo,5,1.0,4583,13051,1929,577378.39,505113.63,True,555922.17,477801.3,1.1431,Under-assessed,3.72
P-101533,Wichita,KS,Sedgwick,Townhouse,6,4.5,3172,9036,1983,860527.21,800008.75,False,828462.04,707259.78,1.0756,Within band,3.73
P-101534,Dallas,TX,Dallas,Condo,6,3.5,6466,13553,1950,366435.33,389227.7,True,381366.09,519709.1,0.9414,Within band,-4.07
P-101535,Tulsa,OK,Tulsa,Multi Family,5,4.5,4373,5640,1959,268081.02,270177.18,False,282074.44,376409.92,0.9922,Within band,-5.22
P-101536,Fort Worth,TX,Tarrant,Multi Family,6,1.5,1010,4557,1996,236063.59,225212.52,True,255983.28,560432.2,1.0482,Within band,-8.44
P-101537,Troy,MI,Oakland,Condo,4,5.0,3486,4937,1987,757494.17,817926.26,True,842517.96,398962.44,0.9261,Within band,-11.22
P-101538,Grand Rapids,MI,Kent,Single Family,4,2.0,6453,14452,1940,762815.16,756327.85,True,751789.77,632850.26,1.0086,Within band,1.45
P-101539,Lawrenceville,GA,Gwinnett,Condo,2,1.0,4970,8606,1926,719544.29,671358.84,False,727661.86,674673.13,1.0718,Within band,-1.13
P-101540,Memphis,TN,Shelby,Multi Family,4,3.0,5222,5800,1975,415556.17,422606.22,False,438134.05,596853.11,0.9833,Within band,-5.43
P-101541,San Francisco,CA,San Francisco,Townhouse,7,3.5,3894,7289,1958,1209278.58,999857.47,True,1027203.4,1413554.18,1.2095,Under-assessed,15.06
P-101542,Brooklyn,NY,Kings,Condo,7,4.5,6363,14175,1981,2873535.76,2882449.65,True,2880593.88,2279538.99,0.9969,Within band,-0.25
P-101543,Pittsburgh,PA,Allegheny,Single Family,7,1.5,1776,6078,2005,164910.08,179189.89,True,170232.03,254968.67,0.9203,Within band,-3.23
P-101544,Denver,CO,Denver,Townhouse,5,5.0,2310,11616,1983,781753.91,680962.74,True,767199.36,800706.67,1.148,Under-assessed,1.86
P-101545,Everett,WA,Snohomish,Single Family,3,2.5,3163,5741,1998,1387000.87,1519840.52,True,1713713.61,1745354.57,0.9126,Within band,-23.56
P-101547,Austin,TX,Travis,Condo,1,3.5,3731,11400,1977,785430.09,671806.36,False,722859.15,623623.59,1.1691,Under-assessed,7.97
P-101548,Albuquerque,NM,Bernalillo,Multi Family,1,5.0,1540,4484,1947,571709.49,547789.92,False,582016.5,568754.14,1.0437,Within band,-1.8
P-101549,Fort Wayne,IN,Allen,Multi Family,5,3.5,5119,9736,1958,356286.16,300500.4,True,340639.32,425098.29,1.1856,Under-assessed,4.39
P-101550,Lawrenceville,GA,Gwinnett,Townhouse,1,2.5,1203,3003,1988,144621.61,132195.39,False,139305.85,227383.29,1.094,Within band,3.68
P-101551,Lexington,KY,Fayette,Single Family,7,5.0,5251,7284,1933,755374.51,785497.65,False,781379.08,600968.31,0.9617,Within band,-3.44
P-101552,Aurora,CO,Arapahoe,Condo,1,1.0,2405,6694,1930,637084.43,654085.38,True,677788.25,658697.44,0.974,Within band,-6.39
P-101553,Tucson,AZ,Pima,Single Family,3,3.0,4289,4920,1984,401703.61,390358.45,True,411118.25,484701.66,1.0291,Within band,-2.34
P-101554,Boston,MA,Suffolk,Townhouse,7,4.0,2826,7982,1980,831686.99,703390.84,True,827713.63,1246643.86,1.1824,Under-assessed,0.48
P-101555,San Antonio,TX,Bexar,Townhouse,5,5.0,4284,4344,1997,855203.18,840269.26,True,839545.97,611321.09,1.0178,Within band,1.83
P-101556,Aurora,CO,Arapahoe,Single Family,3,2.5,1135,12650,2002,967825.46,916214.36,True,903068.98,552303.69,1.0563,Within band,6.69
P-101557,Tulsa,OK,Tulsa,Townhouse,2,4.0,906,7271,1956,136628.29,127370.86,False,135256.07,281098.29,1.0727,Within band,1.0
P-101558,Charleston,SC,Charleston,Single Family,6,2.5,3920,5665,1923,890817.68,925897.83,False,877596.69,628824.18,0.9621,Within band,1.48
P-101560,San Antonio,TX,Bexar,Townhouse,3,4.0,4267,8843,1949,301242.45,300818.85,False,316783.04,506233.87,1.0014,Within band,-5.16
P-101561,Tucson,AZ,Pima,Condo,6,2.5,3550,7544,1920,803618.58,656251.3,True,754998.93,675964.35,1.2246,Under-assessed,6.05
P-101562,Waukegan,IL,Lake,Condo,1,4.5,2373,11677,1958,715412.04,768289.28,True,732909.89,594255.73,0.9312,Within band,-2.45
P-101563,Memphis,TN,Shelby,Townhouse,2,4.5,5997,12354,1990,473523.32,415863.5,True,467081.11,516396.52,1.1387,Under-assessed,1.36
P-101564,Tulsa,OK,Tulsa,Condo,6,1.5,4513,8264,1960,480755.88,401687.26,True,461750.8,545965.54,1.1968,Under-assessed,3.95
P-101565,Lawrenceville,GA,Gwinnett,Townhouse,5,4.5,727,2392,1957,636844.89,632875.09,False,670016.16,325013.52,1.0063,Within band,-5.21
P-101566,Rockville,MD,Montgomery,Single Family,3,3.5,1633,11534,2003,365712.54,360717.42,True,370756.75,480052.4,1.0138,Within band,-1.38
P-101567,Orlando,FL,Orange,Townhouse,4,2.5,5202,9427,2020,316855.21,324490.0,False,325453.85,370136.88,0.9765,Within band,-2.71
P-101568,Cambridge,MA,Middlesex,Multi Family,7,1.0,6173,17422,2010,2950751.68,2719010.57,True,2569610.0,1913469.26,1.0852,Within band,12.92
P-101569,Durham,NC,Durham,Single Family,6,2.5,5745,12506,1966,876153.14,811052.58,False,874903.55,657523.9,1.0803,Within band,0.14
P-101570,Brooklyn,NY,Kings,Multi Family,7,3.0,1595,9470,1969,642548.03,634974.66,True,715797.27,1138136.46,1.0119,Within band,-11.4
P-101571,Orlando,FL,Orange,Townhouse,5,1.5,3990,11566,1975,333653.74,291328.25,False,333581.87,418361.53,1.1453,Under-assessed,0.02
P-101572,Nashville,TN,Davidson,Single Family,2,4.0,5535,9473,1979,574875.22,605754.26,True,609405.89,556254.19,0.949,Within band,-6.01
P-101573,Pittsburgh,PA,Allegheny,Condo,7,4.0,6362,18316,1989,459304.89,487612.98,True,536085.19,578401.8,0.9419,Within band,-16.72
P-101574,Charleston,SC,Charleston,Townhouse,3,3.5,5464,16520,2004,729753.46,752577.98,True,729575.56,590387.84,0.9697,Within band,0.02
P-101575,San Diego,CA,San Diego,Condo,4,2.5,4433,7190,1934,1707991.73,1737614.18,True,1805210.24,1843631.64,0.983,Within band,-5.69
P-101576,Irvine,CA,Orange,Townhouse,5,4.5,4437,8162,2012,1838887.41,1786249.35,True,1933669.66,2081797.44,1.0295,Within band,-5.15
P-101577,Boise,ID,Ada,Single Family,4,2.5,3807,11278,1921,290366.03,269375.17,False,283958.72,430624.62,1.0779,Within band,2.21
P-101578,Fort Lauderdale,FL,Broward,Condo,2,1.0,718,9615,1925,401965.12,325439.81,False,382927.14,328459.19,1.2351,Under-assessed,4.74
P-101579,Cambridge,MA,Middlesex,Single Family,6,5.0,4898,8219,1930,973882.74,846166.12,True,962728.07,1194898.16,1.1509,Under-assessed,1.15
P-101580,Decatur,GA,DeKalb,Single Family,5,3.0,1728,10653,1980,317639.75,260720.75,False,299494.57,369086.91,1.2183,Under-assessed,5.71
P-101581,Albuquerque,NM,Bernalillo,Townhouse,3,3.5,1348,12561,2010,135197.66,144053.18,False,136993.29,222279.18,0.9385,Within band,-1.33
P-101582,Jacksonville,FL,Duval,Multi Family,1,4.5,1702,3815,1950,371346.26,380164.5,False,380540.43,291160.09,0.9768,Within band,-2.48
P-101583,Manhattan,NY,New York,Single Family,4,2.0,5189,5682,1997,791164.52,801322.49,True,798331.94,975782.71,0.9873,Within band,-0.91
P-101584,Rockville,MD,Montgomery,Townhouse,3,3.0,1126,1435,1969,419508.24,368819.46,True,416136.88,523926.25,1.1374,Under-assessed,0.8
P-101587,Lawrenceville,GA,Gwinnett,Condo,6,1.0,6329,18012,1959,507616.32,432644.96,True,484100.2,700168.18,1.1733,Under-assessed,4.63
P-101588,Sacramento,CA,Sacramento,Multi Family,7,2.0,4392,11688,2010,2107058.5,1797637.99,True,2089790.1,2642597.29,1.1721,Under-assessed,0.82
P-101589,Scottsdale,AZ,Maricopa,Condo,1,4.5,1564,10469,1975,172577.43,182045.67,False,179003.97,302507.8,0.948,Within band,-3.72
P-101590,Denver,CO,Denver,Townhouse,4,4.5,3231,10520,1983,1019501.24,842596.36,False,894746.59,756777.01,1.21,Under-assessed,12.24
P-101592,Hempstead,NY,Nassau,Townhouse,7,4.0,1097,1224,1985,1047060.47,973543.1,False,1014963.94,805168.36,1.0755,Within band,3.07
P-101593,Tucson,AZ,Pima,Single Family,6,2.5,5287,15187,2016,618459.9,658756.93,False,655653.55,628890.38,0.9388,Within band,-6.01
P-101594,Troy,MI,Oakland,Condo,5,3.5,1792,10202,1966,692426.69,732749.52,True,744570.78,653474.62,0.945,Within band,-7.53
P-101595,Lexington,KY,Fayette,Townhouse,1,1.0,4452,8338,1983,578160.7,563543.49,False,579762.62,555400.89,1.0259,Within band,-0.28
P-101596,Boise,ID,Ada,Single Family,4,2.0,4090,6309,1969,619394.62,548438.49,False,552503.18,409674.39,1.1294,Under-assessed,10.8
P-101597,Troy,MI,Oakland,Condo,2,5.0,3298,13565,2001,674297.99,689288.74,False,697289.36,658807.5,0.9783,Within band,-3.41
P-101598,Eugene,OR,Lane,Condo,1,4.0,4507,13129,1959,1495196.99,1640671.82,True,1536790.99,1309916.12,0.9113,Within band,-2.78
P-101599,St. Louis,MO,St. Louis,Condo,3,1.0,5858,16121,1920,503705.04,435893.04,False,492630.99,635011.0,1.1556,Under-assessed,2.2
P-101601,Kansas City,MO,Jackson,Condo,5,4.5,1876,6176,1996,658178.1,554117.66,True,635225.41,643729.38,1.1878,Under-assessed,3.49
P-101602,Reno,NV,Washoe,Single Family,1,2.0,901,1571,1972,208565.99,171460.61,True,194163.52,265775.84,1.2164,Under-assessed,6.91
P-101603,Troy,MI,Oakland,Townhouse,1,2.0,4512,15603,2013,709543.34,747022.6,True,708639.2,623187.3,0.9498,Within band,0.13
P-101604,Provo,UT,Utah,Condo,6,3.5,2634,13630,1920,850711.73,774926.12,False,815565.23,493920.81,1.0978,Within band,4.13
P-101605,Minneapolis,MN,Hennepin,Condo,7,2.5,2501,13087,1937,500763.73,548761.53,False,529285.66,480229.47,0.9125,Within band,-5.7
P-101606,Charleston,SC,Charleston,Single Family,4,1.0,2105,13338,1943,236740.0,220934.48,True,233868.63,316410.73,1.0715,Within band,1.21
P-101607,Fort Worth,TX,Tarrant,Townhouse,6,1.5,2014,2647,1927,281620.98,242936.26,True,277927.43,298789.82,1.1592,Under-assessed,1.31
P-101608,Cincinnati,OH,Hamilton,Condo,5,1.5,5484,8065,1993,837494.54,833005.1,True,855266.11,611697.32,1.0054,Within band,-2.12
P-101609,Pittsburgh,PA,Allegheny,Condo,6,4.5,4241,8824,1943,474143.4,424200.43,True,470329.9,453651.26,1.1177,Under-assessed,0.8
P-101610,Indianapolis,IN,Marion,Condo,7,1.0,1248,3990,1973,881311.35,719066.14,True,832087.92,636631.92,1.2256,Under-assessed,5.59
P-101611,Seattle,WA,King,Single Family,6,4.0,2773,9981,1939,2569062.2,2761856.86,True,2617452.5,2095741.91,0.9302,Within band,-1.88
P-101612,Raleigh,NC,Wake,Single Family,1,3.0,4012,9223,1981,485120.12,514352.58,True,529034.46,483123.22,0.9432,Within band,-9.05
P-101615,St. Louis,MO,St. Louis,Condo,2,5.0,6209,12123,1950,886725.66,891781.66,True,865215.66,484169.19,0.9943,Within band,2.43
P-101616,Durham,NC,Durham,Single Family,4,1.0,6270,14698,2019,684665.93,647536.27,True,698300.22,694149.77,1.0573,Within band,-1.99
P-101617,San Jose,CA,Santa Clara,Condo,5,3.5,4226,14008,1968,1831685.7,1821492.39,True,1924821.21,1927064.87,1.0056,Within band,-5.08
P-101618,Lexington,KY,Fayette,Single Family,5,3.5,830,12733,1942,129220.1,109136.61,False,132994.02,202048.19,1.184,Under-assessed,-2.92
P-101619,Tucson,AZ,Pima,Townhouse,4,3.5,5714,15594,1980,329843.72,330612.81,True,336617.23,411174.69,0.9977,Within band,-2.05
P-101621,Columbus,OH,Franklin,Townhouse,7,2.5,4238,11180,2021,706243.5,686488.89,True,732076.4,586346.06,1.0288,Within band,-3.66
P-101622,Austin,TX,Travis,Single Family,3,1.0,3575,12110,1958,599994.06,572912.34,True,606088.62,552856.63,1.0473,Within band,-1.02
P-101623,Waukegan,IL,Lake,Townhouse,4,3.0,2775,8193,1923,560651.19,542347.23,True,572787.25,530172.98,1.0337,Within band,-2.16
P-101624,Fort Lauderdale,FL,Broward,Condo,3,1.5,4976,9076,1972,648393.85,637310.48,True,695813.53,647858.35,1.0174,Within band,-7.31
P-101625,Knoxville,TN,Knox,Single Family,6,2.5,5931,10436,2008,850855.5,682806.64,False,812482.2,641873.33,1.2461,Under-assessed,4.51
P-101627,Rockville,MD,Montgomery,Single Family,5,2.5,4332,6030,1981,1165269.83,1170697.51,True,1169148.18,796922.71,0.9954,Within band,-0.33
P-101628,Nashville,TN,Davidson,Single Family,4,4.5,4105,14257,1984,524406.59,491106.15,True,515686.01,515851.31,1.0678,Within band,1.66
P-101629,Cambridge,MA,Middlesex,Single Family,1,2.0,5361,16697,1947,1718644.0,1847682.83,True,1801289.11,1520375.36,0.9302,Within band,-4.81
P-101630,Reno,NV,Washoe,Townhouse,1,1.5,1854,6421,1987,343347.35,323967.14,True,356630.74,410516.79,1.0598,Within band,-3.87
P-101631,Indianapolis,IN,Marion,Single Family,7,4.5,831,11599,1973,381524.54,364561.2,True,393630.56,487383.07,1.0465,Within band,-3.17
P-101632,Eugene,OR,Lane,Single Family,7,4.5,1152,9948,1972,1062887.66,940953.87,True,1013300.82,955068.99,1.1296,Under-assessed,4.67
P-101633,Fort Lauderdale,FL,Broward,Condo,7,2.0,5167,13166,1989,711470.99,762591.04,True,757478.99,673509.9,0.933,Within band,-6.47
P-101634,Grand Rapids,MI,Kent,Condo,1,5.0,835,3542,2000,786521.23,752446.0,True,783902.03,467165.32,1.0453,Within band,0.33
P-101635,New Orleans,LA,Orleans,Townhouse,5,3.0,2038,10833,1984,814637.82,857169.73,True,847435.47,558101.05,0.9504,Within band,-4.03
P-101638,Philadelphia,PA,Philadelphia,Townhouse,4,2.5,3402,10369,1942,270444.7,226827.27,True,269848.16,357603.29,1.1923,Under-assessed,0.22
P-101639,Nashville,TN,Davidson,Single Family,7,4.5,2407,12827,2005,763433.06,736884.87,False,744850.27,566671.34,1.036,Within band,2.43
P-101640,Los Angeles,CA,Los Angeles,Condo,5,2.5,5341,12711,1978,2430179.01,2020155.2,False,2260152.06,1964191.6,1.203,Under-assessed,7.0
P-101641,Pittsburgh,PA,Allegheny,Townhouse,4,1.0,3033,7596,1985,643538.5,658879.41,True,685073.69,510170.86,0.9767,Within band,-6.45
P-101642,Bronx,NY,Bronx,Single Family,1,1.0,6000,12934,1940,1179413.36,1036151.34,False,1150455.8,1659853.85,1.1383,Under-assessed,2.46
P-101643,Pittsburgh,PA,Allegheny,Townhouse,3,2.5,1084,2478,1936,856362.65,742994.52,True,836983.65,602198.86,1.1526,Under-assessed,2.26
P-101644,Cincinnati,OH,Hamilton,Single Family,3,5.0,1220,1845,1989,645453.67,587228.97,True,630054.72,488578.71,1.0992,Within band,2.39
P-101645,Dallas,TX,Dallas,Single Family,3,4.0,3596,13559,1975,634839.19,595989.56,False,624443.43,405050.53,1.0652,Within band,1.64
P-101646,Louisville,KY,Jefferson,Condo,6,4.0,1697,10923,2010,612602.18,511167.44,True,584200.81,530920.31,1.1984,Under-assessed,4.64
P-101647,Las Vegas,NV,Clark,Single Family,6,5.0,5885,14087,1940,724376.79,665200.48,False,716508.37,600198.63,1.089,Within band,1.09
P-101649,Manhattan,NY,New York,Condo,2,1.5,1980,6641,1956,479301.12,408298.29,True,485870.27,748298.55,1.1739,Under-assessed,-1.37
P-101650,Sacramento,CA,Sacramento,Single Family,3,4.5,5283,10476,1994,2182958.44,1763989.55,True,2093991.97,1603854.16,1.2375,Under-assessed,4.08
P-101651,Scottsdale,AZ,Maricopa,Townhouse,1,1.5,2270,7227,2014,871321.45,765539.4,True,831573.06,484560.74,1.1382,Under-assessed,4.56
P-101652,Saint Paul,MN,Ramsey,Single Family,2,3.0,1652,3552,2018,210867.85,217611.75,True,212120.38,311140.03,0.969,Within band,-0.59
P-101653,Phoenix,AZ,Maricopa,Single Family,2,5.0,5534,6365,1991,545127.87,552444.25,False,563513.88,577144.43,0.9868,Within band,-3.37
P-101654,Lawrenceville,GA,Gwinnett,Condo,2,1.5,6094,9648,1944,370328.08,377037.69,True,393093.45,513393.35,0.9822,Within band,-6.15
P-101655,Fairfax,VA,Fairfax,Condo,6,5.0,5213,6724,1999,438181.8,454813.01,True,461056.06,495343.78,0.9634,Within band,-5.22
P-101656,Dallas,TX,Dallas,Single Family,1,3.0,4853,12631,2018,424855.62,445211.69,True,422345.18,414070.68,0.9543,Within band,0.59
P-101657,Kansas City,MO,Jackson,Condo,1,4.0,813,4021,2004,508021.23,483203.66,False,516894.5,528083.15,1.0514,Within band,-1.75
P-101658,San Antonio,TX,Bexar,Single Family,1,1.0,3429,13157,1997,339129.62,359070.01,False,349543.01,457864.87,0.9445,Within band,-3.07
P-101659,Charlotte,NC,Mecklenburg,Townhouse,5,1.0,816,10318,1983,795985.29,702301.39,True,800469.27,492567.25,1.1334,Under-assessed,-0.56
P-101660,Grand Rapids,MI,Kent,Condo,5,2.5,5704,16371,1941,309856.55,303638.84,True,311252.77,441745.37,1.0205,Within band,-0.45
P-101661,Manhattan,NY,New York,Single Family,2,1.5,5319,12213,2020,522975.02,562617.24,True,534581.39,752457.68,0.9295,Within band,-2.22
P-101662,Provo,UT,Utah,Townhouse,7,2.5,1790,5730,1988,133255.29,134382.24,True,136126.69,303564.18,0.9916,Within band,-2.15
P-101663,Charleston,SC,Charleston,Single Family,2,1.0,3879,7614,1933,476747.38,508726.85,True,520289.67,580598.25,0.9371,Within band,-9.13
P-101664,Cambridge,MA,Middlesex,Condo,3,1.5,3629,10828,1942,2109352.89,1884668.32,True,1980091.54,1431486.52,1.1192,Under-assessed,6.13
P-101665,Lakewood,CO,Jefferson,Condo,5,2.0,3874,4236,2020,699417.05,708357.82,True,747666.29,719875.38,0.9874,Within band,-6.9
P-101666,Cincinnati,OH,Hamilton,Condo,7,1.0,2225,6977,2022,647793.66,651548.07,False,663372.74,648270.93,0.9942,Within band,-2.4
P-101667,Tucson,AZ,Pima,Single Family,2,4.5,1827,5440,1986,413597.66,389391.02,False,421514.6,419530.0,1.0622,Within band,-1.91
P-101669,Columbus,OH,Franklin,Condo,7,1.0,2570,7077,1987,610124.43,537887.56,True,597993.88,752104.62,1.1343,Under-assessed,1.99
P-101670,Lexington,KY,Fayette,Townhouse,3,3.0,5622,11965,1974,569340.61,479075.33,True,536022.35,485870.87,1.1884,Under-assessed,5.85
P-101671,Jacksonville,FL,Duval,Single Family,4,1.5,5911,13231,1946,331303.65,322685.61,True,346518.01,441054.53,1.0267,Within band,-4.59
P-101673,Everett,WA,Snohomish,Condo,1,3.0,5238,10181,1991,1309617.06,1409541.5,False,1367339.83,1476357.91,0.9291,Within band,-4.41
P-101674,Queens,NY,Queens,Condo,7,4.5,6440,12325,1971,2458226.54,2699289.9,True,2555344.5,1878388.61,0.9107,Within band,-3.95
P-101675,Honolulu,HI,Honolulu,Condo,2,1.5,4898,12577,1924,2509164.12,2602301.37,True,2605523.73,1918507.5,0.9642,Within band,-3.84
P-101676,Pittsburgh,PA,Allegheny,Multi Family,6,1.5,1444,10988,1984,308071.6,299744.03,False,317554.02,356789.25,1.0278,Within band,-3.08
P-101677,Waukegan,IL,Lake,Single Family,3,5.0,6127,18054,1983,477623.13,449265.14,True,498390.72,547301.05,1.0631,Within band,-4.35
P-101679,Saint Paul,MN,Ramsey,Townhouse,4,1.5,3957,8994,1971,711224.9,681980.73,True,725502.61,551379.05,1.0429,Within band,-2.01
P-101680,Dallas,TX,Dallas,Condo,6,5.0,4015,15706,2010,715696.53,745952.55,False,738585.71,594587.45,0.9594,Within band,-3.2
P-101681,Scottsdale,AZ,Maricopa,Multi Family,4,3.0,5030,12243,1972,848418.37,835443.69,False,859722.51,403712.78,1.0155,Within band,-1.33
P-101682,Nashville,TN,Davidson,Townhouse,6,3.0,1335,11133,1985,244924.56,228765.56,True,252054.72,419126.14,1.0706,Within band,-2.91
P-101683,Reno,NV,Washoe,Multi Family,5,2.5,1077,4627,1936,779222.2,778435.7,True,810493.38,546761.99,1.001,Within band,-4.01
P-101684,Wichita,KS,Sedgwick,Multi Family,2,3.5,1308,8397,1985,387407.07,327182.96,True,369710.64,338761.39,1.1841,Under-assessed,4.57
P-101685,Fort Wayne,IN,Allen,Single Family,6,3.5,2319,8863,2012,840836.67,824140.8,True,843122.89,617285.52,1.0203,Within band,-0.27
P-101686,Jacksonville,FL,Duval,Condo,2,4.5,1745,5334,1983,645852.14,581980.97,False,632816.07,401486.59,1.1097,Under-assessed,2.02
P-101687,Austin,TX,Travis,Single Family,2,4.5,691,5067,1945,269048.16,276715.76,False,272547.01,372564.49,0.9723,Within band,-1.3
P-101688,Naperville,IL,DuPage,Single Family,2,3.5,5889,13865,1990,608230.76,535738.57,False,607470.48,566299.29,1.1353,Under-assessed,0.12
P-101689,Albuquerque,NM,Bernalillo,Multi Family,5,1.0,5945,16231,1969,350718.07,354858.7,True,374955.6,601549.22,0.9883,Within band,-6.91
P-101690,Provo,UT,Utah,Single Family,3,2.5,6443,8826,2000,762648.02,758306.94,False,756426.7,594902.93,1.0057,Within band,0.82
P-101691,Jacksonville,FL,Duval,Townhouse,4,4.5,6145,17157,1986,792756.61,684440.74,True,754492.82,669590.6,1.1583,Under-assessed,4.83
P-101692,Pittsburgh,PA,Allegheny,Single Family,3,1.0,3845,10986,1975,804021.73,799844.94,True,790185.37,620063.21,1.0052,Within band,1.72
P-101693,Phoenix,AZ,Maricopa,Townhouse,5,5.0,4110,8150,1938,556420.84,566017.82,True,555903.03,451991.71,0.983,Within band,0.09
P-101694,Rockville,MD,Montgomery,Multi Family,2,4.5,3016,6389,1993,1111997.25,965609.08,True,1034129.24,945030.09,1.1516,Under-assessed,7.0
P-101695,Fort Wayne,IN,Allen,Townhouse,4,3.5,2225,3445,1980,165402.09,143099.29,False,161041.59,413516.82,1.1559,Under-assessed,2.64
P-101696,Cincinnati,OH,Hamilton,Single Family,2,2.0,1992,13947,1946,342363.2,320316.81,False,338743.36,407812.17,1.0688,Within band,1.06
P-101697,Miami,FL,Miami-Dade,Condo,4,4.0,6498,18413,1922,703276.11,768574.45,False,734493.47,739785.26,0.915,Within band,-4.44
P-101698,Lexington,KY,Fayette,Condo,1,4.5,4128,5082,2020,756550.64,610508.12,False,631842.48,550279.09,1.2392,Under-assessed,16.48
P-101699,Honolulu,HI,Honolulu,Condo,6,3.0,4028,11160,1993,2997944.37,3220541.66,True,3020698.83,2393906.2,0.9309,Within band,-0.76
P-101700,Henderson,NV,Clark,Multi Family,3,1.5,5131,8266,1976,543009.85,554980.52,True,568412.1,584363.78,0.9784,Within band,-4.68
P-101701,Portland,OR,Multnomah,Multi Family,5,3.5,5670,9181,1984,348692.16,357085.85,False,360200.68,499102.36,0.9765,Within band,-3.3
P-101702,Baton Rouge,LA,East Baton Rouge,Single Family,3,2.5,3042,6846,1965,315885.55,309081.18,False,317921.8,388983.84,1.022,Within band,-0.64
P-101703,Fort Worth,TX,Tarrant,Single Family,2,3.5,3142,10016,1999,346775.17,277492.1,True,297812.48,611611.83,1.2497,Under-assessed,14.12
P-101704,Portland,OR,Multnomah,Single Family,4,1.5,2125,5031,1934,1274987.61,1396753.88,False,1316622.33,826945.73,0.9128,Within band,-3.27
P-101705,Indianapolis,IN,Marion,Single Family,1,3.0,1604,6746,1986,589698.71,510090.86,False,575729.39,480543.79,1.1561,Under-assessed,2.37
P-101706,Austin,TX,Travis,Single Family,2,3.5,4547,7709,2021,524553.45,575674.04,False,542371.11,599524.29,0.9112,Within band,-3.4
P-101707,Provo,UT,Utah,Single Family,5,3.0,5577,14886,2018,571150.75,613418.3,False,597835.79,517868.88,0.9311,Within band,-4.67
P-101708,Tampa,FL,Hillsborough,Condo,7,4.0,4960,12136,1930,511299.73,510317.67,False,566236.12,540087.8,1.0019,Within band,-10.74
P-101709,Naperville,IL,DuPage,Single Family,5,4.0,1285,3803,1995,291602.53,245572.82,False,282348.19,403940.97,1.1874,Under-assessed,3.17
P-101710,Louisville,KY,Jefferson,Condo,4,1.5,4459,12585,1966,527277.23,482778.75,True,519251.23,528904.34,1.0922,Within band,1.52
P-101711,Pittsburgh,PA,Allegheny,Multi Family,5,3.5,1201,8235,1960,502501.57,427330.1,True,461269.29,328800.66,1.1759,Under-assessed,8.21
P-101712,Tampa,FL,Hillsborough,Condo,2,1.0,2091,7408,1965,575298.88,547909.21,True,571828.69,466810.97,1.05,Within band,0.6
P-101715,Arlington,VA,Arlington,Condo,3,4.0,5219,10554,1953,636587.34,576569.3,True,612049.29,649185.92,1.1041,Under-assessed,3.85
P-101718,Tampa,FL,Hillsborough,Townhouse,5,1.0,1703,12948,1969,220992.22,206361.9,True,221552.96,206866.36,1.0709,Within band,-0.25
P-101720,Columbus,OH,Franklin,Townhouse,2,3.0,2068,5395,1963,238069.81,243505.29,False,243119.77,408273.25,0.9777,Within band,-2.12
P-101723,Boise,ID,Ada,Single Family,5,2.5,2772,14153,2022,789332.95,831048.48,False,808576.35,503261.29,0.9498,Within band,-2.44
P-101724,Aurora,CO,Arapahoe,Condo,2,2.5,1359,4914,1982,1047250.58,1109717.15,False,1221209.06,806509.94,0.9437,Within band,-16.61
P-101725,Detroit,MI,Wayne,Single Family,5,4.0,2378,13507,1962,402065.07,376130.89,True,394943.06,475578.54,1.0689,Within band,1.77
P-101726,Boston,MA,Suffolk,Single Family,3,3.0,3020,6062,1936,2400153.46,2155531.44,True,2416659.48,1727098.95,1.1135,Under-assessed,-0.69
P-101727,Indianapolis,IN,Marion,Townhouse,2,5.0,4919,7977,1985,870503.01,698260.59,True,792079.19,596434.39,1.2467,Under-assessed,9.01
P-101728,Salt Lake City,UT,Salt Lake,Condo,4,1.5,6048,8167,1927,608099.64,524353.47,False,585232.32,590983.17,1.1597,Under-assessed,3.76
P-101729,Lawrenceville,GA,Gwinnett,Single Family,4,3.0,6431,7777,1952,736474.76,637757.92,True,687145.92,643119.06,1.1548,Under-assessed,6.7
P-101730,Knoxville,TN,Knox,Condo,2,2.5,1166,10917,2021,597617.62,495428.24,True,571022.26,526919.76,1.2063,Under-assessed,4.45
P-101731,New Orleans,LA,Orleans,Single Family,1,1.0,974,4349,2021,613880.96,545339.83,False,614690.23,489648.89,1.1257,Under-assessed,-0.13
P-101732,Indianapolis,IN,Marion,Single Family,5,4.0,1039,12680,2023,808467.54,735630.12,True,797354.51,475088.54,1.099,Within band,1.37
P-101733,Phoenix,AZ,Maricopa,Single Family,2,2.5,1562,4186,1941,265249.04,260109.73,True,270777.25,344172.23,1.0198,Within band,-2.08
P-101735,Brooklyn,NY,Kings,Condo,2,1.5,5359,8841,1984,1716781.22,1458422.66,True,1583972.21,1249657.18,1.1771,Under-assessed,7.74
P-101736,Oklahoma City,OK,Oklahoma,Townhouse,6,4.0,5268,7989,2004,713182.32,656317.44,True,704936.89,622183.85,1.0866,Within band,1.16
P-101737,Chicago,IL,Cook,Condo,5,5.0,1350,3192,1986,633102.59,658110.94,True,655996.94,535686.19,0.962,Within band,-3.62
P-101738,St. Louis,MO,St. Louis,Condo,6,2.5,3682,7817,2000,860758.59,710081.97,False,821116.54,678111.8,1.2122,Under-assessed,4.61
P-101739,Lexington,KY,Fayette,Condo,1,2.5,3959,7128,2008,427224.1,405420.04,True,451578.28,545117.23,1.0538,Within band,-5.7
P-101740,Naperville,IL,DuPage,Single Family,4,3.0,5479,6674,1994,389915.88,407153.16,True,432575.21,535724.09,0.9577,Within band,-10.94
P-101741,Atlanta,GA,Fulton,Single Family,6,4.5,3926,5809,1966,795391.49,658737.71,True,689853.7,516700.37,1.2074,Under-assessed,13.27
P-101742,Lakewood,CO,Jefferson,Townhouse,2,1.5,2742,12327,1997,315319.53,333987.09,False,328811.85,514909.95,0.9441,Within band,-4.28
P-101743,Tulsa,OK,Tulsa,Townhouse,1,3.5,4542,8214,1987,635954.83,581533.69,False,615758.61,579487.72,1.0936,Within band,3.18
P-101744,Fort Worth,TX,Tarrant,Condo,4,2.0,4141,9147,1948,646208.87,587500.81,False,644750.13,567719.11,1.0999,Within band,0.23
P-101745,Fort Lauderdale,FL,Broward,Single Family,4,1.0,1571,3465,2007,381801.4,376293.13,False,389894.1,395603.49,1.0146,Within band,-2.12
P-101746,Austin,TX,Travis,Condo,7,5.0,4041,5070,1924,843759.9,761836.48,True,797591.12,731135.17,1.1075,Under-assessed,5.47
P-101747,Denver,CO,Denver,Single Family,2,4.0,2244,4707,1982,774736.01,772687.51,True,776122.37,808597.31,1.0027,Within band,-0.18
P-101748,Billings,MT,Yellowstone,Condo,4,1.5,3457,9250,2000,751135.84,662894.56,True,745481.36,548189.27,1.1331,Under-assessed,0.75
P-101749,San Antonio,TX,Bexar,Single Family,5,3.0,6164,14752,1998,430723.75,373910.08,True,406004.36,577021.15,1.1519,Under-assessed,5.74
P-101750,Tacoma,WA,Pierce,Condo,2,2.5,4971,11063,1971,2220054.97,2256651.85,True,2337129.26,1744000.16,0.9838,Within band,-5.27
P-101751,San Antonio,TX,Bexar,Condo,1,3.5,610,12434,1969,290370.26,318486.98,True,301823.72,351063.54,0.9117,Within band,-3.94
P-101752,Charleston,SC,Charleston,Condo,4,4.5,2903,13515,1974,327852.74,356105.47,True,346140.79,415863.34,0.9207,Within band,-5.58
P-101753,Chicago,IL,Cook,Single Family,6,3.0,1171,2045,1931,136495.68,129230.0,False,135601.49,325895.6,1.0562,Within band,0.66
P-101754,Henderson,NV,Clark,Single Family,4,4.5,2256,10748,1945,896759.07,941918.1,False,818507.32,339004.94,0.9521,Within band,8.73
P-101758,Tampa,FL,Hillsborough,Single Family,5,2.5,5006,16159,2002,355084.75,361911.37,True,356171.06,464283.68,0.9811,Within band,-0.31
P-101759,St. Louis,MO,St. Louis,Single Family,7,3.0,2748,12909,1936,493782.91,403581.97,False,464838.33,471752.19,1.2235,Under-assessed,5.86
P-101760,Charlotte,NC,Mecklenburg,Single Family,6,5.0,3267,13493,1984,766331.08,841549.67,False,781574.26,512593.77,0.9106,Within band,-1.99
P-101761,Waukegan,IL,Lake,Townhouse,4,1.0,6442,12049,1939,450193.92,465667.7,False,453455.96,474357.62,0.9668,Within band,-0.72
P-101762,Tulsa,OK,Tulsa,Townhouse,7,2.0,2614,8483,1971,395046.9,432000.16,True,414697.14,330335.44,0.9145,Within band,-4.97
P-101763,Decatur,GA,DeKalb,Townhouse,3,2.5,1365,10514,1961,123415.74,103472.6,False,128994.66,280929.3,1.1927,Under-assessed,-4.52
P-101764,Jacksonville,FL,Duval,Single Family,5,2.5,1058,6736,1958,533935.6,498955.47,False,494359.41,253540.81,1.0701,Within band,7.41
P-101765,Baton Rouge,LA,East Baton Rouge,Townhouse,2,5.0,1459,7598,1930,537911.61,453783.25,True,517548.09,504062.35,1.1854,Under-assessed,3.79
P-101766,Baton Rouge,LA,East Baton Rouge,Townhouse,6,4.5,6216,13077,2019,531735.9,530893.11,True,547882.22,683120.35,1.0016,Within band,-3.04
P-101767,Tampa,FL,Hillsborough,Condo,4,4.0,1446,12508,2022,384095.65,388928.43,False,388015.64,438891.7,0.9876,Within band,-1.02
P-101768,Cambridge,MA,Middlesex,Condo,1,2.5,3323,3761,1976,3294968.38,3224778.68,False,3197754.58,2300845.04,1.0218,Within band,2.95
P-101769,Cambridge,MA,Middlesex,Single Family,4,4.5,3301,8216,1977,2791299.43,2758573.19,True,2714504.18,2036110.57,1.0119,Within band,2.75
P-101770,Jacksonville,FL,Duval,Townhouse,7,2.5,4552,14319,1980,600242.07,569052.26,True,575451.25,649158.88,1.0548,Within band,4.13
P-101771,Louisville,KY,Jefferson,Single Family,4,4.0,1686,4921,2006,559639.09,518523.56,True,564963.93,433545.59,1.0793,Within band,-0.95
P-101772,San Antonio,TX,Bexar,Single Family,4,3.0,1615,4152,2019,888869.4,750434.74,False,867882.76,614732.46,1.1845,Under-assessed,2.36
P-101773,Orlando,FL,Orange,Single Family,1,3.5,2917,8889,1963,553433.81,490860.93,False,538073.46,482315.38,1.1275,Under-assessed,2.78
P-101774,Tampa,FL,Hillsborough,Single Family,6,4.0,3997,12336,1926,557182.76,548172.24,True,575495.91,542314.07,1.0164,Within band,-3.29
P-101778,Provo,UT,Utah,Single Family,5,5.0,5637,9098,1987,351780.27,336273.77,True,355213.02,430249.46,1.0461,Within band,-0.98
P-101779,Brooklyn,NY,Kings,Condo,2,4.0,4163,8948,1981,1298186.93,1356412.72,True,1390339.81,1817833.84,0.9571,Within band,-7.1
P-101780,Arlington,VA,Arlington,Townhouse,5,1.5,6195,17550,1990,869245.8,918289.74,True,913739.74,802959.76,0.9466,Within band,-5.12
P-101781,Lakewood,CO,Jefferson,Townhouse,6,3.5,2642,4146,2023,692443.75,644768.11,True,716663.09,785173.15,1.0739,Within band,-3.5
P-101782,New Orleans,LA,Orleans,Multi Family,4,5.0,1123,3117,2004,889355.41,935543.78,False,885150.11,595541.91,0.9506,Within band,0.47
P-101783,Albuquerque,NM,Bernalillo,Single Family,2,4.5,2302,6076,1982,671462.0,591526.08,True,652707.93,548533.23,1.1351,Under-assessed,2.79
P-101784,Aurora,CO,Arapahoe,Condo,7,3.5,3285,12855,1969,1123783.29,1008781.53,False,1071514.76,955723.38,1.114,Under-assessed,4.65
P-101785,Boston,MA,Suffolk,Single Family,4,4.5,5938,12890,1953,2399400.21,2109529.38,True,2400232.81,1839755.39,1.1374,Under-assessed,-0.03
P-101786,Fort Lauderdale,FL,Broward,Condo,2,1.0,1103,5884,1939,188468.5,179616.22,False,189328.65,304128.26,1.0493,Within band,-0.46
P-101787,Henderson,NV,Clark,Single Family,7,3.5,3949,10077,2000,198999.74,178100.72,False,200823.8,383731.88,1.1173,Under-assessed,-0.92
P-101788,Decatur,GA,DeKalb,Condo,2,4.5,6101,15784,2008,678998.3,600061.19,True,677981.82,609324.56,1.1315,Under-assessed,0.15
P-101789,Fairfax,VA,Fairfax,Condo,3,3.5,4361,15081,2019,1300150.36,1266494.2,True,1258928.89,898717.56,1.0266,Within band,3.17
P-101790,Decatur,GA,DeKalb,Condo,3,5.0,2187,2920,1959,854897.52,844855.34,True,830688.7,477953.5,1.0119,Within band,2.83
P-101791,Irvine,CA,Orange,Single Family,3,3.5,2247,9782,1934,1311674.51,1143468.03,False,1208694.41,1336253.04,1.1471,Under-assessed,7.85
P-101792,Everett,WA,Snohomish,Multi Family,7,1.0,2037,5668,1945,1675203.86,1826653.24,True,1783238.8,1224525.47,0.9171,Within band,-6.45
P-101793,Henderson,NV,Clark,Single Family,6,2.5,3919,14225,1980,702963.99,658261.38,False,681525.0,590421.23,1.0679,Within band,3.05
P-101794,Saint Paul,MN,Ramsey,Single Family,1,1.5,2056,3419,2009,527589.03,482702.52,True,514649.95,409709.74,1.093,Within band,2.45
P-101795,Lexington,KY,Fayette,Condo,3,3.5,1270,8128,1962,489002.67,522702.46,False,503459.36,452776.27,0.9355,Within band,-2.96
P-101796,Seattle,WA,King,Townhouse,6,3.5,1504,10900,1923,885187.71,789035.21,True,856707.02,844805.85,1.1219,Under-assessed,3.22
P-101797,Miami,FL,Miami-Dade,Condo,2,4.0,2263,6164,1920,366253.18,377853.82,False,384576.69,417310.01,0.9693,Within band,-5.0
P-101800,Miami,FL,Miami-Dade,Single Family,1,3.5,3574,13235,1930,724072.52,746318.51,True,727565.91,580145.27,0.9702,Within band,-0.48
P-101801,Cincinnati,OH,Hamilton,Condo,6,3.0,953,7272,1964,669281.74,661815.32,True,681516.16,613754.9,1.0113,Within band,-1.83
P-101802,Arlington,VA,Arlington,Single Family,4,5.0,5908,11156,1974,476645.89,407382.73,True,458809.33,541667.22,1.17,Under-assessed,3.74
P-101803,Albuquerque,NM,Bernalillo,Single Family,6,1.5,816,10750,2020,291818.34,233737.25,True,276290.92,382814.12,1.2485,Under-assessed,5.32
P-101804,Oakland,CA,Alameda,Single Family,6,4.0,6062,8815,1987,523575.79,544874.8,False,539102.11,1071152.94,0.9609,Within band,-2.97
P-101806,Eugene,OR,Lane,Townhouse,6,1.5,5456,8196,1939,344302.6,359722.66,True,350271.79,483478.46,0.9571,Within band,-1.73
P-101807,Everett,WA,Snohomish,Single Family,4,4.5,2776,14613,1987,1718999.33,1472737.23,True,1650644.72,1958067.89,1.1672,Under-assessed,3.98
P-101809,San Francisco,CA,San Francisco,Townhouse,1,2.0,3725,11767,1934,2210858.55,2047406.7,True,2244952.98,1525465.34,1.0798,Within band,-1.54
P-101810,Charlotte,NC,Mecklenburg,Multi Family,5,2.0,4823,16680,2020,492404.22,428700.17,True,462469.8,497203.07,1.1486,Under-assessed,6.08
P-101811,Tacoma,WA,Pierce,Single Family,5,2.0,3903,13584,2005,2247162.98,2300651.25,False,2340715.51,1963766.57,0.9768,Within band,-4.16
P-101812,New Orleans,LA,Orleans,Townhouse,1,2.5,5250,15916,1955,654814.87,689649.62,True,672990.43,548675.34,0.9495,Within band,-2.78
P-101813,Baltimore,MD,Baltimore,Single Family,6,3.0,2334,7278,2002,683117.79,597243.41,True,678462.52,902125.58,1.1438,Under-assessed,0.68
P-101814,Baton Rouge,LA,East Baton Rouge,Single Family,6,2.5,3717,13408,2009,786621.64,781190.51,True,792283.12,708595.59,1.007,Within band,-0.72
P-101815,Miami,FL,Miami-Dade,Condo,3,3.5,735,7284,1993,712033.29,734963.05,False,750115.61,467276.31,0.9688,Within band,-5.35
P-101816,Dallas,TX,Dallas,Condo,5,2.5,3457,8018,1994,237197.88,197358.42,False,235300.13,361591.07,1.2019,Under-assessed,0.8
P-101817,Omaha,NE,Douglas,Townhouse,2,3.5,4272,9530,1946,532362.11,506190.73,False,524661.71,632692.82,1.0517,Within band,1.45
P-101818,Aurora,CO,Arapahoe,Multi Family,3,2.0,3748,6817,1958,1298603.72,1392853.06,False,1331810.37,793779.37,0.9323,Within band,-2.56
P-101819,Tucson,AZ,Pima,Single Family,6,2.5,5266,9927,1920,502349.31,414442.2,True,483690.25,584265.15,1.2121,Under-assessed,3.71
P-101821,Brooklyn,NY,Kings,Single Family,1,2.0,1955,6723,2001,775416.89,713234.66,True,797008.75,977555.51,1.0872,Within band,-2.78
P-101822,San Francisco,CA,San Francisco,Condo,4,4.0,3546,15519,2022,487615.76,439909.01,False,500399.71,865825.63,1.1084,Under-assessed,-2.62
P-101823,Portland,OR,Multnomah,Townhouse,2,3.0,5454,8374,1941,402773.23,426470.83,True,417282.2,550691.59,0.9444,Within band,-3.6
P-101824,Seattle,WA,King,Single Family,2,5.0,3564,14924,2010,1660152.88,1617527.24,True,1693860.72,1741234.33,1.0264,Within band,-2.03
P-101825,Tampa,FL,Hillsborough,Single Family,1,5.0,5896,10855,2009,359634.46,393406.94,True,421838.99,548940.52,0.9142,Within band,-17.3
P-101826,Provo,UT,Utah,Single Family,2,4.0,4344,15288,1961,860550.52,924181.57,True,856876.7,556004.98,0.9311,Within band,0.43
P-101827,Lawrenceville,GA,Gwinnett,Single Family,2,1.0,4838,9993,1937,289828.08,266871.57,True,288856.67,663391.65,1.086,Within band,0.34
P-101829,Eugene,OR,Lane,Condo,6,5.0,4642,15124,2010,1391914.47,1409311.29,False,1377113.67,1225434.24,0.9877,Within band,1.06
P-101831,Manhattan,NY,New York,Townhouse,3,1.5,4178,15096,1988,2257462.68,2207930.21,False,2293746.34,1554203.91,1.0224,Within band,-1.61
P-101832,Las Vegas,NV,Clark,Single Family,7,5.0,5323,8447,1968,625521.28,617994.69,True,639487.6,551488.63,1.0122,Within band,-2.23
P-101833,Tacoma,WA,Pierce,Condo,1,5.0,5631,15495,1967,2215380.43,2317699.09,True,2231168.06,1964119.87,0.9559,Within band,-0.71
P-101835,Chicago,IL,Cook,Multi Family,2,1.5,2547,11506,1921,753255.98,683595.54,True,723273.8,457911.07,1.1019,Under-assessed,3.98
P-101836,Tacoma,WA,Pierce,Condo,7,2.5,6399,6965,2015,1448588.8,1311415.59,False,1429828.09,2029077.1,1.1046,Under-assessed,1.3
P-101837,San Antonio,TX,Bexar,Condo,7,4.0,2479,9063,2016,397275.74,318990.54,True,388617.52,514278.79,1.2454,Under-assessed,2.18
P-101839,Columbia,SC,Richland,Single Family,6,3.5,1738,3704,1929,824463.2,844878.02,False,841013.61,547398.75,0.9758,Within band,-2.01
P-101840,Irvine,CA,Orange,Single Family,1,5.0,4727,11325,1940,3420666.6,3574334.51,False,3368041.74,2822580.74,0.957,Within band,1.54
P-101841,San Antonio,TX,Bexar,Multi Family,3,5.0,3649,15367,1931,648457.99,543859.61,True,604788.97,401041.27,1.1923,Under-assessed,6.73
P-101842,Sacramento,CA,Sacramento,Single Family,4,5.0,4455,13186,1977,2406664.93,2063638.2,True,2427818.09,1678436.87,1.1662,Under-assessed,-0.88
P-101843,Naperville,IL,DuPage,Single Family,3,2.5,2278,7304,1959,221173.25,204233.05,False,227713.6,489246.93,1.0829,Within band,-2.96
P-101844,Oakland,CA,Alameda,Townhouse,3,4.5,5279,10250,1937,594341.63,610954.53,True,597077.64,1038863.81,0.9728,Within band,-0.46
P-101845,Jacksonville,FL,Duval,Condo,7,5.0,5368,14449,1983,677945.17,709775.66,False,718064.73,690273.22,0.9552,Within band,-5.92
P-101846,Baltimore,MD,Baltimore,Single Family,5,2.5,5635,13113,2002,1063033.27,863731.46,True,992941.5,879320.82,1.2307,Under-assessed,6.59
P-101847,Raleigh,NC,Wake,Single Family,6,4.5,2429,7025,1934,540069.73,437017.04,False,465149.15,338597.56,1.2358,Under-assessed,13.87
P-101848,Charlotte,NC,Mecklenburg,Townhouse,2,1.5,5018,15463,1961,305972.26,310894.68,False,333513.98,538186.32,0.9842,Within band,-9.0
P-101849,Eugene,OR,Lane,Condo,3,4.0,4336,4474,1937,1472545.38,1384896.9,True,1403471.86,1135618.38,1.0633,Within band,4.69
P-101851,Salt Lake City,UT,Salt Lake,Single Family,7,1.0,917,8380,2019,229073.79,183887.76,True,218098.28,331926.48,1.2457,Under-assessed,4.79
P-101852,Tampa,FL,Hillsborough,Single Family,5,1.0,2889,4441,1922,863000.16,833300.47,True,864940.01,493716.38,1.0356,Within band,-0.22
P-101853,Queens,NY,Queens,Single Family,1,3.0,5211,14199,1973,1883557.83,1961840.97,True,1857240.49,1474015.19,0.9601,Within band,1.4
P-101854,Bronx,NY,Bronx,Condo,7,1.0,4397,8399,1937,1389271.1,1386245.42,False,1373713.24,1283050.48,1.0022,Within band,1.12
P-101855,Waukegan,IL,Lake,Single Family,4,5.0,5432,14826,1938,323675.0,314639.0,True,328088.79,431757.6,1.0287,Within band,-1.36
P-101856,Lawrenceville,GA,Gwinnett,Condo,2,2.5,1285,5615,1965,657685.01,599463.89,True,636344.88,633375.01,1.0971,Within band,3.24
P-101857,San Jose,CA,Santa Clara,Condo,2,2.0,3500,9747,2023,2532023.04,2047141.46,True,2461971.67,1942113.75,1.2369,Under-assessed,2.77
P-101858,Naperville,IL,DuPage,Single Family,5,1.0,5843,8095,1923,415761.02,345388.57,True,394820.23,548847.15,1.2037,Under-assessed,5.04
P-101859,Columbus,OH,Franklin,Single Family,6,4.0,4185,14899,1951,703644.97,735232.05,False,740230.16,713199.7,0.957,Within band,-5.2
P-101860,Tampa,FL,Hillsborough,Townhouse,6,3.0,2812,5133,1972,737842.84,708463.07,False,746555.51,421733.01,1.0415,Within band,-1.18
P-101861,Grand Rapids,MI,Kent,Single Family,3,3.0,857,3854,2022,269373.02,243567.42,True,261660.57,399162.5,1.1059,Under-assessed,2.86
P-101862,Albuquerque,NM,Bernalillo,Single Family,3,1.0,4672,16404,2005,516614.61,519630.46,True,532068.1,520994.11,0.9942,Within band,-2.99
P-101863,Jacksonville,FL,Duval,Single Family,4,3.0,2936,7416,1992,424604.31,414494.54,True,428471.6,431484.53,1.0244,Within band,-0.91
P-101864,Detroit,MI,Wayne,Single Family,6,4.5,3583,9563,2022,282156.3,275979.29,False,283735.19,362027.77,1.0224,Within band,-0.56
P-101865,Dallas,TX,Dallas,Condo,1,4.5,1887,7792,1952,751664.43,766202.89,True,747286.68,517521.01,0.981,Within band,0.58
P-101866,Phoenix,AZ,Maricopa,Multi Family,2,3.5,6075,7781,2010,492000.8,411958.45,True,483941.12,586975.67,1.1943,Under-assessed,1.64
P-101867,Tucson,AZ,Pima,Condo,3,3.0,1866,9401,1991,567101.66,570336.25,False,600568.76,497525.41,0.9943,Within band,-5.9
P-101868,Nashville,TN,Davidson,Condo,1,2.0,4275,16155,1944,686005.3,694847.34,True,682535.36,550269.58,0.9873,Within band,0.51
P-101869,Jacksonville,FL,Duval,Condo,4,2.0,4497,10845,1933,480102.37,423060.02,True,460591.21,536394.95,1.1348,Under-assessed,4.06
P-101871,Honolulu,HI,Honolulu,Single Family,4,4.0,4617,12506,2021,1282367.89,1266319.12,True,1386263.97,1212249.73,1.0127,Within band,-8.1
P-101872,Kansas City,MO,Jackson,Multi Family,7,2.0,1253,6900,1935,152030.17,138926.18,True,146226.65,259045.35,1.0943,Within band,3.82
P-101873,Albuquerque,NM,Bernalillo,Townhouse,2,4.5,1159,7076,1965,491594.08,536268.97,True,530203.19,440003.81,0.9167,Within band,-7.85
P-101874,Phoenix,AZ,Maricopa,Condo,4,4.5,2465,4192,1936,597594.6,637469.99,True,642207.72,428812.23,0.9374,Within band,-7.47
P-101876,Memphis,TN,Shelby,Townhouse,4,1.0,1676,5519,1946,178801.27,186526.79,True,182820.32,229679.41,0.9586,Within band,-2.25
P-101877,San Antonio,TX,Bexar,Condo,5,1.0,4154,4203,1997,340747.34,320117.5,True,343425.63,515840.25,1.0644,Within band,-0.79
P-101878,San Diego,CA,San Diego,Townhouse,5,4.5,3258,8839,2007,2100689.74,2050925.02,True,2341571.63,2344479.69,1.0243,Within band,-11.47
P-101880,Henderson,NV,Clark,Multi Family,3,2.5,3023,12931,1945,789484.99,656840.27,True,716108.98,499981.06,1.2019,Under-assessed,9.29
P-101881,Portland,OR,Multnomah,Townhouse,5,3.5,4257,8692,1999,390451.59,322439.97,False,368343.1,578138.11,1.2109,Under-assessed,5.66
P-101882,Boston,MA,Suffolk,Townhouse,2,4.5,4472,5330,1929,3399396.61,3305904.03,False,3332240.99,3028586.22,1.0283,Within band,1.98
P-101883,Durham,NC,Durham,Condo,1,4.5,5746,15399,1945,423403.05,440567.9,False,466442.99,768483.53,0.961,Within band,-10.17
P-101884,Phoenix,AZ,Maricopa,Single Family,2,3.5,3789,11715,1943,891425.75,941158.83,True,885076.14,637257.15,0.9472,Within band,0.71
P-101885,Lexington,KY,Fayette,Single Family,3,4.0,3718,4041,1920,572660.37,582506.2,False,589390.3,552485.85,0.9831,Within band,-2.92
P-101886,Philadelphia,PA,Philadelphia,Single Family,7,2.5,5817,12463,1963,630304.03,615486.87,False,653857.11,564942.41,1.0241,Within band,-3.74
P-101888,San Francisco,CA,San Francisco,Single Family,6,4.0,2552,10805,2009,1848216.46,1963722.41,False,1884499.25,1542458.24,0.9412,Within band,-1.96
P-101889,Henderson,NV,Clark,Single Family,3,5.0,4691,9730,1928,333761.95,317665.06,False,348241.23,485476.62,1.0507,Within band,-4.34
P-101890,Boston,MA,Suffolk,Townhouse,2,1.5,5785,8423,1937,1075110.76,1045945.74,True,1099566.79,1502117.06,1.0279,Within band,-2.27
P-101891,Houston,TX,Harris,Single Family,3,3.0,4789,9025,2019,393863.01,424229.2,True,416962.15,433981.21,0.9284,Within band,-5.86
P-101892,Billings,MT,Yellowstone,Townhouse,7,2.5,5324,6708,1932,433458.12,442810.58,False,446801.11,474256.58,0.9789,Within band,-3.08
P-101893,Cleveland,OH,Cuyahoga,Multi Family,1,5.0,3490,5549,1921,510104.47,550146.49,True,533135.82,616280.11,0.9272,Within band,-4.52
P-101894,Decatur,GA,DeKalb,Condo,5,4.5,4935,7136,1995,555483.11,610376.19,True,607920.15,588071.97,0.9101,Within band,-9.44
P-101895,Indianapolis,IN,Marion,Condo,4,2.5,5886,14507,1975,732395.22,593540.64,True,698354.6,759442.52,1.2339,Under-assessed,4.65
P-101896,Fort Worth,TX,Tarrant,Single Family,5,2.5,5242,9158,1950,760221.95,632921.47,False,712387.75,577045.13,1.2011,Under-assessed,6.29
P-101898,Charleston,SC,Charleston,Condo,2,5.0,4337,16012,1931,632250.04,572015.11,False,623755.09,595667.27,1.1053,Under-assessed,1.34
P-101899,Provo,UT,Utah,Single Family,6,5.0,1753,7110,2007,421918.12,425188.06,False,440087.19,320598.94,0.9923,Within band,-4.31
P-101900,Jacksonville,FL,Duval,Single Family,5,2.5,3822,15028,1988,341486.66,326995.06,True,339746.07,452267.71,1.0443,Within band,0.51
P-101901,Baltimore,MD,Baltimore,Single Family,7,1.5,5570,6522,2006,1243951.59,1111896.69,True,1258830.23,1087115.68,1.1188,Under-assessed,-1.2
P-101902,Kansas City,MO,Jackson,Townhouse,6,1.5,5286,5965,2001,333732.65,340174.66,True,347946.51,504289.62,0.9811,Within band,-4.26
P-101903,Miami,FL,Miami-Dade,Condo,5,2.5,6155,11935,1924,527100.54,451505.45,False,518938.21,515572.94,1.1674,Under-assessed,1.55
P-101904,Scottsdale,AZ,Maricopa,Condo,7,3.0,1136,12155,1955,817295.38,688443.04,False,712598.57,511897.72,1.1872,Under-assessed,12.81
P-101905,Cleveland,OH,Cuyahoga,Townhouse,6,4.5,800,3089,1953,330467.21,356363.22,True,339334.32,377750.09,0.9273,Within band,-2.68
P-101906,Atlanta,GA,Fulton,Single Family,4,2.5,4610,11756,1965,387655.08,356391.12,False,375445.34,499707.77,1.0877,Within band,3.15
P-101907,Henderson,NV,Clark,Multi Family,4,4.0,1466,7029,2007,312709.25,325089.77,True,350946.63,549401.66,0.9619,Within band,-12.23
P-101908,San Diego,CA,San Diego,Condo,3,2.5,5814,9902,1992,604144.51,568962.11,False,586097.67,1339298.38,1.0618,Within band,2.99
P-101909,Eugene,OR,Lane,Single Family,7,2.0,5539,15429,1925,565256.75,568985.62,True,587724.98,630971.48,0.9934,Within band,-3.97
P-101910,Columbus,OH,Franklin,Single Family,1,1.5,4052,15084,1943,886758.84,931070.17,False,870141.85,809096.32,0.9524,Within band,1.87
P-101911,Sacramento,CA,Sacramento,Condo,2,4.0,2787,7540,1952,1091309.16,1118182.22,True,1157142.8,1311337.04,0.976,Within band,-6.03
P-101912,Albuquerque,NM,Bernalillo,Single Family,4,5.0,2557,7785,1940,480216.15,506221.56,True,493911.01,475496.64,0.9486,Within band,-2.85
P-101913,Fort Lauderdale,FL,Broward,Single Family,1,1.0,5416,6126,1927,639169.16,632931.43,False,656544.49,648049.07,1.0099,Within band,-2.72
P-101914,Eugene,OR,Lane,Single Family,2,5.0,5990,11053,1979,1085067.02,962224.93,False,1074859.33,880436.03,1.1277,Under-assessed,0.94
P-101915,Knoxville,TN,Knox,Condo,3,1.5,4413,9534,1983,279130.13,228997.11,True,270491.06,447100.08,1.2189,Under-assessed,3.09
P-101916,Louisville,KY,Jefferson,Condo,6,2.5,4267,9424,1939,262223.88,240865.34,True,267894.32,409034.33,1.0887,Within band,-2.16
P-101917,Jacksonville,FL,Duval,Townhouse,6,3.5,2221,9645,2002,221760.17,203786.43,False,223063.82,311818.69,1.0882,Within band,-0.59
P-101918,Decatur,GA,DeKalb,Single Family,2,5.0,1769,3765,1922,603548.24,548330.27,False,604269.84,466565.31,1.1007,Under-assessed,-0.12
P-101919,Tulsa,OK,Tulsa,Condo,5,4.0,1690,10815,1953,139950.21,130119.46,False,136614.16,162161.79,1.0756,Within band,2.38
P-101920,Waukegan,IL,Lake,Single Family,4,5.0,1876,6966,1958,431406.1,393953.9,False,431721.72,438199.47,1.0951,Within band,-0.07
P-101921,Louisville,KY,Jefferson,Townhouse,6,1.0,4936,10293,1962,571839.49,592505.14,True,646014.57,661433.39,0.9651,Within band,-12.97
P-101922,Naperville,IL,DuPage,Condo,6,3.0,6480,13244,1989,759629.36,769870.18,True,768289.46,740716.91,0.9867,Within band,-1.14
P-101923,Raleigh,NC,Wake,Single Family,3,4.0,1312,10271,1926,884650.0,843921.22,False,826625.97,387519.65,1.0483,Within band,6.56
P-101924,Charleston,SC,Charleston,Condo,1,2.5,6172,16821,2006,829080.49,684004.19,False,790357.44,700482.18,1.2121,Under-assessed,4.67
P-101926,Tulsa,OK,Tulsa,Single Family,7,1.0,1228,7544,1947,194724.16,177222.17,True,192352.4,200996.24,1.0988,Within band,1.22
P-101927,Queens,NY,Queens,Condo,6,1.5,2984,3063,1995,2137605.23,1817794.82,True,2066166.6,2060647.92,1.1759,Under-assessed,3.34
P-101928,Fort Worth,TX,Tarrant,Condo,1,4.5,4580,14993,1960,431105.32,435091.48,True,441399.86,571458.58,0.9908,Within band,-2.39
P-101929,St. Louis,MO,St. Louis,Condo,7,3.0,4938,8844,1952,893126.45,945964.28,True,929672.51,733079.89,0.9441,Within band,-4.09
P-101930,Omaha,NE,Douglas,Condo,4,1.0,1692,9599,1938,535770.18,574256.74,False,564157.83,490309.11,0.933,Within band,-5.3
P-101931,Chicago,IL,Cook,Multi Family,6,1.0,804,6942,1996,798939.01,681802.19,False,766480.94,476834.52,1.1718,Under-assessed,4.06
P-101932,Decatur,GA,DeKalb,Single Family,2,1.5,2404,4234,1932,460589.31,416325.17,True,453538.84,399622.36,1.1063,Under-assessed,1.53
P-101933,Arlington,VA,Arlington,Single Family,7,4.0,4436,13234,1972,1184225.85,949888.63,True,1083403.33,895857.49,1.2467,Under-assessed,8.51
P-101937,San Francisco,CA,San Francisco,Single Family,2,2.0,5093,8163,1992,528686.13,532324.25,True,602016.3,1164005.79,0.9932,Within band,-13.87
P-101938,Oakland,CA,Alameda,Multi Family,5,1.0,1197,11321,1996,570597.78,487079.98,False,555710.2,703194.83,1.1715,Under-assessed,2.61
P-101939,Seattle,WA,King,Condo,5,3.5,4203,13488,1975,3232695.53,2979451.63,False,3170425.69,2245617.04,1.085,Within band,1.93
P-101940,Eugene,OR,Lane,Single Family,2,5.0,5987,14526,1935,993059.1,824179.0,True,975490.66,955285.33,1.2049,Under-assessed,1.77
P-101941,St. Louis,MO,St. Louis,Condo,5,4.0,837,2416,1981,150428.22,156000.75,False,167247.93,377074.26,0.9643,Within band,-11.18
P-101942,Los Angeles,CA,Los Angeles,Townhouse,2,3.0,4303,12573,1940,1793304.99,1507802.7,False,1771221.78,2064901.1,1.1893,Under-assessed,1.23
P-101943,Salt Lake City,UT,Salt Lake,Single Family,4,2.0,5674,15630,1944,287669.05,259430.04,True,276237.88,407807.58,1.1089,Under-assessed,3.97
P-101944,San Antonio,TX,Bexar,Townhouse,7,5.0,3125,9418,1956,536298.06,450809.23,True,512906.85,482437.24,1.1896,Under-assessed,4.36
P-101945,Jacksonville,FL,Duval,Single Family,4,2.0,1874,9628,1951,380122.44,329841.48,False,366852.34,384815.46,1.1524,Under-assessed,3.49
P-101946,Fort Lauderdale,FL,Broward,Single Family,3,2.0,1352,7486,1970,657976.48,700528.9,True,694350.79,490459.04,0.9393,Within band,-5.53
P-101947,Fort Wayne,IN,Allen,Condo,3,3.0,3580,9528,2022,678949.37,728056.45,False,789073.49,328812.49,0.9326,Within band,-16.22
P-101948,Fort Lauderdale,FL,Broward,Townhouse,3,4.5,5855,10587,1941,716941.21,709436.94,False,755792.46,563281.08,1.0106,Within band,-5.42
P-101949,Orlando,FL,Orange,Multi Family,3,4.5,5856,15857,1942,823618.86,754614.88,True,804065.99,637934.1,1.0914,Within band,2.37
P-101951,Tacoma,WA,Pierce,Condo,2,3.0,3256,6476,1929,528418.77,437286.1,False,516215.86,1083455.07,1.2084,Under-assessed,2.31
P-101954,Austin,TX,Travis,Condo,7,1.0,2133,10007,1941,555179.04,547570.43,False,564460.02,284554.15,1.0139,Within band,-1.67
P-101955,San Jose,CA,Santa Clara,Condo,3,2.0,3646,4247,1979,2336355.48,2135938.26,True,2349385.26,1440173.72,1.0938,Within band,-0.56
P-101956,San Jose,CA,Santa Clara,Condo,4,1.0,5856,13649,1948,3018674.94,2638343.87,False,2974454.32,1902106.79,1.1442,Under-assessed,1.46
P-101958,Boise,ID,Ada,Condo,6,1.5,930,6975,1995,290366.17,295862.51,True,303654.44,526627.86,0.9814,Within band,-4.58
P-101959,Scottsdale,AZ,Maricopa,Condo,6,4.0,5670,16036,1969,451917.22,477395.59,True,465992.24,466567.02,0.9466,Within band,-3.11
P-101960,Henderson,NV,Clark,Single Family,4,2.0,6033,8273,1968,362425.15,321004.91,True,366660.8,484872.31,1.129,Under-assessed,-1.17
P-101961,San Jose,CA,Santa Clara,Townhouse,2,3.5,1890,6418,2002,1194724.77,1118199.11,False,1218715.22,1081335.09,1.0684,Within band,-2.01
P-101962,Henderson,NV,Clark,Townhouse,6,2.0,3305,4550,1941,253015.34,273626.83,True,265760.5,385183.73,0.9247,Within band,-5.04
P-101963,San Francisco,CA,San Francisco,Townhouse,7,2.0,5688,10173,1992,2541240.08,2789314.87,True,2696257.83,2257105.35,0.9111,Within band,-6.1
P-101964,Louisville,KY,Jefferson,Townhouse,3,1.0,4185,4200,1927,557011.1,460594.08,True,477802.62,504181.97,1.2093,Under-assessed,14.22
P-101965,Rockville,MD,Montgomery,Condo,6,4.5,3672,15229,1951,700451.3,620106.78,False,680972.79,737885.04,1.1296,Under-assessed,2.78
P-101967,Waukegan,IL,Lake,Single Family,4,1.5,3750,4540,1951,277819.28,283763.37,True,302414.91,508688.34,0.9791,Within band,-8.85
P-101968,Columbia,SC,Richland,Single Family,6,2.0,6145,6405,2000,591815.45,488927.47,False,548902.89,608418.96,1.2104,Under-assessed,7.25
P-101969,Oakland,CA,Alameda,Multi Family,4,4.5,4399,11852,1950,3052600.57,3142876.36,True,3041216.05,1156669.28,0.9713,Within band,0.37
P-101970,San Jose,CA,Santa Clara,Condo,2,3.5,1509,3276,1926,876115.7,754594.62,True,854764.7,976058.16,1.161,Under-assessed,2.44
P-101971,Lawrenceville,GA,Gwinnett,Condo,6,5.0,3179,8689,2015,732663.4,591150.49,False,622803.2,486691.88,1.2394,Under-assessed,14.99
P-101972,Portland,OR,Multnomah,Condo,3,5.0,4511,11670,1940,428834.91,466467.37,False,450481.88,593826.26,0.9193,Within band,-5.05
P-101973,Kansas City,MO,Jackson,Townhouse,3,4.5,1983,7633,1941,640023.1,555966.91,True,613948.56,559201.92,1.1512,Under-assessed,4.07
P-101974,Provo,UT,Utah,Single Family,5,3.0,5542,11411,1930,419592.59,377693.77,True,410282.82,429348.47,1.1109,Under-assessed,2.22
P-101976,Raleigh,NC,Wake,Single Family,5,3.5,969,3015,2007,354983.7,383973.72,True,368128.52,402394.91,0.9245,Within band,-3.7
P-101977,Manhattan,NY,New York,Single Family,7,3.0,6056,7312,1979,1924851.28,1558620.58,False,1804584.14,1782378.13,1.235,Under-assessed,6.25
P-101978,Charlotte,NC,Mecklenburg,Single Family,5,2.0,6213,7651,1969,810489.13,765449.79,True,773616.14,658915.11,1.0588,Within band,4.55
P-101979,Chicago,IL,Cook,Single Family,3,1.0,4064,10474,1986,849718.8,768364.89,True,789188.79,559770.3,1.1059,Under-assessed,7.12
P-101980,Pittsburgh,PA,Allegheny,Condo,1,2.5,4045,7960,1969,315689.66,253891.92,False,298424.0,361872.36,1.2434,Under-assessed,5.47
P-101981,Phoenix,AZ,Maricopa,Condo,3,1.5,4784,7218,1967,428042.68,351086.08,False,415254.37,527238.73,1.2192,Under-assessed,2.99
P-101982,Fort Wayne,IN,Allen,Condo,6,4.0,2223,3620,1993,451388.81,369026.85,False,438466.77,433090.19,1.2232,Under-assessed,2.86
P-101983,Decatur,GA,DeKalb,Single Family,2,4.5,2906,9547,1995,835037.18,670530.21,False,773820.4,583823.52,1.2453,Under-assessed,7.33
P-101984,Boston,MA,Suffolk,Condo,3,3.5,2453,8815,1920,1731186.64,1475201.31,True,1583145.59,1157878.04,1.1735,Under-assessed,8.55
P-101985,Fairfax,VA,Fairfax,Townhouse,5,3.0,1131,1161,2022,657562.34,691379.97,True,763003.24,558195.18,0.9511,Within band,-16.04
P-101986,Lakewood,CO,Jefferson,Multi Family,2,3.5,1643,12841,2012,575121.93,604864.84,False,591713.82,489979.99,0.9508,Within band,-2.88
P-101987,Charlotte,NC,Mecklenburg,Townhouse,3,5.0,6057,12824,1937,635826.75,572531.63,True,616805.29,599679.97,1.1106,Under-assessed,2.99
P-101988,Boston,MA,Suffolk,Condo,6,4.0,4072,10378,1970,1147032.29,1165399.27,True,1175329.08,1707996.55,0.9842,Within band,-2.47
P-101989,Henderson,NV,Clark,Single Family,5,1.0,6474,9308,2005,637936.4,699412.26,True,688212.68,615838.78,0.9121,Within band,-7.88
P-101990,Chicago,IL,Cook,Single Family,7,4.5,6241,11648,1973,472269.79,460280.86,True,494906.4,544963.8,1.026,Within band,-4.79
P-101991,Boston,MA,Suffolk,Multi Family,3,2.0,2926,13126,1957,2876223.71,2363320.23,False,2669153.47,1997191.89,1.217,Under-assessed,7.2
P-101992,Boston,MA,Suffolk,Single Family,3,4.5,4218,12355,1972,1268152.59,1108146.69,True,1220585.96,1251498.57,1.1444,Under-assessed,3.75
P-101993,Brooklyn,NY,Kings,Multi Family,1,3.5,5978,10383,2010,3283342.63,3429062.22,True,3297573.71,2196547.73,0.9575,Within band,-0.43
P-101994,Lawrenceville,GA,Gwinnett,Multi Family,7,4.0,1229,13055,1950,836474.43,881035.33,False,844108.44,522606.78,0.9494,Within band,-0.91
P-101995,New Orleans,LA,Orleans,Single Family,5,2.5,1760,5172,1992,663633.46,687053.83,False,779915.57,626268.24,0.9659,Within band,-17.52
P-101996,Houston,TX,Harris,Multi Family,4,1.5,5203,10563,2005,299197.69,302680.94,True,304561.81,391397.14,0.9885,Within band,-1.79
P-101997,San Antonio,TX,Bexar,Single Family,2,1.0,5333,15455,1974,428894.06,398263.78,False,447474.57,485649.04,1.0769,Within band,-4.33
P-101998,Denver,CO,Denver,Multi Family,4,1.0,4368,14863,1932,995166.26,796882.48,False,841432.82,662824.12,1.2488,Under-assessed,15.45
P-101999,Baton Rouge,LA,East Baton Rouge,Single Family,2,2.5,1221,7651,1952,686126.46,670416.27,False,718877.99,505355.46,1.0234,Within band,-4.77
P-102000,Salt Lake City,UT,Salt Lake,Condo,4,5.0,1620,2572,1940,377802.37,317724.06,True,373739.37,483933.53,1.1891,Under-assessed,1.08
P-102001,San Diego,CA,San Diego,Single Family,7,3.0,3762,5763,1960,2305609.12,2376091.47,False,2410602.04,1773661.05,0.9703,Within band,-4.55
P-102002,Eugene,OR,Lane,Condo,6,3.0,4664,9301,1951,1313459.22,1276336.3,False,1327289.64,910495.58,1.0291,Within band,-1.05
P-102003,Lexington,KY,Fayette,Condo,2,1.5,2247,2464,1964,349158.58,336054.39,True,358834.54,315018.19,1.039,Within band,-2.77
P-102004,New Orleans,LA,Orleans,Single Family,5,3.0,1960,12803,1993,340495.96,290930.78,False,327307.05,400079.5,1.1704,Under-assessed,3.87
P-102005,Tucson,AZ,Pima,Multi Family,4,4.0,4124,4718,2000,422049.17,444191.14,False,425520.89,396518.8,0.9502,Within band,-0.82
P-102006,Dallas,TX,Dallas,Condo,6,2.5,774,9425,1932,518216.09,451700.71,False,525411.62,326947.36,1.1473,Under-assessed,-1.39
P-102007,Houston,TX,Harris,Single Family,4,1.5,3452,8513,1991,182278.98,152233.19,False,182678.5,312864.74,1.1974,Under-assessed,-0.22
P-102008,Pittsburgh,PA,Allegheny,Single Family,4,1.5,5457,7694,2010,730143.3,729754.77,False,747333.28,565532.1,1.0005,Within band,-2.35
P-102009,Queens,NY,Queens,Townhouse,5,2.0,2551,13685,1921,1088103.31,993896.87,False,1075435.05,1093354.82,1.0948,Within band,1.16
P-102010,Rockville,MD,Montgomery,Single Family,2,4.0,2908,12348,1973,871949.85,880149.72,True,879927.19,774450.64,0.9907,Within band,-0.91
P-102011,Atlanta,GA,Fulton,Condo,5,2.0,3247,5532,2012,447023.56,484771.22,False,485937.32,491303.4,0.9221,Within band,-8.71
P-102012,Orlando,FL,Orange,Condo,7,3.5,1210,6449,1978,453703.47,420192.0,True,468398.93,450567.2,1.0798,Within band,-3.24
P-102013,Provo,UT,Utah,Condo,3,4.0,3251,14761,1927,258432.42,231558.42,False,253235.55,400164.36,1.1161,Under-assessed,2.01
P-102014,Scottsdale,AZ,Maricopa,Townhouse,2,3.0,3229,10635,1926,384421.39,407130.17,True,405733.62,376971.93,0.9442,Within band,-5.54
P-102015,Austin,TX,Travis,Single Family,4,1.5,3692,5495,2005,529761.09,485740.65,False,523345.56,401549.93,1.0906,Within band,1.21
P-102016,New Orleans,LA,Orleans,Condo,6,4.5,801,4227,2007,554077.2,608417.21,False,637117.59,485054.41,0.9107,Within band,-14.99
P-102018,Raleigh,NC,Wake,Single Family,7,5.0,5621,8311,1960,540242.34,576084.77,True,586352.35,560353.61,0.9378,Within band,-8.54
P-102019,Memphis,TN,Shelby,Condo,2,4.0,4489,7614,1961,640835.58,630397.63,True,631323.5,667016.45,1.0166,Within band,1.48
P-102020,Miami,FL,Miami-Dade,Single Family,2,2.0,3603,4580,1987,445904.49,428946.03,True,422926.59,510553.15,1.0395,Within band,5.15
P-102021,Detroit,MI,Wayne,Townhouse,5,4.5,2050,10580,1996,737310.96,653879.75,True,695985.14,478687.26,1.1276,Under-assessed,5.6
P-102022,Charlotte,NC,Mecklenburg,Multi Family,2,5.0,716,4576,1946,666779.01,595753.0,True,669294.69,680592.51,1.1192,Under-assessed,-0.38
P-102024,Columbus,OH,Franklin,Townhouse,4,4.0,1847,4514,1993,394556.36,414781.49,True,467358.02,645987.27,0.9512,Within band,-18.45
P-102025,Los Angeles,CA,Los Angeles,Townhouse,1,1.5,4222,8512,1998,2463373.47,2348416.96,False,2543686.23,2026210.46,1.049,Within band,-3.26
P-102026,Tacoma,WA,Pierce,Condo,3,3.5,4455,8073,1938,3222991.75,2915981.65,False,3122363.11,2140491.56,1.1053,Under-assessed,3.12
P-102027,Memphis,TN,Shelby,Single Family,6,4.5,2005,12106,1986,412392.73,360086.84,False,399910.67,390205.33,1.1453,Under-assessed,3.03
P-102028,Minneapolis,MN,Hennepin,Condo,6,2.5,1599,9784,2017,182851.57,177818.27,True,190120.02,632098.07,1.0283,Within band,-3.98
P-102029,Denver,CO,Denver,Condo,6,5.0,1191,7032,2020,1084290.55,1033007.21,False,1064566.98,809938.47,1.0496,Within band,1.82
P-102030,Bronx,NY,Bronx,Townhouse,7,1.0,4509,8244,2011,864406.63,929592.93,True,928941.36,1485640.14,0.9299,Within band,-7.47
P-102031,Columbus,OH,Franklin,Single Family,7,2.5,5196,8970,1984,869020.59,707540.81,True,823711.42,736749.68,1.2282,Under-assessed,5.21
P-102033,Baton Rouge,LA,East Baton Rouge,Single Family,7,3.0,6097,14471,1983,635416.91,619763.67,True,665292.55,674515.14,1.0253,Within band,-4.7
P-102035,Columbia,SC,Richland,Single Family,7,2.5,4522,9335,2019,336946.48,310482.16,True,334104.56,530718.25,1.0852,Within band,0.84
P-102036,Denver,CO,Denver,Condo,1,2.5,4174,12640,1996,552847.12,467794.43,False,516501.99,614133.04,1.1818,Under-assessed,6.57
P-102038,Grand Rapids,MI,Kent,Condo,1,2.5,3371,7370,1982,420669.48,356315.3,True,392744.55,443664.87,1.1806,Under-assessed,6.64
P-102040,San Francisco,CA,San Francisco,Single Family,2,4.5,4394,4999,1955,2770595.85,2249600.13,True,2648950.23,2630772.65,1.2316,Under-assessed,4.39
P-102041,Nashville,TN,Davidson,Single Family,6,2.5,6229,10338,1922,387636.0,415761.75,True,420969.21,433500.18,0.9324,Within band,-8.6
P-102042,Charleston,SC,Charleston,Townhouse,4,3.0,2357,2876,1980,787279.91,819979.62,False,824818.35,570893.42,0.9601,Within band,-4.77
P-102044,Henderson,NV,Clark,Single Family,7,1.5,1961,9998,2017,558525.68,588886.91,True,593786.18,463712.32,0.9484,Within band,-6.31
P-102045,New Orleans,LA,Orleans,Townhouse,6,5.0,3342,9369,1944,482855.49,395223.74,True,466648.25,422595.6,1.2217,Under-assessed,3.36
P-102046,Grand Rapids,MI,Kent,Townhouse,7,3.0,2691,11660,2010,839133.49,739524.16,False,807229.14,748093.59,1.1347,Under-assessed,3.8
P-102047,Cleveland,OH,Cuyahoga,Single Family,1,4.0,3158,3819,1976,719610.22,680665.06,True,711650.86,570099.14,1.0572,Within band,1.11
P-102048,Boston,MA,Suffolk,Condo,3,4.5,5316,15133,1939,3183194.89,2656287.72,True,3073006.72,2444547.71,1.1984,Under-assessed,3.46
P-102049,Tacoma,WA,Pierce,Condo,6,2.5,6062,13997,1928,3226288.75,3259375.87,True,3193720.73,2266589.24,0.9898,Within band,1.01
P-102050,San Jose,CA,Santa Clara,Multi Family,1,1.5,4495,9237,1948,2586952.07,2117110.5,True,2574916.5,2509666.51,1.2219,Under-assessed,0.47
P-102051,Miami,FL,Miami-Dade,Single Family,4,1.5,1875,9213,1993,894447.99,900315.1,False,882857.95,646375.04,0.9935,Within band,1.3
P-102052,Philadelphia,PA,Philadelphia,Single Family,6,3.0,2325,10709,1990,610678.13,654973.15,False,636177.31,374966.04,0.9324,Within band,-4.18
P-102053,Fort Worth,TX,Tarrant,Condo,5,1.5,3209,11569,1959,896576.91,955515.22,True,913250.48,678137.54,0.9383,Within band,-1.86
P-102055,Queens,NY,Queens,Townhouse,3,1.0,3256,7094,2014,2386520.89,2021458.77,True,2142638.9,1434008.73,1.1806,Under-assessed,10.22
P-102056,Boston,MA,Suffolk,Condo,1,2.5,4854,5378,1962,1831906.25,1529134.95,False,1844908.43,2292593.69,1.198,Under-assessed,-0.71
P-102058,Arlington,VA,Arlington,Townhouse,5,5.0,5427,12537,2003,508001.86,491946.42,True,507582.63,538097.39,1.0326,Within band,0.08
P-102059,Boise,ID,Ada,Single Family,7,4.5,6291,12242,1929,795479.32,749649.05,True,774209.77,493695.21,1.0611,Within band,2.67
P-102060,Kansas City,MO,Jackson,Single Family,6,1.5,5715,13784,1974,656419.85,564001.13,True,606718.39,551224.68,1.1639,Under-assessed,7.57
P-102061,Irvine,CA,Orange,Single Family,2,3.0,4283,4924,2014,2513349.21,2749773.59,True,2678741.36,2342194.73,0.914,Within band,-6.58
P-102062,Portland,OR,Multnomah,Condo,2,4.5,3074,12147,2005,1217170.92,1210311.55,True,1232132.26,965264.2,1.0057,Within band,-1.23
P-102064,San Diego,CA,San Diego,Multi Family,7,1.0,5799,8819,1933,2822574.79,2340377.41,True,2695199.05,1993551.32,1.206,Under-assessed,4.51
P-102065,Honolulu,HI,Honolulu,Multi Family,7,3.0,1781,10066,1934,904548.88,920130.86,False,941262.06,881292.67,0.9831,Within band,-4.06
P-102066,Kansas City,MO,Jackson,Townhouse,5,1.5,2010,8379,1920,792344.03,633991.14,True,751064.14,528471.67,1.2498,Under-assessed,5.21
P-102067,Arlington,VA,Arlington,Condo,6,1.5,2329,2700,1956,1475968.17,1333698.24,False,1402463.24,1078039.04,1.1067,Under-assessed,4.98
P-102068,Troy,MI,Oakland,Townhouse,3,2.5,1666,3748,1948,137914.21,151425.01,True,149718.65,246313.55,0.9108,Within band,-8.56
P-102069,Philadelphia,PA,Philadelphia,Townhouse,4,3.0,3226,12140,1970,212484.62,170836.86,True,208534.44,337313.28,1.2438,Under-assessed,1.86
P-102070,Cleveland,OH,Cuyahoga,Condo,3,5.0,4777,6824,1995,254148.0,249973.31,True,265426.68,374614.47,1.0167,Within band,-4.44
P-102071,Kansas City,MO,Jackson,Single Family,7,2.0,4450,10028,1949,826504.44,793218.63,False,795715.28,658510.3,1.042,Within band,3.73
P-102072,Honolulu,HI,Honolulu,Single Family,5,1.0,1320,8764,1983,696030.42,644627.48,False,683268.76,746964.26,1.0797,Within band,1.83
P-102073,Lexington,KY,Fayette,Condo,3,1.5,5863,10481,2009,312432.59,252818.96,False,316411.06,462329.52,1.2358,Under-assessed,-1.27
P-102074,St. Louis,MO,St. Louis,Condo,4,4.5,5891,16290,1937,705901.56,760972.67,True,743905.69,607458.36,0.9276,Within band,-5.38
P-102075,Charlotte,NC,Mecklenburg,Condo,4,4.5,6429,14222,2020,604280.63,600235.0,True,632501.34,579913.88,1.0067,Within band,-4.67
P-102076,Phoenix,AZ,Maricopa,Single Family,4,4.5,2086,9556,1978,316758.21,317498.11,False,326020.08,385682.05,0.9977,Within band,-2.92
P-102077,Memphis,TN,Shelby,Condo,4,1.0,2461,14109,1968,267891.42,261122.0,True,266824.32,325746.86,1.0259,Within band,0.4
P-102078,Atlanta,GA,Fulton,Townhouse,7,5.0,2620,8657,2004,512315.49,457662.71,False,515464.74,557406.4,1.1194,Under-assessed,-0.61
P-102079,Atlanta,GA,Fulton,Single Family,3,3.0,3936,5266,1973,675896.83,671585.86,False,700509.23,642238.98,1.0064,Within band,-3.64
P-102080,Eugene,OR,Lane,Multi Family,2,4.0,1242,4925,1993,690681.78,612754.16,False,692648.56,856731.93,1.1272,Under-assessed,-0.28
P-102081,Orlando,FL,Orange,Townhouse,6,1.0,1315,11452,1955,479288.5,453514.62,True,523708.1,411227.41,1.0568,Within band,-9.27
P-102082,Denver,CO,Denver,Single Family,5,2.0,1707,2040,1925,960168.77,803658.89,True,842821.16,581661.5,1.1947,Under-assessed,12.22
P-102083,Pittsburgh,PA,Allegheny,Single Family,3,3.5,1482,5633,1994,718430.85,583957.39,False,691684.65,622164.29,1.2303,Under-assessed,3.72
P-102084,Houston,TX,Harris,Townhouse,5,4.5,2102,6573,1940,633987.26,670341.63,True,678129.09,498598.48,0.9458,Within band,-6.96
P-102085,Jacksonville,FL,Duval,Single Family,1,4.5,1872,7309,1928,260432.29,275900.28,True,270899.69,381153.24,0.9439,Within band,-4.02
P-102086,St. Louis,MO,St. Louis,Condo,6,2.0,3778,9263,1988,786281.56,640368.5,False,750664.41,699625.92,1.2279,Under-assessed,4.53
P-102088,Tulsa,OK,Tulsa,Single Family,4,1.5,1994,6742,2018,299605.45,277721.85,True,297043.78,278934.69,1.0788,Within band,0.86
P-102089,Chicago,IL,Cook,Single Family,6,4.0,4610,7999,1960,688850.18,751449.84,True,720134.08,686466.4,0.9167,Within band,-4.54
P-102090,Billings,MT,Yellowstone,Multi Family,6,1.5,2102,13240,1968,188770.65,190526.36,False,191946.02,261365.96,0.9908,Within band,-1.68
P-102091,Lexington,KY,Fayette,Condo,2,1.0,5376,10592,1928,611046.85,550594.98,False,603878.63,560343.27,1.1098,Under-assessed,1.17
P-102092,Tampa,FL,Hillsborough,Single Family,5,4.5,6435,17051,1927,799454.13,857693.91,True,807978.65,637146.31,0.9321,Within band,-1.07
P-102093,Rockville,MD,Montgomery,Single Family,7,3.5,5357,14271,1970,828800.1,836335.48,True,872269.0,844006.39,0.991,Within band,-5.24
P-102094,Rockville,MD,Montgomery,Townhouse,1,3.5,2995,14526,1990,519696.88,562433.64,True,549755.89,811250.57,0.924,Within band,-5.78
P-102095,Troy,MI,Oakland,Single Family,1,2.5,4159,13088,1988,343959.42,326732.78,False,347365.87,439065.7,1.0527,Within band,-0.99
P-102096,Seattle,WA,King,Multi Family,7,1.5,4474,11613,2005,3462480.32,3118998.73,True,3309757.63,2466306.85,1.1101,Under-assessed,4.41
P-102098,Provo,UT,Utah,Townhouse,7,4.0,3060,10996,1940,440220.03,393090.45,False,433858.56,412284.32,1.1199,Under-assessed,1.45
P-102099,Queens,NY,Queens,Single Family,5,3.5,6205,7012,1987,2116309.27,1997912.18,True,2065014.52,1759990.47,1.0593,Within band,2.42
P-102100,Nashville,TN,Davidson,Single Family,1,5.0,5857,14967,2007,762484.64,745986.17,True,723749.18,781828.36,1.0221,Within band,5.08
P-102101,Salt Lake City,UT,Salt Lake,Condo,4,3.5,2584,6176,1949,354271.93,330466.89,False,363871.09,332977.39,1.072,Within band,-2.71
P-102102,Queens,NY,Queens,Townhouse,1,2.0,2390,10334,1957,1080544.85,1071517.04,True,1092799.11,1397918.44,1.0084,Within band,-1.13
P-102103,Denver,CO,Denver,Multi Family,1,4.5,5855,15090,1974,496614.6,437469.98,True,467570.22,802449.54,1.1352,Under-assessed,5.85
P-102104,Salt Lake City,UT,Salt Lake,Condo,4,2.5,3785,10925,1966,279888.95,278115.36,True,306600.91,402237.17,1.0064,Within band,-9.54
P-102105,Billings,MT,Yellowstone,Townhouse,5,3.0,2749,7073,2021,683762.97,560245.32,True,622534.65,531448.3,1.2205,Under-assessed,8.95
P-102106,Baltimore,MD,Baltimore,Single Family,2,5.0,2845,11286,1978,833250.67,892194.34,False,869238.62,987511.38,0.9339,Within band,-4.32
P-102107,Charleston,SC,Charleston,Condo,7,2.5,1639,13607,1943,754901.07,748692.12,True,726565.57,457482.42,1.0083,Within band,3.75
P-102108,Portland,OR,Multnomah,Townhouse,6,1.5,5282,8953,1955,663500.13,588614.16,True,628685.37,664198.93,1.1272,Under-assessed,5.25
P-102109,Tucson,AZ,Pima,Condo,6,3.5,5617,13355,1960,847507.91,826824.99,True,819734.85,613640.46,1.025,Within band,3.28
P-102110,Austin,TX,Travis,Single Family,5,5.0,1798,13292,2020,491352.31,461635.74,True,487723.46,455079.67,1.0644,Within band,0.74
P-102111,Boise,ID,Ada,Townhouse,4,4.5,4722,10061,1962,881344.07,937603.15,False,890234.12,601700.34,0.94,Within band,-1.01
P-102113,Denver,CO,Denver,Single Family,6,3.5,4084,12273,1935,381225.3,341519.29,False,372988.6,479859.25,1.1163,Under-assessed,2.16
P-102114,Hempstead,NY,Nassau,Condo,4,1.0,4745,15742,1984,1377682.86,1238260.32,False,1409634.57,1352571.35,1.1126,Under-assessed,-2.32
P-102116,Las Vegas,NV,Clark,Single Family,4,5.0,3332,7008,1977,563946.64,545349.82,True,563347.91,528765.78,1.0341,Within band,0.11
P-102117,Phoenix,AZ,Maricopa,Multi Family,6,2.5,5239,5818,1987,410143.6,332217.03,False,383551.9,484899.2,1.2346,Under-assessed,6.48
P-102118,Charleston,SC,Charleston,Multi Family,3,4.0,976,7514,1980,494984.07,479756.65,False,487906.78,513419.73,1.0317,Within band,1.43
P-102119,Miami,FL,Miami-Dade,Single Family,3,1.0,3005,3645,1942,376003.43,391389.93,True,392578.51,334641.67,0.9607,Within band,-4.41
P-102120,Albuquerque,NM,Bernalillo,Townhouse,4,5.0,2991,8885,2020,488652.08,397733.23,False,462342.56,416597.49,1.2286,Under-assessed,5.38
P-102121,St. Louis,MO,St. Louis,Single Family,4,1.5,1304,6928,2001,406044.76,442898.22,False,427512.45,439196.34,0.9168,Within band,-5.29
P-102122,Billings,MT,Yellowstone,Townhouse,5,3.0,877,11374,1990,577985.57,570967.66,False,596544.72,431976.25,1.0123,Within band,-3.21
P-102123,Tulsa,OK,Tulsa,Condo,1,2.5,5969,12420,1947,558689.59,496040.59,True,566896.4,522082.0,1.1263,Under-assessed,-1.47
P-102124,Fairfax,VA,Fairfax,Condo,7,2.0,2735,7193,2002,1063261.81,1046007.59,False,1096327.67,916075.64,1.0165,Within band,-3.11
P-102125,Fort Worth,TX,Tarrant,Condo,1,3.0,6346,18212,1990,796868.38,828511.81,True,831657.29,679673.5,0.9618,Within band,-4.37
P-102126,Cincinnati,OH,Hamilton,Single Family,2,1.5,4678,4905,1995,510846.42,544696.11,True,585200.33,506846.33,0.9379,Within band,-14.56
P-102127,Tucson,AZ,Pima,Condo,1,3.5,1047,2704,1968,316858.23,341650.5,True,328542.02,329007.75,0.9274,Within band,-3.69
P-102128,Phoenix,AZ,Maricopa,Single Family,4,2.0,1925,11493,1965,843747.45,863728.98,True,827437.6,680483.99,0.9769,Within band,1.93
P-102130,Pittsburgh,PA,Allegheny,Single Family,4,3.0,2925,8577,2007,634486.39,628053.76,True,638285.22,386628.78,1.0102,Within band,-0.6
P-102131,Raleigh,NC,Wake,Condo,1,3.0,5473,13763,1982,766223.12,617786.85,True,615103.78,460973.47,1.2403,Under-assessed,19.72
P-102132,Hempstead,NY,Nassau,Single Family,3,1.5,3147,10299,1953,3026816.91,2424542.66,True,2763446.41,2195694.43,1.2484,Under-assessed,8.7
P-102133,Queens,NY,Queens,Single Family,7,4.0,6497,8994,1931,1083856.32,1172359.92,True,1126954.73,2002589.66,0.9245,Within band,-3.98
P-102134,Seattle,WA,King,Townhouse,4,5.0,4723,15186,1927,2007188.77,1995485.4,True,2072170.27,1613279.88,1.0059,Within band,-3.24
P-102135,Troy,MI,Oakland,Townhouse,2,4.5,4937,6662,2013,730752.3,673763.04,False,716010.63,663899.11,1.0846,Within band,2.02
P-102136,Minneapolis,MN,Hennepin,Condo,7,5.0,1612,11125,2001,778728.47,712880.01,True,789354.48,639782.09,1.0924,Within band,-1.36
P-102137,Denver,CO,Denver,Single Family,2,4.0,3949,12216,1953,1151180.13,1253843.5,True,1227770.12,886879.15,0.9181,Within band,-6.65
P-102138,Portland,OR,Multnomah,Single Family,6,2.5,1479,9403,1977,1016247.57,887181.81,True,960564.86,927005.72,1.1455,Under-assessed,5.48
P-102139,Chicago,IL,Cook,Condo,1,1.5,3860,10459,1955,541629.69,458898.91,False,531219.87,711761.08,1.1803,Under-assessed,1.92
P-102140,Wichita,KS,Sedgwick,Condo,5,4.5,5057,6601,1966,498056.04,519340.9,False,500057.44,504357.76,0.959,Within band,-0.4
P-102143,Brooklyn,NY,Kings,Townhouse,2,4.0,4949,11431,1973,3294974.71,3605315.02,True,3308401.26,1831320.54,0.9139,Within band,-0.41
P-102144,Orlando,FL,Orange,Condo,1,5.0,6218,13646,1930,840353.24,722119.7,False,843086.16,790483.24,1.1637,Under-assessed,-0.33
P-102145,Nashville,TN,Davidson,Single Family,6,3.0,4634,9310,1985,763753.33,713853.65,True,748866.86,564169.14,1.0699,Within band,1.95
P-102146,Hempstead,NY,Nassau,Single Family,2,2.5,2016,4230,1993,1833217.36,1562627.42,True,1736034.78,1493438.01,1.1732,Under-assessed,5.3
P-102147,Charlotte,NC,Mecklenburg,Condo,6,1.5,4744,13542,1971,734181.1,719531.4,False,752089.15,515116.28,1.0204,Within band,-2.44
P-102148,Minneapolis,MN,Hennepin,Condo,4,3.5,3544,14005,2003,405093.77,358120.24,True,371306.41,353727.86,1.1312,Under-assessed,8.34
P-102149,St. Louis,MO,St. Louis,Single Family,6,1.5,2459,8399,1995,671158.41,593858.34,False,660211.67,550068.72,1.1302,Under-assessed,1.63
P-102150,Pittsburgh,PA,Allegheny,Single Family,1,2.5,2310,7665,1943,125564.96,106719.46,False,129326.81,247544.99,1.1766,Under-assessed,-3.0
P-102151,Irvine,CA,Orange,Condo,2,1.5,3705,5253,1957,610078.9,662564.33,True,732313.74,1515522.74,0.9208,Within band,-20.04
P-102152,New Orleans,LA,Orleans,Townhouse,7,1.5,5545,16454,2001,566672.7,547532.7,False,565702.84,741423.31,1.035,Within band,0.17
P-102153,Tucson,AZ,Pima,Townhouse,1,4.5,4140,8049,1966,262052.81,228494.96,False,270277.68,432908.83,1.1469,Under-assessed,-3.14
P-102154,San Diego,CA,San Diego,Condo,5,2.0,2183,8184,1977,1792916.15,1477983.26,True,1650017.23,1443246.56,1.2131,Under-assessed,7.97
P-102155,Jacksonville,FL,Duval,Single Family,3,5.0,4405,12967,1999,668449.73,720158.91,False,701364.99,564963.65,0.9282,Within band,-4.92
P-102156,Charlotte,NC,Mecklenburg,Single Family,1,3.0,1931,13781,1953,210487.44,212700.85,False,213433.7,312278.05,0.9896,Within band,-1.4
P-102157,Waukegan,IL,Lake,Condo,1,1.0,6190,12905,1971,585746.75,627574.29,True,627805.83,570571.96,0.9334,Within band,-7.18
P-102158,Austin,TX,Travis,Single Family,1,4.0,1454,4833,2003,803933.74,668116.06,False,781826.08,799601.49,1.2033,Under-assessed,2.75
P-102160,Grand Rapids,MI,Kent,Condo,1,1.5,4050,8640,1946,331563.0,282411.56,True,317437.39,467041.77,1.174,Under-assessed,4.26
P-102163,New Orleans,LA,Orleans,Condo,1,1.5,6260,9752,1980,884711.8,735432.37,True,802442.19,648183.76,1.203,Under-assessed,9.3
P-102164,Houston,TX,Harris,Townhouse,4,4.0,1038,2864,1991,744568.01,646453.69,True,705296.79,591242.35,1.1518,Under-assessed,5.27
P-102165,Fairfax,VA,Fairfax,Townhouse,6,4.5,2636,9714,2017,1023577.95,847659.46,False,980150.34,813780.38,1.2075,Under-assessed,4.24
P-102167,Louisville,KY,Jefferson,Townhouse,4,2.0,4713,5817,1987,328183.0,277641.41,False,292062.86,428487.84,1.182,Under-assessed,11.01
P-102169,Sacramento,CA,Sacramento,Townhouse,3,2.0,5141,7574,2019,2969295.1,2562205.29,True,2871222.03,1810841.72,1.1589,Under-assessed,3.3
P-102170,Charleston,SC,Charleston,Single Family,3,1.5,2152,6727,2021,256085.8,259291.4,True,260312.58,333292.01,0.9876,Within band,-1.65
P-102171,Raleigh,NC,Wake,Single Family,5,3.0,2116,2684,1976,583256.51,512257.39,False,555348.94,464863.76,1.1386,Under-assessed,4.78
P-102173,Phoenix,AZ,Maricopa,Single Family,5,3.5,4317,6757,1948,526045.78,436546.19,True,494857.75,434456.49,1.205,Under-assessed,5.93
P-102174,Scottsdale,AZ,Maricopa,Condo,6,2.5,1015,2766,1923,490830.73,447582.02,False,484990.74,409375.47,1.0966,Within band,1.19
P-102175,Fort Lauderdale,FL,Broward,Condo,7,2.0,873,10010,1981,732574.67,751462.43,False,761767.0,391065.56,0.9749,Within band,-3.98
P-102176,New Orleans,LA,Orleans,Townhouse,5,4.5,4853,8213,1981,602016.83,522284.12,True,535539.43,560296.95,1.1527,Under-assessed,11.04
P-102177,Charleston,SC,Charleston,Condo,1,4.5,5051,9992,1954,677207.98,655356.91,False,670985.54,575459.85,1.0333,Within band,0.92
P-102178,Provo,UT,Utah,Condo,5,3.0,3841,6610,1959,777004.91,693535.87,True,729380.17,414795.55,1.1204,Under-assessed,6.13
P-102179,Henderson,NV,Clark,Single Family,6,1.5,4787,5236,2005,553216.72,536285.65,False,562490.15,600066.71,1.0316,Within band,-1.68
P-102180,Salt Lake City,UT,Salt Lake,Single Family,3,5.0,4583,10384,1948,482307.36,447509.16,False,483480.24,433079.82,1.0778,Within band,-0.24
P-102181,Dallas,TX,Dallas,Multi Family,2,2.5,1342,2978,1993,735238.34,746700.77,True,765781.54,501625.28,0.9846,Within band,-4.15
P-102182,San Antonio,TX,Bexar,Condo,3,1.0,2487,10476,1983,605759.81,486138.23,True,547483.72,506295.0,1.2461,Under-assessed,9.62
P-102185,Bronx,NY,Bronx,Townhouse,1,2.5,3170,14562,2009,1428505.15,1185109.04,False,1387032.35,2097942.63,1.2054,Under-assessed,2.9
P-102186,Saint Paul,MN,Ramsey,Single Family,3,3.0,2119,2669,1960,323033.99,293466.33,False,324737.99,420296.17,1.1008,Under-assessed,-0.53
P-102187,Baltimore,MD,Baltimore,Multi Family,6,4.5,3188,13041,2014,1016103.12,823684.19,True,921876.19,1057692.44,1.2336,Under-assessed,9.27
P-102188,Memphis,TN,Shelby,Single Family,7,3.0,2826,9926,1965,361276.79,289623.76,True,333995.71,530078.8,1.2474,Under-assessed,7.55
P-102189,Raleigh,NC,Wake,Condo,3,5.0,4210,9960,1941,401799.62,355438.45,True,382490.8,415097.32,1.1304,Under-assessed,4.81
P-102190,Minneapolis,MN,Hennepin,Townhouse,3,1.5,1330,9639,1934,253097.88,262661.42,True,254464.16,280219.79,0.9636,Within band,-0.54
P-102191,Cleveland,OH,Cuyahoga,Townhouse,1,4.5,1178,9325,1952,175501.8,176401.91,False,174487.09,284215.98,0.9949,Within band,0.58
P-102192,Miami,FL,Miami-Dade,Single Family,4,4.5,1074,3730,1966,359685.56,298500.19,True,340941.67,422200.87,1.205,Under-assessed,5.21
P-102194,Arlington,VA,Arlington,Townhouse,1,3.0,3052,11739,1993,1490944.05,1590421.5,False,1475741.13,970859.73,0.9375,Within band,1.02
P-102195,Scottsdale,AZ,Maricopa,Condo,4,5.0,749,11300,1981,706516.35,649422.17,False,690327.72,471947.98,1.0879,Within band,2.29
P-102196,Eugene,OR,Lane,Townhouse,1,1.5,5007,12454,1935,808145.36,777006.43,True,798538.77,749044.45,1.0401,Within band,1.19
P-102197,Wichita,KS,Sedgwick,Multi Family,7,3.0,1633,7244,1993,633100.44,546478.65,False,599622.38,498618.81,1.1585,Under-assessed,5.29
P-102198,Columbia,SC,Richland,Townhouse,7,4.0,2341,12027,2003,643307.95,608235.45,True,638226.94,664937.1,1.0577,Within band,0.79
P-102200,Henderson,NV,Clark,Condo,4,3.0,2788,11792,1954,398410.56,358987.3,False,382366.96,434015.61,1.1098,Under-assessed,4.03
P-102201,Seattle,WA,King,Townhouse,2,1.0,6218,13579,1940,1884783.64,1773665.75,True,2062653.01,1875894.24,1.0626,Within band,-9.44
P-102202,Boston,MA,Suffolk,Condo,7,2.0,5884,12869,1971,519694.84,559990.69,False,529490.12,1141844.69,0.928,Within band,-1.88
P-102203,Durham,NC,Durham,Condo,2,3.5,978,1905,1981,590462.61,614429.71,False,619371.03,560837.6,0.961,Within band,-4.9
P-102204,Raleigh,NC,Wake,Townhouse,1,1.5,3791,6953,2007,454095.04,366233.13,False,403527.79,574362.49,1.2399,Under-assessed,11.14
P-102205,Detroit,MI,Wayne,Single Family,5,5.0,1762,5172,1926,493034.12,397553.35,True,471159.81,470935.74,1.2402,Under-assessed,4.44
P-102206,Dallas,TX,Dallas,Multi Family,5,2.0,2883,13098,1956,196181.87,162259.29,False,197313.12,271629.6,1.2091,Under-assessed,-0.58
P-102207,Tampa,FL,Hillsborough,Condo,1,2.5,1158,2910,1989,241438.02,265110.77,True,251811.13,297053.46,0.9107,Within band,-4.3
P-102208,San Antonio,TX,Bexar,Single Family,3,4.0,4140,15280,1975,624116.66,528161.78,True,575815.38,474439.23,1.1817,Under-assessed,7.74
P-102209,Baltimore,MD,Baltimore,Condo,4,4.5,2576,7597,2000,959871.51,861341.74,False,953515.16,970675.77,1.1144,Under-assessed,0.66
P-102211,Manhattan,NY,New York,Condo,6,5.0,5264,9661,1996,691737.4,730826.83,True,798171.88,1681623.43,0.9465,Within band,-15.39
P-102213,Manhattan,NY,New York,Single Family,4,1.5,5243,6374,1937,2265182.48,2002305.95,True,2206324.89,1316172.23,1.1313,Under-assessed,2.6
P-102214,Columbia,SC,Richland,Townhouse,1,1.5,5371,8803,1967,283040.49,282620.63,True,294378.7,482770.55,1.0015,Within band,-4.01
P-102215,Phoenix,AZ,Maricopa,Single Family,6,4.5,2854,12147,1944,191974.9,174282.14,True,198844.44,337000.34,1.1015,Under-assessed,-3.58
P-102216,Portland,OR,Multnomah,Single Family,1,1.0,1400,12222,1957,978816.88,829004.47,False,812232.3,515063.51,1.1807,Under-assessed,17.02
P-102217,Durham,NC,Durham,Townhouse,3,4.0,3900,4768,1941,834128.87,881300.34,True,825030.5,677318.44,0.9465,Within band,1.09
P-102219,Tacoma,WA,Pierce,Townhouse,3,5.0,3322,9482,1939,1416313.97,1136548.02,False,1206036.43,1585139.71,1.2462,Under-assessed,14.85
P-102220,Durham,NC,Durham,Townhouse,7,3.0,1467,9957,1940,508941.45,423852.07,True,492295.25,512138.3,1.2008,Under-assessed,3.27
P-102222,Aurora,CO,Arapahoe,Single Family,6,4.0,4644,14952,1922,936041.76,945395.92,True,963063.79,828922.34,0.9901,Within band,-2.89
P-102223,Pittsburgh,PA,Allegheny,Single Family,1,3.0,1771,5945,1928,440564.84,440382.07,False,450880.15,403987.45,1.0004,Within band,-2.34
P-102224,Salt Lake City,UT,Salt Lake,Single Family,3,2.5,4089,9986,1993,488478.08,527344.2,True,535957.21,499260.73,0.9263,Within band,-9.72
P-102225,San Diego,CA,San Diego,Townhouse,1,1.0,4649,11733,1921,694999.9,737542.92,False,723156.03,1236449.26,0.9423,Within band,-4.05
P-102226,Rockville,MD,Montgomery,Townhouse,4,4.0,1440,10114,2000,813473.07,768460.02,False,829060.73,704380.44,1.0586,Within band,-1.92
