property_id,id,full_address,street_address,unit,city,state,zip_code,county,latitude,longitude,property_type,bedrooms,bathrooms,sqft,lot_size_sqft,year_built,building_age,last_sale_price,last_sale_date,days_since_sale,price_per_sqft,assessed_value,tax_year,annual_tax,owner_name,owner_occupied,assessor_id,median_price_per_sqft_group,assessment_flag
P-100001,10001,"1924 Oak Ave, Honolulu, HI 46048",1924 Oak Ave,,Honolulu,HI,46048,Honolulu,27.489634,-144.8602,Single Family,6,5.0,1312,10986,1974,50,546937.17,2025-03-26,384,416.87,473424.11,2024,7207.52,Emily Gonzalez,False,HI-HO-81426,465.83,Under-assessed
P-100002,10002,"3711 Harbor View Blvd, Pittsburgh, PA 87236",3711 Harbor View Blvd,,Pittsburgh,PA,87236,Allegheny,28.372054,-81.370872,Single Family,6,4.0,3387,7939,1939,85,287944.73,2017-09-20,3128,85.01,259431.97,2022,3258.24,Matthew Thompson,False,PA-AL-15695,120.29,Under-assessed
P-100003,10003,"8885 Park Way, Apt 21C, Kansas City, MO 59615",8885 Park Way,Apt 21C,Kansas City,MO,59615,Jackson,23.088205,-131.49349,Townhouse,7,3.5,5329,8479,2010,14,174253.02,2018-11-13,2709,32.7,151316.0,2023,2999.49,Joseph Miller,True,MO-JA-69429,225.08,Under-assessed
P-100004,10004,"6165 Hillcrest Ave, Bronx, NY 37460",6165 Hillcrest Ave,,Bronx,NY,37460,Bronx,38.759642,-95.941633,Single Family,5,2.0,4975,16921,1951,73,948377.61,2022-01-10,1555,190.63,835505.83,2024,18381.13,Joseph Baker,True,NY-BR-17331,408.84,Under-assessed
P-100005,10005,"625 Ridgewood Rd, Apt 14E, Tucson, AZ 62581",625 Ridgewood Rd,Apt 14E,Tucson,AZ,62581,Pima,28.095133,-138.644493,Townhouse,6,3.5,2341,13079,1983,41,428592.88,2019-01-27,2634,183.08,401872.5,2023,3888.34,Deborah Scott,True,AZ-PI-86622,81.85,Within band
P-100006,10006,"6030 Madison Ave, Grand Rapids, MI 28131",6030 Madison Ave,,Grand Rapids,MI,28131,Kent,34.502447,-149.090881,Single Family,7,1.5,1852,12132,1940,84,737821.9,2021-07-19,1730,398.39,722270.61,2023,9085.75,Ashley King,True,MI-KE-82512,152.83,Within band
P-100007,10007,"1976 Jackson Dr, Houston, TX 94012",1976 Jackson Dr,,Houston,TX,94012,Harris,30.01465,-131.465489,Single Family,4,1.0,6495,10810,1984,40,714330.52,2020-08-03,2080,109.98,767039.79,2024,15340.8,Kevin Allen,False,TX-HA-30032,115.36,Within band
P-100008,10008,"2746 Main St, Apt 22D, Cleveland, OH 88504",2746 Main St,Apt 22D,Cleveland,OH,88504,Cuyahoga,29.590136,-155.305523,Townhouse,7,3.0,2561,3510,1950,74,804847.49,2025-05-26,323,314.27,664559.38,2023,11824.03,Ronald Wright,False,OH-CU-26828,148.98,Under-assessed
P-100009,10009,"2805 Adams St, Apt 19E, Indianapolis, IN 79163",2805 Adams St,Apt 19E,Indianapolis,IN,79163,Marion,44.119476,-120.186999,Condo,5,2.5,6440,11547,1971,53,896216.5,2018-12-30,2662,139.16,817372.88,2024,10967.37,Sarah Anderson,True,IN-MA-12757,141.22,Within band
P-100010,10010,"9741 Madison Ave, Apt 26D, Tucson, AZ 10942",9741 Madison Ave,Apt 26D,Tucson,AZ,10942,Pima,22.881317,-102.094043,Condo,1,1.0,3306,4466,1985,39,305643.61,2018-10-12,2741,92.45,289024.04,2024,2771.09,Kenneth Torres,True,AZ-PI-71993,150.88,Within band
P-100011,10011,"1645 River Blvd, Lawrenceville, GA 96374",1645 River Blvd,,Lawrenceville,GA,96374,Gwinnett,32.422856,-120.14866,Single Family,7,1.0,6116,16822,2002,22,196765.94,2021-10-07,1650,32.17,200399.04,2022,2201.16,Richard Wright,True,GA-GW-65296,150.1,Within band
P-100012,10012,"4663 Lakeshore Dr, Apt 6D, Decatur, GA 42742",4663 Lakeshore Dr,Apt 6D,Decatur,GA,42742,DeKalb,44.173878,-150.441515,Condo,1,1.0,5942,14798,1921,103,875817.08,2017-10-31,3087,147.39,923644.33,2022,11893.74,Steven Wilson,False,GA-DE-17685,139.77,Within band
P-100013,10013,"6496 Adams St, Apt 17E, Austin, TX 69638",6496 Adams St,Apt 17E,Austin,TX,69638,Travis,28.559105,-96.396539,Condo,6,4.5,1868,4979,1957,67,289806.7,2025-08-17,240,155.14,282200.46,2024,5644.01,Daniel Brown,True,TX-TR-72493,158.16,Within band
P-100014,10014,"1031 Birch St, Bronx, NY 20500",1031 Birch St,,Bronx,NY,20500,Bronx,43.560577,-151.038644,Single Family,6,2.5,3907,5871,1992,32,1200956.81,2019-08-13,2436,307.39,975083.85,2022,21451.84,Donna Torres,True,NY-BR-44179,408.84,Under-assessed
P-100015,10015,"5247 Monroe Blvd, Apt 29A, Naperville, IL 44814",5247 Monroe Blvd,Apt 29A,Naperville,IL,44814,DuPage,31.488325,-98.562951,Condo,4,3.5,1194,1346,1978,46,604504.22,2019-12-20,2307,506.28,664246.73,2022,13949.18,Paul Taylor,True,IL-DU-55745,148.0,Within band
P-100016,10016,"6154 Heritage Ln, Apt 10E, Charlotte, NC 30676",6154 Heritage Ln,Apt 10E,Charlotte,NC,30676,Mecklenburg,32.611891,-109.740037,Condo,5,5.0,664,11606,1990,34,353515.43,2018-11-04,2718,532.4,293798.17,2022,3282.78,Michael Mitchell,True,NC-ME-45697,140.0,Under-assessed
P-100017,10017,"5717 Jefferson St, Apt 23D, Naperville, IL 93130",5717 Jefferson St,Apt 23D,Naperville,IL,93130,DuPage,43.60219,-113.029412,Condo,7,1.0,1356,11748,1974,50,766891.51,2025-10-15,181,565.55,614328.96,2022,12900.91,Thomas Hernandez,False,IL-DU-82309,148.0,Under-assessed
P-100018,10018,"258 Park Way, Fort Wayne, IN 19862",258 Park Way,,Fort Wayne,IN,19862,Allen,46.04385,-96.881293,Single Family,5,1.0,3624,13167,1990,34,235513.15,2024-11-07,523,64.99,191365.89,2023,3595.34,Robert Thompson,True,IN-AL-42706,248.46,Under-assessed
P-100019,10019,"5894 Willow Way, Apt 13A, Fort Lauderdale, FL 91351",5894 Willow Way,Apt 13A,Fort Lauderdale,FL,91351,Broward,40.861157,-76.458547,Condo,7,2.0,2050,8805,1923,101,259901.32,2022-07-23,1361,126.78,268924.04,2023,4740.28,Deborah Thomas,True,FL-BR-24168,145.87,Within band
P-100020,10020,"3744 Lincoln Rd, Apt 11A, Rockville, MD 70332",3744 Lincoln Rd,Apt 11A,Rockville,MD,70332,Montgomery,30.265948,-85.613335,Condo,2,1.0,6006,9170,1971,53,693914.34,2016-08-03,3541,115.54,569583.09,2023,6956.75,Paul Sanchez,False,MD-MO-80282,253.54,Under-assessed
P-100021,10021,"4379 Washington Ave, Orlando, FL 86099",4379 Washington Ave,,Orlando,FL,86099,Orange,46.507159,-133.904426,Single Family,5,4.0,3431,15367,2020,4,364668.31,2019-06-26,2484,106.29,399410.54,2022,5041.5,Kenneth Gonzalez,True,FL-OR-67154,138.34,Within band
P-100022,10022,"8618 Lincoln Rd, Apt 14D, Austin, TX 57739",8618 Lincoln Rd,Apt 14D,Austin,TX,57739,Travis,32.429381,-74.44792,Townhouse,5,3.5,6034,8075,2012,12,822036.53,2020-08-05,2078,136.23,733902.21,2023,14678.04,George Jackson,True,TX-TR-35144,143.56,Under-assessed
P-100023,10023,"9424 Clearwater Ct, Apt 17E, Atlanta, GA 63225",9424 Clearwater Ct,Apt 17E,Atlanta,GA,63225,Fulton,35.520336,-156.964683,Condo,2,4.0,5351,15290,2003,21,371354.4,2021-04-30,1810,69.4,346342.92,2022,4895.24,Deborah Hernandez,False,GA-FU-47196,139.77,Within band
P-100024,10024,"1630 Monroe Blvd, Reno, NV 98184",1630 Monroe Blvd,,Reno,NV,98184,Washoe,29.226116,-86.829028,Single Family,1,1.0,2605,10389,1998,26,782795.4,2025-06-19,299,300.5,733185.62,2024,10930.37,Melissa Hall,True,NV-WA-62383,117.32,Within band
P-100025,10025,"2517 Main St, Apt 20E, Charlotte, NC 23970",2517 Main St,Apt 20E,Charlotte,NC,23970,Mecklenburg,41.628141,-137.960821,Condo,4,1.0,5166,9248,1935,89,476040.22,2017-04-18,3283,92.15,447188.84,2024,8878.8,Joshua Lee,False,NC-ME-68008,140.0,Within band
P-100026,10026,"9076 Harbor View Blvd, Apt 11E, Minneapolis, MN 30861",9076 Harbor View Blvd,Apt 11E,Minneapolis,MN,30861,Hennepin,40.706869,-115.703324,Condo,7,2.5,5823,10366,2018,6,726586.37,2020-11-06,1985,124.78,717885.16,2023,9532.42,Melissa Jackson,True,MN-HE-54020,159.96,Within band
P-100027,10027,"2367 Sunset Blvd, Apt 28E, San Francisco, CA 40311",2367 Sunset Blvd,Apt 28E,San Francisco,CA,40311,San Francisco,31.150435,-143.705942,Condo,1,4.0,3939,9360,1989,35,1871069.13,2025-08-01,256,475.01,1612955.74,2023,20442.15,Stephanie Nguyen,False,CA-SA-12560,453.06,Under-assessed
P-100028,10028,"7914 Main St, Cincinnati, OH 56105",7914 Main St,,Cincinnati,OH,56105,Hamilton,28.913235,-123.071162,Multi Family,5,5.0,5541,9154,1982,42,291148.88,2021-05-24,1786,52.54,275337.34,2023,3313.29,Amanda Sanchez,False,OH-HA-71261,119.72,Within band
P-100029,10029,"8851 Oak Ave, Jacksonville, FL 61645",8851 Oak Ave,,Jacksonville,FL,61645,Duval,36.685159,-99.319021,Single Family,6,4.0,1711,9275,1943,81,159222.01,2022-01-12,1553,93.06,143014.13,2023,1705.04,Ronald Harris,True,FL-DU-65255,138.34,Under-assessed
P-100030,10030,"1441 Riverside Dr, Apt 19B, Raleigh, NC 12540",1441 Riverside Dr,Apt 19B,Raleigh,NC,12540,Wake,40.849143,-152.468552,Townhouse,2,1.5,5939,6598,2016,8,144203.4,2023-07-06,1013,24.28,123987.27,2022,1916.35,Sarah Rodriguez,True,NC-WA-24993,129.09,Under-assessed
P-100031,10031,"4298 Meadow Ln, St. Louis, MO 31992",4298 Meadow Ln,,St. Louis,MO,31992,St. Louis,37.056156,-73.155077,Single Family,7,2.0,3148,4919,1994,30,140029.17,2022-10-14,1278,44.48,136211.84,2023,1738.04,Melissa Gonzalez,True,MO-ST-92213,127.4,Within band
P-100032,10032,"1769 Clearwater Ct, Apt 21D, Charlotte, NC 99687",1769 Clearwater Ct,Apt 21D,Charlotte,NC,99687,Mecklenburg,36.910908,-146.468209,Townhouse,7,1.0,3444,12172,1974,50,635986.65,2025-07-05,283,184.67,605324.61,2023,4934.5,Mark Young,True,NC-ME-57472,129.09,Within band
P-100033,10033,"7235 Washington Ave, Apt 20D, Queens, NY 78386",7235 Washington Ave,Apt 20D,Queens,NY,78386,Queens,46.585054,-133.502832,Condo,7,4.5,4408,11544,2013,11,2257047.59,2022-09-01,1321,512.03,2382345.21,2022,52411.59,Donald Thomas,False,NY-QU-84691,351.08,Within band
P-100034,10034,"570 Orchard Ln, Apt 23D, Nashville, TN 52600",570 Orchard Ln,Apt 23D,Nashville,TN,52600,Davidson,25.818756,-138.545573,Condo,3,3.0,5483,16971,1955,69,553517.0,2020-06-27,2117,100.95,600244.23,2022,6540.42,Mark Young,True,TN-DA-41499,138.25,Within band
P-100035,10035,"8141 Harbor View Blvd, Apt 24B, Boise, ID 12260",8141 Harbor View Blvd,Apt 24B,Boise,ID,12260,Ada,23.465914,-137.721113,Condo,3,3.5,4476,13544,1987,37,388130.77,2017-12-01,3056,86.71,374591.43,2023,6156.13,Karen Martin,True,ID-AD-25814,107.43,Within band
P-100036,10036,"2058 Washington Ave, Apt 2E, Las Vegas, NV 35105",2058 Washington Ave,Apt 2E,Las Vegas,NV,35105,Clark,26.734193,-114.874723,Townhouse,7,5.0,5488,10124,1932,92,769450.12,2022-12-17,1214,140.21,668071.18,2022,7767.8,Melissa Wright,True,NV-CL-15965,114.32,Under-assessed
P-100037,10037,"2168 Orchard Ln, Denver, CO 23446",2168 Orchard Ln,,Denver,CO,23446,Denver,44.127073,-107.056413,Single Family,4,4.5,3391,6411,1926,98,602974.07,2016-08-14,3530,177.82,568796.75,2022,7285.43,John Torres,False,CO-DE-17026,215.23,Within band
P-100038,10038,"2544 Clearwater Ct, Queens, NY 21164",2544 Clearwater Ct,,Queens,NY,21164,Queens,47.33883,-146.694714,Multi Family,5,2.5,4880,11112,1977,47,3220938.35,2022-12-13,1218,660.03,3407913.82,2023,74974.1,Michelle Brown,False,NY-QU-23006,515.98,Within band
P-100040,10040,"9763 Lincoln Rd, Durham, NC 65723",9763 Lincoln Rd,,Durham,NC,65723,Durham,24.041572,-137.441578,Single Family,3,2.0,1184,2161,1941,83,738250.28,2019-08-11,2438,623.52,756475.7,2024,14414.12,Donald Davis,True,NC-DU-49857,151.03,Within band
P-100041,10041,"4560 Birch St, Grand Rapids, MI 80776",4560 Birch St,,Grand Rapids,MI,80776,Kent,34.085573,-150.001559,Single Family,4,3.5,5545,9647,1923,101,191234.97,2018-09-21,2762,34.49,200947.33,2024,3023.35,Mary Carter,False,MI-KE-45325,152.83,Within band
P-100042,10042,"759 Washington Ave, Apt 10D, Lexington, KY 71669",759 Washington Ave,Apt 10D,Lexington,KY,71669,Fayette,34.752542,-118.526042,Condo,2,4.0,5800,13856,1931,93,486608.11,2021-09-14,1673,83.9,437943.66,2024,4053.26,William Perez,True,KY-FA-74942,141.41,Under-assessed
P-100043,10043,"701 Lakeshore Dr, Indianapolis, IN 21542",701 Lakeshore Dr,,Indianapolis,IN,21542,Marion,29.334705,-128.875181,Multi Family,7,5.0,609,11384,1989,35,480341.55,2025-09-03,223,788.74,411304.35,2023,6363.54,Dorothy Green,True,IN-MA-16764,141.14,Under-assessed
P-100044,10044,"4475 Lake Dr, Naperville, IL 47752",4475 Lake Dr,,Naperville,IL,47752,DuPage,32.610077,-96.252247,Single Family,1,2.5,6414,9008,1959,65,549654.43,2020-02-02,2263,85.7,506999.71,2022,10646.99,Linda Robinson,False,IL-DU-94896,104.35,Within band
P-100045,10045,"8265 Heritage Ln, Queens, NY 76698",8265 Heritage Ln,,Queens,NY,76698,Queens,39.693408,-120.85234,Single Family,4,2.5,4341,13372,1938,86,1619937.34,2019-07-24,2456,373.17,1542945.39,2022,33944.8,Karen Roberts,False,NY-QU-64387,408.84,Within band
P-100046,10046,"8418 Jackson Dr, Apt 19D, Nashville, TN 10336",8418 Jackson Dr,Apt 19D,Nashville,TN,10336,Davidson,28.495233,-131.025641,Townhouse,5,4.5,1817,9133,1988,36,497786.28,2022-07-22,1362,273.96,480650.1,2024,6020.87,Daniel Gonzalez,False,TN-DA-41300,80.48,Within band
P-100047,10047,"6830 Maple Dr, Tucson, AZ 51704",6830 Maple Dr,,Tucson,AZ,51704,Pima,40.734687,-95.645174,Multi Family,4,2.0,4657,5263,1936,88,511787.1,2019-08-31,2418,109.9,460402.86,2022,8512.98,Donald Miller,True,AZ-PI-69890,91.66,Under-assessed
P-100048,10048,"2461 Willow Way, Apt 20A, Houston, TX 95823",2461 Willow Way,Apt 20A,Houston,TX,95823,Harris,46.703855,-150.489942,Condo,3,4.0,5923,7238,1962,62,784826.24,2016-08-24,3520,132.5,753501.23,2023,15070.02,Ronald Young,False,TX-HA-14705,158.16,Within band
P-100049,10049,"4808 Madison Ave, Scottsdale, AZ 21846",4808 Madison Ave,,Scottsdale,AZ,21846,Maricopa,32.500244,-148.435448,Single Family,4,2.0,6285,11191,1923,101,155872.96,2017-05-09,3262,24.8,127322.61,2023,1591.29,Barbara Thomas,True,AZ-MA-84177,130.0,Under-assessed
P-100050,10050,"2885 Washington Ave, Apt 12E, Decatur, GA 20350",2885 Washington Ave,Apt 12E,Decatur,GA,20350,DeKalb,37.151532,-123.718646,Condo,4,2.0,2502,10057,2001,23,318102.32,2023-06-03,1046,127.14,318118.93,2023,5985.25,Amanda Wright,True,GA-DE-67898,139.77,Within band
P-100051,10051,"7051 Adams St, Aurora, CO 69878",7051 Adams St,,Aurora,CO,69878,Arapahoe,43.400554,-139.668121,Multi Family,7,4.5,1473,5359,1968,56,986307.23,2019-11-02,2355,669.59,876592.11,2024,10118.3,Brian Sanchez,True,CO-AR-84177,346.48,Under-assessed
P-100052,10052,"8238 Heritage Ln, Apt 2E, San Diego, CA 40162",8238 Heritage Ln,Apt 2E,San Diego,CA,40162,San Diego,37.087222,-126.348077,Condo,5,3.0,6152,17963,2018,6,2460503.7,2016-11-18,3434,399.95,2069366.71,2022,38988.62,Carol Williams,True,CA-SA-67779,453.06,Under-assessed
P-100053,10053,"2253 Pine Rd, Apt 15A, Columbus, OH 48680",2253 Pine Rd,Apt 15A,Columbus,OH,48680,Franklin,29.658057,-120.851231,Condo,2,5.0,3597,12294,1984,40,832519.84,2016-12-20,3402,231.45,707111.82,2023,13865.48,Charles Mitchell,False,OH-FR-25095,220.86,Under-assessed
P-100055,10055,"9298 Ridgewood Rd, San Antonio, TX 89964",9298 Ridgewood Rd,,San Antonio,TX,89964,Bexar,26.866231,-151.500117,Single Family,6,3.0,5918,12607,1934,90,229026.07,2025-11-12,153,38.7,204133.08,2023,4082.66,Sarah Wright,True,TX-BE-69459,115.36,Under-assessed
P-100056,10056,"8950 Willow Way, Cleveland, OH 86983",8950 Willow Way,,Cleveland,OH,86983,Cuyahoga,40.670129,-143.556507,Multi Family,6,1.5,4608,14694,1972,52,852461.39,2023-02-23,1146,185.0,690335.92,2023,7322.56,Donald Thomas,False,OH-CU-23022,119.72,Under-assessed
P-100057,10057,"9020 Hillcrest Ave, Cleveland, OH 17936",9020 Hillcrest Ave,,Cleveland,OH,17936,Cuyahoga,31.550701,-140.486655,Single Family,7,4.5,1350,12208,1947,77,620529.48,2019-08-03,2446,459.65,677201.19,2022,11811.43,Sarah Rodriguez,False,OH-CU-36896,208.92,Within band
P-100058,10058,"9180 Jefferson St, Apt 5A, Oakland, CA 86858",9180 Jefferson St,Apt 5A,Oakland,CA,86858,Alameda,26.722711,-81.336498,Townhouse,7,2.0,5482,5528,1955,69,3068138.69,2024-08-29,593,559.68,3363472.17,2024,37024.6,Susan Davis,False,CA-AL-13379,453.55,Within band
P-100059,10059,"3998 Ridgewood Rd, Knoxville, TN 12068",3998 Ridgewood Rd,,Knoxville,TN,12068,Knox,25.617524,-152.441285,Multi Family,5,1.5,1120,8922,1977,47,726853.29,2020-07-11,2103,648.98,710935.06,2023,9985.84,Michelle Williams,False,TN-KN-96363,191.41,Within band
P-100060,10060,"5041 Lakeshore Dr, Charleston, SC 94323",5041 Lakeshore Dr,,Charleston,SC,94323,Charleston,46.546694,-151.70819,Single Family,7,4.0,4092,15333,1933,91,502409.71,2021-04-23,1817,122.78,413004.5,2022,4900.44,Barbara Jones,True,SC-CH-91830,121.9,Under-assessed
P-100062,10062,"5653 Lakeshore Dr, Philadelphia, PA 62262",5653 Lakeshore Dr,,Philadelphia,PA,62262,Philadelphia,32.023726,-148.727532,Multi Family,3,3.0,3666,6166,2007,17,839928.33,2025-07-13,275,229.11,694929.35,2022,6336.89,Michael Mitchell,False,PA-PH-27054,221.23,Under-assessed
P-100063,10063,"1082 Valley View Dr, Fort Wayne, IN 97819",1082 Valley View Dr,,Fort Wayne,IN,97819,Allen,24.239129,-126.236967,Multi Family,7,1.0,2956,12793,1959,65,394284.02,2019-10-20,2368,133.38,375446.61,2022,5962.41,Joseph Miller,True,IN-AL-82910,141.14,Within band
P-100064,10064,"1982 Jackson Dr, Apt 28B, Cleveland, OH 85248",1982 Jackson Dr,Apt 28B,Cleveland,OH,85248,Cuyahoga,26.993216,-119.66722,Condo,7,5.0,815,10792,2004,20,766979.42,2023-04-14,1096,941.08,620245.48,2023,10192.11,Lisa Perez,True,OH-CU-33777,220.86,Under-assessed
P-100065,10065,"6666 Elm St, Louisville, KY 28595",6666 Elm St,,Louisville,KY,28595,Jefferson,40.63568,-72.452502,Single Family,6,5.0,2362,8525,1973,51,473843.72,2024-07-08,645,200.61,431679.18,2024,5133.79,Kenneth Hill,True,KY-JE-16895,133.33,Within band
P-100066,10066,"2679 Cedar Ln, Queens, NY 98338",2679 Cedar Ln,,Queens,NY,98338,Queens,23.16191,-118.449171,Multi Family,4,4.5,3992,8467,1947,77,2752576.59,2025-01-02,467,689.52,2487095.69,2022,54716.11,Amanda Nguyen,True,NY-QU-97442,515.98,Under-assessed
P-100067,10067,"844 Madison Ave, Apt 18C, Lakewood, CO 61807",844 Madison Ave,Apt 18C,Lakewood,CO,61807,Jefferson,47.08781,-152.23397,Condo,3,2.5,1724,5910,1957,67,693746.83,2026-03-13,32,402.41,658515.31,2023,6656.5,Anthony Wright,False,CO-JE-75570,256.52,Within band
P-100068,10068,"6605 Maple Dr, Apt 3D, Irvine, CA 67176",6605 Maple Dr,Apt 3D,Irvine,CA,67176,Orange,21.496651,-76.858868,Townhouse,5,4.0,5297,11923,2010,14,2402432.09,2023-01-14,1186,453.55,2004954.53,2022,39285.87,William Flores,True,CA-OR-57428,453.55,Under-assessed
P-100069,10069,"4086 Summit Rd, Apt 27B, Fort Lauderdale, FL 87184",4086 Summit Rd,Apt 27B,Fort Lauderdale,FL,87184,Broward,31.61192,-150.157703,Condo,6,3.5,2415,7871,2019,5,251143.51,2020-07-23,2091,103.99,248623.89,2024,3510.43,Stephanie Thompson,True,FL-BR-94599,145.87,Within band
P-100070,10070,"1784 Sunset Blvd, Scottsdale, AZ 43550",1784 Sunset Blvd,,Scottsdale,AZ,43550,Maricopa,26.227703,-104.591288,Single Family,2,4.5,4400,13636,2017,7,571985.11,2018-08-24,2790,130.0,616168.83,2024,9683.65,Michelle Lee,False,AZ-MA-92210,130.0,Within band
P-100071,10071,"2573 Harbor View Blvd, Apt 20E, Las Vegas, NV 18950",2573 Harbor View Blvd,Apt 20E,Las Vegas,NV,18950,Clark,33.426409,-102.069495,Condo,5,1.0,3483,11795,1929,95,362118.12,2021-03-19,1852,103.97,293779.98,2023,5282.27,John Adams,False,NV-CL-21835,116.76,Under-assessed
P-100072,10072,"6399 Lakeshore Dr, Boston, MA 86064",6399 Lakeshore Dr,,Boston,MA,86064,Suffolk,35.689384,-88.111852,Single Family,4,2.5,3233,13145,1980,44,1979170.27,2025-08-03,254,612.18,1850834.8,2023,36625.48,Jennifer Allen,False,MA-SU-15130,390.17,Within band
P-100073,10073,"7272 Harbor View Blvd, Apt 9E, Charlotte, NC 78690",7272 Harbor View Blvd,Apt 9E,Charlotte,NC,78690,Mecklenburg,34.852823,-143.18908,Townhouse,3,4.0,3948,9491,2006,18,586350.97,2017-06-07,3233,148.52,580057.06,2023,5099.25,Michael Scott,False,NC-ME-47243,129.09,Within band
P-100075,10075,"7037 Birch St, Apt 22C, Sacramento, CA 57425",7037 Birch St,Apt 22C,Sacramento,CA,57425,Sacramento,21.483109,-130.128652,Condo,3,4.5,2172,5883,1937,87,922582.78,2022-12-19,1212,424.76,971782.75,2022,13694.63,Andrew Mitchell,False,CA-SA-14947,453.06,Within band
P-100076,10076,"2247 Forest Glen Rd, Apt 18B, Omaha, NE 30218",2247 Forest Glen Rd,Apt 18B,Omaha,NE,30218,Douglas,25.299551,-84.67298,Townhouse,7,2.0,4185,4900,1972,52,404153.54,2018-03-19,2948,96.57,352122.43,2023,5397.03,Ronald Mitchell,False,NE-DO-40671,144.82,Under-assessed
P-100077,10077,"7784 Lincoln Rd, Lakewood, CO 58213",7784 Lincoln Rd,,Lakewood,CO,58213,Jefferson,38.975131,-107.373513,Single Family,4,3.0,3728,11967,1987,37,802392.99,2024-06-19,664,215.23,838554.73,2024,8101.09,Thomas Brown,False,CO-JE-58655,215.23,Within band
P-100078,10078,"1780 Park Way, Indianapolis, IN 47363",1780 Park Way,,Indianapolis,IN,47363,Marion,23.222691,-143.052827,Single Family,5,2.0,4183,5685,1948,76,757028.54,2016-05-12,3624,180.98,685016.6,2022,8890.67,Betty Allen,True,IN-MA-60615,248.46,Under-assessed
P-100080,10080,"2549 Summit Rd, Waukegan, IL 24573",2549 Summit Rd,,Waukegan,IL,24573,Lake,41.568575,-136.3253,Single Family,1,2.5,4039,14507,2021,3,605792.24,2025-07-30,258,149.99,504780.85,2023,10600.4,Mary Green,True,IL-LA-41711,104.35,Under-assessed
P-100081,10081,"4872 Summit Rd, Manhattan, NY 10205",4872 Summit Rd,,Manhattan,NY,10205,New York,37.292454,-136.070911,Multi Family,2,1.5,4888,10796,1928,96,3357881.22,2020-03-07,2229,686.96,3197368.82,2024,70342.11,Anthony Walker,True,NY-NE-60709,515.98,Within band
P-100082,10082,"4255 Oak Ave, Cleveland, OH 56805",4255 Oak Ave,,Cleveland,OH,56805,Cuyahoga,41.89578,-127.002183,Single Family,7,3.5,1692,2418,1965,59,545890.72,2017-02-27,3333,322.63,541981.42,2024,7357.66,George Walker,False,OH-CU-27675,208.92,Within band
P-100083,10083,"7598 Maple Dr, Oakland, CA 48462",7598 Maple Dr,,Oakland,CA,48462,Alameda,26.342161,-88.173498,Single Family,3,3.0,4822,11346,1989,35,1893869.29,2025-11-15,150,392.76,1943085.79,2022,22215.94,Stephanie Brown,False,CA-AL-53506,449.01,Within band
P-100084,10084,"2139 Meadow Ln, Seattle, WA 67272",2139 Meadow Ln,,Seattle,WA,67272,King,44.571393,-92.33223,Multi Family,3,2.0,4664,16002,1983,41,1570408.13,2017-05-05,3266,336.71,1500969.01,2022,25103.67,Jennifer Ramirez,False,WA-KI-33652,434.64,Within band
P-100085,10085,"4913 Ridgewood Rd, Apt 3D, Provo, UT 23447",4913 Ridgewood Rd,Apt 3D,Provo,UT,23447,Utah,23.121826,-99.500028,Condo,4,4.0,1965,13266,1976,48,394206.65,2025-10-22,174,200.61,401319.84,2023,6171.58,Sandra Moore,False,UT-UT-17518,137.94,Within band
P-100086,10086,"8506 Broadway, Columbus, OH 14081",8506 Broadway,,Columbus,OH,14081,Franklin,24.783656,-104.141157,Single Family,1,2.0,1150,5016,2019,5,623227.04,2022-03-22,1484,541.94,570163.2,2024,4782.88,Barbara Baker,True,OH-FR-58623,208.92,Within band
P-100087,10087,"7373 Elm St, Apt 20C, Cleveland, OH 85225",7373 Elm St,Apt 20C,Cleveland,OH,85225,Cuyahoga,24.64892,-125.075354,Townhouse,6,3.0,2644,4502,1923,101,693826.39,2020-09-07,2045,262.42,662828.71,2024,6239.29,Stephanie Taylor,False,OH-CU-38124,148.98,Within band
P-100088,10088,"3379 Park Way, Fairfax, VA 27790",3379 Park Way,,Fairfax,VA,27790,Fairfax,43.599897,-117.672286,Single Family,1,3.5,6070,11762,2010,14,377926.89,2020-03-15,2221,62.26,335262.23,2023,6107.25,Melissa Rivera,False,VA-FA-93584,195.64,Under-assessed
P-100089,10089,"6022 Birch St, Atlanta, GA 39391",6022 Birch St,,Atlanta,GA,39391,Fulton,24.216105,-139.514708,Single Family,2,4.5,815,6727,1990,34,566376.38,2021-01-15,1915,694.94,589653.61,2024,5635.47,Jennifer Jones,True,GA-FU-72739,150.1,Within band
P-100090,10090,"6830 Willow Way, Columbia, SC 85353",6830 Willow Way,,Columbia,SC,85353,Richland,22.954394,-72.402963,Single Family,4,4.5,6171,14647,1964,60,220101.0,2016-12-26,3396,35.67,227601.8,2024,3426.19,Stephanie Rodriguez,True,SC-RI-17263,121.9,Within band
P-100091,10091,"8588 Sunset Blvd, Apt 19E, Tampa, FL 49862",8588 Sunset Blvd,Apt 19E,Tampa,FL,49862,Hillsborough,25.363413,-128.928515,Condo,3,5.0,2926,4218,1952,72,273115.5,2020-02-08,2257,93.34,240979.45,2024,2803.53,Andrew Garcia,True,FL-HI-32103,145.87,Under-assessed
P-100092,10092,"2904 Valley View Dr, Queens, NY 83874",2904 Valley View Dr,,Queens,NY,83874,Queens,22.091649,-81.851036,Single Family,1,3.0,5934,9387,2018,6,2195018.47,2019-05-09,2532,369.91,2176794.02,2023,47889.47,Andrew Jackson,False,NY-QU-49596,408.84,Within band
P-100093,10093,"4112 Creekside Dr, Baltimore, MD 48985",4112 Creekside Dr,,Baltimore,MD,48985,Baltimore,33.01892,-97.090619,Single Family,4,4.0,4566,12175,1946,78,708231.08,2024-09-02,589,155.11,632999.06,2024,7489.52,Matthew Sanchez,True,MD-BA-58567,292.68,Under-assessed
P-100095,10095,"2710 Orchard Ln, Lawrenceville, GA 77466",2710 Orchard Ln,,Lawrenceville,GA,77466,Gwinnett,33.370601,-80.520417,Single Family,1,1.5,3821,12102,1978,46,874015.57,2023-11-14,882,228.74,852168.01,2022,7334.17,Dorothy Hill,False,GA-GW-95755,150.1,Within band
P-100096,10096,"4781 Main St, Apt 9E, Rockville, MD 24089",4781 Main St,Apt 9E,Rockville,MD,24089,Montgomery,32.419586,-80.226351,Townhouse,7,4.0,3597,4338,1971,53,361389.22,2019-12-25,2302,100.47,310215.27,2024,3556.07,Anthony Allen,True,MD-MO-82070,298.14,Under-assessed
P-100097,10097,"2046 Lake Dr, Apt 20E, Wichita, KS 22672",2046 Lake Dr,Apt 20E,Wichita,KS,22672,Sedgwick,31.438448,-87.843941,Townhouse,5,3.5,1781,5042,1997,27,517115.56,2020-09-03,2049,290.35,419937.38,2022,4050.06,Nancy Walker,True,KS-SE-29521,168.12,Under-assessed
P-100098,10098,"5473 Ridgewood Rd, Apt 10A, Brooklyn, NY 31299",5473 Ridgewood Rd,Apt 10A,Brooklyn,NY,31299,Kings,31.413297,-103.364458,Condo,5,3.5,4755,13106,1988,36,1944032.29,2019-12-21,2306,408.84,1730066.59,2022,38061.46,Amanda Davis,False,NY-KI-86507,351.08,Under-assessed
P-100099,10099,"7875 Adams St, Apt 7A, Oklahoma City, OK 95929",7875 Adams St,Apt 7A,Oklahoma City,OK,95929,Oklahoma,41.746956,-89.473904,Townhouse,2,1.0,5380,13251,1941,83,528901.22,2018-03-13,2954,98.31,521454.68,2023,5096.34,Amanda Thomas,True,OK-OK-24404,135.38,Within band
P-100100,10100,"5239 Willow Way, Apt 30E, Portland, OR 29848",5239 Willow Way,Apt 30E,Portland,OR,29848,Multnomah,31.943443,-139.261424,Condo,7,4.5,1110,12673,1937,87,922419.85,2019-12-29,2298,831.01,827885.52,2024,11375.52,Anthony Lee,False,OR-MU-70249,306.82,Under-assessed
P-100101,10101,"9050 Hillcrest Ave, Apt 11D, Nashville, TN 98587",9050 Hillcrest Ave,Apt 11D,Nashville,TN,98587,Davidson,41.457729,-94.279563,Condo,5,4.5,2175,6213,1955,69,555307.59,2023-10-05,922,255.31,601090.29,2023,10371.27,Melissa Wilson,False,TN-DA-74094,138.25,Within band
P-100102,10102,"9283 Jackson Dr, Memphis, TN 47721",9283 Jackson Dr,,Memphis,TN,47721,Shelby,24.229664,-98.133865,Multi Family,4,3.5,1799,6557,1925,99,344351.67,2018-04-10,2926,191.41,283645.51,2023,4501.93,Deborah Walker,True,TN-SH-80592,191.41,Under-assessed
P-100103,10103,"9308 Jackson Dr, Apt 18B, Seattle, WA 27992",9308 Jackson Dr,Apt 18B,Seattle,WA,27992,King,23.894504,-92.542485,Condo,2,1.0,6087,14787,1948,76,2395730.95,2025-09-10,216,393.58,1988598.97,2023,33027.24,Michael Baker,False,WA-KI-10679,446.6,Under-assessed
P-100104,10104,"7893 Riverside Dr, Apt 30A, Philadelphia, PA 95267",7893 Riverside Dr,Apt 30A,Philadelphia,PA,95267,Philadelphia,26.285583,-73.139479,Townhouse,3,1.0,1332,12019,1993,31,301131.76,2017-12-31,3026,226.07,306231.52,2022,5805.77,Susan Clark,False,PA-PH-33040,212.18,Within band
P-100105,10105,"8216 Washington Ave, Apt 11B, Troy, MI 47941",8216 Washington Ave,Apt 11B,Troy,MI,47941,Oakland,44.233694,-156.193756,Townhouse,5,1.5,3344,8006,1978,46,891497.59,2020-03-10,2226,266.6,853426.69,2022,15543.22,Ashley Moore,True,MI-OA-24764,164.68,Within band
P-100106,10106,"4315 Washington Ave, Apt 16C, Kansas City, MO 11846",4315 Washington Ave,Apt 16C,Kansas City,MO,11846,Jackson,40.520374,-88.203213,Townhouse,6,2.5,2037,12046,2001,23,819693.35,2017-01-03,3388,402.4,760930.33,2023,6879.46,Brian Miller,True,MO-JA-28430,225.08,Within band
P-100107,10107,"211 Adams St, Apt 23A, Charlotte, NC 60275",211 Adams St,Apt 23A,Charlotte,NC,60275,Mecklenburg,27.241313,-91.423171,Townhouse,3,1.0,2742,13451,1966,58,660359.5,2025-08-02,255,240.83,660581.27,2023,7716.7,Betty Baker,True,NC-ME-50760,129.09,Within band
P-100108,10108,"4933 Meadow Ln, Honolulu, HI 90560",4933 Meadow Ln,,Honolulu,HI,90560,Honolulu,26.852505,-73.709633,Single Family,2,4.5,5562,11683,1973,51,2590919.22,2021-01-01,1929,465.83,2661405.58,2024,47658.43,Ronald Thomas,False,HI-HO-88094,465.83,Within band
P-100109,10109,"8709 Harbor View Blvd, Apt 3E, San Francisco, CA 79228",8709 Harbor View Blvd,Apt 3E,San Francisco,CA,79228,San Francisco,39.649802,-150.205063,Townhouse,1,1.0,5086,13367,1945,79,2196740.11,2024-08-08,614,431.92,1865825.7,2024,24819.38,Amanda Wilson,False,CA-SA-74071,453.55,Under-assessed
P-100110,10110,"1011 Lakeshore Dr, Eugene, OR 27294",1011 Lakeshore Dr,,Eugene,OR,27294,Lane,34.601068,-117.258533,Single Family,5,4.5,6111,11160,2012,12,326124.55,2023-06-06,1043,53.37,340779.27,2024,3617.31,John Williams,True,OR-LA-18357,291.42,Within band
P-100111,10111,"1087 Elm St, Provo, UT 71875",1087 Elm St,,Provo,UT,71875,Utah,21.840974,-121.428577,Single Family,7,4.0,3667,9933,1977,47,798303.82,2022-01-18,1547,217.7,728606.84,2024,14258.64,Andrew Rodriguez,False,UT-UT-55582,109.86,Within band
P-100112,10112,"3024 Creekside Dr, Tampa, FL 79316",3024 Creekside Dr,,Tampa,FL,79316,Hillsborough,24.374698,-71.850979,Single Family,7,1.0,3044,10629,2006,18,680893.3,2021-07-11,1738,223.68,653371.65,2022,7167.58,Matthew Martinez,True,FL-HI-24790,138.34,Within band
P-100113,10113,"6968 Oak Ave, Fort Worth, TX 41544",6968 Oak Ave,,Fort Worth,TX,41544,Tarrant,26.461163,-148.221986,Single Family,4,1.0,2604,3328,1971,53,462390.99,2020-03-25,2211,177.57,400051.79,2022,8001.04,Charles Anderson,False,TX-TA-85511,115.36,Under-assessed
P-100114,10114,"9561 Ridgewood Rd, Apt 21D, Las Vegas, NV 41051",9561 Ridgewood Rd,Apt 21D,Las Vegas,NV,41051,Clark,28.996758,-144.536342,Condo,2,4.0,3061,7569,1927,97,554240.13,2019-08-25,2424,181.07,589663.93,2022,9146.82,Sandra Scott,True,NV-CL-55143,116.76,Within band
P-100115,10115,"5322 Willow Way, Apt 8C, Columbia, SC 63511",5322 Willow Way,Apt 8C,Columbia,SC,63511,Richland,24.954267,-124.247964,Condo,4,2.5,2446,7373,2010,14,232594.36,2021-02-02,1897,95.09,249904.58,2024,3236.8,Mark Scott,True,SC-RI-60910,144.56,Within band
P-100116,10116,"5511 Pine Rd, Apt 10A, Naperville, IL 68954",5511 Pine Rd,Apt 10A,Naperville,IL,68954,DuPage,43.449035,-148.955632,Condo,1,3.0,3689,14726,1997,27,590279.2,2016-06-26,3579,160.01,485112.28,2024,10187.36,Emily Wilson,True,IL-DU-53642,148.0,Under-assessed
P-100117,10117,"3213 Park Way, Apt 4D, Waukegan, IL 72773",3213 Park Way,Apt 4D,Waukegan,IL,72773,Lake,45.232694,-96.480513,Condo,4,2.5,5122,10391,2019,5,340786.17,2021-01-20,1910,66.53,327187.11,2023,6870.93,Margaret Allen,False,IL-LA-71080,148.0,Within band
P-100119,10119,"5630 Adams St, Billings, MT 74044",5630 Adams St,,Billings,MT,74044,Yellowstone,46.612469,-101.172582,Single Family,4,2.0,3485,6258,1937,87,681844.55,2020-10-21,2001,195.65,583123.23,2024,11594.75,Patricia King,True,MT-YE-19742,151.22,Under-assessed
P-100120,10120,"204 Willow Way, San Diego, CA 28021",204 Willow Way,,San Diego,CA,28021,San Diego,43.327435,-136.865295,Single Family,1,2.5,4742,12213,1967,57,634372.86,2019-02-17,2613,133.78,634389.62,2024,12023.6,Brian Young,True,CA-SA-79758,449.01,Within band
P-100121,10121,"6839 Main St, Apt 27C, Indianapolis, IN 12192",6839 Main St,Apt 27C,Indianapolis,IN,12192,Marion,35.029568,-133.097556,Condo,1,5.0,6316,17359,1975,49,748810.81,2024-04-09,735,118.56,623089.17,2022,8905.58,Sarah Gonzalez,False,IN-MA-43084,141.22,Under-assessed
P-100122,10122,"6602 Pine Rd, Apt 21A, Seattle, WA 58896",6602 Pine Rd,Apt 21A,Seattle,WA,58896,King,46.421392,-117.067196,Condo,6,2.5,3057,14264,1930,94,2443893.94,2016-08-28,3516,799.44,2431597.09,2022,22181.04,Anthony Harris,True,WA-KI-17355,446.6,Within band
P-100124,10124,"5252 Oak Ave, Atlanta, GA 37152",5252 Oak Ave,,Atlanta,GA,37152,Fulton,36.556457,-91.553861,Multi Family,1,3.0,1930,11169,1950,74,562022.82,2016-10-03,3480,291.2,515232.72,2024,6172.88,Ronald Mitchell,True,GA-FU-20279,318.91,Within band
P-100125,10125,"5766 Cedar Ln, Apt 22D, Boston, MA 22803",5766 Cedar Ln,Apt 22D,Boston,MA,22803,Suffolk,32.582839,-84.035305,Townhouse,5,4.0,3273,3758,2001,23,1283647.44,2021-03-25,1846,392.19,1215846.51,2023,17795.68,Anthony Ramirez,True,MA-SU-86791,343.24,Within band
P-100126,10126,"4939 Monroe Blvd, San Francisco, CA 19634",4939 Monroe Blvd,,San Francisco,CA,19634,San Francisco,23.174007,-143.582776,Single Family,6,4.0,3194,9103,1933,91,729137.31,2022-10-29,1263,228.28,680591.9,2023,6279.67,Jennifer Lopez,True,CA-SA-83005,449.01,Within band
P-100127,10127,"8495 Willow Way, Fort Wayne, IN 23538",8495 Willow Way,,Fort Wayne,IN,23538,Allen,21.69594,-126.209457,Single Family,5,3.5,3755,3957,1957,67,442771.85,2017-07-18,3192,117.92,365468.25,2024,6893.64,Sarah Torres,True,IN-AL-99825,248.46,Under-assessed
P-100128,10128,"2877 Lake Dr, Cincinnati, OH 45247",2877 Lake Dr,,Cincinnati,OH,45247,Hamilton,28.979979,-114.098217,Single Family,2,4.0,2860,9759,1958,66,497700.42,2025-06-02,316,174.02,452079.94,2022,7527.49,Dorothy Hill,False,OH-HA-70012,208.92,Under-assessed
P-100129,10129,"2319 Clearwater Ct, Apt 16C, Fort Lauderdale, FL 10887",2319 Clearwater Ct,Apt 16C,Fort Lauderdale,FL,10887,Broward,46.143822,-128.097102,Townhouse,4,3.5,4206,9690,1975,49,756070.87,2016-08-23,3521,179.76,752525.7,2024,7249.45,Daniel Hill,False,FL-BR-36326,130.82,Within band
P-100130,10130,"6624 Ridgewood Rd, Apt 1D, Atlanta, GA 48200",6624 Ridgewood Rd,Apt 1D,Atlanta,GA,48200,Fulton,40.474171,-101.937486,Townhouse,7,2.5,3269,9430,1955,69,756865.72,2021-11-16,1610,231.53,688372.9,2024,7157.43,Andrew Lopez,False,GA-FU-82102,170.94,Within band
P-100131,10131,"7283 Heritage Ln, Naperville, IL 19064",7283 Heritage Ln,,Naperville,IL,19064,DuPage,42.702588,-87.777855,Multi Family,6,4.5,1740,12116,1958,66,308776.51,2018-11-24,2698,177.46,261299.95,2023,5487.3,John Lewis,False,IL-DU-72814,177.46,Under-assessed
P-100132,10132,"6666 Birch St, Apt 22D, New Orleans, LA 64827",6666 Birch St,Apt 22D,New Orleans,LA,64827,Orleans,35.406598,-88.20728,Townhouse,6,5.0,5464,15919,1930,94,205308.15,2023-07-02,1017,37.57,204749.81,2023,2046.69,Michelle Williams,True,LA-OR-94545,124.05,Within band
P-100133,10133,"7152 River Blvd, Apt 30A, Reno, NV 11382",7152 River Blvd,Apt 30A,Reno,NV,11382,Washoe,23.613074,-137.685906,Condo,5,2.5,4251,10380,1970,54,481189.3,2018-08-30,2784,113.19,469918.4,2024,4609.4,Mary Walker,True,NV-WA-64522,116.76,Within band
P-100134,10134,"2421 Hillcrest Ave, Apt 21A, Orlando, FL 50880",2421 Hillcrest Ave,Apt 21A,Orlando,FL,50880,Orange,30.091267,-88.76851,Condo,4,3.5,4500,6099,1976,48,683155.28,2021-03-17,1854,151.81,611883.63,2023,5223.16,Melissa Davis,True,FL-OR-54967,145.87,Under-assessed
P-100135,10135,"4096 Washington Ave, Hempstead, NY 82339",4096 Washington Ave,,Hempstead,NY,82339,Nassau,25.243596,-108.293141,Single Family,2,4.0,5758,8780,1943,81,2403460.57,2021-06-08,1771,417.41,2207998.45,2024,48575.97,Richard Lewis,True,NY-NA-60965,408.84,Within band
P-100136,10136,"3619 Jefferson St, Austin, TX 46483",3619 Jefferson St,,Austin,TX,46483,Travis,40.936626,-86.640508,Single Family,5,1.5,4998,8061,1966,58,374268.23,2021-02-24,1875,74.88,312209.5,2024,6244.19,Kimberly Green,True,TX-TR-60939,115.36,Under-assessed
P-100137,10137,"6531 Park Way, Wichita, KS 55603",6531 Park Way,,Wichita,KS,55603,Sedgwick,30.3276,-117.166129,Single Family,7,3.0,5633,15302,1930,94,644245.86,2022-10-09,1283,114.37,538176.25,2023,5060.68,Margaret Hall,True,KS-SE-60916,104.04,Under-assessed
P-100138,10138,"9871 Lake Dr, Apt 27D, Pittsburgh, PA 85340",9871 Lake Dr,Apt 27D,Pittsburgh,PA,85340,Allegheny,31.168314,-140.839428,Condo,6,2.0,5145,7878,1982,42,345291.12,2024-03-08,767,67.11,308819.4,2023,4765.99,Matthew Smith,True,PA-AL-35575,115.78,Under-assessed
P-100139,10139,"8381 Orchard Ln, Fort Wayne, IN 63626",8381 Orchard Ln,,Fort Wayne,IN,63626,Allen,39.144462,-120.840152,Single Family,4,2.0,1277,10540,1923,101,740787.09,2023-10-23,904,580.1,657542.6,2023,7034.47,Charles Hernandez,False,IN-AL-84140,248.46,Under-assessed
P-100140,10140,"9106 Birch St, Apt 15C, Arlington, VA 24838",9106 Birch St,Apt 15C,Arlington,VA,24838,Arlington,36.176922,-133.693665,Condo,7,3.5,5040,5721,2017,7,1162776.29,2020-02-27,2238,230.71,1006455.65,2023,9288.58,Carol Carter,True,VA-AR-14224,224.74,Under-assessed
P-100141,10141,"1525 Harbor View Blvd, Apt 20E, Memphis, TN 25386",1525 Harbor View Blvd,Apt 20E,Memphis,TN,25386,Shelby,41.554239,-136.385693,Townhouse,6,3.5,6422,16420,2000,24,453970.31,2019-05-17,2524,70.69,382138.81,2022,6787.69,Patricia Torres,True,TN-SH-46842,80.48,Under-assessed
P-100143,10143,"2429 Jackson Dr, Fairfax, VA 92288",2429 Jackson Dr,,Fairfax,VA,92288,Fairfax,31.976965,-117.67672,Single Family,4,5.0,2879,14261,1967,57,845634.78,2020-10-22,2000,293.73,759537.98,2022,13995.93,Timothy Garcia,False,VA-FA-70089,195.64,Under-assessed
P-100144,10144,"5969 Elm St, Apt 21D, Honolulu, HI 80048",5969 Elm St,Apt 21D,Honolulu,HI,80048,Honolulu,31.539471,-72.772814,Condo,4,3.0,3244,7890,1963,61,2119297.13,2024-10-26,535,653.3,2055384.71,2023,35886.28,Amanda Carter,True,HI-HO-23051,653.3,Within band
P-100145,10145,"2135 Broadway, Dallas, TX 67840",2135 Broadway,,Dallas,TX,67840,Dallas,33.097731,-70.710073,Multi Family,2,2.0,5924,10869,1940,84,802050.23,2016-06-14,3591,135.39,707573.39,2024,14151.47,Jennifer White,False,TX-DA-95054,126.59,Under-assessed
P-100146,10146,"948 Creekside Dr, Apt 27A, Hempstead, NY 91999",948 Creekside Dr,Apt 27A,Hempstead,NY,91999,Nassau,29.095995,-96.148601,Condo,4,1.5,6364,7923,1920,104,1100934.59,2025-05-29,320,172.99,924575.81,2022,20340.67,Donald Smith,True,NY-NA-55032,351.08,Under-assessed
P-100147,10147,"2265 Riverside Dr, Minneapolis, MN 19283",2265 Riverside Dr,,Minneapolis,MN,19283,Hennepin,27.067092,-149.228196,Single Family,1,3.5,3611,8513,1937,87,418522.42,2017-02-28,3332,115.9,429381.96,2022,6740.83,Amanda Martinez,True,MN-HE-83831,127.64,Within band
P-100148,10148,"2788 Harbor View Blvd, Houston, TX 56030",2788 Harbor View Blvd,,Houston,TX,56030,Harris,40.144449,-102.357037,Single Family,4,4.5,2379,3799,1932,92,229210.25,2024-11-25,505,96.35,223909.12,2023,4478.18,Sandra Lee,False,TX-HA-42477,115.36,Within band
P-100149,10149,"1480 Monroe Blvd, Apt 8D, Tacoma, WA 82534",1480 Monroe Blvd,Apt 8D,Tacoma,WA,82534,Pierce,36.926475,-94.257371,Condo,7,1.0,5993,10935,1946,78,2029134.84,2020-07-26,2088,338.58,1738144.64,2023,20069.5,Patricia Thomas,True,WA-PI-24777,446.6,Under-assessed
P-100150,10150,"9830 Elm St, Apt 1C, Honolulu, HI 79243",9830 Elm St,Apt 1C,Honolulu,HI,79243,Honolulu,44.5512,-155.95017,Townhouse,3,2.0,3768,13080,1973,51,1564508.01,2018-08-16,2798,415.21,1332696.57,2023,25925.53,Stephanie Jones,True,HI-HO-18851,660.61,Under-assessed
P-100151,10151,"752 Cedar Ln, Apt 26B, Waukegan, IL 62163",752 Cedar Ln,Apt 26B,Waukegan,IL,62163,Lake,34.425181,-102.314349,Condo,7,4.0,4069,15567,1971,53,184293.69,2020-04-07,2198,45.29,177160.9,2022,3720.38,Lisa Garcia,True,IL-LA-36633,148.0,Within band
P-100152,10152,"5453 Creekside Dr, Salt Lake City, UT 86865",5453 Creekside Dr,,Salt Lake City,UT,86865,Salt Lake,37.808798,-84.396197,Single Family,3,4.0,2554,3502,1951,73,187245.98,2021-05-30,1780,73.31,156312.19,2024,2392.51,Lisa Nelson,False,UT-SA-33022,109.86,Under-assessed
P-100153,10153,"307 Lake Dr, Apt 17A, Tampa, FL 11487",307 Lake Dr,Apt 17A,Tampa,FL,11487,Hillsborough,25.341565,-74.08759,Condo,5,3.0,1967,8059,1936,88,704825.58,2016-06-27,3578,358.33,620690.09,2022,10711.35,Mary Perez,False,FL-HI-45649,145.87,Under-assessed
P-100154,10154,"9547 Elm St, Durham, NC 75031",9547 Elm St,,Durham,NC,75031,Durham,33.062741,-125.669221,Single Family,7,2.0,3612,6189,1952,72,723196.58,2019-11-06,2351,200.22,724813.74,2022,7785.12,Paul Smith,True,NC-DU-11610,151.03,Within band
P-100155,10155,"853 Riverside Dr, Charlotte, NC 57707",853 Riverside Dr,,Charlotte,NC,57707,Mecklenburg,31.148956,-143.942634,Single Family,5,4.0,2439,7711,1951,73,444680.15,2018-03-16,2951,182.32,398424.76,2022,5919.97,Linda Allen,False,NC-ME-16903,151.03,Under-assessed
P-100156,10156,"3756 Maple Dr, Apt 19D, Atlanta, GA 62550",3756 Maple Dr,Apt 19D,Atlanta,GA,62550,Fulton,22.826551,-116.536807,Condo,7,3.0,3281,4696,1990,34,476262.02,2022-02-22,1512,145.16,409681.23,2024,7134.22,Deborah Flores,True,GA-FU-58270,139.77,Under-assessed
P-100157,10157,"9054 Monroe Blvd, Apt 8D, Chicago, IL 29735",9054 Monroe Blvd,Apt 8D,Chicago,IL,29735,Cook,21.169014,-121.326858,Condo,5,3.5,5809,17170,1921,103,861772.4,2026-04-08,6,148.35,885625.18,2023,18598.13,Timothy Martin,True,IL-CO-79443,148.0,Within band
P-100158,10158,"1081 Sunset Blvd, Apt 8C, Fairfax, VA 46677",1081 Sunset Blvd,Apt 8C,Fairfax,VA,46677,Fairfax,23.465206,-76.849127,Condo,4,3.5,4355,5746,1994,30,414692.41,2024-10-14,547,95.22,411028.48,2023,3657.32,Kenneth Brown,True,VA-FA-27132,224.74,Within band
P-100159,10159,"5261 Creekside Dr, Durham, NC 52762",5261 Creekside Dr,,Durham,NC,52762,Durham,29.42853,-133.339839,Single Family,2,2.0,5389,7174,1939,85,202413.05,2021-03-29,1842,37.56,190231.13,2023,1797.46,Matthew Roberts,True,NC-DU-50410,151.03,Within band
P-100160,10160,"4441 Park Way, Apt 28D, St. Louis, MO 21851",4441 Park Way,Apt 28D,St. Louis,MO,21851,St. Louis,25.176807,-97.313229,Townhouse,1,2.5,3285,5715,1931,93,674702.77,2022-04-17,1458,205.39,619966.39,2022,9997.7,Thomas Lopez,True,MO-ST-63004,225.08,Within band
P-100161,10161,"9113 Monroe Blvd, Fort Wayne, IN 22415",9113 Monroe Blvd,,Fort Wayne,IN,22415,Allen,33.244146,-87.060982,Single Family,1,1.0,1105,4746,1936,88,274543.77,2021-10-16,1641,248.46,250293.85,2024,4818.38,Jennifer Nguyen,True,IN-AL-19828,248.46,Within band
P-100162,10162,"1156 Lincoln Rd, Apt 7B, Dallas, TX 94670",1156 Lincoln Rd,Apt 7B,Dallas,TX,94670,Dallas,32.75093,-145.795135,Townhouse,1,1.0,4376,5205,1941,83,840822.75,2021-06-04,1775,192.14,879925.73,2023,17598.51,Anthony Baker,True,TX-DA-56392,143.56,Within band
P-100163,10163,"4685 Harbor View Blvd, Apt 26A, Tacoma, WA 29481",4685 Harbor View Blvd,Apt 26A,Tacoma,WA,29481,Pierce,21.91821,-103.13164,Condo,6,3.0,4686,11436,1990,34,1911044.34,2025-04-19,360,407.82,1689234.77,2022,22012.11,Carol King,True,WA-PI-81258,446.6,Under-assessed
P-100164,10164,"5983 Riverside Dr, Apt 8B, Cincinnati, OH 81371",5983 Riverside Dr,Apt 8B,Cincinnati,OH,81371,Hamilton,41.70803,-127.069032,Townhouse,5,3.5,3781,8211,1943,81,140329.11,2019-08-03,2446,37.11,121483.76,2023,1057.28,Steven King,True,OH-HA-86544,148.98,Under-assessed
P-100165,10165,"4160 Monroe Blvd, Miami, FL 44934",4160 Monroe Blvd,,Miami,FL,44934,Miami-Dade,35.142773,-88.162363,Single Family,7,2.5,5316,11679,1965,59,849460.71,2016-10-20,3463,159.79,723837.03,2022,10937.35,Deborah Hall,True,FL-MI-87537,138.34,Under-assessed
P-100166,10166,"5861 Sunset Blvd, San Antonio, TX 83807",5861 Sunset Blvd,,San Antonio,TX,83807,Bexar,46.131765,-84.207375,Single Family,5,3.0,2038,10073,1924,100,190400.75,2023-09-04,953,93.43,186687.71,2022,3733.75,James Perez,False,TX-BE-36406,115.36,Within band
P-100167,10167,"5682 Washington Ave, Jacksonville, FL 52413",5682 Washington Ave,,Jacksonville,FL,52413,Duval,22.578233,-144.149054,Single Family,7,1.5,4911,10889,1929,95,411400.81,2018-11-09,2713,83.77,377945.15,2022,4549.98,Daniel Rodriguez,False,FL-DU-67261,138.34,Within band
P-100169,10169,"3083 Ridgewood Rd, Fort Worth, TX 90134",3083 Ridgewood Rd,,Fort Worth,TX,90134,Tarrant,26.853724,-107.797129,Single Family,2,3.5,1237,5136,1964,60,886256.13,2024-05-26,688,716.46,878152.23,2022,17563.04,Brian Green,False,TX-TA-54007,115.36,Within band
P-100171,10171,"3795 Broadway, Apt 29D, Lexington, KY 69151",3795 Broadway,Apt 29D,Lexington,KY,69151,Fayette,22.953299,-83.418664,Condo,1,3.5,2739,4454,1929,95,386610.4,2016-04-29,3637,141.15,352835.1,2024,3140.24,Jennifer Perez,True,KY-FA-90431,141.41,Within band
P-100172,10172,"7166 Broadway, San Antonio, TX 89602",7166 Broadway,,San Antonio,TX,89602,Bexar,44.578462,-143.331971,Single Family,3,2.5,2156,8861,2009,15,552207.7,2018-02-05,2990,256.13,531244.59,2024,10624.89,Sarah Miller,True,TX-BE-84943,115.36,Within band
P-100173,10173,"8143 Sunset Blvd, Apt 16C, Indianapolis, IN 17144",8143 Sunset Blvd,Apt 16C,Indianapolis,IN,17144,Marion,30.561966,-119.798282,Condo,7,4.5,2235,3824,1923,101,281423.33,2019-02-15,2615,125.92,249775.43,2022,3417.64,Linda Martin,False,IN-MA-71727,141.22,Under-assessed
P-100174,10174,"9014 Forest Glen Rd, Sacramento, CA 34232",9014 Forest Glen Rd,,Sacramento,CA,34232,Sacramento,30.832044,-123.814269,Single Family,4,1.0,2756,9960,1979,45,1253372.47,2016-11-23,3429,454.78,1103680.44,2022,10831.04,George Nelson,True,CA-SA-97574,449.01,Under-assessed
P-100175,10175,"8971 Willow Way, Memphis, TN 87296",8971 Willow Way,,Memphis,TN,87296,Shelby,27.029088,-151.694414,Multi Family,7,5.0,4029,12802,2007,17,796177.33,2020-12-16,1945,197.61,773736.5,2022,10611.91,Jennifer Sanchez,False,TN-SH-14551,191.41,Within band
P-100176,10176,"9458 Sunset Blvd, Boston, MA 25765",9458 Sunset Blvd,,Boston,MA,25765,Suffolk,46.155253,-117.933543,Single Family,2,2.5,1633,2332,1974,50,689023.99,2018-08-15,2799,421.94,641218.11,2024,6267.61,Joshua Taylor,True,MA-SU-18783,390.17,Within band
P-100177,10177,"6458 Creekside Dr, Sacramento, CA 82358",6458 Creekside Dr,,Sacramento,CA,82358,Sacramento,29.64236,-132.970529,Single Family,7,1.0,6337,16545,1995,29,2043814.13,2021-07-30,1719,322.52,1704041.58,2022,16662.79,Donna Nguyen,False,CA-SA-23133,449.01,Under-assessed
P-100178,10178,"9319 River Blvd, Fort Lauderdale, FL 47498",9319 River Blvd,,Fort Lauderdale,FL,47498,Broward,43.988095,-80.428187,Multi Family,3,4.0,5964,13919,1993,31,594990.48,2025-11-11,154,99.76,506729.54,2023,4928.57,Joshua Baker,False,FL-BR-15083,133.09,Under-assessed
P-100179,10179,"5531 Monroe Blvd, Apt 25C, Troy, MI 16460",5531 Monroe Blvd,Apt 25C,Troy,MI,16460,Oakland,40.76237,-76.887356,Townhouse,1,3.5,3082,8176,1955,69,777420.32,2016-08-28,3516,252.25,784304.26,2022,15427.23,Joseph Rodriguez,True,MI-OA-68079,164.68,Within band
P-100180,10180,"6928 Pine Rd, Seattle, WA 34633",6928 Pine Rd,,Seattle,WA,34633,King,32.70549,-77.531346,Multi Family,6,4.5,4831,10957,1927,97,2021572.59,2024-07-01,652,418.46,1657052.91,2024,23333.86,David Roberts,False,WA-KI-84537,434.64,Under-assessed
P-100181,10181,"2946 Lincoln Rd, San Antonio, TX 36309",2946 Lincoln Rd,,San Antonio,TX,36309,Bexar,43.179882,-135.294347,Single Family,1,3.5,6372,9634,1955,69,407314.5,2021-01-28,1902,63.92,387575.19,2024,7751.5,Amanda Johnson,True,TX-BE-74066,115.36,Within band
P-100182,10182,"7408 Washington Ave, Oklahoma City, OK 72204",7408 Washington Ave,,Oklahoma City,OK,72204,Oklahoma,36.552327,-126.570889,Single Family,7,3.0,6243,7723,1956,68,141411.38,2025-09-22,204,22.65,120040.19,2024,2083.65,Jessica Anderson,False,OK-OK-98826,128.71,Under-assessed
P-100183,10183,"4508 Willow Way, Naperville, IL 77276",4508 Willow Way,,Naperville,IL,77276,DuPage,21.531387,-89.113581,Single Family,4,2.0,5903,8740,1996,28,744674.55,2023-10-10,917,126.15,652124.26,2023,13694.61,Melissa Adams,True,IL-DU-59345,104.35,Under-assessed
P-100185,10185,"5427 Jackson Dr, Apt 16C, Tacoma, WA 44229",5427 Jackson Dr,Apt 16C,Tacoma,WA,44229,Pierce,38.38717,-74.159662,Condo,2,2.0,4837,8774,1927,97,2906560.96,2017-04-14,3287,600.9,3031568.35,2023,48281.86,Amanda Rodriguez,False,WA-PI-95904,446.6,Within band
P-100186,10186,"6957 Creekside Dr, Apt 27E, Durham, NC 60891",6957 Creekside Dr,Apt 27E,Durham,NC,60891,Durham,40.523401,-106.276938,Townhouse,7,2.5,3411,15314,2011,13,293443.29,2020-04-15,2190,86.03,290947.28,2023,5492.6,Brian Thompson,True,NC-DU-32280,129.09,Within band
P-100187,10187,"4913 River Blvd, Apt 15A, Decatur, GA 71706",4913 River Blvd,Apt 15A,Decatur,GA,71706,DeKalb,24.39052,-134.497289,Condo,7,2.0,6168,11667,2003,21,189653.86,2022-04-19,1456,30.75,164429.59,2023,2145.09,Nancy White,True,GA-DE-48541,139.77,Under-assessed
P-100188,10188,"979 Elm St, Rockville, MD 71894",979 Elm St,,Rockville,MD,71894,Montgomery,44.569791,-113.458468,Multi Family,5,3.0,3984,4869,1939,85,464838.31,2024-01-14,821,116.68,419656.48,2024,7853.51,Ashley Martinez,True,MD-MO-33639,293.88,Under-assessed
P-100189,10189,"8088 Valley View Dr, San Francisco, CA 92710",8088 Valley View Dr,,San Francisco,CA,92710,San Francisco,47.14597,-129.732976,Single Family,1,4.5,2840,6270,2017,7,2809303.93,2019-10-27,2361,989.19,2891743.29,2023,50381.49,Stephanie Garcia,True,CA-SA-66847,449.01,Within band
P-100190,10190,"7135 Creekside Dr, Honolulu, HI 66233",7135 Creekside Dr,,Honolulu,HI,66233,Honolulu,46.581188,-123.651471,Single Family,5,2.5,3656,3886,1961,63,2758385.6,2020-04-29,2176,754.48,2364413.7,2024,19032.31,Timothy Thomas,True,HI-HO-55134,465.83,Under-assessed
P-100191,10191,"2212 River Blvd, Lakewood, CO 60272",2212 River Blvd,,Lakewood,CO,60272,Jefferson,34.338417,-130.367987,Single Family,7,1.0,3042,7806,1978,46,1173398.29,2019-08-06,2443,385.73,1123218.26,2023,20954.41,David Perez,False,CO-JE-74248,215.23,Within band
P-100192,10192,"3187 Broadway, Knoxville, TN 62873",3187 Broadway,,Knoxville,TN,62873,Knox,21.506805,-137.484041,Single Family,2,1.0,5430,13697,1941,83,216066.35,2018-04-23,2913,39.79,215021.05,2022,2688.26,Kevin Taylor,False,TN-KN-91675,143.46,Within band
P-100193,10193,"9830 Cedar Ln, San Diego, CA 96765",9830 Cedar Ln,,San Diego,CA,96765,San Diego,23.865006,-84.257559,Single Family,6,1.5,4014,11293,1968,56,826964.94,2023-06-13,1036,206.02,779264.69,2022,8155.74,Amanda Green,True,CA-SA-65164,449.01,Within band
P-100194,10194,"8624 Jackson Dr, Miami, FL 91631",8624 Jackson Dr,,Miami,FL,91631,Miami-Dade,37.04931,-145.066774,Single Family,5,1.5,2915,4782,2020,4,202885.69,2024-01-21,814,69.6,199375.88,2023,3584.38,Richard Thompson,False,FL-MI-48712,138.34,Within band
P-100195,10195,"745 Orchard Ln, Apt 21B, Bronx, NY 37222",745 Orchard Ln,Apt 21B,Bronx,NY,37222,Bronx,39.237404,-115.182237,Condo,1,1.0,6102,7560,1934,90,2997458.1,2018-10-12,2741,491.23,2842283.32,2022,62530.23,John Campbell,False,NY-BR-43540,351.08,Within band
P-100196,10196,"4950 Adams St, Kansas City, MO 70853",4950 Adams St,,Kansas City,MO,70853,Jackson,22.327125,-86.253478,Single Family,7,3.0,3550,14638,1960,64,452276.26,2024-12-25,475,127.4,374710.67,2022,3041.18,David Nelson,False,MO-JA-53078,127.4,Under-assessed
P-100197,10197,"7271 Jackson Dr, Knoxville, TN 22183",7271 Jackson Dr,,Knoxville,TN,22183,Knox,30.874487,-127.183123,Single Family,4,4.0,4339,8792,1969,55,658123.9,2020-12-02,1959,151.68,684428.93,2024,12753.3,William Davis,True,TN-KN-17686,143.46,Within band
P-100198,10198,"1799 Willow Way, Bronx, NY 87430",1799 Willow Way,,Bronx,NY,87430,Bronx,33.790884,-107.501921,Single Family,2,4.0,3537,13553,1923,101,3080856.11,2016-05-31,3605,871.04,3239707.96,2022,71273.58,Dorothy Davis,False,NY-BR-67761,408.84,Within band
P-100199,10199,"1137 Adams St, Apt 21D, Los Angeles, CA 95848",1137 Adams St,Apt 21D,Los Angeles,CA,95848,Los Angeles,29.327306,-95.702569,Condo,7,2.5,6087,11629,1986,38,2045464.68,2018-06-05,2870,336.04,2015747.57,2023,32132.14,Sarah Walker,True,CA-LO-98643,453.06,Within band
P-100200,10200,"9247 Cedar Ln, Queens, NY 11526",9247 Cedar Ln,,Queens,NY,11526,Queens,38.050066,-143.347319,Single Family,7,4.5,1954,3180,2016,8,1949526.28,2023-08-01,987,997.71,1753147.48,2023,38569.24,Joseph Scott,False,NY-QU-62858,408.84,Under-assessed
P-100201,10201,"1391 Lakeshore Dr, Scottsdale, AZ 68220",1391 Lakeshore Dr,,Scottsdale,AZ,68220,Maricopa,42.233424,-118.015423,Single Family,4,3.5,1572,9720,2015,9,629630.94,2025-02-17,421,400.53,579910.18,2022,8516.31,James Garcia,False,AZ-MA-91142,130.0,Within band
P-100202,10202,"5090 Birch St, Apt 8A, Honolulu, HI 83706",5090 Birch St,Apt 8A,Honolulu,HI,83706,Honolulu,26.481558,-98.58173,Townhouse,3,1.0,2426,9871,1962,62,2158460.08,2019-05-02,2539,889.72,2115259.25,2024,33603.02,Melissa Lewis,True,HI-HO-96364,660.61,Within band
P-100203,10203,"5918 Heritage Ln, Nashville, TN 81786",5918 Heritage Ln,,Nashville,TN,81786,Davidson,34.832605,-95.917643,Single Family,2,4.5,1750,13494,2015,9,682816.09,2025-01-30,439,390.18,598342.72,2022,6133.32,Betty Wilson,True,TN-DA-34979,143.46,Under-assessed
P-100204,10204,"1865 Willow Way, Apt 16E, Nashville, TN 16094",1865 Willow Way,Apt 16E,Nashville,TN,16094,Davidson,45.555603,-84.140437,Townhouse,1,4.5,4346,15134,1995,29,865828.45,2024-10-09,552,199.22,943022.62,2022,13545.93,Patricia Scott,False,TN-DA-86692,80.48,Within band
P-100205,10205,"9579 Washington Ave, Apt 14E, Atlanta, GA 26827",9579 Washington Ave,Apt 14E,Atlanta,GA,26827,Fulton,23.74418,-99.795602,Townhouse,3,5.0,3751,10610,1997,27,834409.99,2017-09-25,3123,222.45,729667.87,2023,14274.58,Charles Lewis,False,GA-FU-28111,170.94,Under-assessed
P-100206,10206,"4997 Ridgewood Rd, Apt 25C, Cambridge, MA 82559",4997 Ridgewood Rd,Apt 25C,Cambridge,MA,82559,Middlesex,37.763457,-139.52265,Townhouse,6,3.0,6224,11881,2006,18,854648.77,2018-04-26,2910,137.32,850397.68,2022,11945.3,George Green,True,MA-MI-25126,343.24,Within band
P-100207,10207,"7970 Willow Way, Apt 9B, Fort Wayne, IN 98374",7970 Willow Way,Apt 9B,Fort Wayne,IN,98374,Allen,40.818521,-83.799131,Condo,7,4.0,704,9268,1933,91,139712.27,2024-08-26,596,198.45,113993.97,2022,1185.4,Ronald Hernandez,False,IN-AL-99573,141.22,Under-assessed
P-100208,10208,"4935 Jefferson St, San Jose, CA 80932",4935 Jefferson St,,San Jose,CA,80932,Santa Clara,21.856119,-86.179719,Single Family,5,5.0,2437,13039,1991,33,1636104.32,2020-07-21,2093,671.36,1693845.96,2024,19397.35,Brian Brown,False,CA-SA-60797,449.01,Within band
P-100209,10209,"5222 Cedar Ln, Pittsburgh, PA 11699",5222 Cedar Ln,,Pittsburgh,PA,11699,Allegheny,40.707254,-139.331412,Single Family,7,2.5,5791,17335,2010,14,625153.26,2017-10-25,3093,107.95,610471.91,2024,9303.98,Stephanie Campbell,False,PA-AL-48558,120.29,Within band
P-100210,10210,"3006 Elm St, Eugene, OR 34507",3006 Elm St,,Eugene,OR,34507,Lane,46.505594,-93.048085,Single Family,4,1.0,4110,8682,1991,33,617087.51,2024-06-23,660,150.14,601781.16,2023,4855.01,Ashley Rivera,False,OR-LA-15235,291.42,Within band
P-100211,10211,"5385 Cedar Ln, Queens, NY 91968",5385 Cedar Ln,,Queens,NY,91968,Queens,37.31363,-99.415552,Single Family,7,5.0,3533,4727,2020,4,2608428.76,2020-05-22,2153,738.3,2258869.58,2022,49695.13,Paul Hernandez,True,NY-QU-80390,408.84,Under-assessed
P-100212,10212,"1606 Hillcrest Ave, Apt 20E, Grand Rapids, MI 38992",1606 Hillcrest Ave,Apt 20E,Grand Rapids,MI,38992,Kent,44.410014,-99.289901,Townhouse,3,3.0,2389,12518,1987,37,490388.61,2019-12-27,2300,205.27,513489.11,2024,4162.16,Brian Thompson,True,MI-KE-94182,164.68,Within band
P-100213,10213,"753 Ridgewood Rd, Charlotte, NC 59987",753 Ridgewood Rd,,Charlotte,NC,59987,Mecklenburg,45.272209,-74.786073,Multi Family,3,5.0,2916,3320,1986,38,761245.07,2022-01-29,1536,261.06,726450.63,2024,9695.71,Robert Jackson,False,NC-ME-35232,162.12,Within band
P-100214,10214,"8519 Pine Rd, Apt 21A, Henderson, NV 22577",8519 Pine Rd,Apt 21A,Henderson,NV,22577,Clark,25.435962,-73.80397,Condo,5,1.0,5735,6807,1946,78,642861.4,2017-08-10,3169,112.09,555401.74,2024,7270.49,Michael Wilson,True,NV-CL-67047,116.76,Under-assessed
P-100215,10215,"489 Lakeshore Dr, Queens, NY 53478",489 Lakeshore Dr,,Queens,NY,53478,Queens,22.003987,-150.627421,Single Family,7,3.0,5171,6325,1993,31,2955938.92,2023-05-20,1060,571.64,2726232.41,2023,59977.11,Sandra Lee,True,NY-QU-98250,408.84,Within band
P-100216,10216,"8862 Main St, Apt 1D, Tampa, FL 94072",8862 Main St,Apt 1D,Tampa,FL,94072,Hillsborough,40.087571,-151.49833,Townhouse,1,1.5,3530,11768,1933,91,346072.55,2018-08-04,2810,98.04,308144.8,2022,3506.14,Donald Harris,True,FL-HI-96602,130.82,Under-assessed
P-100218,10218,"8900 Pine Rd, Apt 28E, Troy, MI 49936",8900 Pine Rd,Apt 28E,Troy,MI,49936,Oakland,26.566402,-92.495548,Townhouse,2,4.0,5891,14288,1938,86,245544.4,2023-10-22,905,41.68,241877.31,2023,2499.06,Susan Nelson,False,MI-OA-17128,164.68,Within band
P-100219,10219,"9105 Elm St, Apt 20C, St. Louis, MO 48096",9105 Elm St,Apt 20C,St. Louis,MO,48096,St. Louis,38.799659,-135.190178,Condo,6,4.5,3310,9161,1936,88,643610.54,2023-08-27,961,194.44,534205.45,2024,4721.15,Richard Lee,True,MO-ST-53036,180.87,Under-assessed
P-100220,10220,"2596 Meadow Ln, Apt 16E, New Orleans, LA 51462",2596 Meadow Ln,Apt 16E,New Orleans,LA,51462,Orleans,46.404461,-142.328363,Townhouse,2,2.5,6434,16933,1975,49,335810.27,2022-04-02,1473,52.19,282178.6,2024,3380.15,Steven Robinson,True,LA-OR-50038,124.05,Under-assessed
P-100221,10221,"2979 Pine Rd, Apt 7A, Fort Lauderdale, FL 46780",2979 Pine Rd,Apt 7A,Fort Lauderdale,FL,46780,Broward,43.755912,-144.819855,Condo,2,3.0,5733,6985,2013,11,178811.97,2026-01-27,77,31.19,188624.49,2024,1579.6,Donna Nguyen,True,FL-BR-87337,145.87,Within band
P-100222,10222,"4369 Riverside Dr, Apt 5D, Indianapolis, IN 95709",4369 Riverside Dr,Apt 5D,Indianapolis,IN,95709,Marion,41.542727,-125.173779,Condo,7,3.0,1696,9309,1984,40,518121.35,2021-10-31,1626,305.5,471055.03,2022,7514.34,Michelle Baker,True,IN-MA-77388,141.22,Within band
P-100223,10223,"3035 Sunset Blvd, Bronx, NY 73373",3035 Sunset Blvd,,Bronx,NY,73373,Bronx,45.888144,-153.483475,Single Family,2,1.5,2765,8817,1949,75,580565.74,2023-12-19,847,209.97,554652.52,2023,12202.36,Ashley Williams,True,NY-BR-95003,408.84,Within band
P-100224,10224,"1791 Jackson Dr, Henderson, NV 44513",1791 Jackson Dr,,Henderson,NV,44513,Clark,36.333733,-107.396067,Multi Family,6,4.0,3592,13220,2003,21,820616.76,2025-05-30,319,228.46,783688.08,2023,15416.78,Joseph King,True,NV-CL-55224,178.76,Within band
P-100225,10225,"7998 Main St, Apt 24A, Fairfax, VA 75776",7998 Main St,Apt 24A,Fairfax,VA,75776,Fairfax,44.373907,-118.728813,Condo,1,5.0,5871,10471,1947,77,480288.49,2024-07-08,645,81.81,436422.25,2024,7769.83,Brian Anderson,True,VA-FA-53283,224.74,Under-assessed
P-100227,10227,"6742 Oak Ave, Apt 6C, Charleston, SC 96736",6742 Oak Ave,Apt 6C,Charleston,SC,96736,Charleston,42.764538,-74.588913,Condo,4,4.5,4545,7339,1948,76,767683.59,2019-07-18,2462,168.91,647014.2,2024,11546.25,Susan Flores,False,SC-CH-44671,144.56,Under-assessed
P-100228,10228,"9873 Elm St, Kansas City, MO 40122",9873 Elm St,,Kansas City,MO,40122,Jackson,31.022601,-145.497452,Single Family,2,5.0,4731,15943,1973,51,764681.06,2019-06-29,2481,161.63,633836.16,2023,11928.35,Joshua Williams,False,MO-JA-79655,127.4,Under-assessed
P-100229,10229,"2025 Pine Rd, Apt 12E, Boston, MA 73208",2025 Pine Rd,Apt 12E,Boston,MA,73208,Suffolk,38.473904,-78.527326,Condo,7,1.0,6158,16795,1975,49,2042234.9,2022-02-16,1518,331.64,2169766.94,2024,31153.08,Joseph Walker,False,MA-SU-59969,450.14,Within band
P-100230,10230,"1700 Summit Rd, Lexington, KY 27548",1700 Summit Rd,,Lexington,KY,27548,Fayette,27.744728,-90.370277,Single Family,3,5.0,3947,8170,1944,80,124266.17,2017-12-11,3046,31.48,128842.49,2024,1838.65,Kimberly Smith,True,KY-FA-36924,133.33,Within band
P-100231,10231,"6798 Meadow Ln, Apt 18D, Las Vegas, NV 23970",6798 Meadow Ln,Apt 18D,Las Vegas,NV,23970,Clark,25.101632,-100.312894,Condo,3,5.0,4069,13320,1966,58,597266.93,2018-08-26,2788,146.78,549029.41,2022,7114.73,Emily Walker,True,NV-CL-83281,116.76,Within band
P-100232,10232,"5124 Hillcrest Ave, Raleigh, NC 62183",5124 Hillcrest Ave,,Raleigh,NC,62183,Wake,40.498234,-82.615094,Single Family,6,2.5,4258,15715,1940,84,198217.32,2020-07-31,2083,46.55,182393.29,2023,3211.99,Michelle Hall,False,NC-WA-16822,151.03,Within band
P-100235,10235,"5885 Creekside Dr, Grand Rapids, MI 63143",5885 Creekside Dr,,Grand Rapids,MI,63143,Kent,36.531124,-111.956385,Single Family,1,5.0,2930,14827,1991,33,833707.0,2022-05-19,1426,284.54,753873.32,2023,8078.16,Richard Robinson,False,MI-KE-85354,152.83,Under-assessed
P-100236,10236,"4377 Washington Ave, Apt 25C, Austin, TX 63363",4377 Washington Ave,Apt 25C,Austin,TX,63363,Travis,34.41531,-108.399128,Condo,3,3.5,1558,9967,1952,72,803368.18,2017-03-01,3331,515.64,833909.65,2023,16678.19,Anthony Torres,True,TX-TR-41886,158.16,Within band
P-100237,10237,"7648 Oak Ave, Apt 3E, Kansas City, MO 73172",7648 Oak Ave,Apt 3E,Kansas City,MO,73172,Jackson,24.08111,-151.122779,Condo,6,2.5,3186,9943,1965,59,522873.29,2026-03-05,40,164.12,528230.42,2023,5799.49,Jennifer Sanchez,False,MO-JA-54825,180.87,Within band
P-100238,10238,"7907 Ridgewood Rd, Atlanta, GA 56338",7907 Ridgewood Rd,,Atlanta,GA,56338,Fulton,26.792003,-107.087002,Single Family,6,2.5,4687,7958,1950,74,693634.67,2016-06-30,3575,147.99,610136.05,2022,6365.67,Sarah Flores,True,GA-FU-23983,150.1,Under-assessed
P-100239,10239,"1385 Orchard Ln, Tampa, FL 90455",1385 Orchard Ln,,Tampa,FL,90455,Hillsborough,21.175527,-82.433228,Single Family,7,4.5,3640,13809,1960,64,504025.49,2016-05-27,3609,138.47,538853.62,2023,7484.5,Ronald Allen,True,FL-HI-39110,138.34,Within band
P-100240,10240,"2201 Cedar Ln, Apt 7D, Lexington, KY 78909",2201 Cedar Ln,Apt 7D,Lexington,KY,78909,Fayette,42.180653,-115.386153,Condo,1,5.0,3444,9894,2007,17,725205.09,2021-02-26,1873,210.57,792614.47,2024,11269.76,Daniel Hall,True,KY-FA-98356,141.41,Within band
P-100241,10241,"1750 Ridgewood Rd, Apt 9D, New Orleans, LA 57395",1750 Ridgewood Rd,Apt 9D,New Orleans,LA,57395,Orleans,37.23862,-134.406033,Condo,3,2.5,2806,10528,1998,26,387615.24,2024-03-21,754,138.14,368091.45,2022,4795.91,Ronald White,True,LA-OR-62506,138.14,Within band
P-100242,10242,"9461 Lake Dr, Apt 29E, Decatur, GA 85483",9461 Lake Dr,Apt 29E,Decatur,GA,85483,DeKalb,39.179316,-86.165412,Condo,7,2.5,5149,12230,1968,56,272929.31,2017-04-24,3277,53.01,296877.32,2022,4060.05,James Lopez,True,GA-DE-27625,139.77,Within band
P-100243,10243,"5272 Orchard Ln, Salt Lake City, UT 49326",5272 Orchard Ln,,Salt Lake City,UT,49326,Salt Lake,27.650812,-82.310328,Single Family,4,1.5,6256,8932,1927,97,288064.51,2023-06-07,1042,46.05,271633.84,2024,2486.98,Deborah Perez,True,UT-SA-57226,109.86,Within band
P-100244,10244,"9233 Adams St, Apt 21B, Fort Wayne, IN 55107",9233 Adams St,Apt 21B,Fort Wayne,IN,55107,Allen,21.525636,-146.452338,Townhouse,2,5.0,2029,6692,1965,59,373570.42,2020-07-23,2091,184.12,353490.31,2024,4723.75,Jennifer Harris,False,IN-AL-70784,176.97,Within band
P-100245,10245,"5627 Willow Way, Hempstead, NY 92742",5627 Willow Way,,Hempstead,NY,92742,Nassau,37.226219,-121.784773,Single Family,1,2.0,3414,7153,1960,64,1416478.64,2023-01-06,1194,414.9,1435077.07,2024,31571.7,Karen Lewis,False,NY-NA-57600,408.84,Within band
P-100246,10246,"8635 Harbor View Blvd, Baton Rouge, LA 64262",8635 Harbor View Blvd,,Baton Rouge,LA,64262,East Baton Rouge,25.43393,-82.68357,Single Family,6,2.5,6023,10145,2015,9,666543.6,2025-05-21,328,110.67,575341.4,2023,5313.92,John Walker,True,LA-EA-13455,131.1,Under-assessed
P-100247,10247,"8684 Pine Rd, Troy, MI 23622",8684 Pine Rd,,Troy,MI,23622,Oakland,27.954985,-143.491131,Multi Family,3,2.5,2626,7281,1976,48,608654.93,2024-10-23,538,231.78,583105.24,2022,4864.76,Brian Thompson,False,MI-OA-52624,212.1,Within band
P-100248,10248,"7754 Jackson Dr, Apt 15C, Rockville, MD 81898",7754 Jackson Dr,Apt 15C,Rockville,MD,81898,Montgomery,32.788391,-72.649823,Condo,2,4.5,5769,16186,1992,32,821972.85,2019-02-09,2621,142.48,815280.74,2023,15414.58,Steven Wright,True,MD-MO-21738,253.54,Within band
P-100249,10249,"6853 Adams St, Columbus, OH 30410",6853 Adams St,,Columbus,OH,30410,Franklin,29.044682,-156.991966,Single Family,3,3.0,4443,13210,1921,103,656460.57,2020-10-07,2015,147.75,711660.54,2023,8251.94,Stephanie Ramirez,False,OH-FR-88250,208.92,Within band
P-100250,10250,"218 Meadow Ln, Tucson, AZ 34716",218 Meadow Ln,,Tucson,AZ,34716,Pima,31.911001,-108.231771,Multi Family,2,2.0,6456,17039,1969,55,766172.95,2023-10-23,904,118.68,673384.87,2023,10440.08,Kimberly Carter,False,AZ-PI-90375,91.66,Under-assessed
P-100251,10251,"4764 Jackson Dr, Seattle, WA 64120",4764 Jackson Dr,,Seattle,WA,64120,King,25.982017,-151.043636,Single Family,3,1.5,5817,13277,1999,25,1830940.06,2018-06-05,2870,314.76,1806819.5,2022,21406.7,Barbara Brown,False,WA-KI-12900,526.32,Within band
P-100252,10252,"1775 Heritage Ln, Decatur, GA 45283",1775 Heritage Ln,,Decatur,GA,45283,DeKalb,24.313539,-118.857753,Single Family,2,1.5,1834,2075,1983,41,289406.71,2021-07-27,1722,157.8,258577.08,2023,5165.22,Ashley Hall,False,GA-DE-53286,150.1,Under-assessed
P-100253,10253,"2493 Cedar Ln, San Francisco, CA 44931",2493 Cedar Ln,,San Francisco,CA,44931,San Francisco,41.554802,-150.789532,Single Family,2,2.5,2648,8899,1921,103,821982.75,2017-09-01,3147,310.42,833823.21,2023,14387.37,Donald Thomas,False,CA-SA-14392,449.01,Within band
P-100254,10254,"7650 River Blvd, Chicago, IL 78306",7650 River Blvd,,Chicago,IL,78306,Cook,38.649209,-138.8651,Multi Family,6,3.0,3246,5844,2000,24,688024.92,2017-12-06,3051,211.96,743910.62,2024,15622.12,Steven Green,True,IL-CO-57241,177.46,Within band
P-100255,10255,"3668 Park Way, San Diego, CA 40928",3668 Park Way,,San Diego,CA,40928,San Diego,37.772088,-128.767327,Single Family,7,3.0,5389,7349,1970,54,2856888.53,2026-03-08,37,530.13,3115866.84,2024,54221.39,Steven Hall,True,CA-SA-58679,449.01,Within band
P-100256,10256,"4175 Broadway, Sacramento, CA 75525",4175 Broadway,,Sacramento,CA,75525,Sacramento,23.422141,-103.177897,Single Family,1,3.5,5880,8401,2009,15,2085877.64,2025-01-29,440,354.74,1747440.32,2022,20621.32,Emily Adams,False,CA-SA-67503,449.01,Under-assessed
P-100257,10257,"449 Forest Glen Rd, Lawrenceville, GA 56945",449 Forest Glen Rd,,Lawrenceville,GA,56945,Gwinnett,40.196578,-135.189427,Single Family,4,4.5,5179,10007,1989,35,663689.46,2024-02-26,778,128.15,643785.76,2024,7836.14,Timothy Robinson,True,GA-GW-88470,150.1,Within band
P-100258,10258,"2727 Elm St, Apt 24A, Indianapolis, IN 79617",2727 Elm St,Apt 24A,Indianapolis,IN,79617,Marion,25.108175,-131.276478,Condo,5,3.5,4319,4330,2019,5,617660.33,2022-01-12,1553,143.01,630073.65,2022,9726.33,Margaret Roberts,False,IN-MA-52034,141.22,Within band
P-100259,10259,"6448 Lincoln Rd, Salt Lake City, UT 78690",6448 Lincoln Rd,,Salt Lake City,UT,78690,Salt Lake,39.105441,-90.381134,Single Family,5,3.0,3242,9956,2002,22,371178.76,2025-03-15,395,114.49,355203.29,2022,3028.22,David Lopez,False,UT-SA-36486,109.86,Within band
P-100260,10260,"8052 Lincoln Rd, Fort Lauderdale, FL 22943",8052 Lincoln Rd,,Fort Lauderdale,FL,22943,Broward,21.843154,-101.167605,Multi Family,6,4.5,4907,15130,2009,15,580434.71,2025-09-24,202,118.29,528141.14,2024,8774.61,James Wilson,False,FL-BR-20480,133.09,Within band
P-100261,10261,"1094 Meadow Ln, Apt 18D, St. Louis, MO 83140",1094 Meadow Ln,Apt 18D,St. Louis,MO,83140,St. Louis,40.702152,-79.532537,Townhouse,7,1.0,5653,10008,1987,37,151709.46,2025-06-29,289,26.84,159346.05,2022,3080.99,Kimberly Miller,True,MO-ST-40279,225.08,Within band
P-100262,10262,"3264 Monroe Blvd, Apt 22B, Lawrenceville, GA 84714",3264 Monroe Blvd,Apt 22B,Lawrenceville,GA,84714,Gwinnett,37.571114,-141.435883,Condo,4,1.5,5831,15277,1965,59,646104.2,2018-05-28,2878,110.81,645828.12,2022,6459.39,Susan Scott,True,GA-GW-54238,139.77,Within band
P-100263,10263,"9929 Harbor View Blvd, Apt 12D, Salt Lake City, UT 56179",9929 Harbor View Blvd,Apt 12D,Salt Lake City,UT,56179,Salt Lake,44.915852,-109.142923,Townhouse,7,3.5,3977,14352,1975,49,764400.88,2022-08-28,1325,192.21,751042.22,2024,10925.8,Anthony Roberts,True,UT-SA-43303,122.46,Within band
P-100264,10264,"6605 Main St, Apt 5A, Eugene, OR 14543",6605 Main St,Apt 5A,Eugene,OR,14543,Lane,47.048346,-105.168634,Condo,2,3.0,653,5573,1948,76,557787.38,2022-10-02,1290,854.19,449861.33,2024,8038.14,Emily Allen,True,OR-LA-84922,306.82,Under-assessed
P-100265,10265,"7642 Hillcrest Ave, Apt 27A, Fort Worth, TX 30461",7642 Hillcrest Ave,Apt 27A,Fort Worth,TX,30461,Tarrant,24.667817,-125.063788,Townhouse,2,2.5,2699,7619,1931,93,564979.98,2019-11-26,2331,209.33,607559.44,2024,12151.19,Daniel Walker,True,TX-TA-85527,143.56,Within band
P-100266,10266,"5021 Maple Dr, Apt 2C, Oklahoma City, OK 85534",5021 Maple Dr,Apt 2C,Oklahoma City,OK,85534,Oklahoma,31.110972,-89.129394,Townhouse,3,4.0,4012,5986,2018,6,296839.78,2018-12-18,2674,73.99,313119.5,2022,4886.74,Kevin Harris,True,OK-OK-78731,135.38,Within band
P-100267,10267,"9355 Sunset Blvd, Provo, UT 52838",9355 Sunset Blvd,,Provo,UT,52838,Utah,34.313643,-137.790646,Single Family,6,4.0,4250,14000,1993,31,513688.89,2023-10-17,910,120.87,477515.28,2023,4668.26,Nancy Garcia,True,UT-UT-16463,109.86,Within band
P-100268,10268,"6640 Adams St, Indianapolis, IN 21151",6640 Adams St,,Indianapolis,IN,21151,Marion,31.560966,-119.199273,Single Family,7,2.0,4539,13702,1945,79,500531.66,2018-12-20,2672,110.27,486216.06,2024,7483.82,Deborah King,True,IN-MA-19390,248.46,Within band
P-100269,10269,"7146 Ridgewood Rd, Seattle, WA 99749",7146 Ridgewood Rd,,Seattle,WA,99749,King,45.489659,-149.205266,Multi Family,4,3.5,3453,6573,1961,63,1500800.97,2018-12-07,2685,434.64,1211539.67,2023,12153.03,Matthew Flores,False,WA-KI-67961,434.64,Under-assessed
P-100270,10270,"2489 Harbor View Blvd, Apt 1C, Omaha, NE 15882",2489 Harbor View Blvd,Apt 1C,Omaha,NE,15882,Douglas,45.49165,-136.686405,Townhouse,2,1.5,1520,2413,1951,73,860173.91,2024-08-17,605,565.9,912322.56,2023,7448.93,George Davis,True,NE-DO-71759,144.82,Within band
P-100271,10271,"8914 Jefferson St, Apt 9A, Naperville, IL 36712",8914 Jefferson St,Apt 9A,Naperville,IL,36712,DuPage,35.480242,-91.719102,Condo,4,2.0,6294,17742,2005,19,134343.04,2019-09-30,2388,21.34,143990.49,2024,3023.8,William Brown,True,IL-DU-90997,148.0,Within band
P-100272,10272,"236 Elm St, Apt 3B, St. Louis, MO 60940",236 Elm St,Apt 3B,St. Louis,MO,60940,St. Louis,38.49988,-99.320598,Townhouse,7,1.5,756,5548,2003,21,421488.12,2022-01-05,1560,557.52,401493.61,2024,3691.83,Daniel Young,False,MO-ST-79672,225.08,Within band
P-100273,10273,"8302 Lakeshore Dr, Apt 9A, Chicago, IL 83490",8302 Lakeshore Dr,Apt 9A,Chicago,IL,83490,Cook,45.548274,-155.130504,Condo,5,3.0,3332,11359,1970,54,700624.76,2026-01-28,76,210.27,633388.58,2023,13301.16,Lisa Thomas,False,IL-CO-75700,148.0,Under-assessed
P-100274,10274,"4321 Forest Glen Rd, Apt 19B, Albuquerque, NM 13862",4321 Forest Glen Rd,Apt 19B,Albuquerque,NM,13862,Bernalillo,46.019623,-74.426872,Condo,2,3.5,3818,14581,1937,87,188480.11,2021-12-30,1566,49.37,180227.57,2024,2766.38,Kevin Baker,True,NM-BE-41504,122.94,Within band
P-100275,10275,"5218 Valley View Dr, Minneapolis, MN 68873",5218 Valley View Dr,,Minneapolis,MN,68873,Hennepin,35.369194,-139.012117,Single Family,5,5.0,6203,9517,1937,87,361018.75,2018-05-17,2889,58.2,386143.11,2022,5081.94,Stephanie Martinez,False,MN-HE-84035,127.64,Within band
P-100277,10277,"3126 Oak Ave, Apt 6D, Jacksonville, FL 90213",3126 Oak Ave,Apt 6D,Jacksonville,FL,90213,Duval,37.349082,-104.312408,Townhouse,2,2.5,2491,13752,1923,101,400223.84,2018-07-26,2819,160.67,413810.59,2022,5804.89,Joshua Walker,False,FL-DU-59015,130.82,Within band
P-100278,10278,"7863 Lake Dr, Fairfax, VA 31467",7863 Lake Dr,,Fairfax,VA,31467,Fairfax,26.121385,-154.196029,Single Family,3,4.0,2423,13422,1945,79,1209331.91,2025-07-17,271,499.11,1031709.42,2023,18989.18,Dorothy Hall,True,VA-FA-69971,195.64,Under-assessed
P-100279,10279,"7105 Creekside Dr, Apt 24A, Charlotte, NC 15482",7105 Creekside Dr,Apt 24A,Charlotte,NC,15482,Mecklenburg,37.110144,-85.283419,Townhouse,4,5.0,4902,15410,2010,14,733797.49,2020-06-11,2133,149.69,611102.8,2023,10953.48,Robert Thomas,True,NC-ME-61853,129.09,Under-assessed
P-100280,10280,"6447 Cedar Ln, Apt 4B, Fort Wayne, IN 34884",6447 Cedar Ln,Apt 4B,Fort Wayne,IN,34884,Allen,28.716253,-122.370529,Condo,7,3.0,4379,7106,1974,50,349647.39,2025-09-02,224,79.85,352089.99,2022,4775.38,Carol Lewis,True,IN-AL-75622,141.22,Within band
P-100281,10281,"9052 Lake Dr, New Orleans, LA 61520",9052 Lake Dr,,New Orleans,LA,61520,Orleans,31.959322,-117.772931,Single Family,4,2.5,4324,5801,1952,72,372778.33,2019-01-04,2657,86.21,399673.82,2022,6642.78,Linda Garcia,True,LA-OR-68903,131.1,Within band
P-100282,10282,"6046 Pine Rd, Apt 25A, Honolulu, HI 78657",6046 Pine Rd,Apt 25A,Honolulu,HI,78657,Honolulu,39.742897,-93.761976,Condo,5,2.0,3702,12718,1968,56,583913.55,2024-05-14,700,157.73,626933.87,2024,11570.48,Barbara Hernandez,False,HI-HO-33444,653.3,Within band
P-100283,10283,"5147 Clearwater Ct, Pittsburgh, PA 68491",5147 Clearwater Ct,,Pittsburgh,PA,68491,Allegheny,28.652684,-141.279446,Single Family,2,1.0,5700,9846,1921,103,477741.27,2016-09-09,3504,83.81,453659.61,2022,6939.09,Dorothy Thomas,True,PA-AL-96438,120.29,Within band
P-100284,10284,"7534 Willow Way, Apt 22E, Rockville, MD 67917",7534 Willow Way,Apt 22E,Rockville,MD,67917,Montgomery,23.10423,-104.791117,Condo,5,3.0,5677,15976,1991,33,1284145.67,2023-12-15,851,226.2,1046162.2,2022,9060.57,Matthew Williams,True,MD-MO-14250,253.54,Under-assessed
P-100285,10285,"4989 Valley View Dr, Tulsa, OK 21495",4989 Valley View Dr,,Tulsa,OK,21495,Tulsa,22.299331,-120.724748,Single Family,2,3.0,5606,16434,2008,16,665880.52,2019-11-12,2345,118.78,689980.25,2022,13520.52,Deborah Nguyen,True,OK-TU-14697,128.71,Within band
P-100286,10286,"5003 Ridgewood Rd, Sacramento, CA 58309",5003 Ridgewood Rd,,Sacramento,CA,58309,Sacramento,44.784539,-85.636967,Multi Family,7,5.0,1131,5928,1980,44,860364.66,2018-06-29,2846,760.71,910112.99,2023,13037.03,Kimberly Wilson,False,CA-SA-90223,479.75,Within band
P-100288,10288,"3912 Heritage Ln, Wichita, KS 35369",3912 Heritage Ln,,Wichita,KS,35369,Sedgwick,21.041894,-154.913149,Single Family,6,2.5,5640,12433,1972,52,155483.91,2022-05-12,1433,27.57,150527.81,2024,1587.78,Kevin Gonzalez,False,KS-SE-43347,104.04,Within band
P-100289,10289,"5142 Clearwater Ct, Oakland, CA 76412",5142 Clearwater Ct,,Oakland,CA,76412,Alameda,35.57483,-90.268164,Single Family,6,3.5,3396,9884,2012,12,2185210.7,2025-12-15,120,643.47,2293625.19,2022,27445.93,Nancy Baker,True,CA-AL-72193,449.01,Within band
P-100290,10290,"2324 Riverside Dr, Apt 3B, Fort Worth, TX 30366",2324 Riverside Dr,Apt 3B,Fort Worth,TX,30366,Tarrant,37.620813,-79.390926,Condo,3,4.5,3991,4908,1986,38,353488.12,2018-02-25,2970,88.57,354710.94,2024,7094.22,Jessica Torres,False,TX-TA-56346,158.16,Within band
P-100292,10292,"3641 Clearwater Ct, Apt 5A, Aurora, CO 32939",3641 Clearwater Ct,Apt 5A,Aurora,CO,32939,Arapahoe,23.974129,-88.709873,Condo,1,4.5,4745,5153,2022,2,879195.83,2020-09-03,2049,185.29,743996.03,2023,14198.15,Timothy King,True,CO-AR-52904,256.52,Under-assessed
P-100293,10293,"2274 Jefferson St, Apt 1E, Charleston, SC 14791",2274 Jefferson St,Apt 1E,Charleston,SC,14791,Charleston,33.173263,-94.910067,Condo,1,1.0,3147,3868,2007,17,781536.74,2016-07-03,3572,248.34,645645.29,2023,12054.35,Michael King,False,SC-CH-50957,144.56,Under-assessed
P-100294,10294,"3538 Ridgewood Rd, Apt 11C, Lakewood, CO 36287",3538 Ridgewood Rd,Apt 11C,Lakewood,CO,36287,Jefferson,26.102459,-132.93149,Townhouse,7,4.5,6097,8024,1954,70,479184.87,2023-03-20,1121,78.59,399802.2,2024,5883.29,Michael Wilson,True,CO-JE-82006,257.12,Under-assessed
P-100296,10296,"7404 Hillcrest Ave, Apt 8B, Albuquerque, NM 50952",7404 Hillcrest Ave,Apt 8B,Albuquerque,NM,50952,Bernalillo,29.806801,-139.761199,Condo,1,4.5,5251,7410,1931,93,754023.79,2018-06-13,2862,143.6,709146.38,2023,8314.53,Carol Rivera,False,NM-BE-71675,122.94,Within band
P-100297,10297,"4327 Meadow Ln, Apt 5E, Manhattan, NY 61390",4327 Meadow Ln,Apt 5E,Manhattan,NY,61390,New York,25.858856,-77.197995,Townhouse,7,3.5,4313,12300,1923,101,649363.86,2025-01-06,463,150.56,587954.98,2023,12935.01,Charles Roberts,True,NY-NE-85324,521.74,Under-assessed
P-100298,10298,"6746 River Blvd, Apt 14D, Fort Lauderdale, FL 52712",6746 River Blvd,Apt 14D,Fort Lauderdale,FL,52712,Broward,35.737971,-150.829613,Condo,5,4.5,3883,13558,1972,52,306088.73,2023-07-20,999,78.83,295187.29,2023,3721.07,Nancy Wilson,False,FL-BR-87459,145.87,Within band
P-100299,10299,"5706 Monroe Blvd, Apt 27E, Louisville, KY 32686",5706 Monroe Blvd,Apt 27E,Louisville,KY,32686,Jefferson,38.559225,-150.223187,Townhouse,7,4.5,1536,11238,1996,28,481068.58,2020-01-22,2274,313.2,398948.33,2023,4035.0,Betty Jones,True,KY-JE-99850,129.87,Under-assessed
P-100300,10300,"5464 Orchard Ln, Cincinnati, OH 94540",5464 Orchard Ln,,Cincinnati,OH,94540,Hamilton,38.494366,-149.123629,Single Family,5,1.0,1801,12628,1939,85,473320.05,2023-01-06,1194,262.81,434032.02,2024,5801.24,Jessica Baker,False,OH-HA-49286,208.92,Within band
P-100301,10301,"5089 Summit Rd, Apt 8D, Louisville, KY 55123",5089 Summit Rd,Apt 8D,Louisville,KY,55123,Jefferson,47.242665,-106.302753,Townhouse,5,4.0,1644,6463,1927,97,407993.86,2020-02-16,2249,248.17,444864.21,2022,7313.68,Matthew Davis,False,KY-JE-14087,129.87,Within band
P-100302,10302,"6559 Ridgewood Rd, Apt 21A, Baton Rouge, LA 60173",6559 Ridgewood Rd,Apt 21A,Baton Rouge,LA,60173,East Baton Rouge,31.759865,-119.138466,Condo,6,2.0,4490,6768,1944,80,553228.83,2016-10-28,3455,123.21,596018.1,2023,5871.5,Brian Rodriguez,True,LA-EA-19403,138.14,Within band
P-100303,10303,"8074 Summit Rd, Manhattan, NY 27796",8074 Summit Rd,,Manhattan,NY,27796,New York,23.243581,-101.124868,Multi Family,7,4.5,6296,16198,1974,50,2350907.87,2021-03-09,1862,373.4,2240002.56,2024,49280.06,Anthony Thompson,True,NY-NE-65675,515.98,Within band
P-100304,10304,"221 Orchard Ln, Apt 28C, Tulsa, OK 41031",221 Orchard Ln,Apt 28C,Tulsa,OK,41031,Tulsa,39.871445,-133.575211,Condo,5,3.5,874,1494,1992,32,496949.14,2022-02-24,1510,568.59,414430.39,2023,8098.32,Jennifer Martinez,False,OK-TU-78997,106.53,Under-assessed
P-100305,10305,"8569 Pine Rd, St. Louis, MO 78597",8569 Pine Rd,,St. Louis,MO,78597,St. Louis,44.58276,-149.305167,Single Family,6,1.5,6203,16585,1989,35,742516.63,2022-10-12,1280,119.7,730570.83,2023,10535.12,James Walker,True,MO-ST-71503,127.4,Within band
P-100306,10306,"5531 Willow Way, Apt 10E, Lexington, KY 56257",5531 Willow Way,Apt 10E,Lexington,KY,56257,Fayette,46.455405,-87.55458,Condo,2,1.0,6293,16084,2015,9,357175.26,2017-06-24,3216,56.76,346142.79,2022,5383.07,Donna Hernandez,True,KY-FA-96025,141.41,Within band
P-100307,10307,"4799 Orchard Ln, Apt 12B, San Antonio, TX 20814",4799 Orchard Ln,Apt 12B,San Antonio,TX,20814,Bexar,24.360765,-150.312983,Condo,3,2.0,5644,10247,1955,69,789129.54,2026-02-14,59,139.82,806828.73,2024,16136.57,Donna Mitchell,True,TX-BE-68543,158.16,Within band
P-100308,10308,"3969 Orchard Ln, Apt 24C, Durham, NC 33699",3969 Orchard Ln,Apt 24C,Durham,NC,33699,Durham,42.183358,-82.004745,Townhouse,1,2.0,5478,8003,1983,41,707153.81,2021-08-26,1692,129.09,729153.6,2022,11613.96,Timothy Green,True,NC-DU-85727,129.09,Within band
P-100310,10310,"772 River Blvd, Columbia, SC 79637",772 River Blvd,,Columbia,SC,79637,Richland,37.89174,-73.812022,Multi Family,5,3.0,3344,7773,1954,70,745806.76,2023-06-03,1046,223.03,743049.5,2023,10055.91,Amanda Mitchell,True,SC-RI-98065,223.03,Within band
P-100311,10311,"3293 Valley View Dr, Apt 20A, Baton Rouge, LA 98829",3293 Valley View Dr,Apt 20A,Baton Rouge,LA,98829,East Baton Rouge,39.292376,-141.347251,Condo,1,1.0,1156,1351,1972,52,196205.03,2025-02-12,426,169.73,197313.56,2023,2098.03,Charles Taylor,True,LA-EA-13106,138.14,Within band
P-100312,10312,"9834 Jefferson St, San Jose, CA 88562",9834 Jefferson St,,San Jose,CA,88562,Santa Clara,37.909196,-95.397466,Single Family,1,2.0,3679,14433,2017,7,3194686.51,2019-12-08,2319,868.36,3325540.93,2022,62360.61,George Lopez,True,CA-SA-71204,449.01,Within band
P-100313,10313,"7529 Jackson Dr, Apt 30B, Irvine, CA 65965",7529 Jackson Dr,Apt 30B,Irvine,CA,65965,Orange,39.34387,-98.920609,Townhouse,3,2.0,1206,5749,2019,5,640281.51,2021-12-04,1592,530.91,576123.01,2022,6394.31,Thomas Lopez,True,CA-OR-74450,453.55,Under-assessed
P-100314,10314,"6532 Washington Ave, Wichita, KS 94604",6532 Washington Ave,,Wichita,KS,94604,Sedgwick,34.039518,-144.483084,Multi Family,2,1.5,4217,15938,1953,71,200563.95,2025-06-19,299,47.56,164687.81,2024,1812.74,Donald Johnson,False,KS-SE-29510,296.18,Under-assessed
P-100315,10315,"114 Maple Dr, Apt 23D, Billings, MT 97111",114 Maple Dr,Apt 23D,Billings,MT,97111,Yellowstone,31.347821,-143.81015,Townhouse,4,1.0,4822,16415,2018,6,502729.97,2021-05-23,1787,104.26,463101.69,2024,8044.65,John Wright,True,MT-YE-60387,104.26,Within band
P-100316,10316,"9393 Hillcrest Ave, Tampa, FL 53704",9393 Hillcrest Ave,,Tampa,FL,53704,Hillsborough,39.068647,-122.146513,Single Family,3,5.0,3385,4703,1978,46,713153.4,2023-01-12,1188,210.68,709115.36,2022,10391.17,Anthony Nelson,True,FL-HI-61131,138.34,Within band
P-100317,10317,"5986 Orchard Ln, Apt 1A, Fort Lauderdale, FL 21123",5986 Orchard Ln,Apt 1A,Fort Lauderdale,FL,21123,Broward,44.458175,-118.895414,Condo,2,1.0,2181,2596,2012,12,897179.18,2023-08-11,977,411.36,849422.12,2022,14875.82,Carol Martin,True,FL-BR-68891,145.87,Within band
P-100318,10318,"1018 Valley View Dr, Apt 5A, Nashville, TN 15611",1018 Valley View Dr,Apt 5A,Nashville,TN,15611,Davidson,31.745958,-138.583999,Condo,4,5.0,1820,11312,1949,75,841356.33,2025-11-13,152,462.28,858720.17,2023,13607.26,Steven Flores,True,TN-DA-95037,138.25,Within band
P-100319,10319,"918 Clearwater Ct, Apt 22E, Atlanta, GA 22752",918 Clearwater Ct,Apt 22E,Atlanta,GA,22752,Fulton,33.088892,-142.150023,Townhouse,1,1.5,1535,9680,1996,28,743356.67,2023-10-23,904,484.27,608759.33,2022,7983.6,Deborah Baker,True,GA-FU-25833,170.94,Under-assessed
P-100320,10320,"2350 Ridgewood Rd, Apt 20D, Provo, UT 37948",2350 Ridgewood Rd,Apt 20D,Provo,UT,37948,Utah,41.252039,-105.401583,Townhouse,1,1.5,2843,5157,2016,8,443820.37,2018-06-22,2853,156.11,404310.68,2022,5362.75,Donna Williams,True,UT-UT-92863,122.46,Within band
P-100321,10321,"356 Orchard Ln, Bronx, NY 20580",356 Orchard Ln,,Bronx,NY,20580,Bronx,21.168264,-141.391082,Single Family,6,3.0,4009,15371,2023,1,2866334.18,2020-12-11,1950,714.97,2888426.45,2022,63545.38,Karen King,True,NY-BR-41359,408.84,Within band
P-100322,10322,"716 Washington Ave, Apt 25B, Atlanta, GA 75521",716 Washington Ave,Apt 25B,Atlanta,GA,75521,Fulton,37.21932,-149.342156,Condo,3,4.0,637,9774,1950,74,269684.23,2020-05-03,2172,423.37,294774.96,2024,3638.35,Ronald Wright,True,GA-FU-70845,139.77,Within band
P-100323,10323,"969 Lincoln Rd, Tacoma, WA 24769",969 Lincoln Rd,,Tacoma,WA,24769,Pierce,42.110244,-97.383793,Single Family,4,2.0,1908,12887,1925,99,614784.22,2022-03-14,1492,322.21,544403.33,2023,5997.46,Michelle Carter,True,WA-PI-23686,526.32,Under-assessed
P-100324,10324,"8904 Washington Ave, San Diego, CA 30715",8904 Washington Ave,,San Diego,CA,30715,San Diego,41.815538,-114.799659,Single Family,1,2.5,4243,13953,1994,30,1444215.56,2024-01-20,815,340.38,1479058.74,2023,15915.79,Linda Lee,True,CA-SA-41079,449.01,Within band
P-100325,10325,"3376 Forest Glen Rd, Philadelphia, PA 38922",3376 Forest Glen Rd,,Philadelphia,PA,38922,Philadelphia,22.948537,-106.096974,Single Family,4,2.0,2370,12354,1978,46,258887.4,2022-02-04,1530,109.24,217703.95,2024,2248.85,Matthew Moore,True,PA-PH-26673,120.29,Under-assessed
P-100326,10326,"9417 Cedar Ln, Fort Worth, TX 46779",9417 Cedar Ln,,Fort Worth,TX,46779,Tarrant,24.61729,-82.906331,Single Family,4,2.0,3414,7016,1957,67,590836.07,2017-06-06,3234,173.06,613506.23,2024,12270.12,Kenneth Scott,False,TX-TA-21334,115.36,Within band
P-100327,10327,"8648 Orchard Ln, Apt 2D, Philadelphia, PA 38369",8648 Orchard Ln,Apt 2D,Philadelphia,PA,38369,Philadelphia,36.676893,-84.181955,Condo,1,4.0,2620,6680,1961,63,458714.0,2023-10-16,911,175.08,489698.66,2024,9478.13,Kenneth Smith,True,PA-PH-15796,115.78,Within band
P-100329,10329,"7960 Clearwater Ct, Apt 13C, Dallas, TX 31207",7960 Clearwater Ct,Apt 13C,Dallas,TX,31207,Dallas,39.637569,-82.360776,Townhouse,1,4.5,4399,6670,2010,14,436181.09,2017-06-04,3236,99.15,462991.2,2024,9259.82,Kevin Smith,False,TX-DA-19266,143.56,Within band
P-100330,10330,"635 Heritage Ln, Apt 13C, Columbia, SC 65823",635 Heritage Ln,Apt 13C,Columbia,SC,65823,Richland,40.951532,-96.269216,Townhouse,5,2.5,6208,7534,1999,25,807060.85,2018-01-12,3014,130.0,871361.79,2024,16855.51,Amanda White,False,SC-RI-24544,130.0,Within band
P-100331,10331,"769 Meadow Ln, St. Louis, MO 58029",769 Meadow Ln,,St. Louis,MO,58029,St. Louis,25.644586,-108.38523,Single Family,5,2.5,1733,7220,1950,74,540914.38,2019-01-02,2659,312.13,510378.7,2024,9418.31,George Wilson,False,MO-ST-39548,127.4,Within band
P-100332,10332,"5878 Jackson Dr, Henderson, NV 76003",5878 Jackson Dr,,Henderson,NV,76003,Clark,39.026009,-132.888356,Single Family,3,3.5,4306,12272,1984,40,530812.43,2024-11-27,503,123.27,499520.59,2024,8062.11,Andrew Jackson,True,NV-CL-58253,117.32,Within band
P-100334,10334,"5780 Willow Way, Apt 27E, Rockville, MD 68177",5780 Willow Way,Apt 27E,Rockville,MD,68177,Montgomery,40.549295,-155.13104,Condo,1,1.0,2503,11016,2002,22,703052.84,2019-10-17,2371,280.88,634742.64,2024,11071.11,Dorothy Nguyen,False,MD-MO-79489,253.54,Under-assessed
P-100335,10335,"7603 Clearwater Ct, Portland, OR 84350",7603 Clearwater Ct,,Portland,OR,84350,Multnomah,24.496788,-88.326701,Single Family,7,3.0,2457,10390,1967,57,1464868.86,2017-08-26,3153,596.2,1543465.1,2022,18888.08,Ashley Hernandez,False,OR-MU-31075,291.42,Within band
P-100336,10336,"4773 Washington Ave, Salt Lake City, UT 32984",4773 Washington Ave,,Salt Lake City,UT,32984,Salt Lake,43.242289,-96.721244,Single Family,2,2.5,1557,2231,1960,64,568129.63,2021-05-04,1806,364.89,498887.22,2022,5219.29,Melissa Williams,False,UT-SA-55068,109.86,Under-assessed
P-100337,10337,"6209 Harbor View Blvd, Manhattan, NY 80761",6209 Harbor View Blvd,,Manhattan,NY,80761,New York,46.84984,-110.573063,Single Family,1,4.0,4691,7072,1978,46,3279824.43,2024-07-13,640,699.17,2628084.91,2024,57817.87,Paul Perez,False,NY-NE-48739,408.84,Under-assessed
P-100338,10338,"4848 Sunset Blvd, Apt 2E, Rockville, MD 84086",4848 Sunset Blvd,Apt 2E,Rockville,MD,84086,Montgomery,40.30641,-76.760587,Townhouse,6,1.5,4523,5179,1937,87,1113610.0,2024-12-21,479,246.21,993813.03,2023,15314.92,Joseph Lewis,True,MD-MO-52777,298.14,Under-assessed
P-100339,10339,"3297 Madison Ave, Boise, ID 46428",3297 Madison Ave,,Boise,ID,46428,Ada,26.186465,-149.727709,Single Family,6,1.5,4792,11254,1944,80,502562.98,2019-07-09,2471,104.88,493277.3,2022,9323.61,Margaret Sanchez,True,ID-AD-66051,144.4,Within band
P-100340,10340,"6426 Meadow Ln, Cleveland, OH 11597",6426 Meadow Ln,,Cleveland,OH,11597,Cuyahoga,28.543235,-126.432112,Single Family,7,5.0,1317,4850,2013,11,812487.8,2017-12-19,3038,616.92,891932.17,2023,10224.76,Timothy Ramirez,False,OH-CU-64289,208.92,Within band
P-100341,10341,"9720 Pine Rd, Apt 7B, Brooklyn, NY 28827",9720 Pine Rd,Apt 7B,Brooklyn,NY,28827,Kings,26.50627,-115.708658,Condo,3,1.5,5438,11594,1931,93,470187.55,2019-02-13,2617,86.46,505133.37,2023,11112.93,Ashley Rivera,True,NY-KI-27947,351.08,Within band
P-100342,10342,"4842 Orchard Ln, Apt 29C, Cincinnati, OH 15535",4842 Orchard Ln,Apt 29C,Cincinnati,OH,15535,Hamilton,42.804179,-130.726618,Townhouse,3,4.5,5181,12774,1948,76,140935.21,2026-04-03,11,27.2,119260.39,2023,2322.28,Kevin Walker,True,OH-HA-97282,148.98,Under-assessed
P-100343,10343,"3038 Orchard Ln, Apt 1C, Pittsburgh, PA 94513",3038 Orchard Ln,Apt 1C,Pittsburgh,PA,94513,Allegheny,27.485882,-146.616144,Condo,4,1.5,5506,11433,1994,30,494779.01,2021-05-23,1787,89.86,524715.01,2024,8516.63,George Davis,True,PA-AL-85400,115.78,Within band
P-100345,10345,"1648 Broadway, Apt 4B, Decatur, GA 81265",1648 Broadway,Apt 4B,Decatur,GA,81265,DeKalb,29.549082,-129.489692,Condo,3,3.5,1385,10140,1994,30,394270.91,2024-09-02,589,284.67,316942.28,2024,3605.86,Stephanie Young,True,GA-DE-31368,139.77,Under-assessed
P-100346,10346,"8347 Madison Ave, Apt 23C, Queens, NY 34696",8347 Madison Ave,Apt 23C,Queens,NY,34696,Queens,42.070329,-108.396996,Condo,7,5.0,6437,15466,2009,15,2756735.57,2025-01-02,467,428.26,2550542.44,2022,56111.93,David Johnson,True,NY-QU-50838,351.08,Within band
P-100347,10347,"7340 Valley View Dr, Brooklyn, NY 32571",7340 Valley View Dr,,Brooklyn,NY,32571,Kings,39.812214,-154.49792,Single Family,2,2.0,6287,8619,2008,16,1141052.01,2024-11-16,514,181.49,984673.46,2022,21662.82,Ronald Davis,True,NY-KI-73472,408.84,Under-assessed
P-100348,10348,"796 Lincoln Rd, Apt 6C, Saint Paul, MN 24131",796 Lincoln Rd,Apt 6C,Saint Paul,MN,24131,Ramsey,21.869007,-99.598371,Townhouse,1,4.5,1574,5719,1925,99,171672.94,2018-10-18,2735,109.07,137867.4,2022,2397.3,Joshua Wilson,True,MN-RA-36217,130.12,Under-assessed
P-100349,10349,"1587 Sunset Blvd, San Antonio, TX 46356",1587 Sunset Blvd,,San Antonio,TX,46356,Bexar,46.142978,-126.738221,Single Family,7,5.0,5621,9583,1984,40,564783.58,2025-03-04,406,100.48,590693.56,2022,11813.87,Melissa Gonzalez,False,TX-BE-32514,115.36,Within band
P-100350,10350,"170 River Blvd, Salt Lake City, UT 38051",170 River Blvd,,Salt Lake City,UT,38051,Salt Lake,45.392645,-82.937178,Single Family,3,2.0,4201,15236,1933,91,261061.86,2022-04-21,1454,62.14,285703.58,2023,3020.25,Joseph Clark,True,UT-SA-51193,109.86,Within band
P-100351,10351,"7733 Park Way, Apt 28D, Tampa, FL 78121",7733 Park Way,Apt 28D,Tampa,FL,78121,Hillsborough,24.601678,-90.68219,Condo,5,1.0,1273,6648,1983,41,210263.63,2023-02-07,1162,165.17,197034.63,2024,2313.99,Donald Anderson,True,FL-HI-48088,145.87,Within band
P-100352,10352,"1240 Riverside Dr, Lawrenceville, GA 99015",1240 Riverside Dr,,Lawrenceville,GA,99015,Gwinnett,30.737197,-155.887632,Single Family,6,1.5,3847,11024,1986,38,633667.65,2025-04-30,349,164.72,529597.47,2023,6782.82,Donna Miller,False,GA-GW-32114,150.1,Under-assessed
P-100353,10353,"6059 Lincoln Rd, Oakland, CA 54385",6059 Lincoln Rd,,Oakland,CA,54385,Alameda,26.306983,-83.569433,Multi Family,1,2.5,4079,15960,1983,41,1299480.91,2018-04-13,2923,318.58,1338194.59,2024,15089.05,Carol Sanchez,True,CA-AL-97382,479.75,Within band
P-100354,10354,"6726 Orchard Ln, Tulsa, OK 77032",6726 Orchard Ln,,Tulsa,OK,77032,Tulsa,28.390602,-90.184039,Single Family,1,3.0,4608,12755,1949,75,610129.4,2024-10-09,552,132.41,493544.08,2024,4261.37,John Young,False,OK-TU-33474,128.71,Under-assessed
P-100355,10355,"5456 Sunset Blvd, Cincinnati, OH 49682",5456 Sunset Blvd,,Cincinnati,OH,49682,Hamilton,37.482119,-148.618974,Single Family,6,5.0,4632,12267,1945,79,348979.09,2020-09-12,2040,75.34,330509.41,2023,4795.45,Andrew Wright,True,OH-HA-14141,208.92,Within band
P-100356,10356,"2051 Forest Glen Rd, Saint Paul, MN 68997",2051 Forest Glen Rd,,Saint Paul,MN,68997,Ramsey,29.335819,-124.258719,Single Family,1,1.0,2048,11168,2004,20,791081.35,2022-11-19,1242,386.27,842826.04,2022,11713.39,David Martin,False,MN-RA-73891,127.64,Within band
P-100357,10357,"9420 Orchard Ln, Orlando, FL 96517",9420 Orchard Ln,,Orlando,FL,96517,Orange,35.675273,-110.072862,Single Family,4,5.0,1880,10181,1927,97,425280.16,2020-09-25,2027,226.21,415632.06,2023,6402.1,Matthew Roberts,False,FL-OR-52006,138.34,Within band
P-100358,10358,"561 Maple Dr, Apt 3A, San Jose, CA 26803",561 Maple Dr,Apt 3A,San Jose,CA,26803,Santa Clara,43.178755,-126.647719,Townhouse,1,3.5,3717,5311,1974,50,1502686.23,2022-04-11,1464,404.27,1387849.27,2022,22115.21,Sarah Thomas,False,CA-SA-87664,453.55,Within band
P-100359,10359,"1975 Valley View Dr, Lakewood, CO 32253",1975 Valley View Dr,,Lakewood,CO,32253,Jefferson,21.522368,-128.627835,Single Family,6,4.0,5253,13686,1973,51,619942.66,2018-06-24,2851,118.02,583310.23,2022,11566.56,Anthony Torres,True,CO-JE-85043,215.23,Within band
P-100360,10360,"8101 River Blvd, Apt 10E, Miami, FL 98488",8101 River Blvd,Apt 10E,Miami,FL,98488,Miami-Dade,26.45657,-113.784368,Townhouse,2,3.0,3576,10719,1945,79,507622.33,2016-10-12,3471,141.95,554441.44,2022,10026.83,Andrew Wilson,True,FL-MI-16230,130.82,Within band
P-100361,10361,"3800 Pine Rd, Grand Rapids, MI 85784",3800 Pine Rd,,Grand Rapids,MI,85784,Kent,23.510441,-127.695089,Single Family,5,5.0,4493,11490,1946,78,390906.86,2025-06-03,315,87.0,389132.55,2023,5469.52,Lisa Ramirez,False,MI-KE-51071,152.83,Within band
P-100362,10362,"6888 Creekside Dr, Apt 18E, Chicago, IL 42933",6888 Creekside Dr,Apt 18E,Chicago,IL,42933,Cook,37.561543,-117.569111,Condo,2,1.0,5743,17266,1986,38,792913.65,2019-10-25,2363,138.07,753078.53,2024,15814.65,Deborah Robinson,True,IL-CO-93614,148.0,Within band
P-100363,10363,"9375 Cedar Ln, Apt 8D, Saint Paul, MN 78454",9375 Cedar Ln,Apt 8D,Saint Paul,MN,78454,Ramsey,26.317173,-116.763658,Condo,2,3.0,4166,10887,1960,64,790945.04,2025-07-24,264,189.86,783176.57,2023,8774.1,Charles Adams,True,MN-RA-88804,159.96,Within band
P-100364,10364,"1960 Sunset Blvd, Apt 21A, Scottsdale, AZ 35154",1960 Sunset Blvd,Apt 21A,Scottsdale,AZ,35154,Maricopa,21.734161,-87.657106,Condo,4,4.5,5186,12331,1974,50,624599.2,2025-11-13,152,120.44,537528.29,2023,5180.25,Thomas Moore,False,AZ-MA-33066,150.88,Under-assessed
P-100365,10365,"426 Cedar Ln, Fairfax, VA 21000",426 Cedar Ln,,Fairfax,VA,21000,Fairfax,29.318477,-131.075812,Single Family,4,3.5,6102,16873,1931,93,776274.06,2016-11-12,3440,127.22,789680.57,2022,8554.21,Kenneth Mitchell,True,VA-FA-25812,195.64,Within band
P-100366,10366,"9609 Adams St, Charleston, SC 75070",9609 Adams St,,Charleston,SC,75070,Charleston,44.440969,-136.287314,Single Family,7,3.5,3297,12870,2014,10,424161.52,2017-11-21,3066,128.65,433996.85,2023,4607.35,Michael Lopez,True,SC-CH-45985,121.9,Within band
P-100367,10367,"6790 Adams St, Portland, OR 87264",6790 Adams St,,Portland,OR,87264,Multnomah,22.482023,-110.588113,Single Family,3,5.0,4071,11851,2007,17,595616.03,2023-03-03,1138,146.31,633634.24,2022,7829.17,Melissa White,False,OR-MU-12762,291.42,Within band
P-100368,10368,"670 Cedar Ln, Apt 10B, Boise, ID 98027",670 Cedar Ln,Apt 10B,Boise,ID,98027,Ada,27.351409,-108.912672,Condo,6,3.5,6213,8212,1988,36,796223.29,2016-08-31,3513,128.15,742654.06,2022,14049.14,Betty Taylor,True,ID-AD-40862,107.43,Within band
P-100369,10369,"7290 Ridgewood Rd, Bronx, NY 94466",7290 Ridgewood Rd,,Bronx,NY,94466,Bronx,31.766654,-154.052294,Single Family,7,4.5,4459,11224,1962,62,2638027.35,2016-06-13,3592,591.62,2837366.88,2022,62422.07,George Taylor,True,NY-BR-56118,408.84,Within band
P-100370,10370,"9965 Ridgewood Rd, Pittsburgh, PA 69409",9965 Ridgewood Rd,,Pittsburgh,PA,69409,Allegheny,39.423068,-90.708136,Single Family,6,4.5,5851,8080,1920,104,432516.24,2019-03-28,2574,73.92,385659.27,2024,3465.84,William Thomas,True,PA-AL-95089,120.29,Under-assessed
P-100371,10371,"9832 Willow Way, Jacksonville, FL 51864",9832 Willow Way,,Jacksonville,FL,51864,Duval,32.964482,-81.004992,Single Family,3,2.0,6231,15947,1961,63,743632.36,2024-01-21,814,119.34,613734.43,2023,6249.46,Anthony Torres,True,FL-DU-13010,138.34,Under-assessed
P-100372,10372,"3847 Pine Rd, Fort Wayne, IN 70610",3847 Pine Rd,,Fort Wayne,IN,70610,Allen,26.254054,-95.99028,Single Family,1,4.0,5662,12689,1996,28,322923.07,2025-04-14,365,57.03,351149.73,2022,6800.69,Linda Smith,False,IN-AL-67037,248.46,Within band
P-100373,10373,"8196 Park Way, Apt 1C, Kansas City, MO 39423",8196 Park Way,Apt 1C,Kansas City,MO,39423,Jackson,39.909438,-140.422658,Condo,3,4.5,3729,5862,1975,49,787943.43,2019-07-22,2458,211.3,681311.03,2023,11391.86,Richard Clark,True,MO-JA-29129,180.87,Under-assessed
P-100374,10374,"3958 Harbor View Blvd, Durham, NC 42547",3958 Harbor View Blvd,,Durham,NC,42547,Durham,30.7954,-97.468764,Single Family,1,1.0,4441,6623,1961,63,880031.36,2021-10-28,1629,198.16,885360.6,2024,11157.27,Sandra Mitchell,True,NC-DU-19575,151.03,Within band
P-100375,10375,"9225 Cedar Ln, Apt 6E, Miami, FL 16830",9225 Cedar Ln,Apt 6E,Miami,FL,16830,Miami-Dade,29.820857,-136.568795,Townhouse,5,1.0,643,4798,1984,40,603333.14,2022-11-21,1240,938.31,659598.28,2024,8212.54,Emily Williams,True,FL-MI-44116,130.82,Within band
P-100376,10376,"5657 Lakeshore Dr, Arlington, VA 27290",5657 Lakeshore Dr,,Arlington,VA,27290,Arlington,23.375671,-95.207765,Multi Family,2,3.0,1557,6689,1925,99,1474219.92,2020-09-07,2045,946.83,1564890.15,2023,26562.26,Sandra Jackson,False,VA-AR-44500,252.96,Within band
P-100377,10377,"4421 Ridgewood Rd, Wichita, KS 67117",4421 Ridgewood Rd,,Wichita,KS,67117,Sedgwick,44.655803,-129.547766,Single Family,7,2.0,5152,15923,2001,23,742611.74,2025-09-08,218,144.14,636177.64,2022,6844.21,Robert Walker,True,KS-SE-71228,104.04,Under-assessed
P-100378,10378,"2000 Orchard Ln, Apt 19E, Saint Paul, MN 15346",2000 Orchard Ln,Apt 19E,Saint Paul,MN,15346,Ramsey,32.700272,-70.972783,Condo,4,4.5,4638,6481,2012,12,796165.85,2024-11-23,507,171.66,720435.58,2022,13269.04,Susan Hernandez,False,MN-RA-45755,159.96,Under-assessed
P-100379,10379,"9660 Main St, Waukegan, IL 78945",9660 Main St,,Waukegan,IL,78945,Lake,41.321462,-141.29051,Single Family,2,4.5,6145,7690,1962,62,140250.49,2018-08-23,2791,22.82,153490.18,2022,3223.29,Donna Miller,False,IL-LA-30155,104.35,Within band
P-100380,10380,"1428 Lakeshore Dr, Apt 26C, San Antonio, TX 96447",1428 Lakeshore Dr,Apt 26C,San Antonio,TX,96447,Bexar,33.71616,-102.332964,Condo,5,1.0,3298,4016,2003,21,605444.59,2021-03-15,1856,183.58,543371.17,2024,10867.42,Kenneth Rodriguez,True,TX-BE-16380,158.16,Under-assessed
P-100381,10381,"1009 Elm St, Henderson, NV 81716",1009 Elm St,,Henderson,NV,81716,Clark,46.225355,-123.818989,Multi Family,3,2.0,2566,9101,1931,93,135999.39,2023-12-13,853,53.0,115447.46,2023,1318.32,Ronald Adams,True,NV-CL-49131,178.76,Under-assessed
P-100382,10382,"7183 Clearwater Ct, Fairfax, VA 99779",7183 Clearwater Ct,,Fairfax,VA,99779,Fairfax,36.993111,-125.763149,Single Family,7,3.5,4799,8073,1982,42,834530.9,2021-12-06,1590,173.9,786905.81,2024,11964.19,Jennifer Carter,True,VA-FA-58265,195.64,Within band
P-100383,10383,"3153 Summit Rd, Apt 10B, Wichita, KS 92665",3153 Summit Rd,Apt 10B,Wichita,KS,92665,Sedgwick,32.289453,-153.481886,Townhouse,4,2.5,5905,17148,2011,13,240954.37,2020-09-23,2029,40.81,230878.53,2024,3300.67,Charles Robinson,True,KS-SE-72601,168.12,Within band
P-100384,10384,"5021 Monroe Blvd, Apt 25E, Jacksonville, FL 78562",5021 Monroe Blvd,Apt 25E,Jacksonville,FL,78562,Duval,32.334893,-107.537395,Condo,1,1.0,4805,6568,1985,39,451432.55,2025-03-22,388,93.95,424074.36,2024,6285.52,Thomas Thompson,True,FL-DU-20717,145.87,Within band
P-100385,10385,"1966 Lakeshore Dr, Dallas, TX 33534",1966 Lakeshore Dr,,Dallas,TX,33534,Dallas,41.833693,-83.666845,Single Family,1,4.0,6370,11246,1960,64,578022.54,2021-03-07,1864,90.74,593748.38,2023,11874.97,Thomas Perez,False,TX-DA-34535,115.36,Within band
P-100386,10386,"3132 Pine Rd, Waukegan, IL 89174",3132 Pine Rd,,Waukegan,IL,89174,Lake,27.871918,-98.413438,Multi Family,5,1.0,647,7117,1934,90,130377.59,2018-12-05,2687,201.51,122963.79,2024,2582.24,Brian Mitchell,False,IL-LA-73795,177.46,Within band
P-100387,10387,"6010 Creekside Dr, Apt 25D, Aurora, CO 49669",6010 Creekside Dr,Apt 25D,Aurora,CO,49669,Arapahoe,23.322331,-145.245087,Condo,1,1.0,6301,9384,1923,101,551075.38,2019-01-04,2657,87.46,464857.57,2022,6149.82,Kevin Wright,True,CO-AR-49441,256.52,Under-assessed
P-100389,10389,"8221 Heritage Ln, Apt 16E, Pittsburgh, PA 14851",8221 Heritage Ln,Apt 16E,Pittsburgh,PA,14851,Allegheny,33.918658,-114.709216,Townhouse,6,4.5,2499,14201,1927,97,532080.87,2021-07-20,1729,212.92,517672.66,2024,4535.91,Carol Clark,False,PA-AL-25327,212.18,Within band
P-100390,10390,"5781 Harbor View Blvd, Apt 24D, Boise, ID 67177",5781 Harbor View Blvd,Apt 24D,Boise,ID,67177,Ada,21.551384,-131.943062,Condo,4,3.5,4189,7991,1984,40,291367.83,2018-08-08,2806,69.56,262739.75,2024,4792.75,Melissa Nelson,True,ID-AD-48455,107.43,Under-assessed
P-100391,10391,"6002 Riverside Dr, Pittsburgh, PA 31237",6002 Riverside Dr,,Pittsburgh,PA,31237,Allegheny,37.478823,-132.426222,Single Family,6,4.5,1657,4496,1945,79,241924.99,2020-10-06,2016,146.0,200863.33,2023,3880.01,Dorothy Martin,True,PA-AL-82984,120.29,Under-assessed
P-100392,10392,"397 Hillcrest Ave, Apt 9B, San Diego, CA 44184",397 Hillcrest Ave,Apt 9B,San Diego,CA,44184,San Diego,30.461663,-143.201325,Condo,1,1.5,3366,10421,1934,90,2333566.91,2024-12-05,495,693.28,2260279.92,2023,25075.24,Nancy Thompson,False,CA-SA-83010,453.06,Within band
P-100393,10393,"1806 Cedar Ln, Cambridge, MA 67386",1806 Cedar Ln,,Cambridge,MA,67386,Middlesex,42.173152,-73.249702,Single Family,1,1.5,5207,5894,1984,40,771503.81,2019-03-21,2581,148.17,644528.02,2022,12202.09,William Campbell,True,MA-MI-67870,390.17,Under-assessed
P-100394,10394,"8265 River Blvd, Boston, MA 30223",8265 River Blvd,,Boston,MA,30223,Suffolk,38.147964,-127.889145,Single Family,1,2.5,4197,11008,2018,6,2795551.15,2023-07-14,1005,666.08,2936569.96,2023,35520.28,Paul Hernandez,True,MA-SU-58815,390.17,Within band
P-100395,10395,"6008 Monroe Blvd, Apt 3A, Pittsburgh, PA 29871",6008 Monroe Blvd,Apt 3A,Pittsburgh,PA,29871,Allegheny,40.959966,-110.920426,Condo,2,4.0,3986,10692,1978,46,862435.62,2020-06-29,2115,216.37,895537.8,2023,17306.16,Donald Martinez,False,PA-AL-77809,115.78,Within band
P-100396,10396,"5257 Creekside Dr, Nashville, TN 31538",5257 Creekside Dr,,Nashville,TN,31538,Davidson,32.502915,-122.785835,Single Family,6,2.0,5306,6253,2000,24,884436.72,2017-04-28,3273,166.69,882763.8,2024,17365.67,Mark Sanchez,False,TN-DA-82562,143.46,Within band
P-100397,10397,"5239 Hillcrest Ave, Apt 29C, Aurora, CO 11035",5239 Hillcrest Ave,Apt 29C,Aurora,CO,11035,Arapahoe,42.915594,-78.681859,Townhouse,2,4.0,4255,14804,1946,78,1365095.71,2019-04-13,2558,320.82,1414925.08,2024,18826.61,Matthew Adams,True,CO-AR-35859,257.12,Within band
P-100398,10398,"705 Valley View Dr, San Francisco, CA 61117",705 Valley View Dr,,San Francisco,CA,61117,San Francisco,40.215115,-92.615457,Single Family,5,5.0,2925,6426,1931,93,2010598.4,2022-10-13,1279,687.38,1922937.84,2024,19076.17,Mary Wright,True,CA-SA-41632,449.01,Within band
P-100399,10399,"7026 Birch St, Apt 19E, Aurora, CO 24475",7026 Birch St,Apt 19E,Aurora,CO,24475,Arapahoe,40.397633,-83.782241,Condo,6,5.0,3503,5531,1926,98,1207871.93,2024-11-19,511,344.81,1128902.55,2024,19013.32,Ashley Perez,False,CO-AR-86230,256.52,Within band
P-100400,10400,"3931 Hillcrest Ave, Apt 23D, Oklahoma City, OK 49216",3931 Hillcrest Ave,Apt 23D,Oklahoma City,OK,49216,Oklahoma,28.540191,-88.723334,Townhouse,6,2.0,6451,12638,1986,38,695259.61,2025-02-06,432,107.78,624589.31,2024,6439.93,Stephanie White,True,OK-OK-29209,135.38,Under-assessed
P-100401,10401,"1442 Pine Rd, Apt 23D, Philadelphia, PA 18151",1442 Pine Rd,Apt 23D,Philadelphia,PA,18151,Philadelphia,32.259498,-145.684491,Condo,4,1.5,3625,14714,1987,37,434147.89,2020-01-06,2290,119.76,414907.97,2023,7660.93,Donna Young,False,PA-PH-67682,115.78,Within band
P-100402,10402,"2768 Sunset Blvd, Pittsburgh, PA 76294",2768 Sunset Blvd,,Pittsburgh,PA,76294,Allegheny,24.368785,-95.129901,Single Family,6,5.0,4934,6868,2008,16,285861.18,2020-12-22,1939,57.94,231485.3,2022,4474.34,Margaret Davis,False,PA-AL-63558,120.29,Under-assessed
P-100403,10403,"2080 Meadow Ln, Orlando, FL 84942",2080 Meadow Ln,,Orlando,FL,84942,Orange,28.67415,-111.518358,Single Family,3,3.0,3667,8635,1957,67,499021.92,2017-05-30,3241,136.08,420606.02,2024,5493.57,Lisa Jackson,True,FL-OR-74067,138.34,Under-assessed
P-100404,10404,"2104 Hillcrest Ave, Apt 5C, Austin, TX 18855",2104 Hillcrest Ave,Apt 5C,Austin,TX,18855,Travis,44.066303,-120.670962,Townhouse,3,4.5,3367,9548,1980,44,770878.79,2016-12-07,3415,228.95,756781.66,2022,15135.63,Ashley Carter,True,TX-TR-68861,143.56,Within band
P-100406,10406,"9264 Pine Rd, Boise, ID 35221",9264 Pine Rd,,Boise,ID,35221,Ada,46.311961,-109.860413,Single Family,5,5.0,2151,9947,1984,40,819554.14,2024-12-07,493,381.01,817485.85,2024,8303.14,Mary Moore,False,ID-AD-42150,144.4,Within band
P-100407,10407,"7378 Pine Rd, New Orleans, LA 79932",7378 Pine Rd,,New Orleans,LA,79932,Orleans,37.081653,-122.043586,Single Family,4,1.0,3384,10544,1943,81,443650.41,2016-08-22,3522,131.1,425181.48,2023,4713.62,Linda Miller,True,LA-OR-47401,131.1,Within band
P-100408,10408,"3092 Adams St, Manhattan, NY 21747",3092 Adams St,,Manhattan,NY,21747,New York,25.087025,-74.161669,Single Family,1,3.5,2086,2531,2011,13,628430.44,2021-11-28,1598,301.26,521360.51,2022,11469.93,Daniel Taylor,True,NY-NE-25855,408.84,Under-assessed
P-100409,10409,"3418 Monroe Blvd, Apt 22A, San Diego, CA 88250",3418 Monroe Blvd,Apt 22A,San Diego,CA,88250,San Diego,36.529771,-114.110789,Condo,4,1.5,2806,3799,1960,64,1867711.78,2021-09-19,1668,665.61,1530846.55,2022,19732.5,Joseph Johnson,True,CA-SA-86830,453.06,Under-assessed
P-100410,10410,"9188 Lake Dr, Apt 10B, Charlotte, NC 49926",9188 Lake Dr,Apt 10B,Charlotte,NC,49926,Mecklenburg,36.058509,-118.199544,Condo,2,2.0,3658,12512,1941,83,729978.46,2020-04-03,2202,199.56,792598.78,2024,10637.39,James Robinson,False,NC-ME-91360,140.0,Within band
P-100411,10411,"1085 Riverside Dr, Austin, TX 45822",1085 Riverside Dr,,Austin,TX,45822,Travis,36.843495,-83.964568,Multi Family,3,2.5,5393,13754,1956,68,155478.09,2017-12-29,3028,28.83,149294.23,2022,2985.88,Betty Hall,True,TX-TR-28304,126.59,Within band
P-100412,10412,"4678 Summit Rd, Apt 21A, Fort Wayne, IN 37636",4678 Summit Rd,Apt 21A,Fort Wayne,IN,37636,Allen,37.176801,-73.704706,Townhouse,6,3.5,5803,10085,2016,8,672048.19,2023-03-22,1119,115.81,587221.25,2023,7105.12,Ashley Hill,True,IN-AL-27527,176.97,Under-assessed
P-100413,10413,"7907 Main St, Tulsa, OK 11255",7907 Main St,,Tulsa,OK,11255,Tulsa,38.82672,-121.054816,Single Family,7,4.0,5008,6337,2020,4,803841.83,2018-12-24,2668,160.51,661768.36,2022,12382.26,Brian Lewis,False,OK-TU-56267,128.71,Under-assessed
P-100414,10414,"9951 Hillcrest Ave, Cincinnati, OH 60692",9951 Hillcrest Ave,,Cincinnati,OH,60692,Hamilton,25.695446,-90.186972,Single Family,1,4.5,3634,6795,1976,48,127303.38,2017-12-13,3044,35.03,102598.19,2023,1658.67,Melissa Thompson,True,OH-HA-90405,208.92,Under-assessed
P-100415,10415,"5067 Madison Ave, Albuquerque, NM 40704",5067 Madison Ave,,Albuquerque,NM,40704,Bernalillo,46.973157,-72.845204,Single Family,3,4.5,6367,17949,1997,27,283087.33,2024-01-31,804,44.46,310059.63,2024,3954.2,Karen Torres,True,NM-BE-32344,119.2,Within band
P-100416,10416,"3274 Washington Ave, Indianapolis, IN 18566",3274 Washington Ave,,Indianapolis,IN,18566,Marion,36.586361,-92.100311,Single Family,3,2.5,4885,16827,2020,4,333975.82,2016-10-10,3473,68.37,335109.21,2024,5406.25,Michelle Taylor,False,IN-MA-69497,248.46,Within band
P-100417,10417,"7097 Cedar Ln, Apt 13B, Austin, TX 52336",7097 Cedar Ln,Apt 13B,Austin,TX,52336,Travis,32.462527,-70.425737,Condo,1,5.0,4422,12541,1966,58,523460.39,2025-10-17,179,118.38,557558.98,2022,11151.18,Mark Wright,True,TX-TR-10676,158.16,Within band
P-100418,10418,"1440 Oak Ave, Reno, NV 39573",1440 Oak Ave,,Reno,NV,39573,Washoe,46.919534,-120.127638,Single Family,2,2.5,1947,7341,1959,65,169018.42,2019-04-09,2562,86.81,140119.28,2023,1847.25,Mary Nguyen,False,NV-WA-53817,117.32,Under-assessed
P-100419,10419,"4149 River Blvd, Raleigh, NC 72072",4149 River Blvd,,Raleigh,NC,72072,Wake,27.316519,-127.350229,Single Family,7,3.5,4857,8735,1929,95,725084.59,2019-05-03,2538,149.29,675458.96,2022,10472.44,Donna Davis,True,NC-WA-17954,151.03,Within band
P-100420,10420,"6283 Ridgewood Rd, Fort Worth, TX 18523",6283 Ridgewood Rd,,Fort Worth,TX,18523,Tarrant,41.740125,-151.605806,Single Family,1,3.0,5603,15862,1975,49,171316.4,2018-09-07,2776,30.58,139920.44,2022,2798.41,Anthony Sanchez,True,TX-TA-63884,115.36,Under-assessed
P-100421,10421,"9923 Main St, Apt 19B, Tucson, AZ 69429",9923 Main St,Apt 19B,Tucson,AZ,69429,Pima,31.173881,-87.820673,Townhouse,5,1.5,3382,14046,2006,18,730684.73,2021-03-11,1860,216.05,697923.65,2024,7195.44,Michael Smith,True,AZ-PI-18853,81.85,Within band
P-100422,10422,"2164 Birch St, Apt 29E, Lexington, KY 43591",2164 Birch St,Apt 29E,Lexington,KY,43591,Fayette,30.417867,-115.118261,Townhouse,4,2.0,2591,4846,2022,2,154375.21,2024-11-07,523,59.58,137934.26,2023,1952.81,Carol Carter,True,KY-FA-86502,129.87,Under-assessed
P-100424,10424,"3202 Riverside Dr, Apt 15E, Nashville, TN 71263",3202 Riverside Dr,Apt 15E,Nashville,TN,71263,Davidson,36.893701,-128.190347,Townhouse,5,3.5,5647,10556,1973,51,376322.86,2025-02-08,430,66.64,352347.57,2022,4915.66,James Green,True,TN-DA-40182,80.48,Within band
P-100425,10425,"4016 Riverside Dr, Waukegan, IL 53452",4016 Riverside Dr,,Waukegan,IL,53452,Lake,42.39269,-124.295673,Multi Family,2,1.0,3572,3734,1929,95,399151.6,2020-01-23,2273,111.74,333114.68,2023,6995.41,Kevin Nguyen,False,IL-LA-57174,177.46,Under-assessed
P-100426,10426,"586 Lincoln Rd, Apt 26A, Los Angeles, CA 35929",586 Lincoln Rd,Apt 26A,Los Angeles,CA,35929,Los Angeles,28.528673,-137.951781,Condo,6,2.0,3383,12468,1951,73,994551.36,2026-01-15,89,293.99,848176.5,2023,16054.1,Mary Baker,True,CA-LO-95835,453.06,Under-assessed
P-100427,10427,"3544 Clearwater Ct, Nashville, TN 69795",3544 Clearwater Ct,,Nashville,TN,69795,Davidson,27.363973,-86.574564,Single Family,5,4.0,6424,7495,1935,89,232657.15,2024-10-25,536,36.22,241607.34,2022,3476.89,George White,True,TN-DA-66300,143.46,Within band
P-100428,10428,"4106 Maple Dr, Apt 26E, Honolulu, HI 90744",4106 Maple Dr,Apt 26E,Honolulu,HI,90744,Honolulu,36.564136,-82.664117,Condo,7,2.0,3284,7333,1926,98,2369850.38,2023-02-21,1148,721.64,2516438.54,2024,49374.06,Dorothy Wilson,False,HI-HO-71691,653.3,Within band
P-100429,10429,"2843 Birch St, Apt 21E, Oakland, CA 60871",2843 Birch St,Apt 21E,Oakland,CA,60871,Alameda,40.909663,-100.878774,Condo,3,4.5,4850,12456,1942,82,1431560.56,2022-02-02,1532,295.17,1370923.52,2023,22740.6,Dorothy Walker,True,CA-AL-62552,453.06,Within band
P-100430,10430,"699 Jefferson St, Apt 12B, Billings, MT 38773",699 Jefferson St,Apt 12B,Billings,MT,38773,Yellowstone,44.714443,-117.669034,Condo,4,2.5,3106,10069,1968,56,565668.9,2016-11-01,3451,182.12,516021.39,2024,4653.02,Ronald Garcia,True,MT-YE-78002,182.12,Within band
P-100431,10431,"774 Lakeshore Dr, New Orleans, LA 77143",774 Lakeshore Dr,,New Orleans,LA,77143,Orleans,37.459834,-119.929096,Single Family,4,4.0,3610,11761,1960,64,332955.18,2026-01-02,102,92.23,284300.35,2022,3180.61,John Thompson,False,LA-OR-48603,131.1,Under-assessed
P-100432,10432,"8501 Pine Rd, Boston, MA 46231",8501 Pine Rd,,Boston,MA,46231,Suffolk,45.555057,-148.438407,Single Family,3,1.0,5073,8354,1962,62,1049771.28,2022-08-04,1349,206.93,918557.32,2024,16338.17,Amanda Moore,True,MA-SU-89171,390.17,Under-assessed
P-100433,10433,"8998 Adams St, Apt 16B, Brooklyn, NY 11118",8998 Adams St,Apt 16B,Brooklyn,NY,11118,Kings,41.407016,-132.479461,Townhouse,7,4.0,3923,13424,2016,8,2448690.95,2020-12-27,1934,624.19,2439452.8,2022,53667.96,Joseph Anderson,False,NY-KI-37508,521.74,Within band
P-100434,10434,"9717 Lakeshore Dr, Apt 27C, Charleston, SC 70476",9717 Lakeshore Dr,Apt 27C,Charleston,SC,70476,Charleston,30.027479,-149.528801,Condo,4,4.0,2316,9503,1977,47,785296.42,2025-12-11,124,339.07,716512.35,2024,13244.73,Lisa Mitchell,True,SC-CH-96356,144.56,Within band
P-100435,10435,"3794 Willow Way, Apt 13B, Nashville, TN 65799",3794 Willow Way,Apt 13B,Nashville,TN,65799,Davidson,39.172714,-121.906922,Condo,3,3.5,5408,5788,1992,32,732579.09,2024-09-21,570,135.46,619840.57,2023,9184.98,Joshua Hill,True,TN-DA-61234,138.25,Under-assessed
P-100436,10436,"1143 Forest Glen Rd, Troy, MI 34685",1143 Forest Glen Rd,,Troy,MI,34685,Oakland,33.581608,-128.390801,Single Family,6,3.0,1363,4171,1933,91,646410.72,2024-04-16,728,474.26,523345.59,2024,7975.98,Mary Lopez,True,MI-OA-60579,152.83,Under-assessed
P-100438,10438,"2228 Jefferson St, Naperville, IL 50600",2228 Jefferson St,,Naperville,IL,50600,DuPage,32.453318,-95.25857,Single Family,2,3.0,5412,8737,1984,40,679082.2,2021-02-19,1880,125.48,599379.88,2022,12586.98,Donald Jones,False,IL-DU-89278,104.35,Under-assessed
P-100439,10439,"8715 Valley View Dr, Apt 24D, Charlotte, NC 84609",8715 Valley View Dr,Apt 24D,Charlotte,NC,84609,Mecklenburg,44.299844,-116.962203,Townhouse,1,1.5,2958,13546,1978,46,390489.84,2016-10-31,3452,132.01,395759.26,2023,5023.41,Susan Clark,True,NC-ME-90967,129.09,Within band
P-100440,10440,"6402 Washington Ave, Kansas City, MO 84529",6402 Washington Ave,,Kansas City,MO,84529,Jackson,23.531656,-96.217906,Single Family,2,2.0,2842,13132,1988,36,347673.88,2025-07-14,274,122.33,350946.6,2024,6607.21,Dorothy Clark,False,MO-JA-82459,127.4,Within band
P-100441,10441,"6141 Elm St, Tampa, FL 23791",6141 Elm St,,Tampa,FL,23791,Hillsborough,34.366463,-89.182574,Multi Family,4,2.0,2670,6067,1984,40,154815.43,2025-12-25,110,57.98,127251.88,2024,2049.71,Ashley Harris,True,FL-HI-62342,133.09,Under-assessed
P-100442,10442,"6599 Maple Dr, Lawrenceville, GA 11407",6599 Maple Dr,,Lawrenceville,GA,11407,Gwinnett,27.641052,-95.308334,Single Family,3,4.5,4571,12129,1928,96,184387.93,2018-11-30,2692,40.34,160913.15,2023,1558.13,Karen Hernandez,True,GA-GW-12367,150.1,Under-assessed
P-100443,10443,"1746 Washington Ave, Tulsa, OK 48554",1746 Washington Ave,,Tulsa,OK,48554,Tulsa,24.290012,-92.494156,Single Family,1,1.0,6149,10625,1939,85,463713.23,2024-04-15,729,75.41,401112.75,2022,7505.72,Andrew Wilson,True,OK-TU-16259,128.71,Under-assessed
P-100444,10444,"8666 River Blvd, Apt 22A, Honolulu, HI 61199",8666 River Blvd,Apt 22A,Honolulu,HI,61199,Honolulu,39.294188,-118.373158,Townhouse,1,1.0,3691,6996,1951,73,1592666.35,2023-08-10,978,431.5,1369686.22,2022,17888.37,James Perez,False,HI-HO-99123,660.61,Under-assessed
P-100445,10445,"1682 Broadway, Apt 1D, Phoenix, AZ 31895",1682 Broadway,Apt 1D,Phoenix,AZ,31895,Maricopa,22.166332,-112.412491,Townhouse,3,5.0,5734,8839,1999,25,281553.07,2020-03-17,2219,49.1,258611.89,2023,2443.79,Jessica Miller,True,AZ-MA-32756,81.85,Within band
P-100446,10446,"5281 Main St, Apt 20C, Billings, MT 61011",5281 Main St,Apt 20C,Billings,MT,61011,Yellowstone,26.63835,-137.851631,Condo,6,3.5,959,2062,1947,77,440655.53,2017-09-04,3144,459.49,431692.92,2022,7144.68,Kenneth Hernandez,True,MT-YE-22418,182.12,Within band
P-100447,10447,"6466 Lake Dr, Apt 8A, Albuquerque, NM 53522",6466 Lake Dr,Apt 8A,Albuquerque,NM,53522,Bernalillo,25.646273,-90.730683,Townhouse,7,4.5,1153,6643,1922,102,594655.99,2019-09-21,2397,515.75,555809.18,2024,8719.04,Joseph Allen,True,NM-BE-11742,158.75,Within band
P-100448,10448,"2132 Clearwater Ct, Apt 24C, Wichita, KS 40984",2132 Clearwater Ct,Apt 24C,Wichita,KS,40984,Sedgwick,40.554702,-91.11962,Townhouse,1,1.0,1726,7862,1983,41,351359.49,2024-07-31,622,203.57,320694.37,2024,2711.43,Timothy Hill,False,KS-SE-68160,168.12,Within band
P-100450,10450,"6350 Ridgewood Rd, Tulsa, OK 34057",6350 Ridgewood Rd,,Tulsa,OK,34057,Tulsa,32.722564,-156.474289,Single Family,1,2.5,1026,11419,1938,86,851854.13,2024-11-15,515,830.27,704932.99,2024,10282.27,Jessica Thomas,True,OK-TU-65868,128.71,Under-assessed
P-100451,10451,"5203 Broadway, Apt 15D, St. Louis, MO 35891",5203 Broadway,Apt 15D,St. Louis,MO,35891,St. Louis,27.490511,-141.650111,Condo,3,3.0,5322,12666,2001,23,277092.78,2016-08-11,3533,52.07,286621.08,2022,5563.93,Margaret Sanchez,True,MO-ST-71697,180.87,Within band
P-100452,10452,"7201 Sunset Blvd, Boston, MA 73176",7201 Sunset Blvd,,Boston,MA,73176,Suffolk,21.524994,-123.81652,Single Family,7,3.0,5475,14276,1939,85,2136199.02,2024-04-24,720,390.17,1873847.11,2023,21868.11,Charles Harris,True,MA-SU-73025,390.17,Under-assessed
P-100453,10453,"5559 Lake Dr, Irvine, CA 71506",5559 Lake Dr,,Irvine,CA,71506,Orange,26.186467,-77.296521,Single Family,1,5.0,3665,11716,1971,53,3273357.77,2021-11-09,1617,893.14,3571717.1,2023,45033.81,Lisa Adams,False,CA-OR-19336,449.01,Within band
P-100454,10454,"736 Park Way, Philadelphia, PA 60439",736 Park Way,,Philadelphia,PA,60439,Philadelphia,45.701433,-142.874473,Multi Family,3,3.5,4774,16392,1982,42,615284.2,2022-02-25,1509,128.88,620782.76,2024,7836.76,Sandra Mitchell,True,PA-PH-72616,221.23,Within band
P-100455,10455,"6021 Oak Ave, Fort Worth, TX 97251",6021 Oak Ave,,Fort Worth,TX,97251,Tarrant,38.101339,-134.264229,Single Family,6,2.0,2683,6736,1997,27,571106.6,2018-11-07,2715,212.86,601063.87,2022,12021.28,Jennifer Adams,False,TX-TA-60377,115.36,Within band
P-100456,10456,"9703 Pine Rd, Troy, MI 77965",9703 Pine Rd,,Troy,MI,77965,Oakland,45.113652,-80.787463,Single Family,7,4.0,2671,14006,1958,66,510504.52,2020-04-21,2184,191.13,509251.65,2023,7655.56,Timothy Clark,False,MI-OA-21648,152.83,Within band
P-100457,10457,"9481 Hillcrest Ave, Fort Lauderdale, FL 28705",9481 Hillcrest Ave,,Fort Lauderdale,FL,28705,Broward,28.129065,-138.771277,Multi Family,6,3.0,652,3411,1982,42,121231.29,2025-07-01,287,185.94,125125.61,2023,1789.24,Carol Jackson,False,FL-BR-32365,133.09,Within band
P-100458,10458,"6238 Washington Ave, Atlanta, GA 27607",6238 Washington Ave,,Atlanta,GA,27607,Fulton,26.247544,-141.167363,Single Family,4,2.5,2120,5412,1927,97,704934.27,2017-03-17,3315,332.52,724495.78,2023,14341.66,Mark Lewis,False,GA-FU-91844,150.1,Within band
P-100459,10459,"2821 Pine Rd, Fort Lauderdale, FL 48420",2821 Pine Rd,,Fort Lauderdale,FL,48420,Broward,23.271237,-146.152703,Single Family,3,1.0,5397,9243,1981,43,498451.6,2017-10-02,3116,92.36,413835.82,2022,4632.05,James Nelson,True,FL-BR-15486,138.34,Under-assessed
P-100460,10460,"3558 Main St, Apt 2C, Miami, FL 59239",3558 Main St,Apt 2C,Miami,FL,59239,Miami-Dade,36.979099,-71.139975,Condo,4,4.5,3360,13262,1974,50,382509.16,2018-08-21,2793,113.84,408154.74,2023,7266.04,Margaret Nelson,True,FL-MI-90059,145.87,Within band
P-100461,10461,"1741 Main St, Reno, NV 69889",1741 Main St,,Reno,NV,69889,Washoe,44.06935,-122.042673,Single Family,1,1.5,4946,9524,2009,15,706123.0,2023-06-30,1019,142.77,642945.45,2024,10437.72,Steven Allen,True,NV-WA-34633,117.32,Within band
P-100462,10462,"5378 Oak Ave, Apt 24D, Austin, TX 93070",5378 Oak Ave,Apt 24D,Austin,TX,93070,Travis,30.545449,-153.019377,Townhouse,6,4.5,2513,12454,1982,42,432128.85,2019-05-31,2510,171.96,448631.04,2023,8972.62,Steven Nelson,False,TX-TR-23166,143.56,Within band
P-100463,10463,"3296 Sunset Blvd, Apt 8B, Denver, CO 78164",3296 Sunset Blvd,Apt 8B,Denver,CO,78164,Denver,44.220201,-88.717011,Condo,1,2.0,4679,6105,1958,66,1298824.93,2020-02-17,2248,277.59,1423727.58,2023,14260.96,Donald Davis,True,CO-DE-80866,256.52,Within band
P-100464,10464,"2892 Pine Rd, Waukegan, IL 23824",2892 Pine Rd,,Waukegan,IL,23824,Lake,32.524675,-94.728431,Single Family,3,4.0,2896,6506,2012,12,320950.26,2020-12-10,1951,110.83,348375.83,2024,7315.89,David Wright,False,IL-LA-74482,104.35,Within band
P-100465,10465,"5552 Madison Ave, Apt 11E, Sacramento, CA 85493",5552 Madison Ave,Apt 11E,Sacramento,CA,85493,Sacramento,41.307941,-104.74089,Townhouse,4,4.0,5956,16476,2020,4,2163794.83,2016-09-06,3507,363.3,2014684.86,2022,21522.09,Linda Jackson,True,CA-SA-21683,453.55,Within band
P-100466,10466,"2002 Meadow Ln, Apt 17E, Lawrenceville, GA 26700",2002 Meadow Ln,Apt 17E,Lawrenceville,GA,26700,Gwinnett,43.613253,-73.99603,Townhouse,6,1.0,3146,4159,1995,29,537770.37,2016-10-13,3470,170.94,492836.25,2023,5833.07,Margaret Baker,False,GA-GW-26555,170.94,Within band
P-100467,10467,"3739 River Blvd, Apt 17A, Baton Rouge, LA 61814",3739 River Blvd,Apt 17A,Baton Rouge,LA,61814,East Baton Rouge,21.243496,-82.844504,Townhouse,2,3.0,2393,10582,2007,17,475511.93,2019-07-16,2464,198.71,420836.54,2024,6726.74,George Williams,True,LA-EA-50487,124.05,Under-assessed
P-100469,10469,"2708 Oak Ave, Aurora, CO 81819",2708 Oak Ave,,Aurora,CO,81819,Arapahoe,31.395568,-120.24794,Single Family,3,4.0,3803,4979,1987,37,1172105.52,2023-02-12,1157,308.21,1182552.37,2022,19409.59,Emily Sanchez,True,CO-AR-52391,215.23,Within band
P-100470,10470,"986 Clearwater Ct, New Orleans, LA 69969",986 Clearwater Ct,,New Orleans,LA,69969,Orleans,38.347801,-106.787305,Single Family,6,4.5,2984,5356,1946,78,290146.45,2017-11-21,3066,97.23,249147.75,2024,2020.49,Timothy Torres,True,LA-OR-29346,131.1,Under-assessed
P-100471,10471,"7097 Broadway, Cincinnati, OH 17383",7097 Broadway,,Cincinnati,OH,17383,Hamilton,23.545265,-72.248188,Single Family,1,1.5,4822,15473,1963,61,582846.06,2024-08-13,609,120.87,575905.39,2023,6300.41,Linda Thomas,True,OH-HA-49674,208.92,Within band
P-100472,10472,"2926 Forest Glen Rd, Oklahoma City, OK 97914",2926 Forest Glen Rd,,Oklahoma City,OK,97914,Oklahoma,38.45075,-89.337419,Multi Family,3,4.5,3609,3799,1935,89,210969.55,2024-11-30,500,58.46,199738.7,2024,3775.41,Joseph Johnson,True,OK-OK-85055,58.46,Within band
P-100473,10473,"4584 River Blvd, Baltimore, MD 87709",4584 River Blvd,,Baltimore,MD,87709,Baltimore,25.79906,-114.875341,Multi Family,3,2.0,1414,6742,1928,96,1156521.78,2016-08-12,3532,817.91,1201125.87,2022,15451.24,George Johnson,True,MD-BA-80309,293.88,Within band
P-100474,10474,"8104 Elm St, Columbia, SC 78013",8104 Elm St,,Columbia,SC,78013,Richland,43.184314,-110.108585,Single Family,7,2.5,5995,7917,1943,81,792362.69,2018-06-27,2848,132.17,676662.89,2024,9044.81,Daniel Davis,True,SC-RI-85377,121.9,Under-assessed
P-100475,10475,"2741 Pine Rd, Naperville, IL 83727",2741 Pine Rd,,Naperville,IL,83727,DuPage,27.804153,-91.48302,Single Family,1,5.0,3045,9001,1989,35,253850.49,2018-11-26,2696,83.37,203086.91,2023,4264.83,Kimberly Jackson,False,IL-DU-68316,104.35,Under-assessed
P-100476,10476,"9554 Orchard Ln, Apt 18B, Brooklyn, NY 51017",9554 Orchard Ln,Apt 18B,Brooklyn,NY,51017,Kings,34.850656,-71.216302,Townhouse,5,5.0,4782,8220,2008,16,751977.85,2017-02-02,3358,157.25,611674.32,2022,13456.84,Lisa Wilson,False,NY-KI-88924,521.74,Under-assessed
P-100477,10477,"5982 Jackson Dr, Apt 21C, Baton Rouge, LA 26841",5982 Jackson Dr,Apt 21C,Baton Rouge,LA,26841,East Baton Rouge,40.321267,-120.284694,Condo,3,3.0,3727,14372,1940,84,432046.31,2025-05-07,342,115.92,468088.54,2024,6133.89,George Martinez,True,LA-EA-19248,138.14,Within band
P-100478,10478,"3256 Meadow Ln, Apt 14A, Honolulu, HI 83877",3256 Meadow Ln,Apt 14A,Honolulu,HI,83877,Honolulu,38.418928,-85.615786,Townhouse,2,4.0,1857,7040,2020,4,1772562.75,2025-12-28,107,954.53,1930684.76,2022,17241.58,Linda Wright,True,HI-HO-81875,660.61,Within band
P-100479,10479,"1557 Meadow Ln, Apt 4E, Reno, NV 53714",1557 Meadow Ln,Apt 4E,Reno,NV,53714,Washoe,41.61888,-144.269322,Condo,3,1.0,1402,7581,1948,76,415333.23,2025-02-07,431,296.24,429795.17,2022,4344.7,Timothy Martin,True,NV-WA-74175,116.76,Within band
P-100480,10480,"9474 Heritage Ln, Memphis, TN 82291",9474 Heritage Ln,,Memphis,TN,82291,Shelby,28.18293,-148.381245,Single Family,2,3.5,3791,6751,1964,60,748746.3,2018-09-06,2777,197.51,816433.03,2024,11936.3,Betty Walker,True,TN-SH-43955,143.46,Within band
P-100481,10481,"8514 Sunset Blvd, Apt 17B, Houston, TX 96188",8514 Sunset Blvd,Apt 17B,Houston,TX,96188,Harris,24.348762,-124.044342,Condo,1,3.5,6395,10476,2006,18,594788.33,2018-05-11,2895,93.01,557516.5,2023,11150.33,Ashley Allen,True,TX-HA-66068,158.16,Within band
P-100482,10482,"1524 Clearwater Ct, Lakewood, CO 63282",1524 Clearwater Ct,,Lakewood,CO,63282,Jefferson,41.420328,-83.463632,Single Family,1,2.5,1367,4072,1993,31,368893.83,2017-12-11,3046,269.86,326749.65,2023,5783.52,James Ramirez,False,CO-JE-27881,215.23,Under-assessed
P-100483,10483,"8256 Birch St, Baltimore, MD 99800",8256 Birch St,,Baltimore,MD,99800,Baltimore,47.445792,-79.736994,Single Family,4,1.0,5648,8763,2015,9,308748.31,2021-07-08,1741,54.67,312075.85,2024,3788.83,Deborah Nelson,False,MD-BA-79220,292.68,Within band
P-100484,10484,"793 Harbor View Blvd, Apt 27E, Tulsa, OK 32089",793 Harbor View Blvd,Apt 27E,Tulsa,OK,32089,Tulsa,38.874837,-80.272041,Condo,2,2.0,1215,7228,1937,87,520673.9,2025-09-17,209,428.54,482569.26,2023,4847.8,Linda Perez,False,OK-TU-42737,106.53,Within band
P-100485,10485,"4852 Clearwater Ct, Apt 11C, Tampa, FL 73324",4852 Clearwater Ct,Apt 11C,Tampa,FL,73324,Hillsborough,28.778944,-138.463263,Townhouse,4,2.5,3097,13631,1985,39,764067.36,2025-11-19,146,246.71,825669.77,2024,15010.86,Patricia Thompson,True,FL-HI-70339,130.82,Within band
P-100486,10486,"1855 Main St, Apt 9B, Knoxville, TN 55838",1855 Main St,Apt 9B,Knoxville,TN,55838,Knox,44.590201,-140.80428,Townhouse,1,1.5,4129,12190,1945,79,186100.15,2020-07-07,2107,45.07,199043.97,2023,1888.15,Dorothy Smith,True,TN-KN-96066,80.48,Within band
P-100487,10487,"6577 Meadow Ln, Apt 10A, Rockville, MD 49227",6577 Meadow Ln,Apt 10A,Rockville,MD,49227,Montgomery,30.659136,-79.379175,Condo,7,3.0,1490,8675,2004,20,1307228.95,2024-06-20,663,877.33,1100637.52,2024,14536.69,Matthew Rivera,True,MD-MO-34846,253.54,Under-assessed
P-100489,10489,"1897 River Blvd, Jacksonville, FL 12772",1897 River Blvd,,Jacksonville,FL,12772,Duval,24.342275,-127.061512,Single Family,7,2.5,1026,12139,1963,61,455138.74,2019-08-03,2446,443.61,464801.09,2023,6396.74,Charles Young,True,FL-DU-66223,138.34,Within band
P-100490,10490,"2598 Birch St, Apt 21B, Charlotte, NC 34492",2598 Birch St,Apt 21B,Charlotte,NC,34492,Mecklenburg,27.61087,-90.294698,Condo,6,2.5,6058,13089,1945,79,489636.41,2017-07-03,3207,80.82,510683.79,2024,8561.86,Michelle Lopez,True,NC-ME-87489,140.0,Within band
P-100491,10491,"2073 Lake Dr, Tucson, AZ 62596",2073 Lake Dr,,Tucson,AZ,62596,Pima,22.01671,-70.835305,Single Family,4,1.0,5650,8920,1931,93,794193.09,2022-01-07,1558,140.57,732396.26,2023,12012.69,Joseph Anderson,True,AZ-PI-72809,130.0,Within band
P-100492,10492,"8453 Summit Rd, Apt 9E, San Jose, CA 94393",8453 Summit Rd,Apt 9E,San Jose,CA,94393,Santa Clara,22.36887,-147.425219,Townhouse,3,3.5,6429,13278,1951,73,1425514.7,2025-10-01,195,221.73,1218138.64,2022,10507.14,Deborah Lee,True,CA-SA-71873,453.55,Under-assessed
P-100493,10493,"7159 Washington Ave, Apt 20C, Miami, FL 43064",7159 Washington Ave,Apt 20C,Miami,FL,43064,Miami-Dade,46.130697,-125.368432,Condo,1,1.5,6080,6303,2007,17,550379.22,2016-08-13,3531,90.52,461819.03,2023,7802.67,Margaret Mitchell,False,FL-MI-79319,145.87,Under-assessed
P-100494,10494,"4621 Jefferson St, Scottsdale, AZ 86588",4621 Jefferson St,,Scottsdale,AZ,86588,Maricopa,31.177308,-79.814139,Single Family,6,1.5,936,10546,2003,21,757579.14,2024-02-13,791,809.38,766214.04,2022,6818.2,Andrew Flores,True,AZ-MA-72154,130.0,Within band
P-100495,10495,"8841 Sunset Blvd, Apt 20C, Chicago, IL 15742",8841 Sunset Blvd,Apt 20C,Chicago,IL,15742,Cook,24.387547,-120.615507,Condo,7,5.0,3445,9441,1977,47,611294.42,2024-12-19,481,177.44,656074.64,2022,13777.57,Kimberly Allen,False,IL-CO-31880,148.0,Within band
P-100496,10496,"4845 Maple Dr, Apt 7B, Jacksonville, FL 84209",4845 Maple Dr,Apt 7B,Jacksonville,FL,84209,Duval,22.611025,-72.394762,Condo,6,4.0,4655,15873,1988,36,798799.46,2025-06-10,308,171.6,678704.33,2024,8558.33,Stephanie Harris,True,FL-DU-45585,145.87,Under-assessed
P-100497,10497,"2721 Jefferson St, Apt 8C, Austin, TX 87609",2721 Jefferson St,Apt 8C,Austin,TX,87609,Travis,39.463126,-80.513514,Condo,4,5.0,6397,18202,1987,37,321891.0,2016-09-21,3492,50.32,278790.08,2024,5575.8,Linda Hernandez,True,TX-TR-79935,158.16,Under-assessed
P-100498,10498,"2527 Jackson Dr, Apt 14E, Los Angeles, CA 27428",2527 Jackson Dr,Apt 14E,Los Angeles,CA,27428,Los Angeles,28.166524,-88.215945,Condo,7,2.5,4979,6882,1920,104,2428368.78,2019-03-10,2592,487.72,2383560.18,2023,28351.83,Melissa Scott,True,CA-LO-27512,453.06,Within band
P-100499,10499,"5418 Cedar Ln, Apt 9E, Denver, CO 92045",5418 Cedar Ln,Apt 9E,Denver,CO,92045,Denver,42.621937,-85.317935,Condo,6,3.0,2047,6241,1922,102,944866.43,2016-07-19,3556,461.59,976477.69,2024,9059.09,Deborah Hall,True,CO-DE-95698,256.52,Within band
P-100500,10500,"3477 Harbor View Blvd, Indianapolis, IN 38919",3477 Harbor View Blvd,,Indianapolis,IN,38919,Marion,29.59297,-139.259079,Multi Family,2,4.5,2498,14455,2012,12,458444.78,2024-08-14,608,183.52,490834.11,2022,6847.89,Ashley Lopez,False,IN-MA-33083,141.14,Within band
P-100501,10501,"9433 Orchard Ln, Lawrenceville, GA 33646",9433 Orchard Ln,,Lawrenceville,GA,33646,Gwinnett,38.160453,-155.168885,Single Family,2,4.0,6230,16188,1944,80,174174.21,2025-06-22,296,27.96,161619.47,2023,3056.16,Betty Miller,False,GA-GW-27995,150.1,Within band
P-100502,10502,"9984 River Blvd, Houston, TX 59528",9984 River Blvd,,Houston,TX,59528,Harris,31.17575,-147.42691,Single Family,7,1.0,1682,5750,2018,6,185204.53,2024-09-06,585,110.11,200313.43,2024,4006.27,James Miller,True,TX-HA-54353,115.36,Within band
P-100503,10503,"3414 Lake Dr, San Francisco, CA 72970",3414 Lake Dr,,San Francisco,CA,72970,San Francisco,41.131301,-79.362045,Single Family,3,3.5,4523,7054,1951,73,620420.3,2018-07-10,2835,137.17,546116.9,2024,5175.5,Robert Miller,True,CA-SA-23443,449.01,Under-assessed
P-100504,10504,"6904 Sunset Blvd, Cambridge, MA 10158",6904 Sunset Blvd,,Cambridge,MA,10158,Middlesex,45.172424,-154.911924,Multi Family,4,2.0,3494,14231,1956,68,1138947.4,2016-06-04,3601,325.97,1145012.57,2024,21309.47,Linda Young,True,MA-MI-24435,478.01,Within band
P-100505,10505,"1766 Heritage Ln, Apt 12A, Phoenix, AZ 56833",1766 Heritage Ln,Apt 12A,Phoenix,AZ,56833,Maricopa,23.021683,-127.965943,Townhouse,1,1.0,5552,8027,1942,82,454330.16,2022-07-12,1372,81.83,445190.6,2024,5833.3,Brian Baker,True,AZ-MA-47618,81.85,Within band
P-100506,10506,"8279 Meadow Ln, Seattle, WA 44786",8279 Meadow Ln,,Seattle,WA,44786,King,42.484064,-95.116319,Single Family,7,1.0,1817,12562,1938,86,1426780.81,2021-11-26,1600,785.24,1332625.57,2023,23688.48,Linda Torres,True,WA-KI-46500,526.32,Within band
P-100507,10507,"1581 Ridgewood Rd, Apt 18D, Manhattan, NY 26716",1581 Ridgewood Rd,Apt 18D,Manhattan,NY,26716,New York,25.819617,-123.503486,Townhouse,4,4.0,4542,15903,1972,52,2285316.5,2019-02-22,2608,503.15,2056875.22,2024,45251.25,Anthony Clark,True,NY-NE-80614,521.74,Under-assessed
P-100508,10508,"8885 Madison Ave, Apt 30C, Salt Lake City, UT 60413",8885 Madison Ave,Apt 30C,Salt Lake City,UT,60413,Salt Lake,23.21587,-94.801868,Condo,5,2.5,6359,7788,1950,74,402133.36,2024-01-02,833,63.24,441611.43,2022,5453.36,Steven Rodriguez,False,UT-SA-17808,137.94,Within band
P-100509,10509,"2383 Heritage Ln, Columbus, OH 70344",2383 Heritage Ln,,Columbus,OH,70344,Franklin,24.819716,-82.761838,Multi Family,2,2.5,2439,3354,2015,9,227485.02,2018-06-25,2850,93.27,230030.32,2023,3863.81,George Ramirez,True,OH-FR-23894,119.72,Within band
P-100510,10510,"1308 Riverside Dr, Apt 16D, New Orleans, LA 87847",1308 Riverside Dr,Apt 16D,New Orleans,LA,87847,Orleans,44.06764,-154.373841,Townhouse,2,1.5,2607,3869,1921,103,563962.86,2017-02-27,3333,216.33,521636.58,2022,7113.65,David Mitchell,True,LA-OR-49257,124.05,Within band
P-100511,10511,"7374 Main St, Nashville, TN 47587",7374 Main St,,Nashville,TN,47587,Davidson,23.948567,-151.779931,Single Family,5,2.0,4722,7349,1921,103,429184.74,2021-07-13,1736,90.89,430889.06,2023,6312.47,Thomas Torres,True,TN-DA-39794,143.46,Within band
P-100512,10512,"2669 Jackson Dr, Minneapolis, MN 22050",2669 Jackson Dr,,Minneapolis,MN,22050,Hennepin,34.819778,-71.920413,Single Family,6,2.5,3880,14022,1927,97,290747.0,2024-03-22,753,74.93,304339.86,2024,4644.53,John Hall,True,MN-HE-51050,127.64,Within band
P-100513,10513,"6737 Forest Glen Rd, Billings, MT 31603",6737 Forest Glen Rd,,Billings,MT,31603,Yellowstone,22.448799,-124.681402,Multi Family,2,3.0,1488,3198,1929,95,402907.27,2017-07-20,3190,270.77,424657.33,2022,4617.88,William Wright,True,MT-YE-37775,180.29,Within band
P-100514,10514,"279 Clearwater Ct, Oklahoma City, OK 34607",279 Clearwater Ct,,Oklahoma City,OK,34607,Oklahoma,35.619821,-101.46016,Single Family,2,3.0,1296,10636,1992,32,155002.14,2017-06-03,3237,119.6,146499.05,2022,1725.02,Lisa Smith,False,OK-OK-47015,128.71,Within band
P-100515,10515,"8295 Lincoln Rd, Troy, MI 51218",8295 Lincoln Rd,,Troy,MI,51218,Oakland,40.92382,-93.865133,Single Family,6,1.5,3314,9986,2014,10,512791.15,2020-08-26,2057,154.73,534455.7,2022,4427.55,Anthony Walker,True,MI-OA-14903,152.83,Within band
P-100516,10516,"2741 Sunset Blvd, Denver, CO 99440",2741 Sunset Blvd,,Denver,CO,99440,Denver,33.272315,-79.987263,Single Family,6,2.5,2366,13531,2003,21,469035.15,2018-03-23,2944,198.24,397889.13,2024,5648.28,Timothy Hill,False,CO-DE-54749,215.23,Under-assessed
P-100517,10517,"2249 Valley View Dr, Eugene, OR 48121",2249 Valley View Dr,,Eugene,OR,48121,Lane,30.548383,-82.532128,Multi Family,1,4.0,2558,5979,1998,26,1028252.45,2024-07-28,625,401.98,997477.12,2023,9145.74,James Martinez,False,OR-LA-50572,401.98,Within band
P-100518,10518,"1528 Orchard Ln, Apt 21B, Indianapolis, IN 22335",1528 Orchard Ln,Apt 21B,Indianapolis,IN,22335,Marion,33.052408,-142.234565,Condo,2,1.5,2894,12339,1966,58,395627.41,2025-06-26,292,136.71,337769.23,2023,3747.66,Steven Taylor,False,IN-MA-67939,141.22,Under-assessed
P-100519,10519,"9418 Orchard Ln, Tampa, FL 15189",9418 Orchard Ln,,Tampa,FL,15189,Hillsborough,30.632011,-132.063619,Multi Family,7,2.0,4211,10219,1985,39,778971.8,2022-10-07,1285,184.98,710504.02,2024,9206.95,Donald Taylor,False,FL-HI-99463,133.09,Within band
P-100520,10520,"1034 Monroe Blvd, Apt 4A, Los Angeles, CA 83505",1034 Monroe Blvd,Apt 4A,Los Angeles,CA,83505,Los Angeles,21.210488,-82.783799,Condo,4,2.0,5270,11811,1929,95,1130306.43,2016-06-24,3581,214.48,1061000.08,2022,12930.68,Ashley Adams,True,CA-LO-70929,453.06,Within band
P-100521,10521,"1875 Creekside Dr, Apt 19A, Decatur, GA 66769",1875 Creekside Dr,Apt 19A,Decatur,GA,66769,DeKalb,26.285981,-128.401305,Townhouse,3,4.5,2341,13847,2014,10,491451.19,2023-02-28,1141,209.93,460181.92,2024,4541.49,Steven Martinez,False,GA-DE-51967,170.94,Within band
P-100522,10522,"6330 Cedar Ln, Apt 28D, Oklahoma City, OK 57381",6330 Cedar Ln,Apt 28D,Oklahoma City,OK,57381,Oklahoma,41.923317,-71.865208,Condo,1,2.5,787,11988,1974,50,330481.53,2019-02-26,2604,419.93,281845.12,2022,2489.0,Betty Garcia,True,OK-OK-69168,106.53,Under-assessed
P-100523,10523,"3607 Adams St, Columbia, SC 34127",3607 Adams St,,Columbia,SC,34127,Richland,43.009551,-148.95761,Multi Family,3,3.0,1947,5200,1964,60,854714.48,2020-11-18,1973,438.99,805696.46,2024,14024.19,George Ramirez,True,SC-RI-84752,223.03,Within band
P-100525,10525,"2159 Harbor View Blvd, Apt 12C, Eugene, OR 93744",2159 Harbor View Blvd,Apt 12C,Eugene,OR,93744,Lane,46.690624,-148.522193,Condo,6,2.5,4042,15452,1989,35,1229261.27,2019-07-18,2462,304.12,1122643.72,2023,11807.02,Richard Baker,True,OR-LA-11883,306.82,Within band
P-100526,10526,"5047 Clearwater Ct, Dallas, TX 75809",5047 Clearwater Ct,,Dallas,TX,75809,Dallas,42.704865,-146.147154,Single Family,6,4.5,3991,10714,1965,59,394724.75,2020-03-14,2222,98.9,366207.77,2023,7324.16,Susan Robinson,True,TX-DA-33186,115.36,Within band
P-100527,10527,"9846 Broadway, Indianapolis, IN 81141",9846 Broadway,,Indianapolis,IN,81141,Marion,32.550718,-132.20257,Multi Family,6,3.0,6351,16515,1932,92,896383.31,2017-03-30,3302,141.14,942251.56,2022,14883.33,Michelle Clark,True,IN-MA-91766,141.14,Within band
P-100528,10528,"1733 Harbor View Blvd, Apt 23D, Provo, UT 75976",1733 Harbor View Blvd,Apt 23D,Provo,UT,75976,Utah,36.40269,-154.160708,Condo,7,4.0,2335,5986,2019,5,474611.31,2022-01-04,1561,203.26,395992.1,2023,7684.87,Matthew Robinson,True,UT-UT-94523,137.94,Under-assessed
P-100529,10529,"6238 Madison Ave, Apt 11C, Austin, TX 76527",6238 Madison Ave,Apt 11C,Austin,TX,76527,Travis,28.515517,-80.474177,Condo,3,4.0,6115,10072,1920,104,822146.06,2021-08-19,1699,134.45,665775.84,2022,13315.52,Margaret King,False,TX-TR-88636,158.16,Under-assessed
P-100530,10530,"9474 Summit Rd, Apt 4B, Hempstead, NY 41697",9474 Summit Rd,Apt 4B,Hempstead,NY,41697,Nassau,35.727099,-122.951472,Townhouse,6,4.0,1022,10489,1974,50,843054.92,2019-02-23,2607,824.91,773185.49,2024,17010.08,Daniel King,True,NY-NA-40273,521.74,Within band
P-100532,10532,"6365 Oak Ave, Apt 21A, Lexington, KY 27111",6365 Oak Ave,Apt 21A,Lexington,KY,27111,Fayette,47.060476,-101.801706,Townhouse,2,2.5,5945,9578,1958,66,271186.55,2016-11-09,3443,45.62,236902.15,2023,4085.31,Brian Brown,True,KY-FA-28844,129.87,Under-assessed
P-100533,10533,"9592 River Blvd, Honolulu, HI 24540",9592 River Blvd,,Honolulu,HI,24540,Honolulu,33.166885,-105.157184,Single Family,2,3.0,2746,5705,1931,93,686013.36,2016-10-23,3460,249.82,623187.7,2022,7908.0,Dorothy Johnson,True,HI-HO-73768,465.83,Under-assessed
P-100534,10534,"1350 Jefferson St, Albuquerque, NM 65038",1350 Jefferson St,,Albuquerque,NM,65038,Bernalillo,30.944241,-129.718111,Single Family,7,2.0,2072,6966,1921,103,824837.77,2018-11-20,2702,398.09,800247.83,2024,14610.69,Linda Perez,False,NM-BE-73427,119.2,Within band
P-100535,10535,"9930 Main St, Wichita, KS 30760",9930 Main St,,Wichita,KS,30760,Sedgwick,34.826337,-134.858411,Single Family,2,1.0,4990,5367,1986,38,519160.88,2024-07-28,625,104.04,449018.07,2023,4210.65,Jessica Johnson,True,KS-SE-38804,104.04,Under-assessed
P-100536,10536,"2173 Jackson Dr, Apt 13A, San Francisco, CA 45870",2173 Jackson Dr,Apt 13A,San Francisco,CA,45870,San Francisco,33.761734,-74.069046,Townhouse,6,5.0,5940,10762,1979,45,2722843.09,2020-09-21,2031,458.39,2534472.98,2023,48327.78,Thomas Lopez,True,CA-SA-46842,453.55,Within band
P-100537,10537,"9726 Clearwater Ct, New Orleans, LA 31712",9726 Clearwater Ct,,New Orleans,LA,31712,Orleans,42.043637,-74.022699,Single Family,4,4.5,4071,13841,2015,9,331905.66,2022-09-16,1306,81.53,327548.83,2024,4125.99,Richard Torres,True,LA-OR-92929,131.1,Within band
P-100538,10538,"7463 Broadway, Oakland, CA 14424",7463 Broadway,,Oakland,CA,14424,Alameda,46.389582,-134.983462,Multi Family,3,5.0,3485,10010,1923,101,799682.36,2017-03-18,3314,229.46,717158.62,2022,8815.98,John Wilson,False,CA-AL-58754,479.75,Under-assessed
P-100539,10539,"5251 Park Way, Apt 29A, Manhattan, NY 11262",5251 Park Way,Apt 29A,Manhattan,NY,11262,New York,29.442612,-156.051611,Townhouse,2,4.5,5248,10516,1949,75,2163003.78,2021-12-16,1580,412.16,1914440.63,2022,42117.69,Michael Scott,True,NY-NE-89679,521.74,Under-assessed
P-100540,10540,"7009 Summit Rd, Lexington, KY 51652",7009 Summit Rd,,Lexington,KY,51652,Fayette,42.554954,-139.760914,Single Family,7,4.5,4684,5450,1955,69,448565.05,2024-11-21,509,95.77,419783.11,2024,5004.86,Anthony Thomas,True,KY-FA-47360,133.33,Within band
P-100541,10541,"9533 Main St, Dallas, TX 70525",9533 Main St,,Dallas,TX,70525,Dallas,28.535694,-83.777071,Multi Family,1,5.0,4921,5561,1963,61,622925.02,2025-07-03,285,126.59,586152.51,2023,11723.05,Karen Lee,False,TX-DA-62473,126.59,Within band
P-100542,10542,"9216 Ridgewood Rd, San Francisco, CA 74725",9216 Ridgewood Rd,,San Francisco,CA,74725,San Francisco,37.226497,-122.780508,Single Family,4,1.5,3663,13787,1933,91,539328.95,2025-09-30,196,147.24,565020.94,2022,5233.01,Daniel Hall,False,CA-SA-39667,449.01,Within band
P-100543,10543,"1542 Lincoln Rd, Hempstead, NY 58349",1542 Lincoln Rd,,Hempstead,NY,58349,Nassau,42.627912,-110.232422,Single Family,6,1.0,2727,3432,1934,90,596410.34,2022-11-14,1247,218.71,490555.05,2023,10792.21,Anthony Moore,False,NY-NA-28056,408.84,Under-assessed
P-100544,10544,"7648 Park Way, Apt 8A, New Orleans, LA 26552",7648 Park Way,Apt 8A,New Orleans,LA,26552,Orleans,29.462316,-144.123871,Townhouse,7,4.0,5817,13137,2005,19,215451.18,2020-05-13,2162,37.04,187907.26,2023,2994.34,Karen Lee,False,LA-OR-73269,124.05,Under-assessed
P-100545,10545,"4953 Pine Rd, Apt 25E, Durham, NC 56269",4953 Pine Rd,Apt 25E,Durham,NC,56269,Durham,35.800654,-81.060107,Condo,6,1.5,1215,9318,1927,97,285730.87,2018-10-06,2747,235.17,247111.67,2023,2534.13,Michael Perez,True,NC-DU-87401,140.0,Under-assessed
P-100546,10546,"5234 Clearwater Ct, Cambridge, MA 69509",5234 Clearwater Ct,,Cambridge,MA,69509,Middlesex,38.365167,-83.240793,Single Family,2,2.5,3578,9895,1977,47,3096969.3,2020-07-10,2104,865.56,2666200.13,2023,27343.06,Karen Ramirez,True,MA-MI-50258,390.17,Under-assessed
P-100547,10547,"1772 Sunset Blvd, Apt 5D, Lexington, KY 70418",1772 Sunset Blvd,Apt 5D,Lexington,KY,70418,Fayette,44.2192,-92.182739,Condo,1,4.5,2132,6502,1923,101,491467.53,2020-04-30,2175,230.52,459911.52,2023,4332.33,Emily Garcia,True,KY-FA-37795,141.41,Within band
P-100548,10548,"7159 Birch St, Boston, MA 53743",7159 Birch St,,Boston,MA,53743,Suffolk,22.408662,-133.284769,Single Family,1,4.0,4061,7238,1957,67,1027821.38,2024-04-20,724,253.1,1005430.03,2024,15372.4,Kimberly Ramirez,True,MA-SU-16536,390.17,Within band
P-100549,10549,"4178 Park Way, Apt 16B, Boise, ID 38780",4178 Park Way,Apt 16B,Boise,ID,38780,Ada,24.05248,-79.129914,Townhouse,3,2.5,1139,9857,1932,92,334858.39,2016-05-20,3616,293.99,330192.55,2024,4244.53,Betty Miller,True,ID-AD-45162,264.98,Within band
P-100550,10550,"3435 Hillcrest Ave, Hempstead, NY 93479",3435 Hillcrest Ave,,Hempstead,NY,93479,Nassau,28.631803,-105.120734,Single Family,1,2.0,4722,16198,1999,25,1904112.9,2022-11-10,1251,403.24,2010303.72,2024,44226.68,Daniel Baker,True,NY-NA-34555,408.84,Within band
P-100551,10551,"7558 Sunset Blvd, Reno, NV 11669",7558 Sunset Blvd,,Reno,NV,11669,Washoe,38.649832,-119.770738,Single Family,2,3.0,1230,4027,2006,18,713003.39,2026-03-05,40,579.68,697461.02,2023,10460.46,Dorothy Thomas,True,NV-WA-15921,117.32,Within band
P-100552,10552,"9394 Heritage Ln, Dallas, TX 39922",9394 Heritage Ln,,Dallas,TX,39922,Dallas,34.919633,-142.444488,Single Family,7,1.5,1419,6409,2022,2,694225.44,2021-03-17,1854,489.24,657569.33,2023,13151.39,Thomas Nelson,True,TX-DA-57748,115.36,Within band
P-100553,10553,"322 Hillcrest Ave, Apt 8E, Kansas City, MO 49470",322 Hillcrest Ave,Apt 8E,Kansas City,MO,49470,Jackson,39.819165,-79.4506,Townhouse,4,1.5,2811,14046,1986,38,688008.12,2026-01-19,85,244.76,580933.5,2023,10616.67,Brian Martinez,True,MO-JA-14050,225.08,Under-assessed
P-100554,10554,"5988 Jefferson St, Saint Paul, MN 21701",5988 Jefferson St,,Saint Paul,MN,21701,Ramsey,26.136816,-73.931147,Single Family,3,5.0,4280,12912,1942,82,326941.28,2018-09-01,2782,76.39,295768.58,2023,3753.99,Mark Moore,True,MN-RA-15387,127.64,Under-assessed
P-100555,10555,"8620 Valley View Dr, Apt 10D, New Orleans, LA 90264",8620 Valley View Dr,Apt 10D,New Orleans,LA,90264,Orleans,24.258473,-87.806037,Townhouse,7,3.5,2962,4767,1921,103,509163.07,2018-08-06,2808,171.9,429804.57,2024,4213.26,Charles Flores,True,LA-OR-31313,124.05,Under-assessed
P-100556,10556,"1158 Heritage Ln, Apt 22E, Everett, WA 12043",1158 Heritage Ln,Apt 22E,Everett,WA,12043,Snohomish,33.027242,-138.092699,Townhouse,1,1.0,4600,9610,1920,104,1762484.63,2018-11-17,2705,383.15,1851019.55,2022,20393.06,Matthew Jackson,False,WA-SN-75797,380.09,Within band
P-100558,10558,"9339 Summit Rd, Atlanta, GA 98987",9339 Summit Rd,,Atlanta,GA,98987,Fulton,44.212209,-87.018918,Single Family,6,2.5,2648,4871,1973,51,552341.34,2022-11-27,1234,208.59,492411.66,2023,7287.68,Kevin Robinson,True,GA-FU-59278,150.1,Under-assessed
P-100559,10559,"1673 Lake Dr, Apt 20C, Saint Paul, MN 79018",1673 Lake Dr,Apt 20C,Saint Paul,MN,79018,Ramsey,32.710385,-129.74634,Townhouse,4,3.5,4103,11746,1973,51,869928.6,2021-02-09,1890,212.02,703164.92,2024,5848.27,Stephanie Clark,True,MN-RA-28426,130.12,Under-assessed
P-100560,10560,"9608 Birch St, Apt 4C, Charlotte, NC 58904",9608 Birch St,Apt 4C,Charlotte,NC,58904,Mecklenburg,24.372784,-109.735549,Townhouse,3,1.0,3816,5879,1971,53,642661.8,2021-02-03,1896,168.41,669810.6,2024,9057.61,Patricia Garcia,True,NC-ME-95181,129.09,Within band
P-100561,10561,"1695 Heritage Ln, Oklahoma City, OK 84113",1695 Heritage Ln,,Oklahoma City,OK,84113,Oklahoma,33.758899,-128.176239,Single Family,1,5.0,6473,7341,2009,15,279950.27,2024-08-31,591,43.25,271163.97,2023,2613.16,Amanda Green,False,OK-OK-49438,128.71,Within band
P-100562,10562,"5193 Main St, Albuquerque, NM 73564",5193 Main St,,Albuquerque,NM,73564,Bernalillo,37.527094,-139.539111,Single Family,1,2.0,5546,7529,1986,38,195553.64,2023-12-29,837,35.26,162521.13,2022,2924.2,Donald Sanchez,True,NM-BE-25966,119.2,Under-assessed
P-100563,10563,"6728 Riverside Dr, Apt 7D, Aurora, CO 34123",6728 Riverside Dr,Apt 7D,Aurora,CO,34123,Arapahoe,42.73718,-83.77029,Condo,3,4.5,5991,16102,1935,89,818824.44,2019-02-24,2606,136.68,660379.75,2022,11769.68,Brian Thomas,True,CO-AR-81654,256.52,Under-assessed
P-100564,10564,"4851 Heritage Ln, Apt 1E, Baltimore, MD 97495",4851 Heritage Ln,Apt 1E,Baltimore,MD,97495,Baltimore,23.650522,-105.777549,Townhouse,6,3.0,3804,10125,2009,15,1259826.23,2021-01-29,1901,331.18,1165426.12,2023,11395.53,Charles Robinson,True,MD-BA-61043,298.14,Within band
P-100565,10565,"658 Harbor View Blvd, Aurora, CO 15587",658 Harbor View Blvd,,Aurora,CO,15587,Arapahoe,45.064871,-126.138762,Single Family,4,4.5,2868,3017,1940,84,729297.2,2016-09-07,3506,254.29,771820.08,2022,9405.41,Melissa King,True,CO-AR-18226,215.23,Within band
P-100566,10566,"2580 Hillcrest Ave, Atlanta, GA 95974",2580 Hillcrest Ave,,Atlanta,GA,95974,Fulton,40.059041,-127.481676,Single Family,3,3.0,3827,4944,2002,22,497320.84,2020-12-28,1933,129.95,488246.0,2022,7280.95,Paul Roberts,False,GA-FU-43977,150.1,Within band
P-100567,10567,"5409 Hillcrest Ave, Jacksonville, FL 86610",5409 Hillcrest Ave,,Jacksonville,FL,86610,Duval,37.363088,-121.871675,Single Family,1,2.0,2498,4079,2005,19,202851.94,2018-08-31,2783,81.21,191273.94,2022,3782.62,Timothy Thomas,True,FL-DU-32806,138.34,Within band
P-100568,10568,"6982 Elm St, Detroit, MI 18116",6982 Elm St,,Detroit,MI,18116,Wayne,37.215446,-147.040781,Single Family,4,3.5,5568,15911,1923,101,840369.66,2022-09-06,1316,150.93,699438.24,2023,8765.04,Kevin Torres,True,MI-WA-35653,152.83,Under-assessed
P-100569,10569,"8146 Harbor View Blvd, Raleigh, NC 98978",8146 Harbor View Blvd,,Raleigh,NC,98978,Wake,28.581367,-139.496231,Single Family,4,5.0,2175,3584,1994,30,138909.58,2018-10-14,2739,63.87,115136.85,2022,2040.24,James White,False,NC-WA-84487,151.03,Under-assessed
P-100570,10570,"1279 Valley View Dr, Apt 28A, Provo, UT 34288",1279 Valley View Dr,Apt 28A,Provo,UT,34288,Utah,39.082572,-73.676306,Condo,4,2.5,2299,11643,1980,44,510663.22,2022-04-14,1461,222.12,503280.9,2024,9180.38,John Lewis,True,UT-UT-59298,137.94,Within band
P-100571,10571,"1380 Lake Dr, Apt 10A, Louisville, KY 77796",1380 Lake Dr,Apt 10A,Louisville,KY,77796,Jefferson,28.903015,-146.740308,Condo,1,5.0,3310,3679,1948,76,760635.69,2023-01-12,1188,229.8,818962.76,2023,10388.64,Matthew Jones,False,KY-JE-30691,141.41,Within band
P-100572,10572,"9526 Monroe Blvd, Salt Lake City, UT 77863",9526 Monroe Blvd,,Salt Lake City,UT,77863,Salt Lake,45.69294,-113.49591,Multi Family,5,1.0,5072,16500,1934,90,574562.56,2023-05-02,1078,113.28,572246.84,2022,6899.32,Thomas Gonzalez,True,UT-SA-17784,127.68,Within band
P-100573,10573,"3446 Valley View Dr, Brooklyn, NY 96944",3446 Valley View Dr,,Brooklyn,NY,96944,Kings,45.176468,-151.57742,Single Family,1,1.0,3433,4592,1973,51,2274350.27,2019-06-01,2509,662.5,2453589.71,2024,53978.97,David Moore,False,NY-KI-23639,408.84,Within band
P-100574,10574,"8236 Birch St, Apt 16A, Fort Worth, TX 39523",8236 Birch St,Apt 16A,Fort Worth,TX,39523,Tarrant,38.23393,-119.458146,Condo,7,2.5,775,1681,1923,101,723418.33,2017-03-08,3324,933.44,621309.49,2024,12426.19,Amanda Baker,False,TX-TA-82416,158.16,Under-assessed
P-100575,10575,"6280 Lake Dr, Detroit, MI 66324",6280 Lake Dr,,Detroit,MI,66324,Wayne,39.585451,-109.189592,Single Family,4,1.5,5643,11667,1965,59,271043.59,2021-05-21,1789,48.03,291485.85,2022,3143.5,Donna Smith,True,MI-WA-80283,152.83,Within band
P-100576,10576,"850 Main St, Louisville, KY 42757",850 Main St,,Louisville,KY,42757,Jefferson,42.53448,-150.334784,Single Family,4,2.0,2915,3631,1960,64,392740.62,2018-12-08,2684,134.73,419104.28,2023,4005.21,Betty Walker,False,KY-JE-96060,133.33,Within band
P-100577,10577,"1351 Adams St, Apt 4A, Irvine, CA 81256",1351 Adams St,Apt 4A,Irvine,CA,81256,Orange,26.455315,-95.642799,Townhouse,7,2.5,4233,15916,1958,66,3321352.31,2017-07-14,3196,784.63,3206505.77,2024,35048.61,Karen Lee,False,CA-OR-75987,453.55,Within band
P-100578,10578,"6831 Orchard Ln, Apt 4A, Memphis, TN 46671",6831 Orchard Ln,Apt 4A,Memphis,TN,46671,Shelby,23.078821,-77.651719,Condo,2,3.0,5129,8582,1935,89,410464.19,2017-02-16,3344,80.03,425397.71,2022,8395.19,George Lewis,False,TN-SH-69475,138.25,Within band
P-100579,10579,"653 Jackson Dr, Arlington, VA 46433",653 Jackson Dr,,Arlington,VA,46433,Arlington,36.588364,-130.864082,Single Family,1,3.0,5595,11885,1983,41,322618.17,2021-12-28,1568,57.66,295324.34,2022,3158.02,Anthony Lopez,False,VA-AR-79794,195.64,Within band
P-100581,10581,"6458 Heritage Ln, Apt 25E, Indianapolis, IN 80092",6458 Heritage Ln,Apt 25E,Indianapolis,IN,80092,Marion,33.282817,-107.183578,Townhouse,7,5.0,2730,5393,1968,56,484519.33,2023-08-12,976,177.48,406783.93,2022,4624.48,Amanda Moore,True,IN-MA-42759,176.97,Under-assessed
P-100582,10582,"5630 Creekside Dr, Apt 12D, Denver, CO 15060",5630 Creekside Dr,Apt 12D,Denver,CO,15060,Denver,37.312002,-125.532547,Condo,7,1.0,1618,6646,1992,32,1092931.77,2016-11-27,3425,675.48,961075.3,2022,12807.01,Mary Lewis,True,CO-DE-14850,256.52,Under-assessed
P-100583,10583,"9219 Jefferson St, Apt 28E, Honolulu, HI 63557",9219 Jefferson St,Apt 28E,Honolulu,HI,63557,Honolulu,22.552498,-75.32142,Condo,5,5.0,3172,4221,1976,48,998401.92,2017-09-10,3138,314.75,1034365.07,2023,19061.97,David Anderson,False,HI-HO-29254,653.3,Within band
P-100584,10584,"912 Madison Ave, Apt 18A, Billings, MT 25000",912 Madison Ave,Apt 18A,Billings,MT,25000,Yellowstone,38.346922,-140.969772,Condo,7,4.5,5350,10549,1925,99,551658.03,2023-09-23,934,103.11,451390.8,2024,8984.33,Thomas Johnson,False,MT-YE-56312,182.12,Under-assessed
P-100585,10585,"3945 Hillcrest Ave, Apt 26C, Oklahoma City, OK 24308",3945 Hillcrest Ave,Apt 26C,Oklahoma City,OK,24308,Oklahoma,23.053197,-118.388296,Condo,1,2.5,2271,7608,1993,31,409660.3,2017-01-21,3370,180.39,411423.84,2022,6460.44,Charles Martinez,True,OK-OK-89556,106.53,Within band
P-100586,10586,"6786 Meadow Ln, Reno, NV 71693",6786 Meadow Ln,,Reno,NV,71693,Washoe,45.975708,-131.416516,Single Family,2,3.5,965,5730,1939,85,831260.67,2025-12-30,105,861.41,691500.51,2022,12237.08,Paul Rivera,False,NV-WA-76608,117.32,Under-assessed
P-100587,10587,"5736 Jefferson St, New Orleans, LA 59655",5736 Jefferson St,,New Orleans,LA,59655,Orleans,43.014259,-154.163841,Single Family,4,1.5,1233,4912,1992,32,512726.79,2019-11-04,2353,415.84,507136.69,2024,6601.38,Timothy Davis,False,LA-OR-79174,131.1,Within band
P-100588,10588,"7838 Harbor View Blvd, Apt 18E, San Diego, CA 51541",7838 Harbor View Blvd,Apt 18E,San Diego,CA,51541,San Diego,28.133342,-84.267222,Condo,2,3.5,2591,8521,1949,75,1840254.58,2017-11-22,3065,710.25,2009040.99,2024,21883.59,Timothy Clark,True,CA-SA-56135,453.06,Within band
P-100589,10589,"6035 Riverside Dr, Apt 14D, Irvine, CA 89327",6035 Riverside Dr,Apt 14D,Irvine,CA,89327,Orange,27.104271,-88.59154,Condo,5,2.0,5004,9017,2019,5,3223260.5,2018-09-21,2762,644.14,3144054.03,2022,47998.85,Charles Perez,True,CA-OR-20683,453.06,Within band
P-100590,10590,"2531 Orchard Ln, Boston, MA 92920",2531 Orchard Ln,,Boston,MA,92920,Suffolk,44.358193,-139.764933,Single Family,4,1.0,1966,3945,1973,51,1253297.17,2020-01-24,2272,637.49,1270109.6,2023,21482.95,David Williams,False,MA-SU-13136,390.17,Within band
P-100591,10591,"1296 Lake Dr, Hempstead, NY 77488",1296 Lake Dr,,Hempstead,NY,77488,Nassau,43.97232,-77.079799,Multi Family,3,2.0,3895,15313,1991,33,1186376.47,2022-12-29,1202,304.59,991465.37,2023,21812.24,Michelle Miller,False,NY-NA-15929,515.98,Under-assessed
P-100592,10592,"5915 Harbor View Blvd, Irvine, CA 63592",5915 Harbor View Blvd,,Irvine,CA,63592,Orange,37.717048,-92.559319,Multi Family,3,4.5,6335,8540,2013,11,1009524.88,2017-09-10,3138,159.36,986171.98,2024,8880.95,James Nguyen,True,CA-OR-98330,479.75,Within band
P-100593,10593,"7530 Forest Glen Rd, Apt 25B, Billings, MT 52000",7530 Forest Glen Rd,Apt 25B,Billings,MT,52000,Yellowstone,32.622557,-112.745954,Townhouse,3,1.5,2502,7373,1983,41,386071.42,2019-12-16,2311,154.31,368815.3,2024,5516.72,Sandra Jackson,True,MT-YE-51756,104.26,Within band
P-100594,10594,"787 Jefferson St, Apt 30B, Manhattan, NY 66431",787 Jefferson St,Apt 30B,Manhattan,NY,66431,New York,34.757077,-106.963009,Townhouse,3,1.5,3445,8111,1941,83,811580.79,2023-03-19,1122,235.58,767747.89,2022,16890.45,Charles Taylor,False,NY-NE-23909,521.74,Within band
P-100595,10595,"2410 River Blvd, Tacoma, WA 37111",2410 River Blvd,,Tacoma,WA,37111,Pierce,35.632331,-112.743259,Single Family,1,1.0,5022,13835,2022,2,1045154.63,2020-10-21,2001,208.12,1097152.48,2022,13642.53,Charles Torres,True,WA-PI-68304,526.32,Within band
P-100596,10596,"2167 Lakeshore Dr, Charleston, SC 48658",2167 Lakeshore Dr,,Charleston,SC,48658,Charleston,45.326873,-94.686171,Single Family,4,4.0,4640,8949,1931,93,794312.15,2023-02-28,1141,171.19,809793.39,2022,15889.18,Jennifer Mitchell,False,SC-CH-19745,121.9,Within band
P-100597,10597,"2667 Birch St, Apt 27A, Henderson, NV 53953",2667 Birch St,Apt 27A,Henderson,NV,53953,Clark,28.316863,-102.135717,Condo,6,1.5,6390,17661,1960,64,815972.56,2025-11-07,158,127.7,758865.32,2024,13303.19,Daniel Gonzalez,False,NV-CL-96655,116.76,Within band
P-100598,10598,"230 Monroe Blvd, Apt 1D, Honolulu, HI 27940",230 Monroe Blvd,Apt 1D,Honolulu,HI,27940,Honolulu,36.538099,-81.12601,Condo,6,2.5,2773,10475,1939,85,1927746.87,2024-03-08,767,695.18,1966433.29,2023,18841.39,Kevin Garcia,False,HI-HO-38074,653.3,Within band
P-100599,10599,"8139 Jefferson St, Apt 13E, Oakland, CA 33345",8139 Jefferson St,Apt 13E,Oakland,CA,33345,Alameda,22.028537,-97.145596,Townhouse,4,2.5,5824,11537,1981,43,2067906.47,2024-04-06,738,355.07,2198943.28,2022,40681.48,Brian Young,True,CA-AL-92578,453.55,Within band
P-100600,10600,"9003 Riverside Dr, Apt 25D, Knoxville, TN 48720",9003 Riverside Dr,Apt 25D,Knoxville,TN,48720,Knox,23.558131,-147.224034,Condo,4,4.5,3265,7318,2004,20,451394.92,2024-04-22,722,138.25,424049.77,2023,6753.99,Matthew Hall,True,TN-KN-26784,138.25,Within band
P-100601,10601,"9947 Willow Way, Apt 9D, Fairfax, VA 40783",9947 Willow Way,Apt 9D,Fairfax,VA,40783,Fairfax,21.767508,-133.690624,Condo,7,4.0,1098,10310,2018,6,687830.42,2018-09-18,2765,626.44,615804.61,2023,10904.89,Sandra Sanchez,True,VA-FA-17160,224.74,Under-assessed
P-100602,10602,"5667 Maple Dr, Phoenix, AZ 50437",5667 Maple Dr,,Phoenix,AZ,50437,Maricopa,32.862363,-137.746026,Single Family,5,2.5,5722,7529,1998,26,596386.09,2024-10-31,530,104.23,585346.01,2022,11357.67,Mary Harris,True,AZ-MA-53684,130.0,Within band
P-100603,10603,"9158 Elm St, Apt 2A, Knoxville, TN 95843",9158 Elm St,Apt 2A,Knoxville,TN,95843,Knox,22.304203,-138.689685,Condo,2,2.0,4988,11468,2011,13,298880.89,2017-04-18,3283,59.92,253576.9,2023,3037.35,Jessica Scott,False,TN-KN-11787,138.25,Under-assessed
P-100604,10604,"1779 Birch St, Apt 28A, Columbia, SC 62158",1779 Birch St,Apt 28A,Columbia,SC,62158,Richland,41.970602,-153.32119,Condo,3,1.0,2484,12831,2018,6,656694.62,2025-11-26,139,264.37,579032.26,2022,10281.27,Anthony Adams,True,SC-RI-45389,144.56,Under-assessed
P-100606,10606,"1733 Adams St, Chicago, IL 95989",1733 Adams St,,Chicago,IL,95989,Cook,36.269331,-124.237477,Multi Family,1,2.5,3928,13119,1955,69,497012.62,2018-05-27,2879,126.53,477112.82,2022,10019.37,Dorothy Campbell,True,IL-CO-58855,177.46,Within band
P-100607,10607,"1874 Harbor View Blvd, Apt 19B, Provo, UT 39368",1874 Harbor View Blvd,Apt 19B,Provo,UT,39368,Utah,36.313806,-154.834407,Condo,4,3.5,4505,13731,1933,91,621398.48,2022-07-22,1362,137.94,523920.56,2024,10326.37,Michael Scott,True,UT-UT-74200,137.94,Under-assessed
P-100609,10609,"8107 Orchard Ln, Fort Wayne, IN 51027",8107 Orchard Ln,,Fort Wayne,IN,51027,Allen,46.426095,-136.490678,Single Family,6,4.5,4814,13903,2014,10,894349.18,2025-05-15,334,185.78,962649.84,2023,15778.86,Anthony Rodriguez,False,IN-AL-31245,248.46,Within band
P-100610,10610,"2090 Broadway, Charleston, SC 35869",2090 Broadway,,Charleston,SC,35869,Charleston,32.596433,-72.443284,Single Family,4,4.5,1998,12257,2022,2,529179.49,2024-09-18,573,264.85,542249.18,2024,7058.87,James Jackson,True,SC-CH-48564,121.9,Within band
P-100611,10611,"8660 Ridgewood Rd, Seattle, WA 90622",8660 Ridgewood Rd,,Seattle,WA,90622,King,44.572945,-107.948497,Single Family,2,3.0,4886,16109,1946,78,2898581.87,2018-04-09,2927,593.24,2641697.93,2024,29097.97,Ashley Wilson,False,WA-KI-27739,526.32,Within band
P-100612,10612,"8691 Riverside Dr, Hempstead, NY 11287",8691 Riverside Dr,,Hempstead,NY,11287,Nassau,29.418733,-141.407357,Single Family,1,1.0,3154,14646,1944,80,1057766.3,2025-03-25,385,335.37,1016851.32,2023,22370.73,Michelle Robinson,True,NY-NA-18751,408.84,Within band
P-100613,10613,"9261 Madison Ave, Apt 5A, Memphis, TN 55214",9261 Madison Ave,Apt 5A,Memphis,TN,55214,Shelby,37.663776,-76.274484,Condo,3,4.0,5387,17336,1959,65,406474.35,2017-09-06,3142,75.45,374354.95,2023,5515.5,Carol Nelson,True,TN-SH-87678,138.25,Within band
P-100614,10614,"4687 Washington Ave, Apt 26B, Waukegan, IL 44463",4687 Washington Ave,Apt 26B,Waukegan,IL,44463,Lake,35.936984,-145.976744,Condo,5,4.0,3304,12735,2018,6,785652.17,2019-07-02,2478,237.79,693865.41,2024,14571.17,Brian Walker,True,IL-LA-10350,148.0,Under-assessed
P-100615,10615,"1596 Sunset Blvd, Apt 25D, Waukegan, IL 28786",1596 Sunset Blvd,Apt 25D,Waukegan,IL,28786,Lake,25.367687,-80.908574,Townhouse,1,1.0,1722,10105,2023,1,462957.44,2018-10-29,2724,268.85,435877.54,2023,9153.43,Linda Thomas,True,IL-LA-59454,189.44,Within band
P-100616,10616,"5916 Clearwater Ct, Apt 21C, Rockville, MD 78417",5916 Clearwater Ct,Apt 21C,Rockville,MD,78417,Montgomery,29.399756,-150.196629,Townhouse,7,2.5,1960,12343,1955,69,1153617.21,2016-11-11,3441,588.58,1074217.17,2023,14911.34,Thomas Baker,True,MD-MO-67070,298.14,Within band
P-100617,10617,"514 Meadow Ln, Atlanta, GA 71089",514 Meadow Ln,,Atlanta,GA,71089,Fulton,41.424737,-126.898735,Multi Family,2,5.0,2164,8430,1967,57,259624.37,2017-11-24,3063,119.97,285231.52,2022,3795.0,Kimberly Gonzalez,True,GA-FU-50683,318.91,Within band
P-100618,10618,"1641 Meadow Ln, Apt 20D, Reno, NV 43260",1641 Meadow Ln,Apt 20D,Reno,NV,43260,Washoe,34.324024,-155.869478,Condo,1,3.0,5856,13699,1970,54,154255.56,2018-06-26,2849,26.34,155995.46,2023,2418.44,Kenneth Johnson,False,NV-WA-71709,116.76,Within band
P-100619,10619,"2947 Riverside Dr, Fairfax, VA 94875",2947 Riverside Dr,,Fairfax,VA,94875,Fairfax,40.890538,-86.75353,Single Family,3,1.0,5621,17307,1939,85,1146767.49,2024-04-19,725,204.01,1217034.48,2022,10945.88,Linda Brown,True,VA-FA-18169,195.64,Within band
P-100620,10620,"1697 Jackson Dr, Apt 27E, Las Vegas, NV 35451",1697 Jackson Dr,Apt 27E,Las Vegas,NV,35451,Clark,38.360288,-92.841534,Townhouse,7,3.5,6410,9182,1995,29,683265.72,2022-03-05,1501,106.59,652451.89,2024,8376.23,Brian Nelson,True,NV-CL-35289,114.32,Within band
P-100621,10621,"4468 Pine Rd, Apt 27A, Manhattan, NY 32621",4468 Pine Rd,Apt 27A,Manhattan,NY,32621,New York,32.75007,-133.029285,Condo,6,5.0,3952,6785,2001,23,2727826.71,2016-11-20,3432,690.24,2952400.45,2023,64952.81,Matthew Davis,True,NY-NE-84471,351.08,Within band
P-100622,10622,"7685 Pine Rd, Louisville, KY 25238",7685 Pine Rd,,Louisville,KY,25238,Jefferson,45.327294,-141.122415,Single Family,2,3.5,5442,15708,1922,102,718043.6,2017-06-09,3231,131.94,576683.51,2024,7205.29,Jennifer Campbell,False,KY-JE-50341,133.33,Under-assessed
P-100623,10623,"3230 Lake Dr, Boise, ID 50696",3230 Lake Dr,,Boise,ID,50696,Ada,22.413386,-95.585485,Single Family,3,2.0,5228,10397,1972,52,296249.1,2024-03-03,772,56.67,261244.26,2022,2645.19,Charles Taylor,False,ID-AD-44674,144.4,Under-assessed
P-100625,10625,"4506 Pine Rd, Indianapolis, IN 77275",4506 Pine Rd,,Indianapolis,IN,77275,Marion,41.495338,-134.535395,Single Family,3,1.0,1544,10015,2004,20,612268.66,2020-12-14,1947,396.55,515496.28,2024,6121.98,Kenneth Harris,False,IN-MA-14436,248.46,Under-assessed
P-100626,10626,"1813 Hillcrest Ave, Apt 24D, Henderson, NV 11035",1813 Hillcrest Ave,Apt 24D,Henderson,NV,11035,Clark,25.206888,-115.631855,Townhouse,6,1.5,2132,7997,1959,65,246941.6,2020-02-25,2240,115.83,211344.53,2022,2804.14,Michelle Robinson,True,NV-CL-67012,114.32,Under-assessed
P-100627,10627,"4090 Adams St, Rockville, MD 58918",4090 Adams St,,Rockville,MD,58918,Montgomery,36.924961,-115.017489,Multi Family,3,1.0,2519,10825,1933,91,805183.18,2017-08-08,3171,319.64,709212.02,2024,9084.3,Mary Hernandez,True,MD-MO-49397,293.88,Under-assessed
P-100628,10628,"8686 Lincoln Rd, Apt 10C, Oklahoma City, OK 84447",8686 Lincoln Rd,Apt 10C,Oklahoma City,OK,84447,Oklahoma,40.924027,-145.699498,Townhouse,7,1.0,1340,6407,2021,3,717342.03,2017-04-18,3283,535.33,648355.77,2023,6473.25,James Nelson,True,OK-OK-32553,135.38,Under-assessed
P-100629,10629,"3124 Monroe Blvd, San Francisco, CA 36649",3124 Monroe Blvd,,San Francisco,CA,36649,San Francisco,32.568545,-94.000308,Single Family,6,5.0,3665,3746,1981,43,935955.9,2025-02-28,410,255.38,880959.33,2024,11213.35,Jessica Walker,False,CA-SA-70749,449.01,Within band
P-100630,10630,"1669 Forest Glen Rd, Charlotte, NC 26843",1669 Forest Glen Rd,,Charlotte,NC,26843,Mecklenburg,29.436453,-75.632171,Multi Family,7,3.5,2919,13974,2013,11,800693.36,2019-08-03,2446,274.3,735160.7,2022,8941.32,Brian Mitchell,False,NC-ME-13525,162.12,Within band
P-100631,10631,"3018 Monroe Blvd, Phoenix, AZ 58382",3018 Monroe Blvd,,Phoenix,AZ,58382,Maricopa,30.600432,-113.373334,Single Family,5,4.0,1232,11809,1949,75,227702.32,2024-03-05,770,184.82,185184.46,2023,2449.03,Nancy Harris,False,AZ-MA-65798,130.0,Under-assessed
P-100633,10633,"5326 Lake Dr, Bronx, NY 85324",5326 Lake Dr,,Bronx,NY,85324,Bronx,34.434716,-97.292018,Single Family,4,4.0,4060,4953,1958,66,1746192.66,2017-12-17,3040,430.1,1729141.36,2024,38041.11,Donald Allen,True,NY-BR-72068,408.84,Within band
P-100634,10634,"8865 Meadow Ln, Apt 2D, Reno, NV 24637",8865 Meadow Ln,Apt 2D,Reno,NV,24637,Washoe,41.81561,-71.676098,Condo,7,4.0,6127,7437,1939,85,125426.25,2018-05-07,2899,20.47,122547.2,2022,1737.57,Michelle Campbell,False,NV-WA-67001,116.76,Within band
P-100635,10635,"752 Park Way, Apt 11C, Everett, WA 74175",752 Park Way,Apt 11C,Everett,WA,74175,Snohomish,33.196644,-152.643605,Townhouse,6,3.5,2667,9641,1963,61,2508738.66,2017-09-07,3141,940.66,2623515.47,2024,29401.28,Charles Thompson,True,WA-SN-68559,380.09,Within band
P-100636,10636,"683 Park Way, Honolulu, HI 56824",683 Park Way,,Honolulu,HI,56824,Honolulu,40.395464,-110.779637,Multi Family,2,2.0,1288,10053,1932,92,834466.61,2024-08-29,593,647.88,826018.48,2023,15456.95,Matthew Robinson,False,HI-HO-41994,507.89,Within band
P-100637,10637,"9423 Lakeshore Dr, Columbia, SC 15326",9423 Lakeshore Dr,,Columbia,SC,15326,Richland,23.028208,-124.566806,Single Family,5,1.5,3728,12126,2012,12,181436.6,2019-02-21,2609,48.67,185932.62,2023,2381.59,Susan Mitchell,True,SC-RI-95576,121.9,Within band
P-100638,10638,"7201 Park Way, Apt 22A, San Francisco, CA 35119",7201 Park Way,Apt 22A,San Francisco,CA,35119,San Francisco,36.128721,-70.442098,Townhouse,5,5.0,2596,13970,2022,2,598935.22,2019-11-08,2349,230.71,564122.42,2023,6373.14,George Roberts,True,CA-SA-75740,453.55,Within band
P-100639,10639,"6631 Washington Ave, Apt 8A, Tulsa, OK 98894",6631 Washington Ave,Apt 8A,Tulsa,OK,98894,Tulsa,28.550181,-156.560559,Condo,1,4.0,5983,8109,1955,69,328301.56,2019-07-26,2454,54.87,340474.15,2024,4023.69,Joseph Anderson,True,OK-TU-52547,106.53,Within band
P-100640,10640,"4815 Lakeshore Dr, Apt 22D, Wichita, KS 87059",4815 Lakeshore Dr,Apt 22D,Wichita,KS,87059,Sedgwick,32.150267,-105.214924,Condo,4,4.5,5168,5373,1963,61,385664.86,2022-05-26,1419,74.63,403709.58,2022,5467.59,Deborah Young,True,KS-SE-32283,98.49,Within band
P-100641,10641,"6701 Maple Dr, Raleigh, NC 96599",6701 Maple Dr,,Raleigh,NC,96599,Wake,43.585729,-72.808046,Single Family,5,3.5,1280,4680,2015,9,888197.51,2022-02-21,1513,693.9,791570.34,2023,10621.28,Ashley Johnson,True,NC-WA-86668,151.03,Under-assessed
P-100642,10642,"5861 Summit Rd, Apt 10B, Hempstead, NY 64446",5861 Summit Rd,Apt 10B,Hempstead,NY,64446,Nassau,47.389385,-154.963474,Condo,5,4.5,2522,8670,1988,36,851677.04,2019-06-23,2487,337.7,923767.86,2022,20322.89,Jessica Wilson,False,NY-NA-84808,351.08,Within band
P-100643,10643,"6671 Willow Way, Apt 16D, Bronx, NY 56140",6671 Willow Way,Apt 16D,Bronx,NY,56140,Bronx,40.908944,-120.61834,Townhouse,3,3.5,3575,13901,1933,91,2475915.46,2018-07-31,2814,692.56,2693973.84,2024,59267.42,Andrew Wright,True,NY-BR-62948,521.74,Within band
P-100644,10644,"7463 Broadway, Apt 8B, Everett, WA 33281",7463 Broadway,Apt 8B,Everett,WA,33281,Snohomish,31.601441,-156.709648,Townhouse,7,4.5,5975,8797,2007,17,3217206.7,2021-12-25,1571,538.44,3133711.66,2023,61705.82,Mark Gonzalez,False,WA-SN-91117,380.09,Within band
P-100645,10645,"8347 Pine Rd, Wichita, KS 88586",8347 Pine Rd,,Wichita,KS,88586,Sedgwick,36.120495,-121.436552,Single Family,3,2.5,1963,11290,2000,24,488092.56,2025-04-06,373,248.65,529850.75,2022,8962.74,Carol Harris,True,KS-SE-35301,104.04,Within band
P-100646,10646,"7600 Meadow Ln, Apt 21A, Bronx, NY 41367",7600 Meadow Ln,Apt 21A,Bronx,NY,41367,Bronx,25.643091,-75.468743,Condo,3,2.0,3000,4061,1923,101,1081372.18,2021-02-10,1889,360.46,1014065.28,2024,22309.44,Sarah Lopez,False,NY-BR-75564,351.08,Within band
P-100647,10647,"5527 Broadway, Tulsa, OK 42094",5527 Broadway,,Tulsa,OK,42094,Tulsa,33.248624,-73.26476,Single Family,6,1.0,6187,17276,1972,52,796308.92,2021-01-04,1926,128.71,843012.99,2022,14665.49,Thomas Rivera,True,OK-TU-89557,128.71,Within band
P-100648,10648,"8851 Oak Ave, Apt 25E, Boise, ID 67477",8851 Oak Ave,Apt 25E,Boise,ID,67477,Ada,33.7414,-93.835238,Condo,7,4.0,926,6879,1971,53,678967.21,2020-07-18,2096,733.23,671349.51,2023,8823.59,Linda Miller,True,ID-AD-44406,107.43,Within band
P-100649,10649,"2868 Meadow Ln, Apt 23D, Orlando, FL 64118",2868 Meadow Ln,Apt 23D,Orlando,FL,64118,Orange,38.39823,-144.650341,Condo,7,4.5,2321,6654,1932,92,377420.03,2018-07-03,2842,162.61,310322.62,2024,4313.15,Sarah Carter,True,FL-OR-48704,145.87,Under-assessed
P-100650,10650,"7478 Adams St, Reno, NV 84479",7478 Adams St,,Reno,NV,84479,Washoe,28.295423,-153.890216,Single Family,2,5.0,2962,3387,1948,76,806533.06,2019-12-18,2309,272.29,732991.17,2023,8561.3,Melissa Hernandez,True,NV-WA-49943,117.32,Under-assessed
P-100651,10651,"7306 Heritage Ln, Rockville, MD 30242",7306 Heritage Ln,,Rockville,MD,30242,Montgomery,40.708929,-96.527821,Single Family,5,3.0,3747,7962,2001,23,573501.63,2016-09-27,3486,153.06,495217.86,2023,4843.41,James Taylor,True,MD-MO-76662,292.68,Under-assessed
P-100652,10652,"6749 Riverside Dr, Charleston, SC 91062",6749 Riverside Dr,,Charleston,SC,91062,Charleston,44.850106,-72.400912,Single Family,5,5.0,3174,11748,1967,57,414823.42,2020-11-03,1988,130.69,412547.26,2024,5686.81,Steven Harris,True,SC-CH-18487,121.9,Within band
P-100653,10653,"3783 Clearwater Ct, Nashville, TN 37057",3783 Clearwater Ct,,Nashville,TN,37057,Davidson,26.944215,-132.786547,Single Family,6,2.5,3520,11692,1978,46,564138.23,2019-02-14,2616,160.27,604694.47,2024,10974.57,Kimberly Anderson,False,TN-DA-57652,143.46,Within band
P-100654,10654,"6628 River Blvd, Apt 6A, Fort Worth, TX 53190",6628 River Blvd,Apt 6A,Fort Worth,TX,53190,Tarrant,34.446537,-133.3818,Condo,7,5.0,1250,2167,1977,47,562027.69,2023-07-03,1016,449.62,490879.3,2024,9817.59,Carol Thomas,True,TX-TA-69777,158.16,Under-assessed
P-100655,10655,"4454 Jackson Dr, Tulsa, OK 21974",4454 Jackson Dr,,Tulsa,OK,21974,Tulsa,40.692427,-93.199659,Single Family,2,5.0,3080,4077,1946,78,297517.27,2019-09-19,2399,96.6,305997.75,2023,4152.77,Andrew Brown,True,OK-TU-93087,128.71,Within band
P-100656,10656,"3318 Riverside Dr, Irvine, CA 25257",3318 Riverside Dr,,Irvine,CA,25257,Orange,32.710299,-115.584885,Single Family,5,2.5,5501,13483,1958,66,2186454.27,2019-10-05,2383,397.46,2031055.74,2022,33796.32,Donald Roberts,False,CA-OR-87193,449.01,Within band
P-100657,10657,"7575 Main St, Honolulu, HI 42997",7575 Main St,,Honolulu,HI,42997,Honolulu,40.995847,-104.682189,Single Family,6,2.0,3292,11603,1981,43,2018310.72,2019-01-17,2644,613.1,1796076.91,2024,19735.77,Karen Baker,True,HI-HO-50475,465.83,Under-assessed
P-100658,10658,"7309 Park Way, Apt 25A, Albuquerque, NM 33878",7309 Park Way,Apt 25A,Albuquerque,NM,33878,Bernalillo,33.920882,-129.228943,Condo,4,4.5,1936,4865,1928,96,713141.49,2018-09-26,2757,368.36,635688.83,2023,7697.67,Amanda Wright,False,NM-BE-35374,122.94,Under-assessed
P-100659,10659,"3593 Clearwater Ct, Tucson, AZ 75769",3593 Clearwater Ct,,Tucson,AZ,75769,Pima,29.092671,-90.321415,Single Family,1,3.0,5593,9038,1993,31,644072.04,2022-08-26,1327,115.16,545475.12,2023,9507.49,William Flores,False,AZ-PI-52687,130.0,Under-assessed
P-100660,10660,"7862 Willow Way, Apt 2D, Charleston, SC 45308",7862 Willow Way,Apt 2D,Charleston,SC,45308,Charleston,27.061175,-134.131579,Condo,3,2.0,3108,8575,2013,11,396068.19,2017-12-04,3053,127.44,354324.18,2023,4642.91,Betty Carter,True,SC-CH-62963,144.56,Under-assessed
P-100661,10661,"2392 Lakeshore Dr, Apt 28C, Knoxville, TN 45940",2392 Lakeshore Dr,Apt 28C,Knoxville,TN,45940,Knox,21.51621,-95.722515,Condo,6,3.0,3014,9133,1923,101,371039.72,2017-05-31,3240,123.11,339398.16,2024,4995.83,Richard Wilson,False,TN-KN-67685,138.25,Within band
P-100662,10662,"1319 Monroe Blvd, Apt 21C, Fort Lauderdale, FL 31026",1319 Monroe Blvd,Apt 21C,Fort Lauderdale,FL,31026,Broward,29.6253,-115.267605,Townhouse,4,1.0,6001,12391,2008,16,868590.73,2018-05-12,2894,144.74,821784.46,2023,16306.79,Donna Harris,True,FL-BR-17355,130.82,Within band
P-100663,10663,"8912 Meadow Ln, Tacoma, WA 67425",8912 Meadow Ln,,Tacoma,WA,67425,Pierce,45.475561,-147.340321,Single Family,6,1.5,3258,15258,1972,52,2964147.63,2016-06-25,3580,909.81,2505077.85,2023,37298.25,Emily Garcia,True,WA-PI-52970,526.32,Under-assessed
P-100664,10664,"9055 Adams St, Lexington, KY 82964",9055 Adams St,,Lexington,KY,82964,Fayette,35.072228,-131.646514,Single Family,2,1.5,6328,17983,2014,10,364889.77,2016-09-17,3496,57.66,331454.51,2023,5623.88,Jessica Lopez,True,KY-FA-39842,133.33,Under-assessed
P-100665,10665,"6034 Valley View Dr, Apt 14A, Kansas City, MO 36081",6034 Valley View Dr,Apt 14A,Kansas City,MO,36081,Jackson,38.958223,-95.746753,Condo,5,1.0,1749,3701,2002,22,440407.58,2021-11-02,1624,251.81,458825.18,2022,8249.72,Patricia Allen,True,MO-JA-84149,180.87,Within band
P-100666,10666,"5458 Orchard Ln, Boston, MA 47047",5458 Orchard Ln,,Boston,MA,47047,Suffolk,36.23261,-101.809476,Single Family,5,1.5,5173,7013,1988,36,932582.95,2020-07-10,2104,180.28,982839.66,2022,14631.64,Ashley Flores,False,MA-SU-35020,390.17,Within band
P-100668,10668,"6488 Oak Ave, Apt 5B, Austin, TX 11119",6488 Oak Ave,Apt 5B,Austin,TX,11119,Travis,26.968593,-119.837981,Condo,7,2.5,5387,16438,2018,6,374763.04,2021-02-24,1875,69.57,373295.4,2022,7465.91,Kenneth Thompson,False,TX-TR-85609,158.16,Within band
P-100669,10669,"3477 Clearwater Ct, Manhattan, NY 33800",3477 Clearwater Ct,,Manhattan,NY,33800,New York,23.673757,-110.592282,Single Family,7,2.0,5024,10734,1928,96,1448756.2,2022-09-30,1292,288.37,1562541.01,2024,34375.9,Lisa Hernandez,True,NY-NE-45530,408.84,Within band
P-100670,10670,"3659 Hillcrest Ave, Tucson, AZ 13577",3659 Hillcrest Ave,,Tucson,AZ,13577,Pima,24.638772,-78.797472,Single Family,1,4.0,808,8081,2015,9,786266.73,2023-12-11,855,973.1,718746.05,2023,9532.41,Richard Wilson,False,AZ-PI-87360,130.0,Within band
P-100671,10671,"1621 Washington Ave, Tampa, FL 76414",1621 Washington Ave,,Tampa,FL,76414,Hillsborough,45.202005,-93.966904,Single Family,2,2.5,1585,9598,2014,10,591781.76,2017-11-16,3071,373.36,650135.74,2023,6691.05,Jennifer Allen,True,FL-HI-43460,138.34,Within band
P-100672,10672,"1934 Lakeshore Dr, Cambridge, MA 12116",1934 Lakeshore Dr,,Cambridge,MA,12116,Middlesex,21.192273,-87.103184,Multi Family,7,1.5,3505,9409,1959,65,3001430.64,2021-05-31,1779,856.33,3252897.04,2024,37760.71,George Garcia,False,MA-MI-61076,478.01,Within band
P-100673,10673,"359 Jackson Dr, Apt 20D, Rockville, MD 94850",359 Jackson Dr,Apt 20D,Rockville,MD,94850,Montgomery,44.779277,-153.052854,Condo,2,1.0,1648,10145,1939,85,468264.44,2021-01-05,1925,284.14,481697.24,2022,7299.86,Jessica Mitchell,False,MD-MO-58719,253.54,Within band
P-100674,10674,"6968 Washington Ave, Bronx, NY 32890",6968 Washington Ave,,Bronx,NY,32890,Bronx,45.811727,-73.018884,Single Family,3,1.5,1930,2421,1983,41,1072434.53,2021-10-03,1654,555.67,1059129.64,2023,23300.85,Mary Johnson,True,NY-BR-71669,408.84,Within band
P-100675,10675,"2464 Willow Way, Apt 15B, Fort Worth, TX 16094",2464 Willow Way,Apt 15B,Fort Worth,TX,16094,Tarrant,35.296085,-90.6623,Condo,2,2.0,1420,1664,1964,60,819807.18,2025-04-01,378,577.33,759112.64,2022,15182.25,Steven Robinson,False,TX-TA-80349,158.16,Within band
P-100676,10676,"111 Clearwater Ct, Tulsa, OK 72422",111 Clearwater Ct,,Tulsa,OK,72422,Tulsa,33.441405,-78.449183,Single Family,3,5.0,3594,13647,2005,19,678725.93,2020-12-03,1958,188.85,643323.93,2024,6661.91,Joseph Allen,True,OK-TU-28690,128.71,Within band
P-100677,10677,"1446 River Blvd, Apt 25B, Phoenix, AZ 62931",1446 River Blvd,Apt 25B,Phoenix,AZ,62931,Maricopa,28.480944,-103.493734,Condo,2,3.0,2112,14072,2004,20,354864.35,2018-04-25,2911,168.02,387578.24,2024,5848.33,Kimberly Torres,False,AZ-MA-44960,150.88,Within band
P-100678,10678,"7014 Meadow Ln, Henderson, NV 96665",7014 Meadow Ln,,Henderson,NV,96665,Clark,24.848356,-92.932302,Single Family,6,4.0,5776,6562,2021,3,274359.0,2024-03-28,747,47.5,220665.99,2024,1855.66,Sarah Hernandez,True,NV-CL-11535,117.32,Under-assessed
P-100679,10679,"7977 Riverside Dr, Apt 9C, Lexington, KY 55075",7977 Riverside Dr,Apt 9C,Lexington,KY,55075,Fayette,25.975329,-81.351252,Townhouse,4,4.5,2359,9784,1999,25,324987.62,2021-05-08,1802,137.76,271477.02,2023,4307.13,Paul Perez,True,KY-FA-34421,129.87,Under-assessed
P-100680,10680,"9093 Lakeshore Dr, Apt 5C, Fairfax, VA 96933",9093 Lakeshore Dr,Apt 5C,Fairfax,VA,96933,Fairfax,23.55734,-82.509349,Condo,3,1.5,3593,10581,2002,22,330496.79,2020-03-10,2226,91.98,276912.83,2022,5455.47,Linda Davis,True,VA-FA-48759,224.74,Under-assessed
P-100681,10681,"7514 Summit Rd, Apt 19E, Lakewood, CO 82521",7514 Summit Rd,Apt 19E,Lakewood,CO,82521,Jefferson,47.08426,-149.78185,Condo,2,4.0,4785,7977,1938,86,1308015.38,2023-10-18,909,273.36,1350883.5,2022,22696.12,Matthew King,False,CO-JE-29892,256.52,Within band
P-100682,10682,"869 Meadow Ln, Apt 14B, Columbia, SC 80707",869 Meadow Ln,Apt 14B,Columbia,SC,80707,Richland,27.106224,-74.596776,Condo,2,3.5,1900,3540,2007,17,249195.7,2019-03-03,2599,131.16,263569.87,2022,4775.59,Ronald Rivera,True,SC-RI-89910,144.56,Within band
P-100684,10684,"1194 Cedar Ln, Oklahoma City, OK 63788",1194 Cedar Ln,,Oklahoma City,OK,63788,Oklahoma,24.718037,-115.158905,Single Family,7,2.5,3805,6417,2002,22,446827.24,2019-08-26,2423,117.43,383382.86,2023,3391.55,Karen Rodriguez,False,OK-OK-26183,128.71,Under-assessed
P-100685,10685,"2587 Jefferson St, Apt 15B, New Orleans, LA 68114",2587 Jefferson St,Apt 15B,New Orleans,LA,68114,Orleans,24.773824,-133.034084,Townhouse,1,1.5,4864,9962,1987,37,200037.52,2019-03-27,2575,41.13,195943.54,2022,3120.41,Lisa Davis,True,LA-OR-89958,124.05,Within band
P-100686,10686,"5693 Jackson Dr, Irvine, CA 15370",5693 Jackson Dr,,Irvine,CA,15370,Orange,31.109795,-79.472843,Single Family,6,4.5,4089,13673,1941,83,3122539.08,2018-07-12,2833,763.64,3308804.29,2023,56585.56,Joseph King,True,CA-OR-89077,449.01,Within band
P-100687,10687,"6040 Monroe Blvd, Oklahoma City, OK 97151",6040 Monroe Blvd,,Oklahoma City,OK,97151,Oklahoma,34.105093,-95.960883,Multi Family,4,1.0,5826,7549,2018,6,338558.78,2018-03-01,2966,58.11,345239.49,2023,5414.45,Nancy Clark,False,OK-OK-42931,58.46,Within band
P-100688,10688,"1461 Main St, Apt 13A, Knoxville, TN 23255",1461 Main St,Apt 13A,Knoxville,TN,23255,Knox,39.897034,-114.757258,Townhouse,4,2.5,5442,12548,2005,19,327288.25,2017-07-11,3199,60.14,342958.24,2023,5051.11,Kenneth Harris,False,TN-KN-97498,80.48,Within band
P-100689,10689,"1866 River Blvd, Apt 24D, Tulsa, OK 85448",1866 River Blvd,Apt 24D,Tulsa,OK,85448,Tulsa,23.515209,-72.894525,Condo,3,4.0,3825,15593,2015,9,151094.64,2019-01-10,2651,39.5,156600.67,2023,2330.24,Kimberly Williams,False,OK-TU-92328,106.53,Within band
P-100690,10690,"3639 Washington Ave, Apt 9B, San Antonio, TX 13164",3639 Washington Ave,Apt 9B,San Antonio,TX,13164,Bexar,37.708814,-128.380285,Condo,4,1.0,4340,8493,1965,59,758327.38,2022-06-04,1410,174.73,686827.37,2022,13736.55,Patricia Lee,True,TX-BE-93205,158.16,Under-assessed
P-100691,10691,"9250 Ridgewood Rd, Naperville, IL 62601",9250 Ridgewood Rd,,Naperville,IL,62601,DuPage,40.962958,-89.055764,Single Family,7,4.5,1328,6796,1965,59,600794.13,2017-12-26,3031,452.41,625755.15,2022,13140.86,Lisa Miller,False,IL-DU-21853,104.35,Within band
P-100692,10692,"6752 Ridgewood Rd, Honolulu, HI 91500",6752 Ridgewood Rd,,Honolulu,HI,91500,Honolulu,34.175606,-140.801283,Multi Family,2,3.0,6394,14347,1964,60,1477853.81,2021-05-16,1794,231.13,1579432.72,2022,30817.42,Daniel Johnson,True,HI-HO-86263,507.89,Within band
P-100694,10694,"1797 Heritage Ln, Apt 21B, Detroit, MI 90402",1797 Heritage Ln,Apt 21B,Detroit,MI,90402,Wayne,36.10783,-149.847591,Condo,4,1.0,2614,11592,1939,85,640666.64,2023-03-19,1122,245.09,517599.55,2022,9316.26,Joseph Thomas,False,MI-WA-67718,194.54,Under-assessed
P-100695,10695,"303 Heritage Ln, Manhattan, NY 41939",303 Heritage Ln,,Manhattan,NY,41939,New York,46.561648,-82.394773,Single Family,7,4.5,3995,13109,1990,34,3495036.42,2024-02-16,788,874.85,3228354.9,2024,71023.81,Kevin Torres,False,NY-NE-60738,408.84,Within band
P-100696,10696,"6063 Adams St, Apt 23D, Durham, NC 66533",6063 Adams St,Apt 23D,Durham,NC,66533,Durham,30.811055,-78.695401,Condo,3,5.0,3525,4787,2008,16,224904.39,2016-08-21,3523,63.8,235752.51,2024,2584.49,Andrew Nguyen,True,NC-DU-76512,140.0,Within band
P-100697,10697,"5236 River Blvd, Apt 18A, Salt Lake City, UT 89179",5236 River Blvd,Apt 18A,Salt Lake City,UT,89179,Salt Lake,27.037347,-126.694177,Condo,7,2.5,4411,8820,1993,31,772558.46,2021-02-13,1886,175.14,761465.9,2023,11492.62,John Hernandez,True,UT-SA-68781,137.94,Within band
P-100698,10698,"7909 Sunset Blvd, Apt 23C, Memphis, TN 18359",7909 Sunset Blvd,Apt 23C,Memphis,TN,18359,Shelby,39.073186,-151.30909,Condo,5,3.0,825,12516,1996,28,502831.66,2018-05-21,2885,609.49,517569.43,2022,10265.72,Jessica Nelson,True,TN-SH-80568,138.25,Within band
P-100699,10699,"3910 Birch St, Apt 8E, Reno, NV 63364",3910 Birch St,Apt 8E,Reno,NV,63364,Washoe,24.822176,-110.053703,Townhouse,3,1.0,5593,6460,2011,13,708483.73,2019-09-11,2407,126.67,592225.1,2022,9100.25,Kimberly Clark,False,NV-WA-35509,114.32,Under-assessed
P-100700,10700,"3069 Oak Ave, Apt 12B, Atlanta, GA 95119",3069 Oak Ave,Apt 12B,Atlanta,GA,95119,Fulton,45.613894,-93.605961,Townhouse,1,1.5,3905,13309,2009,15,860243.31,2021-12-09,1587,220.29,895921.2,2023,14654.57,David Perez,True,GA-FU-50789,170.94,Within band
P-100701,10701,"4228 Orchard Ln, Apt 6A, Saint Paul, MN 21892",4228 Orchard Ln,Apt 6A,Saint Paul,MN,21892,Ramsey,25.891009,-122.075785,Condo,3,1.5,3382,10783,2016,8,193341.75,2023-05-24,1056,57.17,155856.7,2024,1360.76,Emily Brown,False,MN-RA-22516,159.96,Under-assessed
P-100702,10702,"306 Main St, Apt 12E, Columbia, SC 52842",306 Main St,Apt 12E,Columbia,SC,52842,Richland,31.195968,-154.59414,Townhouse,5,3.5,1168,3992,1944,80,616455.77,2020-09-11,2041,527.79,526783.65,2022,10382.53,Michael Baker,False,SC-RI-88606,130.0,Under-assessed
P-100703,10703,"7320 Washington Ave, Atlanta, GA 76496",7320 Washington Ave,,Atlanta,GA,76496,Fulton,24.944518,-85.747396,Single Family,5,1.0,5003,6973,2023,1,848713.41,2023-01-06,1194,169.64,706411.73,2024,7180.68,Kimberly Hernandez,False,GA-FU-75228,150.1,Under-assessed
P-100704,10704,"9987 Sunset Blvd, Apt 12A, Lawrenceville, GA 90372",9987 Sunset Blvd,Apt 12A,Lawrenceville,GA,90372,Gwinnett,45.379977,-75.409811,Condo,7,4.0,4269,6175,2005,19,552480.24,2022-06-28,1386,129.42,482794.06,2022,5249.62,Dorothy Gonzalez,False,GA-GW-15451,139.77,Under-assessed
P-100705,10705,"9785 River Blvd, Apt 13D, Baltimore, MD 78136",9785 River Blvd,Apt 13D,Baltimore,MD,78136,Baltimore,23.410267,-100.03204,Condo,5,5.0,4873,11331,2016,8,955657.34,2024-01-11,824,196.11,845535.48,2022,11308.91,Richard Jackson,False,MD-BA-65878,253.54,Under-assessed
P-100706,10706,"1449 Orchard Ln, Cincinnati, OH 13123",1449 Orchard Ln,,Cincinnati,OH,13123,Hamilton,34.017844,-129.028239,Single Family,5,4.0,3105,11257,2020,4,721177.8,2017-08-21,3158,232.26,724939.26,2022,10388.82,Robert Gonzalez,False,OH-HA-50254,208.92,Within band
P-100707,10707,"9459 Washington Ave, Baton Rouge, LA 94008",9459 Washington Ave,,Baton Rouge,LA,94008,East Baton Rouge,29.311821,-152.827825,Single Family,1,3.0,3753,6837,1965,59,872065.95,2025-09-11,215,232.37,913161.05,2024,16879.29,Deborah Allen,True,LA-EA-33368,131.1,Within band
P-100709,10709,"4038 Valley View Dr, Apt 24C, Austin, TX 33207",4038 Valley View Dr,Apt 24C,Austin,TX,33207,Travis,47.157766,-85.088218,Townhouse,7,4.0,966,3520,1938,86,587026.28,2019-04-24,2547,607.69,587354.92,2023,11747.1,Melissa Green,True,TX-TR-95634,143.56,Within band
P-100710,10710,"267 Willow Way, Apt 4B, Philadelphia, PA 64216",267 Willow Way,Apt 4B,Philadelphia,PA,64216,Philadelphia,30.993992,-83.690821,Condo,7,4.5,2676,12508,1921,103,608698.94,2021-11-06,1620,227.47,494592.12,2023,4721.7,George Anderson,True,PA-PH-24992,115.78,Under-assessed
P-100711,10711,"1189 Washington Ave, Apt 7B, Fairfax, VA 80377",1189 Washington Ave,Apt 7B,Fairfax,VA,80377,Fairfax,29.675532,-74.915228,Condo,6,4.0,2933,11719,1956,68,641645.79,2019-11-21,2336,218.77,563653.59,2022,7180.31,Richard Garcia,True,VA-FA-75269,224.74,Under-assessed
P-100712,10712,"684 Riverside Dr, Charleston, SC 72759",684 Riverside Dr,,Charleston,SC,72759,Charleston,23.897613,-137.107878,Multi Family,2,1.5,6282,7386,1950,74,460039.93,2022-02-14,1520,73.23,428496.17,2022,5700.84,Stephanie Williams,False,SC-CH-76010,223.03,Within band
P-100713,10713,"3547 Ridgewood Rd, Apt 21B, Lawrenceville, GA 15735",3547 Ridgewood Rd,Apt 21B,Lawrenceville,GA,15735,Gwinnett,36.073236,-74.472721,Townhouse,7,3.0,2037,7773,1979,45,276506.45,2019-01-22,2639,135.74,225885.99,2023,2222.08,Charles Allen,True,GA-GW-34112,170.94,Under-assessed
P-100714,10714,"7290 Oak Ave, Apt 24C, Reno, NV 67741",7290 Oak Ave,Apt 24C,Reno,NV,67741,Washoe,22.838646,-135.617477,Condo,3,5.0,1919,4267,1990,34,872057.7,2025-08-24,233,454.43,726781.38,2022,9389.35,Andrew Johnson,False,NV-WA-32271,116.76,Under-assessed
P-100715,10715,"729 Sunset Blvd, Cleveland, OH 23604",729 Sunset Blvd,,Cleveland,OH,23604,Cuyahoga,39.13439,-156.48656,Single Family,5,1.0,3774,13062,1935,89,788462.35,2017-09-26,3122,208.92,779383.98,2024,11337.69,Mary Adams,False,OH-CU-72446,208.92,Within band
P-100716,10716,"6425 Heritage Ln, Apt 24B, Lexington, KY 99864",6425 Heritage Ln,Apt 24B,Lexington,KY,99864,Fayette,37.325301,-117.878605,Condo,6,4.5,5618,9714,1964,60,884502.26,2019-02-22,2608,157.44,828332.2,2022,11141.63,Margaret Anderson,True,KY-FA-93505,141.41,Within band
P-100717,10717,"4314 Broadway, Apt 14D, Detroit, MI 58244",4314 Broadway,Apt 14D,Detroit,MI,58244,Wayne,40.610148,-119.438917,Condo,2,1.0,4367,11090,2010,14,806247.92,2016-09-24,3489,184.62,699900.34,2023,6649.26,Kevin Thompson,True,MI-WA-63188,194.54,Under-assessed
P-100718,10718,"7510 Harbor View Blvd, Kansas City, MO 60913",7510 Harbor View Blvd,,Kansas City,MO,60913,Jackson,33.283205,-127.611284,Multi Family,2,5.0,2286,6316,1947,77,675820.09,2019-11-28,2329,295.63,580110.84,2024,9230.67,Michelle White,False,MO-JA-81854,121.33,Under-assessed
P-100719,10719,"6240 Clearwater Ct, Apt 1B, Philadelphia, PA 37985",6240 Clearwater Ct,Apt 1B,Philadelphia,PA,37985,Philadelphia,31.409983,-116.089777,Condo,6,4.5,3060,13276,1972,52,159690.85,2023-11-06,890,52.19,143930.15,2022,2290.77,Kimberly Ramirez,True,PA-PH-68062,115.78,Under-assessed
P-100720,10720,"9396 Washington Ave, Detroit, MI 45824",9396 Washington Ave,,Detroit,MI,45824,Wayne,47.066263,-97.785176,Single Family,6,4.0,5310,8550,1939,85,440805.99,2021-01-10,1920,83.01,385136.4,2024,3684.47,Dorothy Lee,False,MI-WA-90258,152.83,Under-assessed
P-100721,10721,"678 River Blvd, Columbia, SC 18566",678 River Blvd,,Columbia,SC,18566,Richland,23.272377,-156.245825,Single Family,3,1.5,3166,9010,1945,79,699995.76,2023-11-23,873,221.1,624584.2,2022,7716.91,Daniel Nguyen,False,SC-RI-68538,121.9,Under-assessed
P-100722,10722,"5647 Washington Ave, Rockville, MD 47976",5647 Washington Ave,,Rockville,MD,47976,Montgomery,29.035873,-87.196774,Single Family,2,2.0,4001,5941,1988,36,1392277.79,2021-09-08,1679,347.98,1179933.33,2024,18341.11,George Moore,False,MD-MO-42688,292.68,Under-assessed
P-100723,10723,"2502 Harbor View Blvd, Orlando, FL 22723",2502 Harbor View Blvd,,Orlando,FL,22723,Orange,41.025348,-145.20291,Multi Family,4,4.0,4506,7298,2018,6,135564.21,2018-07-26,2819,30.09,148623.37,2023,2849.3,Donna Torres,True,FL-OR-12602,133.09,Within band
P-100724,10724,"9386 Hillcrest Ave, Fairfax, VA 54535",9386 Hillcrest Ave,,Fairfax,VA,54535,Fairfax,47.177105,-79.875309,Single Family,2,2.0,5712,10628,2006,18,772338.9,2024-08-09,613,135.21,643583.48,2024,6671.12,Kevin Lee,True,VA-FA-20888,195.64,Under-assessed
P-100725,10725,"9976 Orchard Ln, Knoxville, TN 12091",9976 Orchard Ln,,Knoxville,TN,12091,Knox,37.479348,-105.641922,Single Family,3,3.0,2173,10584,1955,69,885988.39,2026-01-07,97,407.73,838927.09,2022,7235.02,Sarah Hall,True,TN-KN-68842,143.46,Within band
P-100726,10726,"5629 Maple Dr, Saint Paul, MN 45761",5629 Maple Dr,,Saint Paul,MN,45761,Ramsey,40.874937,-90.900439,Single Family,6,1.5,3327,12359,1924,100,221906.89,2019-04-14,2557,66.7,178236.36,2024,1466.98,Anthony Gonzalez,False,MN-RA-59809,127.64,Under-assessed
P-100727,10727,"689 Jackson Dr, Detroit, MI 59170",689 Jackson Dr,,Detroit,MI,59170,Wayne,29.894325,-87.126295,Multi Family,4,3.5,1684,7356,2012,12,324038.59,2024-02-13,791,192.42,306750.85,2023,2760.66,Donald Nelson,True,MI-WA-97323,212.1,Within band
P-100728,10728,"8436 Park Way, Las Vegas, NV 13015",8436 Park Way,,Las Vegas,NV,13015,Clark,42.48501,-86.858281,Single Family,2,1.5,2050,8167,1928,96,240124.78,2017-04-18,3283,117.13,209168.76,2022,3841.23,James Campbell,True,NV-CL-54713,117.32,Under-assessed
P-100729,10729,"1253 Sunset Blvd, Omaha, NE 86382",1253 Sunset Blvd,,Omaha,NE,86382,Douglas,37.592349,-81.192604,Single Family,6,3.5,6047,7780,1998,26,215143.15,2018-05-21,2885,35.58,181067.59,2024,3461.78,Susan Garcia,False,NE-DO-22004,108.09,Under-assessed
P-100730,10730,"7193 Madison Ave, Apt 15B, Austin, TX 37553",7193 Madison Ave,Apt 15B,Austin,TX,37553,Travis,22.324964,-150.09116,Townhouse,6,5.0,2178,9977,1945,79,672425.35,2020-09-23,2029,308.74,660077.84,2022,13201.56,Timothy Baker,True,TX-TR-18030,143.56,Within band
P-100731,10731,"203 Pine Rd, Apt 10E, Boston, MA 33049",203 Pine Rd,Apt 10E,Boston,MA,33049,Suffolk,46.816044,-134.096241,Condo,5,2.5,6334,8365,2009,15,2773082.89,2024-03-04,771,437.81,2374076.24,2023,40538.38,Joseph Hernandez,True,MA-SU-87635,450.14,Under-assessed
P-100732,10732,"8401 Heritage Ln, Apt 3D, Philadelphia, PA 38607",8401 Heritage Ln,Apt 3D,Philadelphia,PA,38607,Philadelphia,32.302868,-85.271234,Condo,5,1.0,5964,17162,1952,72,339530.33,2024-06-22,661,56.93,278209.79,2022,3874.65,Timothy Brown,False,PA-PH-66373,115.78,Under-assessed
P-100733,10733,"1545 Ridgewood Rd, Apt 24B, Houston, TX 87088",1545 Ridgewood Rd,Apt 24B,Houston,TX,87088,Harris,41.441732,-77.44053,Townhouse,6,1.5,5262,9561,2013,11,774985.64,2021-03-24,1847,147.28,703248.13,2023,14064.96,Lisa Carter,True,TX-HA-81554,143.56,Under-assessed
P-100734,10734,"9721 Broadway, Tucson, AZ 15596",9721 Broadway,,Tucson,AZ,15596,Pima,39.307912,-121.353281,Single Family,3,4.0,4398,12006,1977,47,239094.18,2018-01-03,3023,54.36,245111.13,2023,4754.08,David Lee,True,AZ-PI-92862,130.0,Within band
P-100735,10735,"6644 Meadow Ln, Queens, NY 11828",6644 Meadow Ln,,Queens,NY,11828,Queens,32.511104,-85.885783,Single Family,2,2.0,2377,3930,1922,102,1643439.51,2024-08-08,614,691.39,1448309.05,2022,31862.8,Betty Hernandez,True,NY-QU-82001,408.84,Under-assessed
P-100736,10736,"3831 Lincoln Rd, Tacoma, WA 73771",3831 Lincoln Rd,,Tacoma,WA,73771,Pierce,37.080862,-113.575091,Multi Family,7,2.0,4592,15500,1927,97,1527776.69,2025-02-03,435,332.7,1252886.62,2023,20637.91,Joshua Jackson,True,WA-PI-77995,434.64,Under-assessed
P-100737,10737,"3645 Willow Way, Arlington, VA 74291",3645 Willow Way,,Arlington,VA,74291,Arlington,21.343641,-130.203332,Single Family,3,3.0,6203,16336,1974,50,1033952.11,2019-07-26,2454,166.69,867308.42,2023,10488.51,Margaret Hall,False,VA-AR-58439,195.64,Under-assessed
P-100738,10738,"7858 Elm St, Apt 30B, Louisville, KY 12321",7858 Elm St,Apt 30B,Louisville,KY,12321,Jefferson,32.847573,-120.72095,Condo,3,2.5,3160,13545,1980,44,733708.79,2020-01-22,2274,232.19,661972.03,2023,10843.07,David Lee,False,KY-JE-85009,141.41,Under-assessed
P-100739,10739,"3983 Monroe Blvd, Apt 25B, Baton Rouge, LA 74040",3983 Monroe Blvd,Apt 25B,Baton Rouge,LA,74040,East Baton Rouge,35.927398,-79.521537,Townhouse,5,1.5,3746,6176,1999,25,370890.85,2020-05-07,2168,99.01,351338.28,2024,6606.97,Timothy Moore,True,LA-EA-61062,124.05,Within band
P-100740,10740,"2444 Meadow Ln, Tacoma, WA 17736",2444 Meadow Ln,,Tacoma,WA,17736,Pierce,33.554294,-137.570001,Single Family,3,3.5,5684,13590,1991,33,895666.6,2023-03-23,1118,157.58,973589.85,2023,19299.88,Joshua Wright,True,WA-PI-94651,526.32,Within band
P-100741,10741,"9890 Park Way, Apt 21D, Lawrenceville, GA 48747",9890 Park Way,Apt 21D,Lawrenceville,GA,48747,Gwinnett,40.435628,-93.011945,Condo,5,5.0,2913,6979,2021,3,413286.95,2018-06-05,2870,141.88,432122.9,2022,5003.17,Jessica Martinez,True,GA-GW-13777,139.77,Within band
P-100742,10742,"6139 Lakeshore Dr, San Francisco, CA 29348",6139 Lakeshore Dr,,San Francisco,CA,29348,San Francisco,32.837155,-123.764307,Single Family,5,4.5,3173,4938,1955,69,1840626.87,2024-01-24,811,580.09,1862510.12,2023,21264.56,Donna Rodriguez,True,CA-SA-12222,449.01,Within band
P-100743,10743,"958 Ridgewood Rd, Tampa, FL 82427",958 Ridgewood Rd,,Tampa,FL,82427,Hillsborough,33.64319,-144.667503,Multi Family,5,1.0,5751,12865,2002,22,372629.7,2024-04-14,730,64.79,334615.19,2022,5261.31,Daniel Torres,False,FL-HI-15161,133.09,Under-assessed
P-100744,10744,"1015 Lake Dr, Cambridge, MA 75100",1015 Lake Dr,,Cambridge,MA,75100,Middlesex,22.692764,-151.093165,Single Family,1,5.0,1938,13633,1950,74,730171.19,2022-03-30,1476,376.77,797124.84,2023,7153.32,Nancy Carter,True,MA-MI-62502,390.17,Within band
P-100745,10745,"1118 Willow Way, Apt 27B, Provo, UT 94124",1118 Willow Way,Apt 27B,Provo,UT,94124,Utah,41.92781,-96.570965,Condo,7,1.5,2297,9645,1940,84,209894.34,2016-07-16,3559,91.38,184334.75,2022,1599.69,Amanda Scott,True,UT-UT-94266,137.94,Under-assessed
P-100746,10746,"794 Maple Dr, Baltimore, MD 38704",794 Maple Dr,,Baltimore,MD,38704,Baltimore,41.100985,-74.352956,Single Family,5,3.5,3245,9594,2016,8,1061196.72,2021-11-04,1622,327.03,855087.61,2023,11891.47,Brian Rivera,False,MD-BA-82093,292.68,Under-assessed
P-100747,10747,"757 Lincoln Rd, Oakland, CA 87289",757 Lincoln Rd,,Oakland,CA,87289,Alameda,21.954148,-137.032979,Single Family,1,3.5,6349,7669,1994,30,3139023.22,2020-07-28,2086,494.41,3357416.65,2022,42861.38,Barbara Wright,True,CA-AL-92271,449.01,Within band
P-100748,10748,"4710 Jackson Dr, Apt 17D, Omaha, NE 82910",4710 Jackson Dr,Apt 17D,Omaha,NE,82910,Douglas,30.918965,-123.207479,Condo,7,3.0,3340,6547,1961,63,820383.94,2021-11-17,1609,245.62,685636.12,2023,9201.1,Donald Hill,False,NE-DO-98060,245.62,Under-assessed
P-100749,10749,"3128 Park Way, Apt 7E, Naperville, IL 15460",3128 Park Way,Apt 7E,Naperville,IL,15460,DuPage,31.26748,-147.714523,Condo,2,3.0,6250,17296,1947,77,811588.68,2017-02-10,3350,129.85,723134.59,2023,15185.83,Kevin Anderson,True,IL-DU-43073,148.0,Under-assessed
P-100750,10750,"5177 Main St, Apt 28B, San Antonio, TX 38367",5177 Main St,Apt 28B,San Antonio,TX,38367,Bexar,42.984061,-82.148853,Condo,4,4.0,6497,11860,1978,46,887699.0,2019-07-14,2466,136.63,910919.07,2023,18218.38,Joshua Jackson,False,TX-BE-97428,158.16,Within band
P-100751,10751,"1857 Main St, Apt 3C, Irvine, CA 14089",1857 Main St,Apt 3C,Irvine,CA,14089,Orange,37.410834,-82.42656,Condo,1,3.0,4245,10494,2013,11,2182738.28,2024-06-29,654,514.19,1809860.67,2023,19155.03,Richard Ramirez,False,CA-OR-58866,453.06,Under-assessed
P-100752,10752,"466 Clearwater Ct, Apt 28E, Pittsburgh, PA 14586",466 Clearwater Ct,Apt 28E,Pittsburgh,PA,14586,Allegheny,44.810825,-130.72164,Condo,4,2.5,1585,12016,2015,9,862891.49,2017-05-23,3248,544.41,698174.38,2023,7048.05,Linda Garcia,False,PA-AL-69669,115.78,Under-assessed
P-100753,10753,"4575 Jackson Dr, Fort Wayne, IN 12956",4575 Jackson Dr,,Fort Wayne,IN,12956,Allen,39.626233,-115.263925,Single Family,2,1.5,3856,14964,1968,56,143320.53,2020-09-14,2038,37.17,133251.73,2023,1725.49,James Torres,False,IN-AL-96063,248.46,Within band
P-100755,10755,"4794 Meadow Ln, San Diego, CA 21588",4794 Meadow Ln,,San Diego,CA,21588,San Diego,36.848301,-117.305599,Single Family,5,2.0,3657,14447,1967,57,2664905.74,2020-03-21,2215,728.71,2248404.18,2024,35236.47,Mark Lopez,True,CA-SA-58773,449.01,Under-assessed
P-100756,10756,"5792 Heritage Ln, St. Louis, MO 29350",5792 Heritage Ln,,St. Louis,MO,29350,St. Louis,42.577028,-91.605647,Single Family,6,5.0,3940,9843,1975,49,187427.54,2023-06-11,1038,47.57,199691.24,2023,3813.43,Carol Robinson,True,MO-ST-80675,127.4,Within band
P-100757,10757,"800 Valley View Dr, Hempstead, NY 76368",800 Valley View Dr,,Hempstead,NY,76368,Nassau,45.334915,-71.503874,Single Family,5,3.5,5025,15391,2015,9,936255.31,2017-04-29,3272,186.32,910141.07,2022,20023.1,Betty Garcia,False,NY-NA-24664,408.84,Within band
P-100759,10759,"9553 Hillcrest Ave, Apt 8D, Phoenix, AZ 63477",9553 Hillcrest Ave,Apt 8D,Phoenix,AZ,63477,Maricopa,39.226725,-71.0483,Condo,6,4.5,1875,13244,2016,8,266898.28,2026-04-11,3,142.35,285035.37,2024,5016.4,Dorothy Martinez,False,AZ-MA-50180,150.88,Within band
P-100760,10760,"3528 River Blvd, Aurora, CO 35035",3528 River Blvd,,Aurora,CO,35035,Arapahoe,21.622899,-154.294522,Single Family,2,2.0,6174,7342,1928,96,604120.68,2024-12-12,488,97.85,559763.28,2023,8922.08,James Hall,True,CO-AR-54979,215.23,Within band
P-100761,10761,"6242 Jefferson St, Detroit, MI 49817",6242 Jefferson St,,Detroit,MI,49817,Wayne,32.355883,-105.696901,Single Family,6,1.0,6163,14213,1924,100,509995.98,2022-05-05,1440,82.75,412745.92,2024,5647.67,Anthony Carter,True,MI-WA-22845,152.83,Under-assessed
P-100762,10762,"9719 Hillcrest Ave, Minneapolis, MN 99764",9719 Hillcrest Ave,,Minneapolis,MN,99764,Hennepin,33.993174,-154.622453,Single Family,4,1.5,4490,8621,1989,35,191798.09,2023-07-13,1006,42.72,195113.05,2024,3039.0,Michael Robinson,True,MN-HE-54221,127.64,Within band
P-100763,10763,"9989 Riverside Dr, Scottsdale, AZ 14501",9989 Riverside Dr,,Scottsdale,AZ,14501,Maricopa,29.556121,-108.921558,Single Family,2,4.0,1377,1545,2007,17,220139.64,2016-08-10,3534,159.87,220706.02,2022,4243.4,Donald Jones,True,AZ-MA-70709,130.0,Within band
P-100764,10764,"9357 Forest Glen Rd, Apt 7D, Tacoma, WA 80210",9357 Forest Glen Rd,Apt 7D,Tacoma,WA,80210,Pierce,38.323111,-152.761806,Townhouse,1,5.0,4623,7472,1977,47,1344837.9,2024-06-16,667,290.9,1091934.34,2024,13078.08,Linda Baker,True,WA-PI-20069,380.09,Under-assessed
P-100765,10765,"4180 Main St, Fairfax, VA 60764",4180 Main St,,Fairfax,VA,60764,Fairfax,41.557113,-86.808169,Single Family,7,4.0,959,5911,1943,81,568107.18,2016-07-29,3546,592.4,570896.55,2023,6134.16,Donald Hall,False,VA-FA-25216,195.64,Within band
P-100766,10766,"2794 Lake Dr, Apt 9D, Miami, FL 27301",2794 Lake Dr,Apt 9D,Miami,FL,27301,Miami-Dade,40.619444,-74.639499,Townhouse,1,4.5,4664,10671,2021,3,665158.54,2026-01-19,85,142.62,673488.08,2024,8364.36,Andrew Miller,True,FL-MI-14395,130.82,Within band
P-100767,10767,"7018 Elm St, Apt 18C, Fort Wayne, IN 18542",7018 Elm St,Apt 18C,Fort Wayne,IN,18542,Allen,23.311938,-80.633051,Townhouse,4,4.0,4754,8739,1937,87,214388.48,2024-06-19,664,45.1,177066.29,2022,2828.76,Donald Nelson,False,IN-AL-58931,176.97,Under-assessed
P-100768,10768,"1194 Washington Ave, Apt 17A, Baltimore, MD 86299",1194 Washington Ave,Apt 17A,Baltimore,MD,86299,Baltimore,31.951278,-108.309007,Condo,2,2.0,3060,5242,2015,9,1141768.68,2026-02-27,46,373.13,1040787.88,2024,18169.08,Linda King,False,MD-BA-86752,253.54,Within band
P-100769,10769,"2345 Ridgewood Rd, Apt 5A, Aurora, CO 41939",2345 Ridgewood Rd,Apt 5A,Aurora,CO,41939,Arapahoe,43.805521,-87.2934,Condo,6,4.5,4518,12361,1947,77,418856.42,2021-12-07,1589,92.71,404577.51,2024,5865.09,John Martinez,False,CO-AR-76829,256.52,Within band
P-100770,10770,"8511 Elm St, Baltimore, MD 84207",8511 Elm St,,Baltimore,MD,84207,Baltimore,25.365417,-102.456138,Multi Family,7,3.5,2446,6746,1972,52,371607.62,2021-06-10,1769,151.92,302069.68,2023,5246.22,Mary Gonzalez,False,MD-BA-58979,293.88,Under-assessed
P-100771,10771,"7469 Madison Ave, Apt 25A, Troy, MI 26688",7469 Madison Ave,Apt 25A,Troy,MI,26688,Oakland,33.703194,-74.403252,Condo,4,2.0,2577,12390,1986,38,344349.59,2017-08-12,3167,133.62,283233.26,2024,2370.94,John Scott,True,MI-OA-29079,194.54,Under-assessed
P-100772,10772,"4644 Creekside Dr, Apt 20E, Cleveland, OH 46809",4644 Creekside Dr,Apt 20E,Cleveland,OH,46809,Cuyahoga,33.309438,-86.80741,Townhouse,3,5.0,5558,10917,1959,65,787195.54,2021-01-05,1925,141.63,750537.41,2023,12825.94,George Nguyen,False,OH-CU-99415,148.98,Within band
P-100773,10773,"2348 Riverside Dr, Apt 30B, Lexington, KY 54181",2348 Riverside Dr,Apt 30B,Lexington,KY,54181,Fayette,23.411174,-114.398228,Townhouse,5,5.0,5649,15993,1928,96,316242.49,2023-04-11,1099,55.98,341620.4,2023,5169.81,Joseph Lee,False,KY-FA-52488,129.87,Within band
P-100774,10774,"3233 Hillcrest Ave, Louisville, KY 50153",3233 Hillcrest Ave,,Louisville,KY,50153,Jefferson,26.083933,-127.855132,Multi Family,3,3.0,5496,12440,2005,19,634106.68,2017-08-31,3148,115.38,623907.78,2022,10997.58,George Jackson,True,KY-JE-99912,123.82,Within band
P-100775,10775,"8992 Ridgewood Rd, Columbus, OH 36799",8992 Ridgewood Rd,,Columbus,OH,36799,Franklin,42.147812,-106.387835,Single Family,1,3.0,5831,9878,1946,78,586542.37,2019-03-07,2595,100.59,615351.44,2022,11474.63,Dorothy White,True,OH-FR-73483,208.92,Within band
P-100776,10776,"9409 Lakeshore Dr, Seattle, WA 80439",9409 Lakeshore Dr,,Seattle,WA,80439,King,30.047085,-134.838863,Single Family,3,1.5,3684,12706,1970,54,459964.57,2024-03-01,774,124.85,480017.81,2023,9184.5,Ashley Scott,True,WA-KI-46318,526.32,Within band
P-100777,10777,"9397 Willow Way, Cambridge, MA 36108",9397 Willow Way,,Cambridge,MA,36108,Middlesex,28.041082,-71.602745,Single Family,5,1.5,4502,11664,1969,55,1405083.04,2024-09-18,573,312.1,1200406.59,2023,20552.75,Patricia Williams,False,MA-MI-46353,390.17,Under-assessed
P-100778,10778,"9086 Jackson Dr, Fort Lauderdale, FL 26701",9086 Jackson Dr,,Fort Lauderdale,FL,26701,Broward,41.772572,-76.459941,Multi Family,2,1.0,6009,15291,1927,97,127687.76,2022-07-01,1383,21.25,139569.22,2024,1580.77,Sandra Thomas,True,FL-BR-91043,133.09,Within band
P-100779,10779,"9448 Jackson Dr, Tulsa, OK 82432",9448 Jackson Dr,,Tulsa,OK,82432,Tulsa,30.369113,-136.436477,Single Family,5,3.5,2401,5216,2023,1,873791.78,2021-12-26,1570,363.93,752284.36,2024,6175.72,William Garcia,True,OK-TU-90495,128.71,Under-assessed
P-100780,10780,"8066 Park Way, Apt 4A, Seattle, WA 22541",8066 Park Way,Apt 4A,Seattle,WA,22541,King,27.524113,-121.643008,Condo,4,2.0,2021,5631,1955,69,777530.07,2023-08-09,979,384.73,778578.55,2023,11644.15,Joshua Harris,True,WA-KI-40432,446.6,Within band
P-100781,10781,"7376 Harbor View Blvd, Apt 17E, Philadelphia, PA 29711",7376 Harbor View Blvd,Apt 17E,Philadelphia,PA,29711,Philadelphia,40.587856,-123.55063,Townhouse,7,4.0,788,9656,2017,7,331944.18,2016-05-24,3612,421.25,332605.86,2023,5812.31,Kimberly Perez,True,PA-PH-75409,212.18,Within band
P-100782,10782,"7344 Jefferson St, Detroit, MI 58884",7344 Jefferson St,,Detroit,MI,58884,Wayne,24.829667,-150.269945,Multi Family,2,4.0,2296,5866,1960,64,395547.08,2023-03-18,1123,172.28,345957.22,2023,6497.57,Anthony Hill,False,MI-WA-13181,212.1,Under-assessed
P-100783,10783,"4098 Elm St, Apt 16B, Louisville, KY 69276",4098 Elm St,Apt 16B,Louisville,KY,69276,Jefferson,39.896346,-155.0965,Townhouse,3,3.5,3720,4055,1982,42,460307.64,2021-04-15,1825,123.74,493797.97,2022,6542.01,Matthew Anderson,True,KY-JE-44060,129.87,Within band
P-100785,10785,"6808 Clearwater Ct, Tucson, AZ 31840",6808 Clearwater Ct,,Tucson,AZ,31840,Pima,34.793461,-136.83204,Single Family,5,1.0,5290,16015,2020,4,731725.1,2016-07-24,3551,138.32,792057.76,2022,9076.12,Steven Ramirez,False,AZ-PI-40965,130.0,Within band
P-100786,10786,"3301 Elm St, Dallas, TX 18831",3301 Elm St,,Dallas,TX,18831,Dallas,41.480162,-133.593161,Single Family,5,1.5,4389,13456,2017,7,407765.86,2024-04-11,733,92.91,344894.72,2022,6897.89,James Lee,False,TX-DA-45695,115.36,Under-assessed
P-100788,10788,"792 Elm St, Apt 23D, Bronx, NY 59469",792 Elm St,Apt 23D,Bronx,NY,59469,Bronx,24.601463,-132.013383,Condo,7,4.5,6150,12621,1990,34,2101480.31,2021-10-02,1655,341.7,2241518.35,2023,49313.4,Kimberly Thompson,False,NY-BR-85690,351.08,Within band
P-100789,10789,"8676 Willow Way, Raleigh, NC 31875",8676 Willow Way,,Raleigh,NC,31875,Wake,34.333543,-113.523777,Single Family,2,1.5,5513,11534,1958,66,210118.23,2021-08-28,1690,38.11,192210.21,2023,2399.45,Daniel Young,True,NC-WA-12102,151.03,Within band
P-100790,10790,"7235 Sunset Blvd, Waukegan, IL 68974",7235 Sunset Blvd,,Waukegan,IL,68974,Lake,43.927725,-88.224386,Single Family,6,3.0,3846,7851,1938,86,132774.87,2023-09-26,931,34.52,142215.04,2023,2986.52,Ashley Rivera,True,IL-LA-36829,104.35,Within band
P-100791,10791,"2236 Willow Way, St. Louis, MO 16730",2236 Willow Way,,St. Louis,MO,16730,St. Louis,27.502199,-144.33824,Single Family,3,3.5,1035,6778,1979,45,829325.78,2016-05-02,3634,801.28,826033.03,2023,7382.66,Charles Thompson,False,MO-ST-82300,127.4,Within band
P-100792,10792,"763 Riverside Dr, Apt 11E, Baltimore, MD 18880",763 Riverside Dr,Apt 11E,Baltimore,MD,18880,Baltimore,30.340784,-140.167301,Condo,2,1.0,1429,3820,2015,9,1153326.03,2023-04-05,1105,807.09,943381.58,2024,10022.79,Kimberly White,True,MD-BA-62876,253.54,Under-assessed
P-100793,10793,"5784 Ridgewood Rd, Apt 30D, Kansas City, MO 47345",5784 Ridgewood Rd,Apt 30D,Kansas City,MO,47345,Jackson,30.75114,-87.293515,Townhouse,1,4.5,4593,11693,2017,7,520897.88,2018-10-23,2730,113.41,538500.25,2024,9147.64,Paul Jones,False,MO-JA-30097,225.08,Within band
P-100794,10794,"7306 Jackson Dr, Reno, NV 28868",7306 Jackson Dr,,Reno,NV,28868,Washoe,24.768598,-77.395451,Single Family,5,4.0,2859,9320,1948,76,152675.49,2022-11-20,1241,53.4,122695.28,2022,1267.92,Kenneth Gonzalez,True,NV-WA-29876,117.32,Under-assessed
P-100795,10795,"9062 Adams St, Minneapolis, MN 37605",9062 Adams St,,Minneapolis,MN,37605,Hennepin,21.015025,-151.238141,Single Family,3,4.5,1141,4730,1979,45,833804.54,2024-06-04,679,730.77,898379.81,2023,8418.58,Brian Robinson,False,MN-HE-54923,127.64,Within band
P-100796,10796,"6196 Riverside Dr, Apt 27A, Wichita, KS 43827",6196 Riverside Dr,Apt 27A,Wichita,KS,43827,Sedgwick,36.291652,-109.330494,Townhouse,6,3.5,4914,7463,2005,19,651926.68,2018-03-31,2936,132.67,636889.26,2024,7227.15,Joshua Roberts,False,KS-SE-39648,168.12,Within band
P-100797,10797,"8019 Jackson Dr, Saint Paul, MN 53011",8019 Jackson Dr,,Saint Paul,MN,53011,Ramsey,45.908411,-130.850501,Multi Family,1,3.0,2710,4454,1938,86,552910.98,2016-10-23,3460,204.03,572286.6,2022,7767.17,Barbara Miller,False,MN-RA-76301,204.03,Within band
P-100798,10798,"6860 Creekside Dr, Apt 11C, Columbus, OH 64957",6860 Creekside Dr,Apt 11C,Columbus,OH,64957,Franklin,36.014181,-130.979646,Condo,2,4.5,6030,7116,2019,5,364886.46,2016-04-23,3643,60.51,298138.11,2023,5301.11,Barbara Clark,True,OH-FR-14010,220.86,Under-assessed
P-100799,10799,"5146 Monroe Blvd, Tampa, FL 73769",5146 Monroe Blvd,,Tampa,FL,73769,Hillsborough,44.296305,-114.208112,Multi Family,5,2.5,3920,10966,1950,74,343444.72,2019-06-09,2501,87.61,357649.2,2023,3544.41,Daniel Nguyen,True,FL-HI-20863,133.09,Within band
P-100800,10800,"1445 Pine Rd, Miami, FL 11112",1445 Pine Rd,,Miami,FL,11112,Miami-Dade,24.976226,-119.716792,Single Family,7,2.0,1020,1054,1980,44,258506.99,2024-10-14,547,253.44,229406.06,2023,3703.73,George Thompson,False,FL-MI-21471,138.34,Under-assessed
P-100802,10802,"1164 Lakeshore Dr, Apt 10C, Brooklyn, NY 89451",1164 Lakeshore Dr,Apt 10C,Brooklyn,NY,89451,Kings,43.588479,-143.306718,Condo,1,4.5,5568,9234,2008,16,1315275.92,2021-11-14,1612,236.22,1388466.99,2024,30546.27,Steven Lewis,True,NY-KI-76699,351.08,Within band
P-100803,10803,"6671 Willow Way, Apt 10C, Billings, MT 40818",6671 Willow Way,Apt 10C,Billings,MT,40818,Yellowstone,42.047824,-83.300311,Townhouse,2,2.5,4378,6814,2010,14,241070.88,2025-05-23,326,55.06,197105.44,2022,1926.15,Donald Rodriguez,True,MT-YE-19626,104.26,Under-assessed
P-100804,10804,"9590 Monroe Blvd, Apt 13B, Las Vegas, NV 73123",9590 Monroe Blvd,Apt 13B,Las Vegas,NV,73123,Clark,32.536373,-146.33219,Condo,6,3.0,6409,9845,1980,44,631821.7,2022-03-14,1492,98.58,535127.26,2022,6496.99,Patricia Williams,False,NV-CL-43053,116.76,Under-assessed
P-100805,10805,"7694 Creekside Dr, Arlington, VA 52412",7694 Creekside Dr,,Arlington,VA,52412,Arlington,32.914725,-86.027036,Multi Family,6,3.5,5241,16707,1943,81,308926.44,2017-07-01,3209,58.94,262356.93,2023,3407.91,Dorothy Perez,True,VA-AR-28394,252.96,Under-assessed
P-100806,10806,"8501 Orchard Ln, Scottsdale, AZ 46419",8501 Orchard Ln,,Scottsdale,AZ,46419,Maricopa,45.043633,-94.291758,Multi Family,1,1.0,5773,11683,2011,13,387511.14,2019-05-22,2519,67.12,353374.19,2022,3270.54,Stephanie Allen,True,AZ-MA-29373,91.66,Within band
P-100807,10807,"8373 Jackson Dr, Apt 1D, Reno, NV 79582",8373 Jackson Dr,Apt 1D,Reno,NV,79582,Washoe,31.35329,-111.000041,Townhouse,5,2.5,4163,16144,2022,2,150751.68,2018-03-21,2946,36.21,147328.49,2023,2131.18,Ronald Robinson,True,NV-WA-53595,114.32,Within band
P-100808,10808,"1128 Riverside Dr, Apt 1E, Baton Rouge, LA 64689",1128 Riverside Dr,Apt 1E,Baton Rouge,LA,64689,East Baton Rouge,45.619783,-77.472847,Townhouse,5,2.5,3181,12862,1948,76,470431.64,2022-12-01,1230,147.89,502164.12,2022,8938.94,Brian Nguyen,True,LA-EA-44782,124.05,Within band
P-100809,10809,"764 Madison Ave, Tucson, AZ 68884",764 Madison Ave,,Tucson,AZ,68884,Pima,27.332969,-156.804214,Single Family,1,3.0,4984,13938,1973,51,132747.85,2016-07-17,3558,26.63,144134.85,2024,2516.01,Stephanie Hill,False,AZ-PI-75095,130.0,Within band
P-100810,10810,"3596 Heritage Ln, New Orleans, LA 25187",3596 Heritage Ln,,New Orleans,LA,25187,Orleans,43.663698,-76.470264,Multi Family,5,3.5,2051,10981,2003,21,276200.52,2018-08-07,2807,134.67,256548.89,2023,4043.75,Steven Johnson,True,LA-OR-43841,463.31,Within band
P-100811,10811,"4889 Adams St, Hempstead, NY 64470",4889 Adams St,,Hempstead,NY,64470,Nassau,25.289329,-119.898903,Single Family,3,1.5,2965,8035,1989,35,2559250.35,2019-02-12,2618,863.15,2100061.8,2022,46201.36,James Thomas,True,NY-NA-45396,408.84,Under-assessed
P-100812,10812,"1957 Harbor View Blvd, Apt 24A, Atlanta, GA 54240",1957 Harbor View Blvd,Apt 24A,Atlanta,GA,54240,Fulton,24.218135,-90.358018,Condo,4,5.0,1600,9484,2005,19,599205.48,2017-06-22,3218,374.5,494332.79,2022,6050.08,Anthony Gonzalez,True,GA-FU-42804,139.77,Under-assessed
P-100813,10813,"1515 Elm St, Apt 6B, Omaha, NE 31271",1515 Elm St,Apt 6B,Omaha,NE,31271,Douglas,24.864043,-143.050435,Condo,2,4.5,5773,11530,1923,101,385341.01,2021-12-01,1595,66.75,399906.74,2023,3696.27,Paul Roberts,False,NE-DO-37834,245.62,Within band
P-100814,10814,"8020 Elm St, Omaha, NE 39720",8020 Elm St,,Omaha,NE,39720,Douglas,43.114546,-75.759729,Single Family,5,4.5,3772,9051,2002,22,407719.23,2025-10-24,172,108.09,330625.17,2022,2659.77,Matthew Johnson,False,NE-DO-58829,108.09,Under-assessed
P-100815,10815,"5649 Willow Way, Billings, MT 10974",5649 Willow Way,,Billings,MT,10974,Yellowstone,46.693969,-82.005404,Single Family,2,1.5,5471,13999,1991,33,717577.62,2019-08-20,2429,131.16,603289.82,2023,8833.99,Emily Campbell,False,MT-YE-25696,151.22,Under-assessed
P-100816,10816,"632 Ridgewood Rd, Apt 17C, Omaha, NE 42248",632 Ridgewood Rd,Apt 17C,Omaha,NE,42248,Douglas,29.269542,-85.471682,Condo,1,1.5,1049,5967,2005,19,871980.84,2024-09-30,561,831.25,879629.88,2023,17585.01,Karen Perez,False,NE-DO-19751,245.62,Within band
P-100817,10817,"8263 Clearwater Ct, Apt 29A, Irvine, CA 49298",8263 Clearwater Ct,Apt 29A,Irvine,CA,49298,Orange,31.782078,-154.725143,Condo,3,2.0,6431,7955,1937,87,3290801.47,2019-07-10,2470,511.71,3224537.17,2022,39824.28,Michael Taylor,False,CA-OR-51721,453.06,Within band
P-100818,10818,"9543 Jefferson St, Apt 25A, Decatur, GA 86313",9543 Jefferson St,Apt 25A,Decatur,GA,86313,DeKalb,42.209847,-136.857814,Condo,3,5.0,5034,6339,2023,1,675994.83,2019-10-23,2365,134.29,717291.44,2024,8296.53,Emily Nelson,True,GA-DE-62907,139.77,Within band
P-100819,10819,"6984 Pine Rd, Lakewood, CO 96231",6984 Pine Rd,,Lakewood,CO,96231,Jefferson,29.831564,-92.524794,Single Family,1,1.5,5419,5484,1933,91,1369682.85,2025-10-21,175,252.76,1288552.34,2023,16586.07,Michael Taylor,True,CO-JE-83556,215.23,Within band
P-100820,10820,"1443 Valley View Dr, Charlotte, NC 32069",1443 Valley View Dr,,Charlotte,NC,32069,Mecklenburg,25.905924,-77.119806,Single Family,6,1.0,4452,8030,2013,11,672365.97,2024-05-20,694,151.03,686726.7,2024,9693.98,Mark Smith,False,NC-ME-45823,151.03,Within band
P-100821,10821,"3172 Orchard Ln, Apt 23D, Lexington, KY 81770",3172 Orchard Ln,Apt 23D,Lexington,KY,81770,Fayette,27.30466,-119.614089,Townhouse,6,4.0,2176,10823,1957,67,388528.94,2021-09-30,1657,178.55,424318.85,2023,8031.91,Charles Moore,True,KY-FA-26337,129.87,Within band
P-100822,10822,"8253 Main St, Apt 22D, Raleigh, NC 25022",8253 Main St,Apt 22D,Raleigh,NC,25022,Wake,31.746942,-140.36865,Condo,6,2.0,5323,8343,2002,22,572559.21,2018-10-04,2749,107.56,500779.77,2024,4247.85,Sarah Mitchell,True,NC-WA-19463,140.0,Under-assessed
P-100823,10823,"3673 Jackson Dr, Brooklyn, NY 24760",3673 Jackson Dr,,Brooklyn,NY,24760,Kings,36.22623,-100.288789,Single Family,7,1.0,3986,5738,1963,61,1079317.01,2024-08-30,592,270.78,911047.46,2024,20043.04,Margaret Lee,False,NY-KI-59640,408.84,Under-assessed
P-100824,10824,"4606 Harbor View Blvd, Apt 26A, Charleston, SC 96916",4606 Harbor View Blvd,Apt 26A,Charleston,SC,96916,Charleston,26.341047,-101.750513,Condo,4,3.5,2140,13049,2004,20,309359.44,2020-10-19,2003,144.56,335575.46,2023,2881.65,James Ramirez,True,SC-CH-18048,144.56,Within band
P-100825,10825,"8689 Heritage Ln, Kansas City, MO 36717",8689 Heritage Ln,,Kansas City,MO,36717,Jackson,31.955215,-80.326327,Single Family,3,3.0,2050,9032,2018,6,130738.74,2017-06-21,3219,63.77,134502.71,2022,2022.63,Matthew Martin,False,MO-JA-68896,127.4,Within band
P-100826,10826,"4615 Riverside Dr, Chicago, IL 61196",4615 Riverside Dr,,Chicago,IL,61196,Cook,28.145447,-115.209525,Single Family,2,1.0,2520,13091,1982,42,419973.69,2020-02-05,2260,166.66,400196.84,2022,8404.13,Timothy White,True,IL-CO-22954,104.35,Within band
P-100828,10828,"2542 Oak Ave, Austin, TX 52909",2542 Oak Ave,,Austin,TX,52909,Travis,41.365068,-90.037272,Multi Family,5,3.5,611,8492,1944,80,266150.06,2018-01-25,3001,435.6,237379.62,2023,4747.59,Karen Nguyen,True,TX-TR-62684,126.59,Under-assessed
P-100829,10829,"9360 Hillcrest Ave, Apt 19B, Tulsa, OK 22594",9360 Hillcrest Ave,Apt 19B,Tulsa,OK,22594,Tulsa,31.06792,-102.658127,Condo,3,1.0,3353,9200,1980,44,711962.69,2020-04-23,2182,212.34,640786.89,2022,8439.09,Emily Johnson,False,OK-TU-23525,106.53,Under-assessed
P-100830,10830,"6829 Maple Dr, Tucson, AZ 36864",6829 Maple Dr,,Tucson,AZ,36864,Pima,33.377696,-110.456678,Single Family,1,5.0,4214,15984,1937,87,292171.08,2023-11-17,879,69.33,252886.09,2022,2134.2,James Nguyen,True,AZ-PI-46754,130.0,Under-assessed
P-100831,10831,"9744 Harbor View Blvd, Apt 30D, Boise, ID 37405",9744 Harbor View Blvd,Apt 30D,Boise,ID,37405,Ada,23.477298,-76.649657,Townhouse,1,1.5,2650,12452,1988,36,702205.83,2017-10-01,3117,264.98,612578.38,2023,9965.4,Andrew Hernandez,False,ID-AD-10833,264.98,Under-assessed
P-100832,10832,"6847 Valley View Dr, Apt 1C, Waukegan, IL 23119",6847 Valley View Dr,Apt 1C,Waukegan,IL,23119,Lake,23.35082,-106.289509,Townhouse,3,1.0,4098,15507,1964,60,849030.77,2017-11-01,3086,207.18,794443.82,2024,16683.32,Deborah Miller,False,IL-LA-84934,189.44,Within band
P-100833,10833,"2919 Broadway, Apt 12C, Lawrenceville, GA 40699",2919 Broadway,Apt 12C,Lawrenceville,GA,40699,Gwinnett,40.543088,-93.2777,Condo,7,2.5,2219,4391,1957,67,479466.99,2018-11-11,2711,216.07,448224.97,2024,4309.32,Linda Campbell,False,GA-GW-36760,139.77,Within band
P-100834,10834,"2621 Elm St, Apt 9E, Saint Paul, MN 30849",2621 Elm St,Apt 9E,Saint Paul,MN,30849,Ramsey,33.553846,-156.336817,Townhouse,1,5.0,2034,13247,1973,51,204649.05,2017-09-16,3132,100.61,173391.01,2022,1707.01,Michael Ramirez,True,MN-RA-31782,130.12,Under-assessed
P-100835,10835,"8797 Valley View Dr, Apt 7D, Fort Wayne, IN 69382",8797 Valley View Dr,Apt 7D,Fort Wayne,IN,69382,Allen,25.171025,-70.242064,Condo,6,2.5,4278,11239,1942,82,596540.03,2017-05-15,3256,139.44,556883.68,2023,6194.07,Jessica Campbell,False,IN-AL-12625,141.22,Within band
P-100836,10836,"6252 Lakeshore Dr, Denver, CO 21930",6252 Lakeshore Dr,,Denver,CO,21930,Denver,44.180206,-146.964766,Single Family,1,2.5,6336,15077,1934,90,972077.82,2021-11-09,1617,153.42,1042844.98,2024,17258.45,David Brown,True,CO-DE-80651,215.23,Within band
P-100837,10837,"2171 Monroe Blvd, Tucson, AZ 16652",2171 Monroe Blvd,,Tucson,AZ,16652,Pima,34.473023,-104.199579,Single Family,2,5.0,5124,6493,1963,61,529559.18,2025-03-26,384,103.35,464898.66,2023,6781.43,Susan Williams,True,AZ-PI-36909,130.0,Under-assessed
P-100838,10838,"3712 Pine Rd, Brooklyn, NY 77889",3712 Pine Rd,,Brooklyn,NY,77889,Kings,24.917289,-118.515755,Multi Family,6,5.0,1256,6529,1978,46,952135.64,2023-03-09,1132,758.07,1045278.85,2023,22996.13,Ronald Smith,False,NY-KI-97147,515.98,Within band
P-100839,10839,"597 Pine Rd, Apt 1B, San Antonio, TX 52270",597 Pine Rd,Apt 1B,San Antonio,TX,52270,Bexar,25.370484,-92.42877,Townhouse,1,1.5,6235,9354,1981,43,863409.15,2025-03-07,403,138.48,804432.88,2024,16088.66,Patricia Green,False,TX-BE-89281,143.56,Within band
P-100840,10840,"5225 Forest Glen Rd, Apt 5B, Knoxville, TN 98103",5225 Forest Glen Rd,Apt 5B,Knoxville,TN,98103,Knox,24.051675,-77.459466,Condo,7,3.0,2736,5345,1930,94,545704.68,2024-08-16,606,199.45,534847.61,2024,7744.68,Charles Young,True,TN-KN-20040,138.25,Within band
P-100841,10841,"8315 Maple Dr, Everett, WA 51171",8315 Maple Dr,,Everett,WA,51171,Snohomish,31.055299,-153.486665,Multi Family,4,1.0,961,10778,1926,98,458526.55,2023-05-09,1071,477.13,488669.09,2023,5934.51,Nancy Garcia,True,WA-SN-77618,434.64,Within band
P-100842,10842,"8784 Sunset Blvd, Tacoma, WA 63108",8784 Sunset Blvd,,Tacoma,WA,63108,Pierce,31.009611,-146.304017,Multi Family,2,3.0,4791,8524,1961,63,1577177.2,2025-09-25,201,329.2,1435015.48,2022,25000.38,Anthony Campbell,True,WA-PI-15161,434.64,Within band
P-100843,10843,"7796 Cedar Ln, Apt 9A, Albuquerque, NM 63311",7796 Cedar Ln,Apt 9A,Albuquerque,NM,63311,Bernalillo,26.509788,-121.314039,Townhouse,5,4.5,5663,11480,2020,4,899018.0,2017-08-15,3164,158.75,887617.95,2024,17252.87,Kimberly Lopez,True,NM-BE-17957,158.75,Within band
P-100844,10844,"6517 Adams St, Apt 23B, Tampa, FL 79281",6517 Adams St,Apt 23B,Tampa,FL,79281,Hillsborough,24.293008,-108.645971,Condo,6,1.0,2743,12992,2013,11,321756.07,2016-09-02,3511,117.3,319546.64,2024,6193.24,Dorothy Thomas,True,FL-HI-59556,145.87,Within band
P-100845,10845,"1151 Creekside Dr, Columbia, SC 45101",1151 Creekside Dr,,Columbia,SC,45101,Richland,27.419021,-98.449018,Single Family,6,4.0,5671,16777,1957,67,686271.9,2020-06-07,2137,121.01,666662.45,2024,10669.1,Lisa Clark,True,SC-RI-12714,121.9,Within band
P-100846,10846,"6977 Lake Dr, Charlotte, NC 58268",6977 Lake Dr,,Charlotte,NC,58268,Mecklenburg,40.139611,-83.481555,Multi Family,2,1.5,3136,7262,1930,94,480332.92,2025-10-28,168,153.17,502721.75,2023,9725.37,Kevin Harris,True,NC-ME-58977,162.12,Within band
P-100847,10847,"793 Washington Ave, Apt 28C, Denver, CO 62858",793 Washington Ave,Apt 28C,Denver,CO,62858,Denver,41.899464,-94.262201,Townhouse,3,5.0,6196,9259,1957,67,530006.47,2016-07-30,3545,85.54,568924.78,2022,9116.44,Steven Harris,True,CO-DE-46672,257.12,Within band
P-100848,10848,"9532 Birch St, Apt 2C, Cambridge, MA 12948",9532 Birch St,Apt 2C,Cambridge,MA,12948,Middlesex,41.458978,-93.422134,Townhouse,2,5.0,6313,14520,1986,38,994286.62,2023-03-12,1129,157.5,894326.38,2022,12152.28,George Brown,False,MA-MI-54555,343.24,Under-assessed
P-100850,10850,"2127 Cedar Ln, St. Louis, MO 89489",2127 Cedar Ln,,St. Louis,MO,89489,St. Louis,46.853142,-136.02462,Single Family,6,2.5,4635,8186,1937,87,435895.72,2022-08-29,1324,94.04,479412.53,2022,8911.6,Robert Campbell,True,MO-ST-20992,127.4,Within band
P-100851,10851,"8372 Orchard Ln, Apt 4E, Wichita, KS 52918",8372 Orchard Ln,Apt 4E,Wichita,KS,52918,Sedgwick,47.272682,-148.708222,Condo,7,4.0,5126,16927,1987,37,815622.64,2026-03-01,44,159.11,875532.79,2022,15623.17,Mary Nguyen,True,KS-SE-64397,98.49,Within band
P-100852,10852,"9884 Main St, Jacksonville, FL 42032",9884 Main St,,Jacksonville,FL,42032,Duval,39.242512,-127.95488,Single Family,3,3.0,5483,7444,2012,12,828190.74,2026-04-01,13,151.05,881761.75,2024,9315.3,Margaret Flores,False,FL-DU-27553,138.34,Within band
P-100853,10853,"1349 Clearwater Ct, Apt 7B, San Jose, CA 89127",1349 Clearwater Ct,Apt 7B,San Jose,CA,89127,Santa Clara,22.879186,-146.283893,Condo,6,3.0,1491,10325,1957,67,1138824.47,2021-10-30,1627,763.8,1092094.58,2023,19719.71,Donna Rodriguez,False,CA-SA-63382,453.06,Within band
P-100855,10855,"448 Valley View Dr, Albuquerque, NM 41149",448 Valley View Dr,,Albuquerque,NM,41149,Bernalillo,34.047952,-122.5918,Multi Family,7,1.0,4854,16219,1932,92,210879.86,2024-11-02,528,43.44,195686.98,2022,3770.13,Richard Brown,True,NM-BE-36631,58.99,Within band
P-100856,10856,"6499 Creekside Dr, Columbus, OH 89616",6499 Creekside Dr,,Columbus,OH,89616,Franklin,23.342063,-81.202538,Single Family,4,2.0,6210,13675,1929,95,369895.01,2017-12-04,3053,59.56,319536.04,2022,5499.58,Thomas Perez,True,OH-FR-66333,208.92,Under-assessed
P-100857,10857,"9115 Washington Ave, Cambridge, MA 67178",9115 Washington Ave,,Cambridge,MA,67178,Middlesex,36.1591,-114.771407,Single Family,4,5.0,5876,8212,1999,25,1093118.77,2020-05-26,2149,186.03,1147137.92,2023,19496.71,Robert Davis,True,MA-MI-82683,390.17,Within band
P-100858,10858,"8747 Harbor View Blvd, Apt 20A, Austin, TX 35437",8747 Harbor View Blvd,Apt 20A,Austin,TX,35437,Travis,30.079146,-136.343966,Condo,6,5.0,1718,8393,1925,99,285329.38,2019-01-18,2643,166.08,260303.36,2024,5206.07,Michael Nelson,True,TX-TR-12366,158.16,Within band
P-100859,10859,"6133 Elm St, Boston, MA 47925",6133 Elm St,,Boston,MA,47925,Suffolk,28.572757,-141.185311,Single Family,6,4.5,2690,12240,2023,1,955083.17,2017-10-20,3098,355.05,935365.58,2024,14484.42,Kevin Clark,False,MA-SU-85066,390.17,Within band
P-100860,10860,"4956 Lakeshore Dr, Apt 19E, Cincinnati, OH 21751",4956 Lakeshore Dr,Apt 19E,Cincinnati,OH,21751,Hamilton,44.562512,-131.287366,Condo,7,3.5,5345,11638,2001,23,862509.41,2023-07-02,1017,161.37,728026.56,2024,6723.56,Mary Roberts,True,OH-HA-50579,220.86,Under-assessed
P-100861,10861,"2969 Lincoln Rd, Apt 4D, Lawrenceville, GA 24202",2969 Lincoln Rd,Apt 4D,Lawrenceville,GA,24202,Gwinnett,25.901297,-89.110858,Condo,3,2.0,4121,10743,1992,32,556682.03,2025-09-01,225,135.08,513453.29,2024,4249.1,Emily Walker,True,GA-GW-93917,139.77,Within band
P-100862,10862,"600 Harbor View Blvd, Apt 27A, Pittsburgh, PA 32795",600 Harbor View Blvd,Apt 27A,Pittsburgh,PA,32795,Allegheny,40.855829,-130.073347,Condo,5,2.5,3268,14247,2004,20,589872.08,2022-03-24,1482,180.5,586956.27,2024,5671.33,Emily Carter,True,PA-AL-47316,115.78,Within band
P-100863,10863,"6776 Park Way, Memphis, TN 28672",6776 Park Way,,Memphis,TN,28672,Shelby,44.909585,-107.734698,Multi Family,3,1.0,5099,7511,1971,53,580599.46,2022-04-05,1470,113.87,559320.56,2022,7388.48,Karen Garcia,False,TN-SH-60126,191.41,Within band
P-100864,10864,"6298 Hillcrest Ave, Apt 9B, Lexington, KY 63336",6298 Hillcrest Ave,Apt 9B,Lexington,KY,63336,Fayette,37.70435,-76.658856,Condo,1,5.0,4547,11525,1932,92,644169.06,2018-08-05,2809,141.67,685837.82,2022,12130.27,Daniel Torres,True,KY-FA-25753,141.41,Within band
P-100867,10867,"3003 Lincoln Rd, Philadelphia, PA 86344",3003 Lincoln Rd,,Philadelphia,PA,86344,Philadelphia,46.159728,-101.13963,Single Family,1,3.5,2406,12850,1955,69,330694.78,2020-09-23,2029,137.45,308271.98,2024,3507.52,William Brown,False,PA-PH-68854,120.29,Within band
P-100868,10868,"6706 Willow Way, Brooklyn, NY 98000",6706 Willow Way,,Brooklyn,NY,98000,Kings,24.445763,-145.0642,Single Family,5,1.5,4631,16509,2000,24,2969318.39,2021-12-21,1575,641.18,3197739.2,2022,70350.26,Joshua Jones,False,NY-KI-44543,408.84,Within band
P-100869,10869,"6609 Adams St, Dallas, TX 18802",6609 Adams St,,Dallas,TX,18802,Dallas,46.71287,-139.735785,Single Family,2,1.5,1686,6833,1965,59,677636.75,2024-05-12,702,401.92,583299.94,2023,11666.0,Andrew Garcia,True,TX-DA-36858,115.36,Under-assessed
P-100870,10870,"1765 Pine Rd, Apt 3E, Hempstead, NY 89026",1765 Pine Rd,Apt 3E,Hempstead,NY,89026,Nassau,25.329645,-123.954829,Condo,7,4.0,2549,10958,2005,19,1419155.61,2021-01-14,1916,556.75,1346387.59,2024,29620.53,Anthony Davis,True,NY-NA-68653,351.08,Within band
P-100871,10871,"5131 Adams St, Apt 9A, Denver, CO 87667",5131 Adams St,Apt 9A,Denver,CO,87667,Denver,22.303382,-73.372308,Townhouse,3,1.0,1753,8234,1957,67,912322.35,2017-02-11,3349,520.43,755726.66,2023,8628.23,Patricia Thomas,True,CO-DE-99397,257.12,Under-assessed
P-100872,10872,"7807 River Blvd, Troy, MI 28582",7807 River Blvd,,Troy,MI,28582,Oakland,44.983634,-92.540268,Single Family,6,5.0,1995,5053,1929,95,130930.55,2024-06-21,662,65.63,129846.28,2023,2432.18,Donna Wright,False,MI-OA-23413,152.83,Within band
P-100873,10873,"3268 Adams St, Apt 6E, Albuquerque, NM 78082",3268 Adams St,Apt 6E,Albuquerque,NM,78082,Bernalillo,45.660517,-120.471508,Townhouse,5,3.5,4624,16604,2007,17,593065.39,2023-08-30,958,128.26,609293.76,2022,11269.98,Andrew Thomas,False,NM-BE-77541,158.75,Within band
P-100874,10874,"6791 Oak Ave, Las Vegas, NV 54364",6791 Oak Ave,,Las Vegas,NV,54364,Clark,27.06607,-91.726403,Single Family,4,5.0,6491,16921,1974,50,434169.49,2024-12-12,488,66.89,406413.95,2024,3549.24,Dorothy Thomas,False,NV-CL-77931,117.32,Within band
P-100875,10875,"353 Meadow Ln, Manhattan, NY 10295",353 Meadow Ln,,Manhattan,NY,10295,New York,30.967096,-144.504235,Single Family,2,2.5,5754,11476,1961,63,2505343.26,2025-04-25,354,435.41,2749978.1,2024,60499.52,Margaret Smith,False,NY-NE-80657,408.84,Within band
P-100876,10876,"1818 Adams St, Apt 9B, Eugene, OR 63075",1818 Adams St,Apt 9B,Eugene,OR,63075,Lane,36.089943,-93.273401,Condo,6,2.0,1195,10544,1937,87,692871.05,2021-10-27,1630,579.81,755697.11,2024,14704.88,Emily Nguyen,True,OR-LA-99373,306.82,Within band
P-100877,10877,"8977 Heritage Ln, Saint Paul, MN 81660",8977 Heritage Ln,,Saint Paul,MN,81660,Ramsey,44.004058,-74.081439,Single Family,1,3.5,877,10792,2008,16,689116.7,2018-11-09,2713,785.77,725315.43,2023,14288.8,Joshua Rivera,False,MN-RA-76500,127.64,Within band
P-100878,10878,"2229 Clearwater Ct, Apt 3C, Denver, CO 89376",2229 Clearwater Ct,Apt 3C,Denver,CO,89376,Denver,29.949605,-93.01805,Condo,5,1.5,5902,7278,1956,68,716135.25,2019-04-06,2565,121.34,690145.07,2023,13491.76,Ronald Williams,False,CO-DE-67855,256.52,Within band
P-100879,10879,"3954 Creekside Dr, Atlanta, GA 68665",3954 Creekside Dr,,Atlanta,GA,68665,Fulton,31.348149,-139.948979,Single Family,1,4.5,2851,9084,2019,5,180833.65,2019-05-25,2516,63.43,148110.78,2024,2364.49,Ashley Young,False,GA-FU-74549,150.1,Under-assessed
P-100880,10880,"8979 Sunset Blvd, Detroit, MI 91741",8979 Sunset Blvd,,Detroit,MI,91741,Wayne,36.226711,-119.027582,Single Family,6,2.0,1660,6904,1986,38,569907.33,2020-09-28,2024,343.32,625905.04,2022,10944.79,Andrew Lee,False,MI-WA-10085,152.83,Within band
P-100881,10881,"3151 Monroe Blvd, Grand Rapids, MI 58323",3151 Monroe Blvd,,Grand Rapids,MI,58323,Kent,22.374609,-133.568532,Single Family,6,3.5,3796,10037,2013,11,603240.54,2018-08-05,2809,158.91,565230.74,2022,4729.63,Linda Hernandez,True,MI-KE-81010,152.83,Within band
P-100882,10882,"5713 Meadow Ln, Atlanta, GA 45169",5713 Meadow Ln,,Atlanta,GA,45169,Fulton,27.656952,-75.721915,Multi Family,4,4.0,2206,4505,1965,59,764645.37,2019-06-05,2505,346.62,679195.61,2024,7443.64,David Baker,True,GA-FU-85504,318.91,Under-assessed
P-100883,10883,"6512 Madison Ave, Apt 6C, Seattle, WA 35502",6512 Madison Ave,Apt 6C,Seattle,WA,35502,King,35.473825,-78.567944,Townhouse,1,3.5,3916,6609,1953,71,692801.19,2018-08-26,2788,176.92,744622.12,2022,10719.94,Nancy Campbell,False,WA-KI-73347,380.09,Within band
P-100884,10884,"2847 Broadway, Apt 21D, Detroit, MI 62907",2847 Broadway,Apt 21D,Detroit,MI,62907,Wayne,46.070716,-137.716265,Condo,3,5.0,5580,16826,1967,57,199732.16,2016-08-19,3525,35.79,219191.82,2024,2032.9,Melissa Sanchez,True,MI-WA-13363,194.54,Within band
P-100885,10885,"4406 Forest Glen Rd, Charleston, SC 83227",4406 Forest Glen Rd,,Charleston,SC,83227,Charleston,29.595973,-103.940105,Single Family,7,3.0,2743,6416,1920,104,271444.44,2019-03-29,2573,98.96,267903.2,2024,5016.86,Kenneth Jones,False,SC-CH-24836,121.9,Within band
P-100886,10886,"9914 Riverside Dr, Apt 7A, Baltimore, MD 31602",9914 Riverside Dr,Apt 7A,Baltimore,MD,31602,Baltimore,22.242581,-111.625794,Townhouse,5,2.5,2804,3421,1931,93,1306275.38,2023-12-05,861,465.86,1199630.05,2022,14279.14,Ashley Miller,True,MD-BA-52960,298.14,Within band
P-100887,10887,"2942 Meadow Ln, Waukegan, IL 91183",2942 Meadow Ln,,Waukegan,IL,91183,Lake,44.48162,-85.874123,Single Family,6,5.0,1397,5298,2022,2,452475.06,2016-09-25,3488,323.89,405053.9,2022,8506.13,Karen Martinez,False,IL-LA-94320,104.35,Under-assessed
P-100888,10888,"4744 Pine Rd, Fort Lauderdale, FL 14612",4744 Pine Rd,,Fort Lauderdale,FL,14612,Broward,41.572843,-141.572746,Multi Family,5,5.0,1599,13003,1995,29,528502.38,2019-12-27,2300,330.52,432337.51,2024,7790.27,Ronald Walker,True,FL-BR-57315,133.09,Under-assessed
P-100889,10889,"3950 Birch St, Jacksonville, FL 79046",3950 Birch St,,Jacksonville,FL,79046,Duval,35.781828,-90.272224,Multi Family,2,2.0,3310,12442,2023,1,832056.43,2017-08-01,3178,251.38,772519.07,2022,15038.28,Stephanie Nguyen,True,FL-DU-68953,133.09,Within band
P-100890,10890,"7345 Jackson Dr, Apt 6E, Salt Lake City, UT 49144",7345 Jackson Dr,Apt 6E,Salt Lake City,UT,49144,Salt Lake,43.858706,-144.974942,Townhouse,5,3.5,6083,10664,1989,35,613094.47,2018-01-24,3002,100.79,598684.52,2023,10512.44,Daniel Rivera,False,UT-SA-47753,122.46,Within band
P-100891,10891,"5089 Park Way, Apt 21A, Jacksonville, FL 20876",5089 Park Way,Apt 21A,Jacksonville,FL,20876,Duval,42.529074,-119.754667,Townhouse,1,2.0,651,1296,1925,99,241635.65,2022-11-04,1257,371.18,220311.56,2022,3312.6,Joseph Jones,False,FL-DU-27187,130.82,Within band
P-100892,10892,"5299 Elm St, Henderson, NV 37308",5299 Elm St,,Henderson,NV,37308,Clark,21.147597,-127.42611,Single Family,5,2.5,5788,16159,1974,50,553325.92,2024-03-28,747,95.6,555870.38,2023,6469.86,Kimberly King,False,NV-CL-60570,117.32,Within band
P-100893,10893,"8138 Sunset Blvd, Apt 30C, Baton Rouge, LA 75481",8138 Sunset Blvd,Apt 30C,Baton Rouge,LA,75481,East Baton Rouge,46.522025,-96.938623,Condo,4,4.5,5820,13046,2012,12,860576.85,2019-01-26,2635,147.87,795159.1,2024,6422.01,Margaret Allen,False,LA-EA-31981,138.14,Within band
P-100894,10894,"3526 Elm St, Apt 24A, Everett, WA 78921",3526 Elm St,Apt 24A,Everett,WA,78921,Snohomish,26.788624,-86.21965,Condo,7,1.5,1695,4814,1928,96,835201.03,2019-06-25,2485,492.74,704044.22,2024,5692.21,Lisa Flores,True,WA-SN-59434,446.6,Under-assessed
P-100896,10896,"6050 Jackson Dr, Apt 13A, Durham, NC 73417",6050 Jackson Dr,Apt 13A,Durham,NC,73417,Durham,24.595166,-143.536321,Townhouse,1,3.5,1766,11901,1931,93,518523.97,2017-08-02,3177,293.61,547801.78,2024,7364.03,Brian Scott,True,NC-DU-23402,129.09,Within band
P-100897,10897,"3076 Harbor View Blvd, Indianapolis, IN 25850",3076 Harbor View Blvd,,Indianapolis,IN,25850,Marion,38.103638,-141.727238,Single Family,6,2.5,2224,9480,2020,4,679411.6,2023-11-06,890,305.49,732228.03,2024,10976.58,Susan Johnson,True,IN-MA-32615,248.46,Within band
P-100898,10898,"9547 Jefferson St, Queens, NY 63993",9547 Jefferson St,,Queens,NY,63993,Queens,44.361306,-73.885248,Multi Family,7,3.5,5984,15571,1929,95,2403090.41,2023-08-20,968,401.59,2321243.36,2022,51067.35,William Lee,False,NY-QU-42049,515.98,Within band
P-100899,10899,"8950 Jefferson St, Lexington, KY 51969",8950 Jefferson St,,Lexington,KY,51969,Fayette,35.73252,-130.198657,Multi Family,1,4.5,5880,13466,2014,10,700054.81,2020-10-02,2020,119.06,606009.31,2023,6955.84,Mary Torres,True,KY-FA-43278,123.82,Under-assessed
P-100900,10900,"8261 Park Way, Apt 24A, Lexington, KY 33653",8261 Park Way,Apt 24A,Lexington,KY,33653,Fayette,44.671705,-104.486154,Townhouse,4,1.0,2130,11485,1942,82,463310.53,2024-06-19,664,217.52,378353.86,2022,6053.91,Joshua Robinson,False,KY-FA-75234,129.87,Under-assessed
P-100901,10901,"8133 Ridgewood Rd, Apt 2A, Waukegan, IL 28124",8133 Ridgewood Rd,Apt 2A,Waukegan,IL,28124,Lake,36.358832,-108.426834,Condo,2,2.0,1822,2282,2023,1,646672.09,2025-03-06,404,354.92,543472.85,2023,11412.93,Timothy Brown,True,IL-LA-32710,148.0,Under-assessed
P-100902,10902,"9180 Orchard Ln, Durham, NC 89505",9180 Orchard Ln,,Durham,NC,89505,Durham,42.48707,-97.316734,Single Family,5,5.0,4744,14065,1976,48,392464.08,2023-12-03,863,82.73,395602.18,2024,6511.39,Margaret Nelson,True,NC-DU-34203,151.03,Within band
P-100903,10903,"8865 Creekside Dr, Scottsdale, AZ 17979",8865 Creekside Dr,,Scottsdale,AZ,17979,Maricopa,42.165339,-76.738374,Single Family,2,1.0,2878,7827,1950,74,839584.84,2019-01-17,2644,291.73,692324.15,2024,12643.38,Kenneth Lee,True,AZ-MA-18704,130.0,Under-assessed
P-100904,10904,"2770 Jefferson St, Memphis, TN 84778",2770 Jefferson St,,Memphis,TN,84778,Shelby,44.811303,-81.519454,Single Family,7,2.0,5866,15322,1941,83,727792.0,2018-02-05,2990,124.07,787869.96,2024,9595.45,Mary Garcia,True,TN-SH-72648,143.46,Within band
P-100905,10905,"8478 Lincoln Rd, Tacoma, WA 17430",8478 Lincoln Rd,,Tacoma,WA,17430,Pierce,37.220125,-139.919062,Single Family,5,4.0,4451,5805,1946,78,2544659.26,2020-09-04,2048,571.71,2106669.37,2022,20523.61,Patricia Green,True,WA-PI-29895,526.32,Under-assessed
P-100906,10906,"3495 Broadway, Orlando, FL 25476",3495 Broadway,,Orlando,FL,25476,Orange,43.968369,-76.613086,Single Family,4,4.5,6008,8295,1926,98,209829.41,2017-08-19,3160,34.93,214824.68,2022,2017.46,Anthony Sanchez,True,FL-OR-33685,138.34,Within band
P-100908,10908,"5039 River Blvd, Kansas City, MO 29612",5039 River Blvd,,Kansas City,MO,29612,Jackson,41.255542,-132.462086,Single Family,1,3.0,786,9934,2007,17,427931.29,2020-05-25,2150,544.44,360396.61,2023,6601.79,Kenneth Nelson,True,MO-JA-27646,127.4,Under-assessed
P-100909,10909,"9870 Heritage Ln, Apt 12B, Queens, NY 59227",9870 Heritage Ln,Apt 12B,Queens,NY,59227,Queens,24.413396,-83.92075,Townhouse,2,3.5,3466,15288,1968,56,3010920.49,2025-07-17,271,868.7,3140809.74,2024,69097.81,Jessica Rivera,False,NY-QU-88145,521.74,Within band
P-100910,10910,"8235 Oak Ave, New Orleans, LA 22736",8235 Oak Ave,,New Orleans,LA,22736,Orleans,27.064876,-117.525113,Single Family,3,2.5,4072,9954,1990,34,374778.37,2022-03-04,1502,92.04,343375.92,2022,3620.61,Mary Taylor,False,LA-OR-30469,131.1,Within band
P-100911,10911,"2407 Riverside Dr, San Antonio, TX 17053",2407 Riverside Dr,,San Antonio,TX,17053,Bexar,32.195184,-125.521436,Single Family,4,2.5,5167,13274,1955,69,167040.99,2019-07-26,2454,32.33,164673.59,2023,3293.47,Jennifer Ramirez,True,TX-BE-87438,115.36,Within band
P-100912,10912,"6855 Madison Ave, Dallas, TX 27037",6855 Madison Ave,,Dallas,TX,27037,Dallas,24.351794,-132.518306,Single Family,3,3.5,2738,5336,2007,17,612753.09,2026-03-13,32,223.8,530981.85,2024,10619.64,Robert Thomas,True,TX-DA-12209,115.36,Under-assessed
P-100913,10913,"6050 Creekside Dr, Wichita, KS 75062",6050 Creekside Dr,,Wichita,KS,75062,Sedgwick,35.95735,-90.148113,Single Family,3,4.0,3125,13330,1928,96,409292.64,2019-08-31,2418,130.97,410569.85,2023,5117.19,Sandra Lopez,False,KS-SE-42935,104.04,Within band
P-100914,10914,"1843 Lake Dr, Baltimore, MD 42912",1843 Lake Dr,,Baltimore,MD,42912,Baltimore,33.236266,-156.762314,Single Family,5,1.0,1570,9994,1935,89,346476.47,2025-12-25,110,220.69,360969.24,2024,6320.7,Emily Anderson,True,MD-BA-62250,292.68,Within band
P-100915,10915,"1574 Orchard Ln, Tacoma, WA 31217",1574 Orchard Ln,,Tacoma,WA,31217,Pierce,32.23084,-153.291761,Single Family,5,1.5,6090,12090,1977,47,777576.57,2019-08-21,2428,127.68,629171.9,2024,5850.15,Nancy Rivera,True,WA-PI-21067,526.32,Under-assessed
P-100916,10916,"8429 Maple Dr, Chicago, IL 63554",8429 Maple Dr,,Chicago,IL,63554,Cook,33.003523,-135.554239,Single Family,6,2.5,3320,4625,1926,98,754137.78,2023-01-21,1179,227.15,685010.75,2024,14385.23,Dorothy Martin,True,IL-CO-62509,104.35,Under-assessed
P-100917,10917,"1971 Lincoln Rd, Apt 22B, Atlanta, GA 13249",1971 Lincoln Rd,Apt 22B,Atlanta,GA,13249,Fulton,21.461885,-119.14664,Townhouse,5,5.0,6140,11961,1977,47,452208.55,2021-06-19,1760,73.65,442643.47,2023,3698.82,Linda Scott,True,GA-FU-36078,170.94,Within band
P-100918,10918,"6695 Broadway, Tulsa, OK 67603",6695 Broadway,,Tulsa,OK,67603,Tulsa,45.432185,-84.065228,Multi Family,4,2.0,1246,7033,1994,30,169978.15,2023-08-02,986,136.42,178342.42,2024,3253.86,Mary Williams,True,OK-TU-44865,58.46,Within band
P-100919,10919,"6896 Summit Rd, Apt 18E, Grand Rapids, MI 23129",6896 Summit Rd,Apt 18E,Grand Rapids,MI,23129,Kent,29.230934,-128.261138,Townhouse,1,1.5,1554,2382,1977,47,579041.14,2018-10-22,2731,372.61,544418.87,2023,4599.36,Deborah Adams,True,MI-KE-40926,164.68,Within band
P-100921,10921,"8770 Orchard Ln, Tulsa, OK 93739",8770 Orchard Ln,,Tulsa,OK,93739,Tulsa,26.927539,-151.334677,Single Family,5,4.5,6212,8182,1973,51,418132.57,2020-01-16,2280,67.31,428574.19,2022,5541.74,Anthony Miller,True,OK-TU-73564,128.71,Within band
P-100922,10922,"904 Orchard Ln, Everett, WA 72900",904 Orchard Ln,,Everett,WA,72900,Snohomish,36.131974,-135.402963,Single Family,7,3.5,4179,7177,1946,78,2697752.29,2020-07-02,2112,645.55,2700232.74,2024,30969.7,Kenneth Davis,False,WA-SN-68467,526.32,Within band
P-100923,10923,"1197 Adams St, Houston, TX 31645",1197 Adams St,,Houston,TX,31645,Harris,44.410762,-83.213427,Single Family,1,2.5,4427,5262,1985,39,479378.6,2020-03-21,2215,108.29,504917.62,2022,10098.35,Patricia Hernandez,False,TX-HA-96411,115.36,Within band
P-100924,10924,"4351 River Blvd, Apt 21E, San Antonio, TX 81532",4351 River Blvd,Apt 21E,San Antonio,TX,81532,Bexar,46.008425,-87.470832,Condo,3,5.0,5478,13743,2019,5,576076.1,2024-08-21,601,105.16,615960.18,2022,12319.2,Mary Campbell,False,TX-BE-76014,158.16,Within band
P-100925,10925,"8426 Oak Ave, Apt 12D, Denver, CO 19254",8426 Oak Ave,Apt 12D,Denver,CO,19254,Denver,46.718467,-76.257411,Condo,3,5.0,1732,4365,2017,7,444291.47,2016-05-30,3606,256.52,473184.81,2024,6699.23,Joseph Torres,False,CO-DE-76433,256.52,Within band
P-100926,10926,"8932 Washington Ave, Houston, TX 18089",8932 Washington Ave,,Houston,TX,18089,Harris,42.514563,-134.423441,Single Family,4,4.5,3223,10977,2005,19,193083.71,2016-10-31,3452,59.91,164883.64,2022,3297.67,Jennifer Martin,True,TX-HA-21993,115.36,Under-assessed
P-100927,10927,"1476 Broadway, Apt 22A, Boise, ID 76964",1476 Broadway,Apt 22A,Boise,ID,76964,Ada,44.611234,-98.33238,Townhouse,3,2.0,5514,16498,1974,50,556557.35,2020-08-15,2068,100.94,470363.93,2024,8008.36,Donna Nelson,False,ID-AD-72539,264.98,Under-assessed
P-100928,10928,"806 Hillcrest Ave, Seattle, WA 40059",806 Hillcrest Ave,,Seattle,WA,40059,King,39.904623,-134.497325,Single Family,7,4.0,1521,7330,1974,50,584264.64,2020-02-04,2261,384.13,579998.36,2022,8033.02,Amanda Hall,True,WA-KI-39377,526.32,Within band
P-100929,10929,"6283 Hillcrest Ave, Reno, NV 24025",6283 Hillcrest Ave,,Reno,NV,24025,Washoe,41.644313,-116.959164,Multi Family,2,3.0,5842,6582,1997,27,842457.13,2018-05-30,2876,144.21,835630.03,2024,10458.56,Andrew Thomas,False,NV-WA-90190,178.76,Within band
P-100930,10930,"519 Jackson Dr, Minneapolis, MN 69383",519 Jackson Dr,,Minneapolis,MN,69383,Hennepin,34.560066,-143.803023,Single Family,1,2.0,5194,10732,1933,91,421029.46,2024-06-28,655,81.06,460761.12,2023,6892.97,Sarah Green,True,MN-HE-81122,127.64,Within band
P-100931,10931,"2148 Main St, Apt 15E, Provo, UT 75867",2148 Main St,Apt 15E,Provo,UT,75867,Utah,46.643023,-73.466595,Condo,3,5.0,3877,12604,2009,15,511410.85,2019-05-25,2516,131.91,415432.53,2023,4008.72,Thomas Sanchez,True,UT-UT-79102,137.94,Under-assessed
P-100932,10932,"1216 Summit Rd, Apt 8B, Lexington, KY 12890",1216 Summit Rd,Apt 8B,Lexington,KY,12890,Fayette,37.515835,-151.483332,Condo,1,2.5,1525,11134,2016,8,895492.4,2023-07-02,1017,587.21,812501.87,2024,12740.98,William Wilson,False,KY-FA-24150,141.41,Under-assessed
P-100933,10933,"6778 Main St, Apt 9A, Rockville, MD 54791",6778 Main St,Apt 9A,Rockville,MD,54791,Montgomery,25.94438,-135.369593,Condo,3,5.0,4786,6332,1971,53,698940.86,2016-12-22,3400,146.04,705999.83,2022,8700.6,Karen Carter,True,MD-MO-28958,253.54,Within band
P-100934,10934,"1695 Summit Rd, Apt 23C, Wichita, KS 51665",1695 Summit Rd,Apt 23C,Wichita,KS,51665,Sedgwick,38.232572,-81.045354,Condo,3,1.0,5246,12068,1971,53,779199.79,2021-01-04,1926,148.53,799990.13,2023,15006.94,Deborah Jones,False,KS-SE-26616,98.49,Within band
P-100935,10935,"8918 Maple Dr, Oklahoma City, OK 81657",8918 Maple Dr,,Oklahoma City,OK,81657,Oklahoma,35.337608,-78.042879,Single Family,7,4.0,4382,13412,1938,86,195580.53,2025-05-22,327,44.63,182448.33,2023,2591.43,Michael Anderson,False,OK-OK-91598,128.71,Within band
P-100936,10936,"6563 Forest Glen Rd, Apt 11C, Decatur, GA 44737",6563 Forest Glen Rd,Apt 11C,Decatur,GA,44737,DeKalb,35.466748,-103.36727,Condo,5,2.5,6325,15856,1970,54,663253.85,2020-02-14,2251,104.86,618221.56,2024,7773.49,Lisa Hall,False,GA-DE-21835,139.77,Within band
P-100937,10937,"4379 Ridgewood Rd, Baton Rouge, LA 96495",4379 Ridgewood Rd,,Baton Rouge,LA,96495,East Baton Rouge,22.306464,-146.201837,Single Family,6,2.0,1079,12342,2019,5,492650.24,2022-03-26,1480,456.58,430536.38,2023,8038.05,Robert Thompson,True,LA-EA-72191,131.1,Under-assessed
P-100938,10938,"7021 Cedar Ln, Apt 13D, San Francisco, CA 39762",7021 Cedar Ln,Apt 13D,San Francisco,CA,39762,San Francisco,43.061887,-110.20988,Condo,7,4.0,2296,9197,1960,64,1208086.25,2018-04-30,2906,526.17,1201182.7,2022,17027.98,Thomas Lee,True,CA-SA-17315,453.06,Within band
P-100939,10939,"905 Oak Ave, Austin, TX 87872",905 Oak Ave,,Austin,TX,87872,Travis,38.385696,-107.201213,Single Family,3,5.0,5354,9453,1942,82,156627.48,2022-01-23,1542,29.25,172226.32,2024,3444.53,Deborah Scott,False,TX-TR-66536,115.36,Within band
P-100940,10940,"6824 Cedar Ln, Arlington, VA 52844",6824 Cedar Ln,,Arlington,VA,52844,Arlington,41.913215,-134.194621,Single Family,7,3.0,3178,10118,1966,58,888035.16,2021-04-25,1815,279.43,800985.53,2022,11898.26,Lisa Roberts,True,VA-AR-38931,195.64,Under-assessed
P-100941,10941,"8397 Oak Ave, Apt 12B, Lawrenceville, GA 65725",8397 Oak Ave,Apt 12B,Lawrenceville,GA,65725,Gwinnett,24.46768,-82.437753,Townhouse,3,4.0,3723,5866,2001,23,263773.78,2021-08-02,1716,70.85,237647.57,2023,2055.72,Betty Green,True,GA-GW-89723,170.94,Under-assessed
P-100942,10942,"250 Summit Rd, San Diego, CA 31006",250 Summit Rd,,San Diego,CA,31006,San Diego,43.67275,-146.697957,Single Family,3,2.0,4302,11317,1981,43,2566546.37,2020-12-19,1942,596.59,2292400.41,2022,39350.67,Michelle Jones,True,CA-SA-23586,449.01,Under-assessed
P-100943,10943,"2997 Jackson Dr, Apt 16D, San Francisco, CA 23096",2997 Jackson Dr,Apt 16D,San Francisco,CA,23096,San Francisco,23.445954,-77.767454,Condo,7,3.0,4969,13440,2001,23,1634147.03,2025-08-11,246,328.87,1310317.57,2024,10718.62,Steven Nguyen,True,CA-SA-61915,453.06,Under-assessed
P-100944,10944,"2194 Lincoln Rd, Apt 30B, Fort Wayne, IN 20372",2194 Lincoln Rd,Apt 30B,Fort Wayne,IN,20372,Allen,25.581563,-105.189378,Townhouse,4,1.0,2838,10147,1937,87,895488.5,2021-09-13,1674,315.54,929300.8,2022,14555.76,Sandra Jones,True,IN-AL-24536,176.97,Within band
P-100945,10945,"3440 Adams St, Apt 17B, San Diego, CA 39990",3440 Adams St,Apt 17B,San Diego,CA,39990,San Diego,40.488518,-80.048679,Townhouse,2,4.0,3432,14842,1995,29,2674963.5,2016-07-26,3549,779.42,2743891.14,2022,37137.06,Matthew Green,True,CA-SA-44698,453.55,Within band
P-100946,10946,"2195 Park Way, Apt 28B, Lakewood, CO 98047",2195 Park Way,Apt 28B,Lakewood,CO,98047,Jefferson,35.77354,-91.647466,Condo,3,3.0,3565,7961,1926,98,337722.64,2021-06-20,1759,94.73,295959.66,2024,3672.6,Carol Robinson,True,CO-JE-29089,256.52,Under-assessed
P-100947,10947,"1925 Lake Dr, Irvine, CA 35368",1925 Lake Dr,,Irvine,CA,35368,Orange,25.085341,-94.975505,Single Family,3,5.0,5636,17612,1982,42,2530624.9,2019-04-28,2543,449.01,2581318.25,2022,34612.9,Stephanie Sanchez,False,CA-OR-41836,449.01,Within band
P-100948,10948,"2825 Orchard Ln, Apt 27A, Denver, CO 32245",2825 Orchard Ln,Apt 27A,Denver,CO,32245,Denver,21.813685,-81.517944,Condo,5,4.0,6212,8992,1929,95,1377287.1,2022-04-26,1449,221.71,1396934.15,2024,20276.25,John Hill,False,CO-DE-42366,256.52,Within band
P-100949,10949,"5489 Lincoln Rd, Apt 24A, Raleigh, NC 14351",5489 Lincoln Rd,Apt 24A,Raleigh,NC,14351,Wake,31.245245,-70.493294,Condo,3,5.0,4720,7092,1954,70,606820.59,2023-09-17,940,128.56,545718.14,2022,10135.71,James Williams,False,NC-WA-93148,140.0,Under-assessed
P-100950,10950,"1232 Creekside Dr, Cambridge, MA 67742",1232 Creekside Dr,,Cambridge,MA,67742,Middlesex,33.565522,-132.065301,Single Family,7,4.0,3429,6251,1955,69,1225012.94,2018-10-08,2745,357.25,1331164.54,2023,14832.7,Patricia Wright,True,MA-MI-80134,390.17,Within band
P-100951,10951,"1180 Riverside Dr, Apt 17E, Columbus, OH 89005",1180 Riverside Dr,Apt 17E,Columbus,OH,89005,Franklin,37.417839,-117.820728,Condo,1,1.0,5857,17100,2003,21,709408.38,2017-04-22,3279,121.12,722041.59,2023,7863.81,Joshua Davis,True,OH-FR-69833,220.86,Within band
P-100952,10952,"8928 Forest Glen Rd, Apt 22B, Raleigh, NC 91539",8928 Forest Glen Rd,Apt 22B,Raleigh,NC,91539,Wake,36.049311,-119.974109,Townhouse,5,5.0,1869,13183,1996,28,167518.28,2022-10-03,1289,89.63,158199.62,2024,1517.79,Steven Miller,True,NC-WA-68905,129.09,Within band
P-100953,10953,"6274 Madison Ave, Apt 19A, Raleigh, NC 14774",6274 Madison Ave,Apt 19A,Raleigh,NC,14774,Wake,42.470931,-82.019234,Townhouse,5,4.0,6420,10559,1942,82,328883.7,2023-12-31,835,51.23,345160.97,2024,3698.96,Donald Hernandez,True,NC-WA-41230,129.09,Within band
P-100954,10954,"1946 Orchard Ln, Apt 6A, Queens, NY 13943",1946 Orchard Ln,Apt 6A,Queens,NY,13943,Queens,31.385275,-85.928709,Townhouse,2,2.0,4835,13267,1926,98,2620656.58,2020-01-14,2282,542.02,2823068.0,2022,62107.5,Robert Davis,True,NY-QU-40149,521.74,Within band
P-100955,10955,"1132 Forest Glen Rd, Dallas, TX 70464",1132 Forest Glen Rd,,Dallas,TX,70464,Dallas,32.500219,-147.028553,Single Family,5,5.0,6143,14021,2011,13,421262.39,2026-02-27,46,68.58,406232.72,2023,8124.65,Anthony Garcia,True,TX-DA-40832,115.36,Within band
P-100956,10956,"4840 Ridgewood Rd, Apt 11A, Indianapolis, IN 95180",4840 Ridgewood Rd,Apt 11A,Indianapolis,IN,95180,Marion,27.465169,-74.923735,Townhouse,5,1.0,4553,9080,1973,51,730769.93,2017-09-08,3140,160.5,772324.7,2024,7459.91,Daniel Martin,True,IN-MA-87162,176.97,Within band
P-100957,10957,"159 Lincoln Rd, Fort Worth, TX 12215",159 Lincoln Rd,,Fort Worth,TX,12215,Tarrant,33.111668,-91.611076,Single Family,1,3.5,2885,8282,2015,9,578894.51,2021-05-17,1793,200.66,607970.84,2023,12159.42,George Williams,True,TX-TA-97614,115.36,Within band
P-100958,10958,"7015 Jackson Dr, Detroit, MI 22062",7015 Jackson Dr,,Detroit,MI,22062,Wayne,22.956382,-78.266123,Multi Family,3,3.0,1308,12923,1931,93,669182.13,2023-10-06,921,511.61,733446.68,2022,12976.99,Andrew Lee,True,MI-WA-90493,212.1,Within band
P-100959,10959,"4505 Riverside Dr, Apt 20D, Baton Rouge, LA 15499",4505 Riverside Dr,Apt 20D,Baton Rouge,LA,15499,East Baton Rouge,34.854008,-155.691138,Condo,7,2.5,4121,10997,1990,34,277795.63,2020-01-26,2270,67.41,233972.82,2024,3909.07,Kenneth Flores,True,LA-EA-60910,138.14,Under-assessed
P-100960,10960,"8750 Madison Ave, Apt 28A, Houston, TX 80770",8750 Madison Ave,Apt 28A,Houston,TX,80770,Harris,32.486399,-108.678391,Townhouse,1,4.5,4934,16109,2004,20,619854.2,2017-07-08,3202,125.63,610128.42,2023,12202.57,Donna Ramirez,True,TX-HA-69445,143.56,Within band
P-100961,10961,"7546 Forest Glen Rd, Louisville, KY 13063",7546 Forest Glen Rd,,Louisville,KY,13063,Jefferson,39.370157,-136.402963,Single Family,1,2.0,4135,15629,2017,7,890835.89,2021-03-09,1862,215.44,939636.8,2024,13402.72,Emily Lopez,True,KY-JE-49678,133.33,Within band
P-100962,10962,"9165 Main St, San Francisco, CA 84925",9165 Main St,,San Francisco,CA,84925,San Francisco,30.76641,-144.889582,Single Family,7,4.5,3559,9057,1985,39,1408781.48,2024-12-17,483,395.84,1321678.2,2023,15185.35,Jennifer Nelson,False,CA-SA-73999,449.01,Within band
P-100963,10963,"6409 Washington Ave, Apt 3D, Denver, CO 19781",6409 Washington Ave,Apt 3D,Denver,CO,19781,Denver,23.559158,-98.451238,Condo,2,3.0,1352,11322,2011,13,1010664.75,2024-09-26,565,747.53,940648.66,2022,9361.92,Joshua Walker,True,CO-DE-87022,256.52,Within band
P-100964,10964,"4430 Meadow Ln, Apt 16A, San Diego, CA 44917",4430 Meadow Ln,Apt 16A,San Diego,CA,44917,San Diego,45.280568,-147.844486,Condo,3,3.0,3654,11618,1925,99,1422829.36,2017-07-17,3193,389.39,1354162.6,2022,24563.24,Barbara Rodriguez,False,CA-SA-58125,453.06,Within band
P-100965,10965,"395 Cedar Ln, Apt 11C, Lexington, KY 18305",395 Cedar Ln,Apt 11C,Lexington,KY,18305,Fayette,37.751134,-137.898516,Townhouse,4,3.0,1032,8558,1941,83,284792.25,2024-10-03,558,275.96,251623.59,2023,5007.95,Paul Hernandez,False,KY-FA-90088,129.87,Under-assessed
P-100966,10966,"1057 Pine Rd, Apt 3A, Austin, TX 73632",1057 Pine Rd,Apt 3A,Austin,TX,73632,Travis,34.784522,-74.757171,Condo,2,2.0,6243,10532,2011,13,473046.69,2025-04-09,370,75.77,397773.1,2023,7955.46,Andrew Roberts,True,TX-TR-73107,158.16,Under-assessed
P-100967,10967,"9315 Cedar Ln, Memphis, TN 21988",9315 Cedar Ln,,Memphis,TN,21988,Shelby,24.078469,-124.653269,Single Family,5,2.0,4399,6188,2004,20,187215.45,2024-03-13,762,42.56,173777.33,2024,3225.54,Deborah White,True,TN-SH-67748,143.46,Within band
P-100968,10968,"9430 Lake Dr, San Diego, CA 36163",9430 Lake Dr,,San Diego,CA,36163,San Diego,22.162029,-116.773335,Multi Family,5,3.5,6174,6414,1920,104,3368792.37,2023-05-29,1051,545.64,3610723.16,2024,32639.08,Paul Torres,False,CA-SA-83632,479.75,Within band
P-100969,10969,"4901 Madison Ave, Henderson, NV 94654",4901 Madison Ave,,Henderson,NV,94654,Clark,24.732505,-107.628633,Single Family,4,5.0,5294,8789,1972,52,388798.75,2019-08-11,2438,73.44,341025.98,2023,5862.88,Mark Campbell,True,NV-CL-91842,117.32,Under-assessed
P-100970,10970,"2414 Riverside Dr, Cambridge, MA 36500",2414 Riverside Dr,,Cambridge,MA,36500,Middlesex,42.326497,-86.448499,Single Family,2,1.5,890,5114,1962,62,588482.01,2022-05-04,1441,661.22,607551.75,2024,9313.33,Joseph Baker,True,MA-MI-71377,390.17,Within band
P-100971,10971,"3595 Meadow Ln, Apt 8C, Denver, CO 67389",3595 Meadow Ln,Apt 8C,Denver,CO,67389,Denver,27.78489,-90.537143,Condo,3,2.0,4046,12728,1927,97,786757.89,2023-03-22,1119,194.45,860480.31,2023,7285.7,Sandra Lewis,True,CO-DE-81821,256.52,Within band
P-100972,10972,"8979 Birch St, Apt 13C, Aurora, CO 35589",8979 Birch St,Apt 13C,Aurora,CO,35589,Arapahoe,35.499805,-72.812449,Townhouse,7,2.5,3734,14066,1958,66,787070.63,2024-09-26,565,210.78,757207.31,2023,9092.48,Donald Lewis,False,CO-AR-16569,257.12,Within band
P-100974,10974,"3926 River Blvd, Apt 21A, Fort Lauderdale, FL 20922",3926 River Blvd,Apt 21A,Fort Lauderdale,FL,20922,Broward,47.414707,-116.745125,Condo,4,1.5,5523,16773,1922,102,231012.89,2017-04-01,3300,41.83,205250.24,2023,3321.71,Patricia Baker,False,FL-BR-32045,145.87,Under-assessed
P-100975,10975,"6177 Madison Ave, Grand Rapids, MI 51304",6177 Madison Ave,,Grand Rapids,MI,51304,Kent,42.665675,-75.901425,Single Family,6,2.0,605,1959,2005,19,225481.87,2021-05-17,1793,372.7,241341.15,2024,2965.63,Patricia Smith,True,MI-KE-64746,152.83,Within band
P-100976,10976,"1393 Ridgewood Rd, San Diego, CA 24548",1393 Ridgewood Rd,,San Diego,CA,24548,San Diego,29.937406,-81.934341,Single Family,3,3.0,4205,14587,1999,25,1486342.08,2021-05-15,1795,353.47,1315049.87,2023,12096.77,Donald Rivera,True,CA-SA-26926,449.01,Under-assessed
P-100977,10977,"9847 Cedar Ln, Apt 25A, St. Louis, MO 56381",9847 Cedar Ln,Apt 25A,St. Louis,MO,56381,St. Louis,39.76987,-105.679814,Townhouse,6,1.0,2489,13407,2016,8,766802.2,2025-09-28,198,308.08,615678.39,2023,7052.07,Amanda Flores,True,MO-ST-49854,225.08,Under-assessed
P-100978,10978,"9585 Park Way, Naperville, IL 10393",9585 Park Way,,Naperville,IL,10393,DuPage,28.352005,-146.033084,Single Family,2,4.0,973,9271,1998,26,665009.16,2017-10-03,3115,683.46,588708.28,2022,12362.87,Kevin Flores,False,IL-DU-39016,104.35,Under-assessed
P-100979,10979,"5618 Washington Ave, Apt 19D, Billings, MT 81492",5618 Washington Ave,Apt 19D,Billings,MT,81492,Yellowstone,30.518116,-90.883028,Condo,3,3.5,1800,2548,1966,58,422579.43,2025-11-28,137,234.77,345584.39,2023,5125.96,Kenneth Smith,False,MT-YE-62138,182.12,Under-assessed
P-100980,10980,"1063 Elm St, Apt 28B, Indianapolis, IN 81661",1063 Elm St,Apt 28B,Indianapolis,IN,81661,Marion,31.251721,-118.786788,Condo,1,2.5,4523,12730,1954,70,661622.79,2024-11-16,514,146.28,671545.1,2022,10708.83,Kenneth Jackson,True,IN-MA-59147,141.22,Within band
P-100981,10981,"145 Creekside Dr, Dallas, TX 74327",145 Creekside Dr,,Dallas,TX,74327,Dallas,33.149621,-90.987638,Single Family,3,3.5,665,4236,1940,84,613648.82,2016-12-28,3394,922.78,492954.07,2023,9859.08,Anthony Lee,True,TX-DA-61270,115.36,Under-assessed
P-100982,10982,"4783 River Blvd, Decatur, GA 70211",4783 River Blvd,,Decatur,GA,70211,DeKalb,35.236831,-141.011988,Single Family,6,2.0,6018,15400,2009,15,727696.73,2023-10-30,897,120.92,754463.63,2023,9032.71,Michael Jones,True,GA-DE-14187,150.1,Within band
P-100983,10983,"752 Willow Way, Apt 30A, Lexington, KY 98705",752 Willow Way,Apt 30A,Lexington,KY,98705,Fayette,22.229464,-135.74718,Condo,5,4.0,4781,8930,1951,73,130876.7,2016-05-05,3631,27.37,140150.08,2022,1767.06,Donald Anderson,False,KY-FA-90775,141.41,Within band
P-100984,10984,"5580 Lakeshore Dr, Apt 8B, Everett, WA 53788",5580 Lakeshore Dr,Apt 8B,Everett,WA,53788,Snohomish,40.987283,-70.346043,Condo,7,5.0,4295,9591,1992,32,3075146.45,2025-04-19,360,715.98,2617864.72,2024,39590.39,Sandra Martin,True,WA-SN-16085,446.6,Under-assessed
P-100985,10985,"3035 Main St, Pittsburgh, PA 28542",3035 Main St,,Pittsburgh,PA,28542,Allegheny,33.125688,-126.226089,Single Family,1,3.0,4384,11975,1923,101,662024.38,2024-11-13,517,151.01,529837.45,2023,4966.92,Matthew Hernandez,True,PA-AL-82185,120.29,Under-assessed
P-100986,10986,"3064 Lincoln Rd, Apt 4A, Austin, TX 66550",3064 Lincoln Rd,Apt 4A,Austin,TX,66550,Travis,39.561237,-142.362381,Townhouse,6,2.0,1153,6929,1987,37,732827.55,2020-06-04,2140,635.58,712202.28,2023,14244.05,Amanda White,True,TX-TR-66850,143.56,Within band
P-100987,10987,"7252 Jefferson St, Boston, MA 80193",7252 Jefferson St,,Boston,MA,80193,Suffolk,30.842852,-109.129287,Single Family,6,3.5,5261,12859,2008,16,3417076.78,2024-05-28,686,649.51,3455325.19,2022,43470.19,Kimberly Williams,False,MA-SU-54521,390.17,Within band
P-100988,10988,"7943 Jefferson St, Scottsdale, AZ 18803",7943 Jefferson St,,Scottsdale,AZ,18803,Maricopa,35.508456,-124.336919,Single Family,5,4.5,2012,10352,1955,69,378725.1,2016-05-23,3613,188.23,338314.19,2022,5375.23,Paul Rodriguez,True,AZ-MA-72491,130.0,Under-assessed
P-100989,10989,"119 Cedar Ln, Apt 24A, Bronx, NY 33282",119 Cedar Ln,Apt 24A,Bronx,NY,33282,Bronx,35.606796,-103.491354,Condo,2,2.5,1708,12562,1939,85,630436.74,2025-04-15,364,369.11,556818.93,2023,12250.02,Carol Wilson,False,NY-BR-78799,351.08,Under-assessed
P-100990,10990,"7005 Meadow Ln, Oakland, CA 85664",7005 Meadow Ln,,Oakland,CA,85664,Alameda,36.964752,-139.923372,Single Family,6,2.0,5738,5951,1936,88,560152.83,2023-12-14,852,97.62,612584.62,2023,11789.35,George Martinez,True,CA-AL-27196,449.01,Within band
P-100991,10991,"7291 Orchard Ln, Jacksonville, FL 57077",7291 Orchard Ln,,Jacksonville,FL,57077,Duval,43.537892,-145.934286,Single Family,2,3.5,6480,9657,1925,99,820838.69,2017-10-07,3111,126.67,688841.95,2022,8965.38,Patricia Clark,True,FL-DU-35826,138.34,Under-assessed
P-100992,10992,"1041 Hillcrest Ave, Austin, TX 87970",1041 Hillcrest Ave,,Austin,TX,87970,Travis,27.116442,-84.948618,Single Family,4,3.5,3859,13436,1932,92,596662.09,2023-10-08,919,154.62,500960.92,2022,10019.22,Carol Hernandez,False,TX-TR-21751,115.36,Under-assessed
P-100993,10993,"1312 Riverside Dr, Pittsburgh, PA 49129",1312 Riverside Dr,,Pittsburgh,PA,49129,Allegheny,31.020183,-104.093694,Single Family,5,5.0,2387,4342,2020,4,142753.87,2023-07-03,1016,59.8,150269.01,2024,2178.08,Karen Jones,False,PA-AL-61364,120.29,Within band
P-100994,10994,"2571 Pine Rd, Bronx, NY 36610",2571 Pine Rd,,Bronx,NY,36610,Bronx,45.880478,-120.477438,Single Family,5,1.0,3605,10254,1991,33,3148634.2,2016-11-06,3446,873.41,2913447.64,2023,64095.85,Ronald Williams,True,NY-BR-61642,408.84,Within band
P-100995,10995,"1478 Birch St, Apt 19D, Queens, NY 61605",1478 Birch St,Apt 19D,Queens,NY,61605,Queens,30.594346,-151.741323,Townhouse,3,3.0,3061,13809,1924,100,1794974.58,2021-06-11,1768,586.4,1646808.18,2022,36229.78,Joshua Roberts,True,NY-QU-39454,521.74,Within band
P-100996,10996,"239 Clearwater Ct, Apt 21E, Memphis, TN 94832",239 Clearwater Ct,Apt 21E,Memphis,TN,94832,Shelby,37.019738,-142.44709,Condo,2,2.0,3756,5962,1975,49,808010.08,2024-12-18,482,215.13,667850.95,2022,7392.25,Mark Nelson,True,TN-SH-55026,138.25,Under-assessed
P-100997,10997,"4467 Sunset Blvd, Henderson, NV 23292",4467 Sunset Blvd,,Henderson,NV,23292,Clark,38.998212,-83.036919,Single Family,5,4.5,5467,16726,1999,25,196507.17,2019-04-20,2551,35.94,212049.23,2022,3323.58,Timothy Martin,False,NV-CL-21093,117.32,Within band
P-100998,10998,"9453 Forest Glen Rd, Apt 3A, Oklahoma City, OK 44559",9453 Forest Glen Rd,Apt 3A,Oklahoma City,OK,44559,Oklahoma,26.845983,-108.305611,Condo,2,3.0,4375,7433,1966,58,640034.15,2022-03-12,1494,146.29,614105.49,2022,6722.17,Richard Williams,False,OK-OK-41573,106.53,Within band
P-100999,10999,"8767 Orchard Ln, Apt 24C, Columbus, OH 63171",8767 Orchard Ln,Apt 24C,Columbus,OH,63171,Franklin,21.74172,-71.728007,Condo,3,4.5,3798,15100,1992,32,646608.82,2020-09-06,2046,170.25,581461.4,2023,7452.31,Melissa Campbell,False,OH-FR-45160,220.86,Under-assessed
P-101000,11000,"6006 Monroe Blvd, Apt 18A, Chicago, IL 67224",6006 Monroe Blvd,Apt 18A,Chicago,IL,67224,Cook,30.824049,-115.919632,Condo,4,4.0,5471,13708,1968,56,870574.6,2025-07-27,261,159.13,809000.95,2023,16989.02,Susan Perez,True,IL-CO-12900,148.0,Within band
P-101001,11001,"5540 Clearwater Ct, Lexington, KY 76590",5540 Clearwater Ct,,Lexington,KY,76590,Fayette,23.319767,-127.272927,Multi Family,5,2.0,3246,9327,1993,31,417403.74,2022-11-23,1238,128.59,439639.61,2022,4112.43,Sarah Smith,True,KY-FA-46199,123.82,Within band
P-101003,11003,"1014 Harbor View Blvd, Waukegan, IL 84261",1014 Harbor View Blvd,,Waukegan,IL,84261,Lake,31.935205,-99.772663,Single Family,2,1.5,6176,6472,1923,101,536643.17,2018-08-03,2811,86.89,546979.56,2023,11486.57,Matthew Hernandez,True,IL-LA-25761,104.35,Within band
P-101004,11004,"6135 Harbor View Blvd, Apt 29D, San Francisco, CA 22108",6135 Harbor View Blvd,Apt 29D,San Francisco,CA,22108,San Francisco,45.277981,-108.542619,Townhouse,2,2.5,3571,14350,1955,69,2704329.36,2024-04-22,722,757.3,2514711.71,2024,44183.8,Thomas Moore,False,CA-SA-95260,453.55,Within band
P-101005,11005,"1942 Orchard Ln, San Diego, CA 35427",1942 Orchard Ln,,San Diego,CA,35427,San Diego,38.034619,-142.766744,Single Family,6,5.0,3966,9560,2014,10,2952085.16,2023-10-15,912,744.35,3163103.71,2023,42498.18,Kenneth Ramirez,True,CA-SA-52456,449.01,Within band
P-101006,11006,"3185 Lincoln Rd, Philadelphia, PA 71345",3185 Lincoln Rd,,Philadelphia,PA,71345,Philadelphia,21.09024,-132.756811,Single Family,6,1.0,5755,17228,1965,59,755927.05,2017-02-27,3333,131.35,704371.7,2024,6166.48,Margaret Lee,False,PA-PH-96282,120.29,Within band
P-101008,11008,"6620 Pine Rd, Apt 19D, Waukegan, IL 74798",6620 Pine Rd,Apt 19D,Waukegan,IL,74798,Lake,47.326547,-77.966319,Condo,1,2.5,3697,13894,1964,60,393830.25,2024-07-21,632,106.53,376276.94,2023,7901.82,Timothy Johnson,False,IL-LA-34443,148.0,Within band
P-101009,11009,"5735 Lake Dr, Apt 10C, Charlotte, NC 58959",5735 Lake Dr,Apt 10C,Charlotte,NC,58959,Mecklenburg,46.608546,-126.354346,Condo,2,2.0,1984,4454,2001,23,660715.5,2017-02-23,3337,333.02,616320.82,2024,9486.03,Kimberly Hill,False,NC-ME-10186,140.0,Within band
P-101010,11010,"3738 Hillcrest Ave, Rockville, MD 39556",3738 Hillcrest Ave,,Rockville,MD,39556,Montgomery,24.42387,-120.179265,Single Family,5,3.5,884,8576,1970,54,409965.64,2025-09-25,201,463.76,395767.76,2023,3382.52,Susan Harris,False,MD-MO-25832,292.68,Within band
P-101012,11012,"8177 Summit Rd, Sacramento, CA 44359",8177 Summit Rd,,Sacramento,CA,44359,Sacramento,35.154508,-134.530453,Multi Family,4,2.5,3256,10507,2016,8,1251099.59,2024-08-27,595,384.24,1079631.46,2022,21361.4,Barbara Martinez,False,CA-SA-76631,479.75,Under-assessed
P-101013,11013,"1838 Heritage Ln, Apt 29D, Dallas, TX 43260",1838 Heritage Ln,Apt 29D,Dallas,TX,43260,Dallas,47.424164,-126.888768,Townhouse,2,2.0,2063,7858,1971,53,164584.73,2024-03-25,750,79.78,172207.61,2024,3444.15,Nancy Wilson,True,TX-DA-16463,143.56,Within band
P-101014,11014,"7944 Monroe Blvd, Charlotte, NC 18738",7944 Monroe Blvd,,Charlotte,NC,18738,Mecklenburg,43.659715,-147.017588,Single Family,3,4.0,6200,14257,1955,69,201542.28,2023-08-20,968,32.51,161615.52,2024,1904.33,Emily Martin,False,NC-ME-95616,151.03,Under-assessed
P-101015,11015,"5407 Sunset Blvd, Fort Wayne, IN 11776",5407 Sunset Blvd,,Fort Wayne,IN,11776,Allen,44.544684,-150.758873,Multi Family,2,4.0,6015,6954,1985,39,731945.16,2018-11-02,2720,121.69,673235.06,2024,12076.53,Steven Nelson,True,IN-AL-18291,141.14,Within band
P-101016,11016,"4635 Riverside Dr, Las Vegas, NV 15902",4635 Riverside Dr,,Las Vegas,NV,15902,Clark,30.580601,-135.125846,Single Family,7,2.0,5729,16537,1928,96,407264.2,2021-06-25,1754,71.09,445223.75,2023,3946.57,Kenneth Roberts,False,NV-CL-54855,117.32,Within band
P-101017,11017,"7116 Jackson Dr, Apt 14B, Reno, NV 12216",7116 Jackson Dr,Apt 14B,Reno,NV,12216,Washoe,36.093749,-98.664302,Townhouse,6,4.0,5453,8918,1995,29,370411.63,2020-02-23,2242,67.93,351518.91,2022,3066.08,James Rodriguez,True,NV-WA-32115,114.32,Within band
P-101018,11018,"1265 Orchard Ln, Houston, TX 22595",1265 Orchard Ln,,Houston,TX,22595,Harris,24.602814,-99.437982,Single Family,3,1.5,2253,11617,1951,73,706480.26,2021-06-17,1762,313.57,757192.18,2024,15143.84,Andrew Torres,False,TX-HA-63213,115.36,Within band
P-101019,11019,"9379 Riverside Dr, Fort Worth, TX 38261",9379 Riverside Dr,,Fort Worth,TX,38261,Tarrant,22.966124,-119.906467,Single Family,2,1.5,5531,8568,1936,88,461522.31,2021-12-01,1595,83.44,462669.2,2022,9253.38,Nancy Hall,True,TX-TA-79522,115.36,Within band
P-101020,11020,"7884 Willow Way, Apt 21C, Salt Lake City, UT 56191",7884 Willow Way,Apt 21C,Salt Lake City,UT,56191,Salt Lake,27.286633,-101.545986,Condo,6,3.0,2263,4151,1997,27,191522.5,2017-08-25,3154,84.63,175179.76,2023,1797.43,Paul Baker,False,UT-SA-85788,137.94,Within band
P-101021,11021,"3920 Park Way, Decatur, GA 28970",3920 Park Way,,Decatur,GA,28970,DeKalb,22.210538,-146.46853,Single Family,3,1.0,3459,11426,2023,1,414946.02,2023-02-10,1159,119.96,402046.22,2023,7073.8,Charles Walker,True,GA-DE-16545,150.1,Within band
P-101022,11022,"2398 Willow Way, Apt 29C, Austin, TX 83565",2398 Willow Way,Apt 29C,Austin,TX,83565,Travis,33.303081,-130.363179,Condo,6,4.0,4666,11234,1958,66,566468.77,2019-08-19,2430,121.4,529671.91,2023,10593.44,Jennifer Clark,False,TX-TR-60548,158.16,Within band
P-101023,11023,"653 Adams St, Apt 29E, Minneapolis, MN 53335",653 Adams St,Apt 29E,Minneapolis,MN,53335,Hennepin,21.875196,-121.616574,Townhouse,3,2.5,4452,7715,1924,100,579313.38,2021-12-14,1582,130.12,632908.82,2024,8303.44,Susan Robinson,True,MN-HE-24406,130.12,Within band
P-101024,11024,"5967 Lake Dr, Apt 10B, Billings, MT 84620",5967 Lake Dr,Apt 10B,Billings,MT,84620,Yellowstone,39.442554,-137.621606,Condo,1,3.5,5462,13096,2012,12,126206.48,2022-02-26,1508,23.11,114207.95,2022,1638.68,Ashley Clark,False,MT-YE-65910,182.12,Under-assessed
P-101025,11025,"5244 Heritage Ln, Apt 24B, San Francisco, CA 78749",5244 Heritage Ln,Apt 24B,San Francisco,CA,78749,San Francisco,37.450271,-108.315573,Townhouse,7,3.5,5611,12057,1964,60,3263939.89,2021-08-22,1696,581.7,3254924.01,2022,37699.98,Nancy Carter,True,CA-SA-48293,453.55,Within band
P-101026,11026,"4317 Elm St, Apt 1E, Lakewood, CO 50023",4317 Elm St,Apt 1E,Lakewood,CO,50023,Jefferson,37.217648,-122.589592,Townhouse,5,2.5,5576,9548,2010,14,1433699.99,2023-05-21,1059,257.12,1265579.14,2023,14454.26,Kenneth Moore,False,CO-JE-44576,257.12,Under-assessed
P-101027,11027,"2907 Sunset Blvd, Fort Wayne, IN 39429",2907 Sunset Blvd,,Fort Wayne,IN,39429,Allen,22.265222,-128.447643,Multi Family,2,4.5,2390,11820,2005,19,757706.49,2019-01-29,2632,317.03,781317.46,2024,11713.23,Karen Miller,True,IN-AL-23580,141.14,Within band
P-101028,11028,"9455 Harbor View Blvd, Houston, TX 26919",9455 Harbor View Blvd,,Houston,TX,26919,Harris,22.621904,-141.919673,Single Family,7,1.0,4523,9877,1958,66,821405.47,2020-06-19,2125,181.61,742816.92,2023,14856.34,Mark White,True,TX-HA-86756,115.36,Under-assessed
P-101029,11029,"2158 Maple Dr, Apt 7D, Jacksonville, FL 42038",2158 Maple Dr,Apt 7D,Jacksonville,FL,42038,Duval,21.269257,-130.745902,Townhouse,4,3.0,3725,4775,1938,86,684356.91,2023-10-11,916,183.72,663807.08,2022,6437.08,Deborah Thompson,True,FL-DU-25046,130.82,Within band
P-101030,11030,"6546 Hillcrest Ave, Apt 23C, Reno, NV 79306",6546 Hillcrest Ave,Apt 23C,Reno,NV,79306,Washoe,39.734938,-122.93025,Townhouse,5,3.5,5744,16844,1980,44,871797.04,2020-01-21,2275,151.78,943263.6,2022,17990.28,Michelle Wilson,False,NV-WA-44221,114.32,Within band
P-101031,11031,"4988 Lincoln Rd, Apt 2B, Indianapolis, IN 43996",4988 Lincoln Rd,Apt 2B,Indianapolis,IN,43996,Marion,39.437718,-122.500257,Condo,1,1.5,2425,11305,1990,34,409369.56,2016-05-10,3626,168.81,352635.47,2022,3627.18,Mark Hernandez,False,IN-MA-27790,141.22,Under-assessed
P-101032,11032,"5179 Lakeshore Dr, Lawrenceville, GA 48371",5179 Lakeshore Dr,,Lawrenceville,GA,48371,Gwinnett,25.852457,-121.62776,Single Family,1,3.0,2500,13367,1977,47,677080.38,2021-08-15,1703,270.83,644127.15,2024,10368.88,Brian Sanchez,False,GA-GW-80814,150.1,Within band
P-101033,11033,"635 Ridgewood Rd, Apt 7C, San Antonio, TX 28463",635 Ridgewood Rd,Apt 7C,San Antonio,TX,28463,Bexar,36.080643,-132.589559,Townhouse,1,2.0,5956,7425,2002,22,636878.06,2020-10-26,1996,106.93,593217.68,2023,11864.35,Thomas Gonzalez,False,TX-BE-49596,143.56,Within band
P-101034,11034,"2642 Madison Ave, San Jose, CA 80328",2642 Madison Ave,,San Jose,CA,80328,Santa Clara,42.039389,-84.379779,Single Family,2,2.0,5180,15166,1955,69,1737479.14,2022-06-28,1386,335.42,1484419.14,2023,24875.88,Ronald Carter,True,CA-SA-36350,449.01,Under-assessed
P-101035,11035,"8624 Sunset Blvd, Brooklyn, NY 91737",8624 Sunset Blvd,,Brooklyn,NY,91737,Kings,42.020008,-156.189223,Single Family,2,3.5,3887,13285,1933,91,1107355.03,2016-06-09,3596,284.89,889193.07,2022,19562.25,Thomas Clark,True,NY-KI-18876,408.84,Under-assessed
P-101036,11036,"7108 Lakeshore Dr, Tampa, FL 57867",7108 Lakeshore Dr,,Tampa,FL,57867,Hillsborough,45.719589,-156.068563,Multi Family,2,4.5,5594,15587,1964,60,705704.93,2022-09-30,1292,126.15,617306.24,2024,5358.21,Karen Adams,True,FL-HI-17346,133.09,Under-assessed
P-101038,11038,"1588 Lakeshore Dr, Dallas, TX 31370",1588 Lakeshore Dr,,Dallas,TX,31370,Dallas,46.376714,-99.413187,Single Family,3,1.0,3658,4616,1976,48,755172.88,2018-03-08,2959,206.44,697837.24,2023,13956.74,Andrew Robinson,False,TX-DA-23315,115.36,Within band
P-101039,11039,"8213 Ridgewood Rd, Apt 17A, Rockville, MD 44137",8213 Ridgewood Rd,Apt 17A,Rockville,MD,44137,Montgomery,31.968879,-102.860023,Townhouse,7,2.0,2760,3579,1969,55,731712.91,2020-03-17,2219,265.11,635285.59,2023,6256.95,Amanda Walker,False,MD-MO-54496,298.14,Under-assessed
P-101040,11040,"2648 Ridgewood Rd, Apt 19A, Decatur, GA 88485",2648 Ridgewood Rd,Apt 19A,Decatur,GA,88485,DeKalb,22.062736,-73.846669,Townhouse,4,4.0,4972,9588,2011,13,318683.52,2020-08-05,2078,64.1,324232.48,2022,6279.04,Dorothy Thomas,False,GA-DE-69161,170.94,Within band
P-101041,11041,"1733 Lake Dr, Apt 28D, Decatur, GA 21080",1733 Lake Dr,Apt 28D,Decatur,GA,21080,DeKalb,23.277746,-152.898274,Condo,4,5.0,943,4804,2009,15,390391.38,2018-07-25,2820,413.99,377055.48,2024,5795.45,Brian Jones,True,GA-DE-16485,139.77,Within band
P-101042,11042,"690 Madison Ave, Apt 13C, Denver, CO 88415",690 Madison Ave,Apt 13C,Denver,CO,88415,Denver,25.002841,-147.989497,Townhouse,5,3.0,6288,12103,1942,82,1017813.15,2018-01-14,3012,161.87,1084708.77,2022,15107.72,Susan Lopez,True,CO-DE-74517,257.12,Within band
P-101043,11043,"3709 Lakeshore Dr, Apt 30B, Charlotte, NC 33827",3709 Lakeshore Dr,Apt 30B,Charlotte,NC,33827,Mecklenburg,25.334069,-125.617659,Condo,2,2.0,1525,7680,1942,82,413969.66,2022-09-09,1313,271.46,416258.81,2023,6282.69,Carol Harris,False,NC-ME-35212,140.0,Within band
P-101044,11044,"8940 Lincoln Rd, Austin, TX 36523",8940 Lincoln Rd,,Austin,TX,36523,Travis,46.868292,-131.384795,Single Family,7,1.0,3096,11324,1986,38,509294.68,2019-07-25,2455,164.5,496069.92,2023,9921.4,Ashley Johnson,False,TX-TR-11353,115.36,Within band
P-101045,11045,"6285 Birch St, Apt 8C, Cleveland, OH 99699",6285 Birch St,Apt 8C,Cleveland,OH,99699,Cuyahoga,30.258063,-103.749263,Townhouse,2,4.5,4670,8886,1999,25,667552.83,2024-03-30,745,142.94,613600.07,2024,9753.29,William Hill,False,OH-CU-64278,148.98,Within band
P-101047,11047,"9807 Heritage Ln, Queens, NY 25338",9807 Heritage Ln,,Queens,NY,25338,Queens,22.890401,-76.606732,Multi Family,2,1.0,1842,11531,1960,64,1413204.14,2018-10-29,2724,767.21,1427815.86,2023,31411.95,Sarah Robinson,False,NY-QU-30207,515.98,Within band
P-101048,11048,"6794 Washington Ave, Boise, ID 91582",6794 Washington Ave,,Boise,ID,91582,Ada,40.152076,-99.225013,Single Family,1,4.0,3688,4933,1962,62,637331.36,2019-04-17,2554,172.81,608212.72,2024,9747.14,Nancy Miller,True,ID-AD-24020,144.4,Within band
P-101049,11049,"8919 Maple Dr, Apt 30A, Phoenix, AZ 15715",8919 Maple Dr,Apt 30A,Phoenix,AZ,15715,Maricopa,28.224201,-110.504356,Condo,6,2.0,1126,11650,1930,94,257888.57,2024-07-31,622,229.03,213611.26,2022,3713.7,Margaret Mitchell,True,AZ-MA-96867,150.88,Under-assessed
P-101050,11050,"8919 Sunset Blvd, Cleveland, OH 67074",8919 Sunset Blvd,,Cleveland,OH,67074,Cuyahoga,35.401157,-110.386665,Multi Family,3,1.0,1451,11000,1934,90,534053.87,2023-05-06,1074,368.06,516366.86,2022,6544.21,Lisa Carter,True,OH-CU-98305,119.72,Within band
P-101051,11051,"797 Forest Glen Rd, Austin, TX 33286",797 Forest Glen Rd,,Austin,TX,33286,Travis,36.105457,-113.284577,Single Family,4,5.0,4535,8541,1960,64,526209.16,2017-07-31,3179,116.03,537272.54,2023,10745.45,Charles Sanchez,False,TX-TR-25565,115.36,Within band
P-101052,11052,"7232 Lake Dr, Apt 26A, Oklahoma City, OK 38535",7232 Lake Dr,Apt 26A,Oklahoma City,OK,38535,Oklahoma,28.849149,-141.314544,Townhouse,2,4.0,1786,4719,1929,95,270780.19,2026-02-02,71,151.61,241452.39,2022,2063.37,William Flores,True,OK-OK-38437,135.38,Under-assessed
P-101053,11053,"8056 Birch St, Everett, WA 84495",8056 Birch St,,Everett,WA,84495,Snohomish,41.470869,-96.098449,Single Family,1,4.5,5638,12953,1939,85,2967416.17,2021-09-22,1665,526.32,2897498.66,2024,57142.07,Karen Torres,False,WA-SN-22653,526.32,Within band
P-101054,11054,"2735 Birch St, Billings, MT 36104",2735 Birch St,,Billings,MT,36104,Yellowstone,23.938682,-109.188911,Single Family,2,4.0,4059,10773,1922,102,695250.37,2017-12-04,3053,171.29,591260.0,2022,5172.73,Matthew Gonzalez,False,MT-YE-80679,151.22,Under-assessed
P-101055,11055,"3268 Creekside Dr, Nashville, TN 34713",3268 Creekside Dr,,Nashville,TN,34713,Davidson,44.133657,-156.66515,Single Family,3,2.0,2813,6815,1987,37,821332.68,2020-02-12,2253,291.98,831956.87,2023,12178.03,William Clark,False,TN-DA-90733,143.46,Within band
P-101056,11056,"9349 Cedar Ln, Hempstead, NY 17817",9349 Cedar Ln,,Hempstead,NY,17817,Nassau,32.954199,-110.543577,Multi Family,2,4.5,4172,8170,1949,75,990796.74,2020-01-19,2277,237.49,1087778.93,2022,23931.14,Paul Flores,False,NY-NA-98234,515.98,Within band
P-101057,11057,"3614 Riverside Dr, Apt 1A, Naperville, IL 63413",3614 Riverside Dr,Apt 1A,Naperville,IL,63413,DuPage,44.8534,-149.752745,Townhouse,6,1.5,5770,14655,2023,1,705033.18,2017-09-02,3146,122.19,649157.28,2023,13632.3,Sarah Ramirez,True,IL-DU-24242,189.44,Within band
P-101058,11058,"2640 Birch St, Apt 16C, Lawrenceville, GA 30558",2640 Birch St,Apt 16C,Lawrenceville,GA,30558,Gwinnett,26.329815,-137.372032,Townhouse,2,1.5,6113,14969,1985,39,690250.06,2023-10-10,917,112.92,624537.07,2022,8451.88,Joshua Campbell,False,GA-GW-79252,170.94,Under-assessed
P-101059,11059,"6752 Riverside Dr, Dallas, TX 74619",6752 Riverside Dr,,Dallas,TX,74619,Dallas,31.219533,-100.394092,Multi Family,7,3.5,5367,8103,1920,104,615147.17,2020-03-31,2205,114.62,588569.12,2024,11771.38,Sarah Roberts,True,TX-DA-26703,126.59,Within band
P-101060,11060,"7384 Willow Way, St. Louis, MO 25306",7384 Willow Way,,St. Louis,MO,25306,St. Louis,33.207074,-113.224386,Single Family,3,4.0,5347,14083,2002,22,312620.86,2018-07-07,2838,58.47,278130.21,2024,3885.41,Deborah Baker,True,MO-ST-29749,127.4,Under-assessed
P-101061,11061,"6274 Meadow Ln, Apt 9D, Troy, MI 62330",6274 Meadow Ln,Apt 9D,Troy,MI,62330,Oakland,35.147464,-90.556415,Townhouse,7,3.5,5308,6851,1937,87,372464.77,2023-12-29,837,70.17,332392.91,2024,5025.16,William Perez,True,MI-OA-88950,164.68,Under-assessed
P-101062,11062,"247 Harbor View Blvd, Apt 20D, Albuquerque, NM 49041",247 Harbor View Blvd,Apt 20D,Albuquerque,NM,49041,Bernalillo,44.494752,-106.598153,Townhouse,1,4.5,2796,13075,1980,44,231321.12,2019-05-12,2529,82.73,213648.58,2024,4243.39,Lisa Jones,False,NM-BE-85247,158.75,Within band
P-101063,11063,"453 Main St, Fairfax, VA 82515",453 Main St,,Fairfax,VA,82515,Fairfax,41.718942,-117.216264,Single Family,3,5.0,3483,14715,1999,25,1320729.87,2023-02-04,1165,379.19,1217301.44,2022,23668.36,Richard Hill,False,VA-FA-49618,195.64,Within band
P-101064,11064,"6833 Lakeshore Dr, Apt 6E, Orlando, FL 41789",6833 Lakeshore Dr,Apt 6E,Orlando,FL,41789,Orange,28.657844,-117.124808,Townhouse,2,4.0,5363,14151,2023,1,535910.01,2022-01-05,1560,99.93,475829.24,2024,6854.06,Thomas Jackson,True,FL-OR-89289,130.82,Under-assessed
P-101065,11065,"262 Ridgewood Rd, Troy, MI 32400",262 Ridgewood Rd,,Troy,MI,32400,Oakland,24.134091,-79.776212,Single Family,2,4.0,1743,9258,1925,99,429431.94,2023-01-12,1188,246.38,414772.46,2022,3408.16,Andrew Lopez,True,MI-OA-43117,152.83,Within band
P-101066,11066,"8621 River Blvd, Apt 18C, Knoxville, TN 39024",8621 River Blvd,Apt 18C,Knoxville,TN,39024,Knox,21.014436,-80.678395,Townhouse,5,2.5,6053,6727,1962,62,496324.73,2018-10-21,2732,82.0,518381.92,2024,5621.09,Joshua Mitchell,True,TN-KN-23891,80.48,Within band
P-101068,11068,"6447 Heritage Ln, Apt 6D, Knoxville, TN 22725",6447 Heritage Ln,Apt 6D,Knoxville,TN,22725,Knox,35.785891,-90.248892,Condo,7,4.5,5034,15928,1957,67,456954.7,2019-11-24,2333,90.77,372662.96,2023,7068.58,Mary Adams,True,TN-KN-71879,138.25,Under-assessed
P-101069,11069,"672 Oak Ave, Apt 22C, Boise, ID 24810",672 Oak Ave,Apt 22C,Boise,ID,24810,Ada,37.72212,-139.248093,Townhouse,6,1.5,989,4772,1954,70,836768.51,2022-11-19,1242,846.08,907817.0,2023,8695.36,Joshua Williams,True,ID-AD-45947,264.98,Within band
P-101070,11070,"9252 Creekside Dr, Minneapolis, MN 59050",9252 Creekside Dr,,Minneapolis,MN,59050,Hennepin,25.368119,-75.220129,Multi Family,2,2.0,1557,6858,1964,60,596799.83,2021-05-23,1787,383.3,633606.15,2022,7467.12,Sandra Roberts,True,MN-HE-33697,204.03,Within band
P-101071,11071,"229 Valley View Dr, Apt 14C, Tampa, FL 40921",229 Valley View Dr,Apt 14C,Tampa,FL,40921,Hillsborough,26.709554,-101.737402,Condo,4,1.0,2718,10892,1959,65,494712.25,2021-12-03,1593,182.01,440824.33,2023,7148.77,Daniel White,True,FL-HI-88745,145.87,Under-assessed
P-101072,11072,"1679 Madison Ave, Hempstead, NY 80041",1679 Madison Ave,,Hempstead,NY,80041,Nassau,26.96844,-156.468722,Single Family,2,3.0,3328,15266,1964,60,1115392.15,2024-06-02,681,335.15,1127053.61,2024,24795.18,Deborah Thomas,True,NY-NA-96299,408.84,Within band
P-101073,11073,"1597 Elm St, Decatur, GA 71905",1597 Elm St,,Decatur,GA,71905,DeKalb,27.275957,-89.244318,Single Family,6,4.5,4652,7225,1974,50,722472.7,2020-04-09,2196,155.3,717243.02,2024,7858.52,Matthew Scott,True,GA-DE-98487,150.1,Within band
P-101074,11074,"9179 Ridgewood Rd, Henderson, NV 32409",9179 Ridgewood Rd,,Henderson,NV,32409,Clark,25.795033,-98.832375,Single Family,6,3.5,1746,13424,1960,64,199094.46,2024-12-26,474,114.03,217659.92,2023,3019.17,Michelle Garcia,True,NV-CL-17174,117.32,Within band
P-101075,11075,"955 Cedar Ln, Nashville, TN 57614",955 Cedar Ln,,Nashville,TN,57614,Davidson,29.175616,-148.931086,Single Family,4,3.0,2805,10531,1949,75,716454.9,2019-02-14,2616,255.42,619337.42,2022,7166.2,Kimberly Campbell,False,TN-DA-48770,143.46,Under-assessed
P-101076,11076,"7657 Park Way, Apt 14A, Orlando, FL 56714",7657 Park Way,Apt 14A,Orlando,FL,56714,Orange,36.385395,-95.897478,Townhouse,4,2.5,2729,7470,1997,27,278476.13,2022-07-18,1366,102.04,242110.04,2024,3489.24,Joseph Gonzalez,True,FL-OR-38543,130.82,Under-assessed
P-101077,11077,"3393 Monroe Blvd, Oakland, CA 94450",3393 Monroe Blvd,,Oakland,CA,94450,Alameda,34.810889,-104.723842,Single Family,4,1.0,4802,12575,1984,40,2081591.08,2024-04-26,718,433.48,2172401.57,2024,19160.17,Susan Walker,True,CA-AL-35729,449.01,Within band
P-101078,11078,"4773 Summit Rd, Houston, TX 34111",4773 Summit Rd,,Houston,TX,34111,Harris,29.373197,-151.554246,Single Family,1,4.5,6264,11273,1972,52,374837.49,2018-11-14,2708,59.84,323789.15,2023,6475.78,Steven Allen,True,TX-HA-77093,115.36,Under-assessed
P-101079,11079,"1859 Hillcrest Ave, Apt 8B, Louisville, KY 65686",1859 Hillcrest Ave,Apt 8B,Louisville,KY,65686,Jefferson,39.167315,-140.644737,Condo,7,4.0,4667,6102,2014,10,493768.84,2017-12-16,3041,105.8,451141.76,2022,6816.7,Betty Nguyen,False,KY-JE-50683,141.41,Within band
P-101080,11080,"2337 Adams St, Apt 23C, Troy, MI 59292",2337 Adams St,Apt 23C,Troy,MI,59292,Oakland,37.671282,-119.588989,Townhouse,1,1.0,6248,6853,1934,90,157614.89,2019-08-09,2440,25.23,152292.4,2023,1634.78,Mary Wright,False,MI-OA-99621,164.68,Within band
P-101081,11081,"1659 Pine Rd, Apt 12D, Bronx, NY 80818",1659 Pine Rd,Apt 12D,Bronx,NY,80818,Bronx,36.752951,-99.269312,Condo,3,2.0,5929,10759,1969,55,1294652.82,2020-07-06,2108,218.36,1337303.47,2023,29420.68,Brian Flores,False,NY-BR-86393,351.08,Within band
P-101082,11082,"9292 Meadow Ln, Apt 20A, Hempstead, NY 74261",9292 Meadow Ln,Apt 20A,Hempstead,NY,74261,Nassau,29.707726,-95.231848,Townhouse,7,5.0,1635,10127,2014,10,789043.73,2019-08-22,2427,482.6,643388.34,2022,14154.54,Deborah Nguyen,True,NY-NA-80623,521.74,Under-assessed
P-101083,11083,"5002 Lincoln Rd, Brooklyn, NY 93794",5002 Lincoln Rd,,Brooklyn,NY,93794,Kings,37.123551,-82.190519,Single Family,4,1.0,3288,12800,1987,37,1362708.54,2023-05-04,1076,414.45,1468498.55,2022,32306.97,Jessica Ramirez,True,NY-KI-30955,408.84,Within band
P-101084,11084,"6509 River Blvd, Charleston, SC 20878",6509 River Blvd,,Charleston,SC,20878,Charleston,25.828968,-138.065511,Single Family,2,5.0,4718,10316,2016,8,458845.59,2020-04-08,2197,97.25,382779.58,2022,5717.76,Michelle Young,False,SC-CH-20457,121.9,Under-assessed
P-101086,11086,"8922 Oak Ave, Apt 5E, Boston, MA 70906",8922 Oak Ave,Apt 5E,Boston,MA,70906,Suffolk,46.471397,-155.96568,Townhouse,2,2.0,6115,12579,1922,102,2725692.85,2024-12-02,498,445.74,2280200.6,2022,39783.06,Jennifer Smith,True,MA-SU-79813,343.24,Under-assessed
P-101088,11088,"3576 Lakeshore Dr, Apt 12B, Aurora, CO 37077",3576 Lakeshore Dr,Apt 12B,Aurora,CO,37077,Arapahoe,31.612214,-78.197412,Condo,4,2.5,3705,10292,1937,87,1398015.13,2025-05-25,324,377.33,1209436.71,2023,17072.27,Joshua Sanchez,True,CO-AR-37392,256.52,Under-assessed
P-101089,11089,"1088 Main St, Omaha, NE 92133",1088 Main St,,Omaha,NE,92133,Douglas,29.84738,-129.00713,Multi Family,1,3.5,5784,10566,1977,47,639214.12,2025-04-26,353,110.51,636144.91,2023,11351.97,Sarah Nguyen,True,NE-DO-34371,110.51,Within band
P-101090,11090,"5780 Park Way, Apt 1C, Knoxville, TN 23272",5780 Park Way,Apt 1C,Knoxville,TN,23272,Knox,31.065518,-135.589358,Townhouse,1,2.0,4762,8693,1980,44,499204.06,2021-02-27,1872,104.83,403582.48,2022,5866.65,Mark Roberts,False,TN-KN-63721,80.48,Under-assessed
P-101091,11091,"4933 Washington Ave, Apt 30C, Charlotte, NC 78319",4933 Washington Ave,Apt 30C,Charlotte,NC,78319,Mecklenburg,23.17848,-86.7703,Condo,1,4.0,1227,1799,1933,91,606292.44,2018-06-21,2854,494.13,569034.65,2023,8885.63,Jessica Perez,True,NC-ME-93206,140.0,Within band
P-101092,11092,"4451 Maple Dr, Apt 22C, Philadelphia, PA 58929",4451 Maple Dr,Apt 22C,Philadelphia,PA,58929,Philadelphia,46.528366,-153.739813,Condo,5,1.0,1708,9742,1947,77,126452.6,2024-09-06,585,74.04,119621.87,2022,1563.06,Paul Miller,True,PA-PH-43969,115.78,Within band
P-101093,11093,"2001 Madison Ave, Kansas City, MO 87591",2001 Madison Ave,,Kansas City,MO,87591,Jackson,29.400196,-138.606929,Single Family,5,4.0,5311,6046,1973,51,506331.74,2023-05-14,1066,95.34,510661.77,2024,9356.96,Kevin Hall,False,MO-JA-84667,127.4,Within band
P-101094,11094,"2936 Birch St, Apt 5D, Atlanta, GA 80330",2936 Birch St,Apt 5D,Atlanta,GA,80330,Fulton,41.233581,-132.794893,Townhouse,5,4.5,2808,8049,2016,8,869514.74,2025-01-10,459,309.66,918819.34,2022,16514.76,Stephanie Perez,True,GA-FU-69464,170.94,Within band
P-101095,11095,"7530 Jackson Dr, Apt 29A, Tampa, FL 35761",7530 Jackson Dr,Apt 29A,Tampa,FL,35761,Hillsborough,21.563734,-72.798335,Condo,5,1.5,1465,7752,1954,70,725014.54,2017-09-11,3137,494.89,760322.73,2022,8865.97,Jessica Nguyen,True,FL-HI-78513,145.87,Within band
P-101096,11096,"8184 Jefferson St, Apt 30A, Boston, MA 81876",8184 Jefferson St,Apt 30A,Boston,MA,81876,Suffolk,33.452172,-100.284737,Townhouse,5,2.5,2517,6030,1971,53,1316092.29,2020-12-15,1946,522.88,1230351.69,2023,11234.98,Melissa Smith,False,MA-SU-91617,343.24,Within band
P-101097,11097,"3262 Birch St, Memphis, TN 93481",3262 Birch St,,Memphis,TN,93481,Shelby,44.143713,-72.668758,Single Family,5,2.0,3843,6026,1964,60,326315.75,2024-05-30,684,84.91,355999.56,2023,3137.72,William Anderson,False,TN-SH-90112,143.46,Within band
P-101098,11098,"5934 Harbor View Blvd, Apt 27E, Fort Worth, TX 70532",5934 Harbor View Blvd,Apt 27E,Fort Worth,TX,70532,Tarrant,24.549688,-133.637808,Condo,1,1.0,1063,12651,2008,16,505903.38,2019-08-25,2424,475.92,532038.2,2023,10640.76,Jessica Hernandez,True,TX-TA-41483,158.16,Within band
P-101099,11099,"1333 Cedar Ln, Boise, ID 91446",1333 Cedar Ln,,Boise,ID,91446,Ada,33.792111,-103.397069,Single Family,6,2.0,1781,6320,1989,35,862652.05,2025-12-19,116,484.36,842133.45,2024,12376.2,Barbara Mitchell,True,ID-AD-43522,144.4,Within band
P-101100,11100,"6766 Jefferson St, Lexington, KY 34029",6766 Jefferson St,,Lexington,KY,34029,Fayette,25.702586,-150.20281,Single Family,7,3.0,1780,4819,1957,67,130911.25,2016-12-12,3410,73.55,139685.21,2024,2246.33,Susan Clark,True,KY-FA-79936,133.33,Within band
P-101101,11101,"945 Maple Dr, Omaha, NE 35220",945 Maple Dr,,Omaha,NE,35220,Douglas,29.095187,-111.25188,Single Family,6,4.0,2362,3185,1980,44,129359.38,2020-02-27,2238,54.77,118985.65,2024,1883.97,Patricia Martinez,False,NE-DO-14167,108.09,Within band
P-101102,11102,"5592 Monroe Blvd, Oklahoma City, OK 61239",5592 Monroe Blvd,,Oklahoma City,OK,61239,Oklahoma,44.671457,-120.972902,Single Family,1,3.5,2210,8915,1989,35,575046.06,2026-03-04,41,260.2,518512.85,2023,7911.98,Mary Brown,True,OK-OK-41902,128.71,Under-assessed
P-101104,11104,"6487 Orchard Ln, Apt 14A, Irvine, CA 28682",6487 Orchard Ln,Apt 14A,Irvine,CA,28682,Orange,25.919404,-154.8292,Condo,3,3.0,3938,5770,1983,41,788425.99,2024-05-29,685,200.21,760158.79,2022,10404.7,James Robinson,True,CA-OR-42096,453.06,Within band
P-101105,11105,"3795 Clearwater Ct, Manhattan, NY 48421",3795 Clearwater Ct,,Manhattan,NY,48421,New York,43.705956,-76.0314,Single Family,2,3.5,1781,3302,2002,22,1661799.81,2024-08-31,591,933.07,1500100.65,2022,33002.21,Karen Carter,True,NY-NE-97073,408.84,Under-assessed
P-101106,11106,"9657 Jackson Dr, Dallas, TX 49988",9657 Jackson Dr,,Dallas,TX,49988,Dallas,40.660557,-118.191248,Single Family,2,4.0,5654,6024,1946,78,646034.29,2021-07-25,1724,114.26,641166.96,2023,12823.34,Joseph Rodriguez,True,TX-DA-20341,115.36,Within band
P-101107,11107,"7728 Clearwater Ct, Billings, MT 83032",7728 Clearwater Ct,,Billings,MT,83032,Yellowstone,21.638821,-72.551311,Single Family,3,3.5,6269,12152,1994,30,541238.92,2025-01-10,459,86.34,495060.13,2022,4588.82,Kenneth Nelson,True,MT-YE-80388,151.22,Within band
P-101108,11108,"1589 Broadway, Apt 30A, New Orleans, LA 66343",1589 Broadway,Apt 30A,New Orleans,LA,66343,Orleans,35.323054,-121.799503,Condo,6,5.0,3988,8170,1981,43,553682.03,2017-05-30,3241,138.84,588919.71,2024,9477.82,David Wilson,True,LA-OR-17705,138.14,Within band
P-101110,11110,"6539 Lake Dr, Apt 6B, Chicago, IL 35871",6539 Lake Dr,Apt 6B,Chicago,IL,35871,Cook,41.813711,-71.770675,Condo,5,3.0,4776,11936,1954,70,470256.95,2025-11-04,161,98.46,447332.35,2022,9393.98,Kimberly Clark,True,IL-CO-66582,148.0,Within band
P-101111,11111,"2855 Elm St, Houston, TX 31823",2855 Elm St,,Houston,TX,31823,Harris,26.281499,-93.763805,Single Family,7,1.0,3543,8930,1920,104,805346.4,2017-09-29,3119,227.31,696899.42,2022,13937.99,Emily King,True,TX-HA-48232,115.36,Under-assessed
P-101112,11112,"7529 Monroe Blvd, Apt 5D, Grand Rapids, MI 87823",7529 Monroe Blvd,Apt 5D,Grand Rapids,MI,87823,Kent,23.947592,-156.579855,Condo,5,1.5,1593,5723,1935,89,436831.16,2026-04-03,11,274.22,352497.76,2022,4446.34,Ronald Mitchell,False,MI-KE-40814,194.54,Under-assessed
P-101113,11113,"7583 Lakeshore Dr, Apt 8B, Chicago, IL 90973",7583 Lakeshore Dr,Apt 8B,Chicago,IL,90973,Cook,22.18533,-156.225145,Townhouse,3,5.0,1273,10245,1974,50,494422.55,2023-05-23,1057,388.39,453164.16,2022,9516.45,Joshua Nguyen,True,IL-CO-99692,189.44,Within band
P-101114,11114,"2045 River Blvd, Saint Paul, MN 42023",2045 River Blvd,,Saint Paul,MN,42023,Ramsey,46.256945,-149.824072,Single Family,5,1.5,3207,4721,2004,20,591220.67,2019-01-15,2646,184.35,538492.07,2023,6438.6,Barbara Carter,True,MN-RA-50507,127.64,Within band
P-101115,11115,"397 Lincoln Rd, Queens, NY 93351",397 Lincoln Rd,,Queens,NY,93351,Queens,27.884017,-83.235795,Single Family,1,3.5,2266,7573,2017,7,1179479.21,2021-08-26,1692,520.51,1089054.13,2023,23959.19,Kenneth Hill,True,NY-QU-47143,408.84,Within band
P-101116,11116,"4578 Creekside Dr, New Orleans, LA 66615",4578 Creekside Dr,,New Orleans,LA,66615,Orleans,32.702844,-94.698079,Single Family,1,5.0,1730,6104,2002,22,682393.83,2017-03-13,3319,394.45,574428.03,2024,10869.9,George Allen,True,LA-OR-28058,131.1,Under-assessed
P-101117,11117,"3745 Birch St, Billings, MT 68554",3745 Birch St,,Billings,MT,68554,Yellowstone,36.806283,-90.265962,Single Family,2,4.0,1752,2303,1987,37,390387.48,2016-05-01,3635,222.82,320511.38,2023,5213.41,David Robinson,True,MT-YE-56990,151.22,Under-assessed
P-101119,11119,"2994 Ridgewood Rd, Oakland, CA 55344",2994 Ridgewood Rd,,Oakland,CA,55344,Alameda,35.958212,-132.042771,Multi Family,1,1.0,1098,8710,1997,27,977323.78,2025-08-30,227,890.09,859410.3,2023,7117.96,Jennifer Rodriguez,True,CA-AL-78468,479.75,Under-assessed
P-101120,11120,"7608 Pine Rd, Manhattan, NY 13882",7608 Pine Rd,,Manhattan,NY,13882,New York,23.377873,-80.528853,Single Family,2,2.0,5251,15526,1974,50,659363.53,2025-04-12,367,125.57,552235.44,2024,12149.18,Andrew Rivera,True,NY-NE-75242,408.84,Under-assessed
P-101121,11121,"7230 Ridgewood Rd, Apt 4E, Minneapolis, MN 39411",7230 Ridgewood Rd,Apt 4E,Minneapolis,MN,39411,Hennepin,46.326588,-89.844363,Condo,3,4.0,976,5980,2003,21,258609.4,2024-08-30,592,264.97,282799.94,2023,5613.84,Kevin Martin,True,MN-HE-13296,159.96,Within band
P-101122,11122,"5554 Monroe Blvd, Apt 25A, Sacramento, CA 10897",5554 Monroe Blvd,Apt 25A,Sacramento,CA,10897,Sacramento,30.6977,-94.431471,Condo,6,3.0,4628,7067,1953,71,1166379.26,2020-01-09,2287,252.03,1269406.42,2022,17637.17,Mark Wright,True,CA-SA-51661,453.06,Within band
P-101123,11123,"7617 Washington Ave, Jacksonville, FL 61673",7617 Washington Ave,,Jacksonville,FL,61673,Duval,33.006175,-156.669979,Multi Family,7,4.0,6363,12710,1964,60,846868.2,2017-07-02,3208,133.09,779166.85,2022,14236.24,Karen Jones,False,FL-DU-91448,133.09,Within band
P-101124,11124,"6797 Harbor View Blvd, Apt 17E, Portland, OR 76930",6797 Harbor View Blvd,Apt 17E,Portland,OR,76930,Multnomah,43.69087,-133.548063,Townhouse,3,4.5,4426,5745,2004,20,491572.43,2025-08-10,247,111.06,487508.89,2023,3988.08,Mark Miller,False,OR-MU-49755,118.34,Within band
P-101125,11125,"5037 Sunset Blvd, Apt 14C, Baltimore, MD 26456",5037 Sunset Blvd,Apt 14C,Baltimore,MD,26456,Baltimore,27.235277,-81.823786,Condo,3,1.0,3116,15011,1973,51,1354446.16,2017-10-30,3088,434.67,1237315.16,2022,23966.41,Barbara Garcia,True,MD-BA-93518,253.54,Within band
P-101126,11126,"5937 Broadway, Tulsa, OK 56781",5937 Broadway,,Tulsa,OK,56781,Tulsa,27.804615,-88.64804,Single Family,4,3.0,2918,13449,1931,93,717803.65,2025-02-23,415,245.99,718646.48,2024,10001.18,Richard Wright,True,OK-TU-79624,128.71,Within band
P-101127,11127,"7695 Monroe Blvd, Apt 18A, Manhattan, NY 10330",7695 Monroe Blvd,Apt 18A,Manhattan,NY,10330,New York,43.715125,-119.673999,Condo,2,3.5,6147,15760,2020,4,1326875.65,2016-06-23,3582,215.86,1405426.72,2022,30919.39,Kimberly King,True,NY-NE-65020,351.08,Within band
P-101128,11128,"6738 Adams St, Grand Rapids, MI 12396",6738 Adams St,,Grand Rapids,MI,12396,Kent,30.203892,-148.444456,Single Family,1,2.0,1346,3983,1967,57,362581.63,2018-12-02,2690,269.38,371619.18,2022,6550.07,Susan Thomas,False,MI-KE-25527,152.83,Within band
P-101129,11129,"934 Clearwater Ct, Grand Rapids, MI 90124",934 Clearwater Ct,,Grand Rapids,MI,90124,Kent,40.715316,-111.073345,Single Family,7,2.5,4668,6999,1932,92,676553.38,2019-01-31,2630,144.93,718288.95,2023,6202.03,Patricia Gonzalez,True,MI-KE-36429,152.83,Within band
P-101130,11130,"9843 Harbor View Blvd, Fort Lauderdale, FL 82189",9843 Harbor View Blvd,,Fort Lauderdale,FL,82189,Broward,42.943907,-102.807905,Single Family,1,1.5,2861,3392,1921,103,283688.15,2020-12-16,1945,99.16,296166.86,2022,2749.39,George Young,False,FL-BR-87292,138.34,Within band
P-101131,11131,"9189 Willow Way, St. Louis, MO 15975",9189 Willow Way,,St. Louis,MO,15975,St. Louis,41.687869,-147.868281,Multi Family,2,3.5,6201,17920,1998,26,882660.05,2025-09-17,209,142.34,897248.27,2023,8238.77,Carol Jackson,False,MO-ST-93379,121.33,Within band
P-101132,11132,"8683 Valley View Dr, St. Louis, MO 57796",8683 Valley View Dr,,St. Louis,MO,57796,St. Louis,45.413509,-102.30429,Single Family,2,4.5,3391,7052,1963,61,533485.13,2018-05-13,2893,157.32,445894.32,2023,8503.87,Emily King,False,MO-ST-68148,127.4,Under-assessed
P-101133,11133,"156 Riverside Dr, Charleston, SC 28035",156 Riverside Dr,,Charleston,SC,28035,Charleston,41.653825,-104.909246,Single Family,6,2.5,4433,6267,1973,51,202511.23,2025-12-22,113,45.68,195576.73,2024,1825.28,Michelle Walker,False,SC-CH-30267,121.9,Within band
P-101134,11134,"3422 Forest Glen Rd, Apt 1E, Jacksonville, FL 42940",3422 Forest Glen Rd,Apt 1E,Jacksonville,FL,42940,Duval,33.749727,-89.584228,Condo,2,4.5,3375,7089,1925,99,468978.78,2021-07-31,1718,138.96,453923.37,2022,8531.96,James Lopez,False,FL-DU-81700,145.87,Within band
P-101135,11135,"5865 Lakeshore Dr, Apt 18C, Columbus, OH 75601",5865 Lakeshore Dr,Apt 18C,Columbus,OH,75601,Franklin,21.834162,-142.23467,Condo,6,3.0,2190,4401,1947,77,803544.39,2024-03-12,763,366.92,681952.68,2022,8652.91,Robert Harris,False,OH-FR-60125,220.86,Under-assessed
P-101136,11136,"4352 Creekside Dr, Kansas City, MO 97343",4352 Creekside Dr,,Kansas City,MO,97343,Jackson,33.512235,-123.162782,Single Family,6,3.5,1143,8301,1999,25,658272.96,2023-07-11,1008,575.92,640775.58,2023,10485.51,Barbara Garcia,True,MO-JA-25130,127.4,Within band
P-101137,11137,"4985 Sunset Blvd, Philadelphia, PA 60907",4985 Sunset Blvd,,Philadelphia,PA,60907,Philadelphia,22.92654,-115.210183,Single Family,2,2.5,3581,4341,2003,21,527691.76,2023-05-23,1057,147.36,563488.48,2022,6415.22,Jessica Hall,False,PA-PH-24746,120.29,Within band
P-101138,11138,"8917 Madison Ave, Apt 2B, Omaha, NE 85744",8917 Madison Ave,Apt 2B,Omaha,NE,85744,Douglas,24.629269,-109.86085,Condo,5,1.5,2405,2791,1921,103,355113.66,2025-01-30,439,147.66,362775.97,2024,6425.64,John Smith,True,NE-DO-39967,245.62,Within band
P-101139,11139,"6134 Elm St, Apt 1C, Miami, FL 59421",6134 Elm St,Apt 1C,Miami,FL,59421,Miami-Dade,33.621186,-125.268628,Condo,4,3.0,3911,15591,2021,3,311153.06,2018-10-17,2736,79.56,329922.06,2024,6054.08,Joseph Martin,True,FL-MI-22251,145.87,Within band
P-101140,11140,"2041 Jackson Dr, Dallas, TX 75361",2041 Jackson Dr,,Dallas,TX,75361,Dallas,32.146195,-90.122455,Single Family,4,5.0,5394,12348,1935,89,369644.69,2023-07-08,1011,68.53,356907.79,2023,7138.16,Linda Rodriguez,True,TX-DA-20008,115.36,Within band
P-101141,11141,"8172 Valley View Dr, Apt 24D, Eugene, OR 22908",8172 Valley View Dr,Apt 24D,Eugene,OR,22908,Lane,24.55064,-105.472046,Townhouse,4,5.0,1406,6998,1966,58,611516.8,2022-01-23,1542,434.93,645899.07,2024,5520.74,Brian Hill,True,OR-LA-39764,118.34,Within band
P-101142,11142,"2615 Heritage Ln, Apt 4C, Dallas, TX 48367",2615 Heritage Ln,Apt 4C,Dallas,TX,48367,Dallas,32.53099,-92.781318,Townhouse,7,3.0,4063,11641,1979,45,230250.21,2022-04-08,1467,56.67,188666.41,2022,3773.33,Jessica Brown,False,TX-DA-70797,143.56,Under-assessed
P-101143,11143,"4418 Riverside Dr, Detroit, MI 79672",4418 Riverside Dr,,Detroit,MI,79672,Wayne,47.36506,-91.520452,Single Family,6,1.0,2373,3973,1982,42,368079.13,2023-09-22,935,155.11,352996.31,2022,6588.33,Charles Jones,False,MI-WA-75962,152.83,Within band
P-101144,11144,"7620 Washington Ave, Apt 5A, Henderson, NV 60242",7620 Washington Ave,Apt 5A,Henderson,NV,60242,Clark,22.319979,-108.051843,Townhouse,3,4.0,6213,14865,1971,53,885386.84,2021-03-24,1847,142.51,757697.19,2024,13643.75,Robert Lewis,True,NV-CL-42856,114.32,Under-assessed
P-101145,11145,"6280 Jefferson St, Apt 20A, Eugene, OR 28850",6280 Jefferson St,Apt 20A,Eugene,OR,28850,Lane,33.673222,-151.118992,Condo,3,2.5,5093,11661,1980,44,801082.75,2024-09-24,567,157.29,726934.82,2022,7716.16,Kimberly Ramirez,False,OR-LA-72283,306.82,Under-assessed
P-101146,11146,"594 Adams St, Philadelphia, PA 77765",594 Adams St,,Philadelphia,PA,77765,Philadelphia,45.340847,-111.471547,Multi Family,5,2.5,2044,2986,2008,16,380994.94,2022-02-16,1518,186.4,393653.97,2023,3177.7,Mary Baker,True,PA-PH-89165,221.23,Within band
P-101147,11147,"7870 Lincoln Rd, Apt 20D, Manhattan, NY 85721",7870 Lincoln Rd,Apt 20D,Manhattan,NY,85721,New York,32.080181,-149.708704,Townhouse,5,4.5,4114,8330,2019,5,476945.42,2024-02-18,786,115.93,479112.39,2024,10540.47,Donald Brown,False,NY-NE-75561,521.74,Within band
P-101148,11148,"5654 Hillcrest Ave, Apt 2B, Arlington, VA 43382",5654 Hillcrest Ave,Apt 2B,Arlington,VA,43382,Arlington,25.207808,-83.003161,Townhouse,6,1.0,2576,11209,1953,71,476595.09,2024-04-02,742,185.01,449456.37,2023,7638.49,David Robinson,False,VA-AR-33627,202.82,Within band
P-101149,11149,"2512 Riverside Dr, Atlanta, GA 23538",2512 Riverside Dr,,Atlanta,GA,23538,Fulton,23.820047,-150.47402,Single Family,7,3.5,5935,13964,1974,50,593262.88,2020-10-07,2015,99.96,493584.27,2022,4287.51,Charles Hernandez,False,GA-FU-81197,150.1,Under-assessed
P-101150,11150,"1968 Heritage Ln, Apt 24D, Cleveland, OH 45154",1968 Heritage Ln,Apt 24D,Cleveland,OH,45154,Cuyahoga,43.184467,-121.839097,Condo,2,1.0,3670,6549,1933,91,771725.65,2019-10-18,2370,210.28,619201.09,2024,11317.59,Susan Lopez,True,OH-CU-33616,220.86,Under-assessed
P-101151,11151,"9104 Main St, Louisville, KY 22537",9104 Main St,,Louisville,KY,22537,Jefferson,47.417424,-79.527941,Single Family,6,4.0,2800,10917,1929,95,167229.02,2020-02-27,2238,59.72,135051.14,2022,1810.62,Ronald Johnson,False,KY-JE-20536,133.33,Under-assessed
P-101152,11152,"3278 Harbor View Blvd, Grand Rapids, MI 15156",3278 Harbor View Blvd,,Grand Rapids,MI,15156,Kent,44.536565,-97.383173,Single Family,3,2.5,2309,5335,1972,52,771401.97,2024-03-23,752,334.08,675857.32,2023,8462.29,Joseph Davis,False,MI-KE-67746,152.83,Under-assessed
P-101154,11154,"3687 Madison Ave, Tulsa, OK 26675",3687 Madison Ave,,Tulsa,OK,26675,Tulsa,33.243459,-143.25368,Single Family,2,5.0,1312,3934,1993,31,211940.9,2021-12-08,1588,161.54,183681.25,2024,1574.72,Stephanie Torres,False,OK-TU-17798,128.71,Under-assessed
P-101155,11155,"7152 Willow Way, Jacksonville, FL 69318",7152 Willow Way,,Jacksonville,FL,69318,Duval,31.471021,-128.191891,Single Family,4,2.0,5129,15688,1958,66,397600.22,2023-12-24,842,77.52,388230.23,2023,6010.25,Kevin Nguyen,True,FL-DU-69328,138.34,Within band
P-101156,11156,"8384 Summit Rd, Austin, TX 49498",8384 Summit Rd,,Austin,TX,49498,Travis,42.62571,-120.573461,Single Family,3,4.0,777,3556,1925,99,545599.43,2018-10-28,2725,702.19,553489.08,2022,11069.78,William Hill,True,TX-TR-34401,115.36,Within band
P-101157,11157,"6185 Clearwater Ct, Apt 2B, Irvine, CA 41220",6185 Clearwater Ct,Apt 2B,Irvine,CA,41220,Orange,37.421958,-132.684124,Condo,5,1.0,5390,9079,1942,82,3191194.39,2022-05-17,1428,592.06,3469260.79,2022,36342.17,James Hernandez,True,CA-OR-18812,453.06,Within band
P-101158,11158,"5529 Hillcrest Ave, Apt 20B, Cleveland, OH 17782",5529 Hillcrest Ave,Apt 20B,Cleveland,OH,17782,Cuyahoga,24.008336,-80.027947,Condo,3,3.0,3291,15053,2007,17,820020.45,2023-10-01,926,249.17,866429.39,2024,12174.65,Emily Scott,True,OH-CU-37282,220.86,Within band
P-101159,11159,"3257 Broadway, Charlotte, NC 48606",3257 Broadway,,Charlotte,NC,48606,Mecklenburg,43.51975,-122.71206,Single Family,5,4.0,1683,1801,2023,1,539174.84,2022-05-24,1421,320.37,522621.74,2024,7557.31,Carol Anderson,True,NC-ME-45319,151.03,Within band
P-101160,11160,"1582 Broadway, Apt 10E, Seattle, WA 85993",1582 Broadway,Apt 10E,Seattle,WA,85993,King,22.524604,-89.13341,Townhouse,4,3.5,5611,15460,1998,26,858386.78,2025-08-25,232,152.98,717071.7,2022,14057.31,Betty Gonzalez,True,WA-KI-70265,380.09,Under-assessed
P-101161,11161,"4652 Broadway, Apt 4D, Cleveland, OH 18593",4652 Broadway,Apt 4D,Cleveland,OH,18593,Cuyahoga,45.019983,-123.598022,Townhouse,7,3.0,5850,7372,1992,32,278456.59,2021-04-04,1836,47.6,251326.38,2022,3777.81,Susan Sanchez,True,OH-CU-40025,148.98,Under-assessed
P-101162,11162,"3903 Creekside Dr, Apt 14A, Cleveland, OH 26791",3903 Creekside Dr,Apt 14A,Cleveland,OH,26791,Cuyahoga,46.020084,-82.617532,Condo,4,3.5,1838,12778,1985,39,611053.15,2021-10-24,1633,332.46,535015.14,2022,10040.94,Barbara Hall,True,OH-CU-91370,220.86,Under-assessed
P-101163,11163,"3844 Oak Ave, Apt 9B, Eugene, OR 10591",3844 Oak Ave,Apt 9B,Eugene,OR,10591,Lane,36.13367,-143.22449,Condo,3,3.5,1725,6156,1927,97,529262.24,2018-05-17,2889,306.82,440223.62,2023,7172.56,Nancy Thompson,True,OR-LA-22332,306.82,Under-assessed
P-101164,11164,"1744 River Blvd, Apt 3E, Brooklyn, NY 49257",1744 River Blvd,Apt 3E,Brooklyn,NY,49257,Kings,27.300714,-83.805489,Condo,7,4.5,4574,14261,1979,45,2395019.31,2023-05-11,1069,523.62,2250938.13,2022,49520.64,Deborah Taylor,False,NY-KI-30096,351.08,Within band
P-101165,11165,"3970 Adams St, Apt 27E, Provo, UT 92350",3970 Adams St,Apt 27E,Provo,UT,92350,Utah,42.144218,-129.043761,Condo,7,1.5,5439,8393,2014,10,843583.33,2026-03-14,31,155.1,751424.66,2024,10367.58,Robert Ramirez,True,UT-UT-60096,137.94,Under-assessed
P-101166,11166,"3523 Monroe Blvd, Chicago, IL 32302",3523 Monroe Blvd,,Chicago,IL,32302,Cook,36.60616,-71.202572,Multi Family,3,1.5,3532,13649,1927,97,249424.74,2021-01-16,1914,70.62,253147.03,2024,5316.09,Sandra Moore,True,IL-CO-78126,177.46,Within band
P-101167,11167,"8348 Hillcrest Ave, Apt 22E, Reno, NV 79113",8348 Hillcrest Ave,Apt 22E,Reno,NV,79113,Washoe,35.055727,-84.829817,Condo,2,3.5,6330,13493,2010,14,739113.07,2024-10-08,553,116.76,680988.65,2022,5594.92,Paul Moore,True,NV-WA-26427,116.76,Within band
P-101168,11168,"6037 Clearwater Ct, Apt 30D, Hempstead, NY 38404",6037 Clearwater Ct,Apt 30D,Hempstead,NY,38404,Nassau,43.849984,-101.524628,Townhouse,6,3.5,1256,10850,1970,54,964757.67,2024-07-01,652,768.12,821765.2,2023,18078.83,Michael Wright,True,NY-NA-96990,521.74,Under-assessed
P-101169,11169,"5013 Harbor View Blvd, Apt 23D, Hempstead, NY 32557",5013 Harbor View Blvd,Apt 23D,Hempstead,NY,32557,Nassau,35.640472,-140.582844,Condo,2,1.0,1342,4119,2021,3,945702.0,2023-03-20,1121,704.7,781298.19,2024,17188.56,Joshua Smith,False,NY-NA-89362,351.08,Under-assessed
P-101170,11170,"2889 Harbor View Blvd, Apt 2A, Troy, MI 15211",2889 Harbor View Blvd,Apt 2A,Troy,MI,15211,Oakland,24.56104,-122.330333,Condo,7,3.5,1031,10545,1966,58,455640.69,2024-03-16,759,441.94,373637.21,2023,5890.09,Mary Rivera,True,MI-OA-19813,194.54,Under-assessed
P-101171,11171,"3698 Monroe Blvd, Lexington, KY 58593",3698 Monroe Blvd,,Lexington,KY,58593,Fayette,41.219911,-110.129332,Single Family,2,2.0,3040,10636,1931,93,187737.93,2019-08-24,2425,61.76,162704.55,2022,2658.26,Mark Johnson,False,KY-FA-28817,133.33,Under-assessed
P-101172,11172,"8060 Maple Dr, St. Louis, MO 51991",8060 Maple Dr,,St. Louis,MO,51991,St. Louis,31.599318,-122.179705,Multi Family,7,1.0,4483,11625,1936,88,424919.41,2023-11-01,895,94.78,430279.11,2024,8292.65,James Smith,True,MO-ST-39919,121.33,Within band
P-101173,11173,"2942 Lincoln Rd, St. Louis, MO 45569",2942 Lincoln Rd,,St. Louis,MO,45569,St. Louis,32.22697,-118.311718,Multi Family,6,2.0,2426,13457,1934,90,280357.08,2016-07-22,3553,115.56,298809.54,2023,2801.64,Carol Flores,True,MO-ST-22209,121.33,Within band
P-101174,11174,"5009 Lake Dr, Apt 14B, Saint Paul, MN 36220",5009 Lake Dr,Apt 14B,Saint Paul,MN,36220,Ramsey,39.958529,-123.149221,Condo,7,3.0,1552,4773,1978,46,259368.15,2021-01-05,1925,167.12,258732.1,2023,3694.77,Steven Clark,False,MN-RA-14147,159.96,Within band
P-101175,11175,"4889 Washington Ave, Raleigh, NC 91746",4889 Washington Ave,,Raleigh,NC,91746,Wake,46.828968,-85.765317,Multi Family,7,1.5,4477,9847,1963,61,198067.68,2020-02-10,2255,44.24,184681.1,2022,3329.93,Dorothy Flores,False,NC-WA-34744,162.12,Within band
P-101176,11176,"5011 Washington Ave, Apt 19C, Atlanta, GA 15397",5011 Washington Ave,Apt 19C,Atlanta,GA,15397,Fulton,44.378427,-132.028291,Condo,4,3.0,2784,7163,1929,95,719494.3,2024-05-24,690,258.44,622871.46,2023,8185.03,Nancy Gonzalez,True,GA-FU-60950,139.77,Under-assessed
P-101177,11177,"9443 Main St, Apt 3A, Eugene, OR 31693",9443 Main St,Apt 3A,Eugene,OR,31693,Lane,30.511788,-131.472295,Condo,3,2.5,3700,5941,1973,51,971294.29,2025-10-26,170,262.51,858878.82,2023,8653.62,Kimberly Ramirez,False,OR-LA-44894,306.82,Under-assessed
P-101178,11178,"9858 Valley View Dr, Apt 18A, Austin, TX 39771",9858 Valley View Dr,Apt 18A,Austin,TX,39771,Travis,34.272785,-127.662194,Townhouse,4,3.0,2028,3525,1970,54,686368.14,2023-08-27,961,338.45,615250.88,2024,12305.02,Robert Nguyen,False,TX-TR-72515,143.56,Under-assessed
P-101179,11179,"7101 Cedar Ln, Durham, NC 49940",7101 Cedar Ln,,Durham,NC,49940,Durham,33.951312,-100.663724,Multi Family,6,1.5,3005,6644,1978,46,514047.29,2020-06-03,2141,171.06,451630.23,2022,6089.98,Betty Campbell,True,NC-DU-81071,162.12,Under-assessed
P-101180,11180,"5857 Willow Way, Eugene, OR 43607",5857 Willow Way,,Eugene,OR,43607,Lane,44.746581,-83.130069,Single Family,6,4.0,2515,9136,1990,34,1409539.56,2017-07-06,3204,560.45,1156024.1,2024,13367.36,George Garcia,True,OR-LA-77833,291.42,Under-assessed
P-101181,11181,"9459 Maple Dr, Tulsa, OK 17839",9459 Maple Dr,,Tulsa,OK,17839,Tulsa,24.952547,-115.642119,Single Family,5,1.5,690,9160,1959,65,380926.77,2018-06-18,2857,552.07,356671.87,2024,4501.45,Charles Thomas,True,OK-TU-66151,128.71,Within band
P-101182,11182,"5628 Maple Dr, Fort Worth, TX 39870",5628 Maple Dr,,Fort Worth,TX,39870,Tarrant,39.706029,-118.353988,Multi Family,5,5.0,2612,6073,1923,101,429159.28,2019-01-20,2641,164.3,399980.52,2022,7999.61,Betty Walker,False,TX-TA-25760,126.59,Within band
P-101183,11183,"2322 Washington Ave, Indianapolis, IN 34039",2322 Washington Ave,,Indianapolis,IN,34039,Marion,32.146687,-79.756827,Single Family,5,3.0,1265,11329,1922,102,721455.94,2021-03-19,1852,570.32,687133.09,2024,9050.16,Jessica Allen,False,IN-MA-98637,248.46,Within band
P-101184,11184,"864 Forest Glen Rd, Apt 11A, Oklahoma City, OK 71699",864 Forest Glen Rd,Apt 11A,Oklahoma City,OK,71699,Oklahoma,40.912892,-107.180222,Condo,3,2.0,6304,14742,2008,16,601975.53,2016-10-10,3473,95.49,572547.66,2023,11364.46,Mary Mitchell,False,OK-OK-93582,106.53,Within band
P-101185,11185,"5059 Lake Dr, Honolulu, HI 28218",5059 Lake Dr,,Honolulu,HI,28218,Honolulu,42.953549,-96.58117,Single Family,3,5.0,4061,15532,2017,7,687135.98,2016-08-03,3541,169.2,632468.69,2024,8420.3,Mark Sanchez,True,HI-HO-18020,465.83,Within band
P-101186,11186,"6689 Broadway, Oakland, CA 85743",6689 Broadway,,Oakland,CA,85743,Alameda,45.669713,-98.173555,Single Family,4,2.5,5353,14877,1942,82,2788549.96,2020-07-29,2085,520.93,2932973.48,2022,47147.1,Kenneth Wright,False,CA-AL-74295,449.01,Within band
P-101187,11187,"9305 Sunset Blvd, Apt 1B, Tampa, FL 64877",9305 Sunset Blvd,Apt 1B,Tampa,FL,64877,Hillsborough,39.61434,-72.977531,Condo,7,2.5,4398,5879,1978,46,695279.43,2026-03-20,25,158.09,667585.09,2023,10233.38,William Sanchez,True,FL-HI-30674,145.87,Within band
P-101188,11188,"8874 Monroe Blvd, Apt 11E, Baton Rouge, LA 21416",8874 Monroe Blvd,Apt 11E,Baton Rouge,LA,21416,East Baton Rouge,38.876153,-136.345737,Townhouse,3,1.0,1525,6149,1965,59,724568.19,2019-06-09,2501,475.13,792328.67,2023,6593.29,Anthony Hill,True,LA-EA-90862,124.05,Within band
P-101189,11189,"3210 Main St, Portland, OR 58216",3210 Main St,,Portland,OR,58216,Multnomah,27.849284,-104.168539,Single Family,3,2.5,5199,13597,2015,9,1230928.53,2018-11-24,2698,236.76,1275124.91,2022,20871.88,George Baker,False,OR-MU-19875,291.42,Within band
P-101190,11190,"8927 Park Way, St. Louis, MO 64301",8927 Park Way,,St. Louis,MO,64301,St. Louis,33.494113,-82.177182,Single Family,4,4.0,5850,10291,2004,20,292999.32,2025-01-02,467,50.09,264614.12,2024,3792.57,Ronald Carter,False,MO-ST-16790,127.4,Under-assessed
P-101192,11192,"609 Birch St, Naperville, IL 92457",609 Birch St,,Naperville,IL,92457,DuPage,35.294663,-111.970419,Single Family,4,2.0,3894,6355,1987,37,249171.43,2021-08-19,1699,63.99,240470.45,2024,5049.88,Charles Martin,False,IL-DU-52762,104.35,Within band
P-101193,11193,"415 Lakeshore Dr, Apt 29D, San Antonio, TX 29307",415 Lakeshore Dr,Apt 29D,San Antonio,TX,29307,Bexar,34.683014,-99.599916,Townhouse,5,2.0,5855,16452,1979,45,612449.78,2025-04-15,364,104.6,503788.08,2024,10075.76,Donna Baker,True,TX-BE-88622,143.56,Under-assessed
P-101194,11194,"2909 Riverside Dr, Orlando, FL 63234",2909 Riverside Dr,,Orlando,FL,63234,Orange,31.385698,-155.646629,Single Family,5,2.0,737,4670,1999,25,213636.57,2025-08-24,233,289.87,211645.65,2022,4218.35,Mark Gonzalez,False,FL-OR-44676,138.34,Within band
P-101195,11195,"4512 Jefferson St, Tacoma, WA 52737",4512 Jefferson St,,Tacoma,WA,52737,Pierce,42.281318,-123.810788,Single Family,6,3.0,3336,11887,2007,17,2955026.78,2020-11-06,1985,885.8,3161870.02,2022,32073.1,Deborah Mitchell,True,WA-PI-96759,526.32,Within band
P-101196,11196,"4986 Broadway, Apt 13D, Manhattan, NY 96196",4986 Broadway,Apt 13D,Manhattan,NY,96196,New York,44.23799,-138.299383,Townhouse,1,1.5,1879,5529,1978,46,1560907.19,2026-03-08,37,830.71,1334250.8,2023,29353.52,Betty Rivera,True,NY-NE-89959,521.74,Under-assessed
P-101197,11197,"2260 Heritage Ln, Apt 22A, Austin, TX 41756",2260 Heritage Ln,Apt 22A,Austin,TX,41756,Travis,30.948965,-145.432688,Condo,1,3.5,3507,7149,2009,15,715996.66,2023-06-01,1048,204.16,680461.49,2022,13609.23,Donald White,False,TX-TR-46488,158.16,Within band
P-101198,11198,"6655 Jackson Dr, Apt 13D, Charlotte, NC 76849",6655 Jackson Dr,Apt 13D,Charlotte,NC,76849,Mecklenburg,35.489785,-146.65949,Townhouse,4,4.5,2637,11120,1967,57,335627.28,2018-04-18,2918,127.28,308783.72,2022,6172.2,David Anderson,True,NC-ME-59959,129.09,Within band
P-101199,11199,"8766 Willow Way, Apt 1D, Tulsa, OK 47185",8766 Willow Way,Apt 1D,Tulsa,OK,47185,Tulsa,36.51064,-145.746744,Townhouse,3,4.5,6060,8913,1937,87,703825.88,2023-05-29,1051,116.14,602333.19,2024,7615.55,William Clark,True,OK-TU-26883,135.38,Under-assessed
P-101200,11200,"6623 Elm St, Pittsburgh, PA 69468",6623 Elm St,,Pittsburgh,PA,69468,Allegheny,46.138635,-107.479952,Multi Family,2,2.5,3424,9600,1998,26,888508.05,2016-04-21,3645,259.49,963493.61,2024,17201.69,Donna Mitchell,False,PA-AL-81848,221.23,Within band
P-101201,11201,"3628 Ridgewood Rd, Charlotte, NC 82462",3628 Ridgewood Rd,,Charlotte,NC,82462,Mecklenburg,40.472302,-81.730966,Multi Family,5,5.0,4401,16035,1983,41,471733.05,2024-03-07,768,107.19,430055.76,2023,3504.22,Linda Thomas,True,NC-ME-32631,162.12,Within band
P-101202,11202,"8673 Adams St, Apt 22D, San Diego, CA 89692",8673 Adams St,Apt 22D,San Diego,CA,89692,San Diego,42.547109,-148.678829,Condo,5,5.0,2153,11975,1930,94,922011.58,2024-11-13,517,428.25,848928.59,2022,6836.45,John Jackson,True,CA-SA-95507,453.06,Within band
P-101203,11203,"2505 Elm St, Grand Rapids, MI 49971",2505 Elm St,,Grand Rapids,MI,49971,Kent,40.641568,-99.463857,Single Family,7,3.0,5220,6378,1947,77,354404.82,2026-02-04,69,67.89,305226.75,2024,4257.45,Barbara Green,False,MI-KE-71613,152.83,Under-assessed
P-101204,11204,"643 Summit Rd, Apt 19D, Jacksonville, FL 94466",643 Summit Rd,Apt 19D,Jacksonville,FL,94466,Duval,29.671462,-98.591522,Condo,2,2.0,3031,3217,1962,62,604446.09,2018-04-30,2906,199.42,601236.09,2022,8551.43,Joseph Perez,False,FL-DU-14060,145.87,Within band
P-101205,11205,"7114 River Blvd, Apt 8A, Minneapolis, MN 91577",7114 River Blvd,Apt 8A,Minneapolis,MN,91577,Hennepin,45.996846,-108.393159,Townhouse,4,2.0,5256,14188,1924,100,626247.3,2016-09-01,3512,119.15,570515.34,2024,5465.82,James Garcia,True,MN-HE-57775,130.12,Within band
P-101206,11206,"6792 Willow Way, Apt 11B, Eugene, OR 23173",6792 Willow Way,Apt 11B,Eugene,OR,23173,Lane,45.815853,-119.536631,Townhouse,4,2.0,5938,16455,2018,6,648455.62,2016-10-15,3468,109.2,520073.25,2022,9124.6,Lisa Young,True,OR-LA-31412,118.34,Under-assessed
P-101207,11207,"3281 Riverside Dr, Irvine, CA 96569",3281 Riverside Dr,,Irvine,CA,96569,Orange,37.394829,-83.01344,Single Family,1,1.0,4664,12695,1983,41,1049170.34,2024-05-19,695,224.95,862399.53,2023,7541.96,Mark Garcia,False,CA-OR-96932,449.01,Under-assessed
P-101208,11208,"837 Sunset Blvd, Apt 9D, Atlanta, GA 53715",837 Sunset Blvd,Apt 9D,Atlanta,GA,53715,Fulton,43.083139,-92.253656,Townhouse,5,1.5,5439,8687,1986,38,497737.81,2023-12-05,861,91.51,466821.6,2022,5405.44,Susan Jackson,False,GA-FU-50699,170.94,Within band
P-101210,11210,"658 Hillcrest Ave, Albuquerque, NM 21773",658 Hillcrest Ave,,Albuquerque,NM,21773,Bernalillo,33.808013,-136.216372,Single Family,7,5.0,5458,11145,1930,94,329027.94,2021-12-25,1571,60.28,282232.17,2023,2383.3,John Scott,False,NM-BE-76700,119.2,Under-assessed
P-101211,11211,"5741 Hillcrest Ave, Austin, TX 81382",5741 Hillcrest Ave,,Austin,TX,81382,Travis,40.662672,-93.583981,Single Family,3,4.5,2734,7178,2011,13,744598.02,2021-11-18,1608,272.35,745136.41,2022,14902.73,Linda Sanchez,True,TX-TR-74473,115.36,Within band
P-101212,11212,"144 Cedar Ln, Rockville, MD 47362",144 Cedar Ln,,Rockville,MD,47362,Montgomery,21.29966,-135.612794,Single Family,6,3.0,3212,8319,1935,89,947491.49,2026-01-28,76,294.98,1040666.2,2022,15870.66,Melissa Wright,True,MD-MO-20673,292.68,Within band
P-101213,11213,"495 Jefferson St, Provo, UT 87144",495 Jefferson St,,Provo,UT,87144,Utah,31.139402,-90.101747,Single Family,2,5.0,3645,12557,1990,34,431485.35,2023-02-27,1142,118.38,426524.39,2024,7218.89,Brian Lewis,True,UT-UT-11631,109.86,Within band
P-101214,11214,"6518 Ridgewood Rd, Queens, NY 30637",6518 Ridgewood Rd,,Queens,NY,30637,Queens,37.114133,-127.598686,Multi Family,3,4.0,6410,16245,1946,78,3094202.5,2018-03-08,2959,482.71,2695109.16,2024,59292.4,Richard Brown,False,NY-QU-89285,515.98,Under-assessed
P-101215,11215,"5014 Adams St, St. Louis, MO 12708",5014 Adams St,,St. Louis,MO,12708,St. Louis,34.333145,-112.871096,Single Family,7,4.0,4592,5289,1984,40,681470.72,2019-07-01,2479,148.4,659334.33,2022,9994.83,Robert Baker,False,MO-ST-88575,127.4,Within band
P-101216,11216,"1618 Heritage Ln, Wichita, KS 39144",1618 Heritage Ln,,Wichita,KS,39144,Sedgwick,23.08981,-139.626782,Single Family,7,4.0,3701,5343,1932,92,381522.9,2023-03-11,1130,103.09,368575.33,2024,3156.68,William Sanchez,True,KS-SE-96263,104.04,Within band
P-101217,11217,"1925 Creekside Dr, Tampa, FL 14239",1925 Creekside Dr,,Tampa,FL,14239,Hillsborough,28.824618,-117.4305,Single Family,2,1.0,3168,6868,1996,28,825887.39,2018-09-05,2778,260.7,662446.86,2023,12867.15,Margaret Rivera,True,FL-HI-72947,138.34,Under-assessed
P-101219,11219,"3045 Monroe Blvd, Philadelphia, PA 52823",3045 Monroe Blvd,,Philadelphia,PA,52823,Philadelphia,39.63276,-106.869032,Single Family,3,2.5,711,2969,2015,9,419806.5,2017-12-26,3031,590.45,403176.36,2022,3853.11,Dorothy Scott,False,PA-PH-10778,120.29,Within band
P-101220,11220,"6461 Creekside Dr, Waukegan, IL 16346",6461 Creekside Dr,,Waukegan,IL,16346,Lake,29.762069,-86.303723,Multi Family,2,1.0,3845,10329,1950,74,458498.72,2026-03-10,35,119.25,417825.01,2022,8774.33,Carol Garcia,False,IL-LA-66221,177.46,Within band
P-101221,11221,"231 Park Way, Apt 25C, Seattle, WA 11435",231 Park Way,Apt 25C,Seattle,WA,11435,King,43.778899,-105.962175,Townhouse,1,2.0,1080,4967,2001,23,537878.1,2022-03-11,1495,498.04,452127.79,2024,5040.1,William Hall,True,WA-KI-70302,380.09,Under-assessed
P-101222,11222,"7759 Meadow Ln, Louisville, KY 40312",7759 Meadow Ln,,Louisville,KY,40312,Jefferson,43.722905,-107.020405,Single Family,4,1.0,1005,11216,2011,13,536088.0,2025-10-19,177,533.42,450268.02,2023,5486.88,Dorothy Jackson,False,KY-JE-43788,133.33,Under-assessed
P-101223,11223,"9775 Lake Dr, Apt 12E, Seattle, WA 15746",9775 Lake Dr,Apt 12E,Seattle,WA,15746,King,29.454103,-91.996504,Townhouse,3,3.0,3298,6986,1985,39,726216.97,2020-01-12,2284,220.2,584522.59,2024,5523.33,Emily Hill,True,WA-KI-92477,380.09,Under-assessed
P-101224,11224,"4743 Heritage Ln, Waukegan, IL 53276",4743 Heritage Ln,,Waukegan,IL,53276,Lake,31.550628,-121.665434,Single Family,5,3.5,1823,3843,1983,41,600894.19,2025-09-11,215,329.62,537481.34,2023,11287.11,Sarah Clark,True,IL-LA-65050,104.35,Under-assessed
P-101225,11225,"5172 Summit Rd, Brooklyn, NY 13995",5172 Summit Rd,,Brooklyn,NY,13995,Kings,32.862591,-131.219056,Single Family,7,4.0,3926,4188,1936,88,1050058.01,2017-04-25,3276,267.46,1153269.85,2023,25371.94,Mary Jones,True,NY-KI-36089,408.84,Within band
P-101226,11226,"1211 Harbor View Blvd, Austin, TX 40198",1211 Harbor View Blvd,,Austin,TX,40198,Travis,39.003855,-101.771671,Single Family,4,4.5,1369,6546,1974,50,162095.5,2020-05-18,2157,118.4,151074.84,2022,3021.5,Susan Taylor,True,TX-TR-37418,115.36,Within band
P-101227,11227,"9778 Ridgewood Rd, Charlotte, NC 50316",9778 Ridgewood Rd,,Charlotte,NC,50316,Mecklenburg,32.721947,-133.914699,Multi Family,3,3.5,2351,3941,2007,17,753087.38,2018-06-30,2845,320.33,814607.63,2023,12220.98,Daniel Campbell,True,NC-ME-85060,162.12,Within band
P-101228,11228,"8696 Creekside Dr, San Francisco, CA 66980",8696 Creekside Dr,,San Francisco,CA,66980,San Francisco,46.557231,-75.504541,Multi Family,5,2.5,4119,9527,1969,55,3149782.86,2020-01-27,2269,764.7,2741934.61,2023,45411.36,Dorothy Taylor,False,CA-SA-83343,479.75,Under-assessed
P-101229,11229,"6587 Main St, Kansas City, MO 59054",6587 Main St,,Kansas City,MO,59054,Jackson,39.196617,-152.721686,Single Family,2,4.5,4483,16460,1931,93,542807.49,2023-07-18,1001,121.08,573563.83,2024,5278.59,Susan Hernandez,True,MO-JA-57170,127.4,Within band
P-101230,11230,"8109 Monroe Blvd, Apt 27D, Saint Paul, MN 38444",8109 Monroe Blvd,Apt 27D,Saint Paul,MN,38444,Ramsey,26.025824,-85.887965,Townhouse,6,4.5,2342,13525,1937,87,284059.98,2016-08-18,3526,121.29,261750.41,2023,2219.39,Emily Rodriguez,True,MN-RA-31478,130.12,Within band
P-101231,11231,"6261 Washington Ave, Apt 23A, Kansas City, MO 43854",6261 Washington Ave,Apt 23A,Kansas City,MO,43854,Jackson,25.381454,-115.814395,Condo,5,2.0,2433,14244,1988,36,796623.63,2018-12-22,2670,327.42,670922.32,2022,7285.94,Susan Johnson,True,MO-JA-42946,180.87,Under-assessed
P-101233,11233,"4502 Valley View Dr, Reno, NV 26624",4502 Valley View Dr,,Reno,NV,26624,Washoe,44.762528,-151.990631,Single Family,3,4.0,5256,16556,1997,27,605421.87,2024-01-08,827,115.19,584434.46,2022,5547.34,James Rivera,False,NV-WA-47269,117.32,Within band
P-101234,11234,"3597 Sunset Blvd, Charlotte, NC 34157",3597 Sunset Blvd,,Charlotte,NC,34157,Mecklenburg,41.496606,-119.372851,Single Family,2,4.5,4281,11939,1979,45,290308.27,2025-06-09,309,67.81,268317.49,2024,3776.51,Robert Sanchez,True,NC-ME-49156,151.03,Within band
P-101235,11235,"563 Harbor View Blvd, Apt 16C, Baltimore, MD 10452",563 Harbor View Blvd,Apt 16C,Baltimore,MD,10452,Baltimore,26.494387,-125.548959,Condo,4,1.0,3344,13409,1960,64,503358.86,2020-08-20,2063,150.53,522911.67,2022,8137.6,Jennifer Campbell,False,MD-BA-93927,253.54,Within band
P-101236,11236,"2267 Orchard Ln, San Diego, CA 45422",2267 Orchard Ln,,San Diego,CA,45422,San Diego,21.49032,-100.623673,Multi Family,4,3.5,4747,7483,1974,50,1833001.47,2024-09-26,565,386.14,1670551.86,2022,30240.81,Sandra Hernandez,True,CA-SA-15244,479.75,Within band
P-101237,11237,"6732 Lincoln Rd, Charlotte, NC 76631",6732 Lincoln Rd,,Charlotte,NC,76631,Mecklenburg,38.552533,-125.955775,Multi Family,7,3.0,3972,15914,1929,95,340525.11,2021-04-05,1835,85.73,299723.3,2024,4144.7,Donna Wilson,True,NC-ME-38519,162.12,Under-assessed
P-101238,11238,"9450 Orchard Ln, Apt 23B, Baton Rouge, LA 85276",9450 Orchard Ln,Apt 23B,Baton Rouge,LA,85276,East Baton Rouge,43.224036,-95.398131,Townhouse,7,1.5,2710,12519,2010,14,514747.16,2025-11-24,141,189.94,502796.37,2024,9384.66,Daniel Smith,False,LA-EA-88278,124.05,Within band
P-101239,11239,"6931 Summit Rd, Apt 11E, Manhattan, NY 48875",6931 Summit Rd,Apt 11E,Manhattan,NY,48875,New York,26.736673,-145.534438,Condo,5,3.0,3721,5382,1936,88,757575.12,2018-03-23,2944,203.59,730617.41,2024,16073.58,Andrew Adams,True,NY-NE-23674,351.08,Within band
P-101240,11240,"9314 Valley View Dr, Everett, WA 39881",9314 Valley View Dr,,Everett,WA,39881,Snohomish,27.664163,-156.644712,Single Family,2,4.5,4179,15631,1940,84,869285.54,2024-02-13,791,208.01,908391.33,2024,14932.49,Lisa Young,True,WA-SN-93489,526.32,Within band
P-101241,11241,"5687 Creekside Dr, Bronx, NY 70436",5687 Creekside Dr,,Bronx,NY,70436,Bronx,40.782866,-96.440754,Single Family,7,5.0,4705,13328,1938,86,3222429.96,2024-11-02,528,684.89,2776151.97,2024,61075.34,Carol Walker,True,NY-BR-96148,408.84,Under-assessed
P-101242,11242,"4853 Elm St, Provo, UT 60847",4853 Elm St,,Provo,UT,60847,Utah,34.837148,-123.555488,Single Family,6,2.5,6317,18168,1952,72,568916.95,2022-02-18,1516,90.06,523542.53,2023,8885.1,Kenneth Hill,True,UT-UT-45522,109.86,Within band
P-101243,11243,"501 Ridgewood Rd, Apt 2E, Troy, MI 77543",501 Ridgewood Rd,Apt 2E,Troy,MI,77543,Oakland,32.352106,-118.387418,Condo,5,4.0,2179,13291,1989,35,308324.66,2026-03-29,16,141.5,325866.73,2023,3209.78,Betty Davis,True,MI-OA-81172,194.54,Within band
P-101244,11244,"6935 Pine Rd, Manhattan, NY 60356",6935 Pine Rd,,Manhattan,NY,60356,New York,31.620566,-156.355416,Multi Family,3,3.5,3210,15210,1977,47,2537370.65,2021-09-22,1665,790.46,2753871.73,2023,60585.18,Kimberly Sanchez,True,NY-NE-56985,515.98,Within band
P-101245,11245,"5868 River Blvd, Arlington, VA 32563",5868 River Blvd,,Arlington,VA,32563,Arlington,27.751291,-119.507055,Single Family,1,1.0,3765,12346,1977,47,705094.18,2017-06-16,3224,187.28,735264.1,2024,13433.3,Charles Baker,True,VA-AR-19344,195.64,Within band
P-101246,11246,"6368 Hillcrest Ave, Apt 14A, Pittsburgh, PA 43469",6368 Hillcrest Ave,Apt 14A,Pittsburgh,PA,43469,Allegheny,29.615047,-143.610156,Condo,7,3.0,2730,3855,2018,6,519587.88,2019-06-04,2506,190.33,489292.18,2023,3943.33,Richard Gonzalez,True,PA-AL-80046,115.78,Within band
P-101247,11247,"3923 Ridgewood Rd, Cambridge, MA 71597",3923 Ridgewood Rd,,Cambridge,MA,71597,Middlesex,43.982469,-93.473491,Single Family,1,2.5,3944,7122,1925,99,3139785.51,2022-12-09,1222,796.09,3274692.96,2023,32244.58,Jessica Allen,False,MA-MI-17964,390.17,Within band
P-101248,11248,"840 Valley View Dr, Apt 29D, Atlanta, GA 16358",840 Valley View Dr,Apt 29D,Atlanta,GA,16358,Fulton,35.32477,-92.978051,Condo,1,3.0,1166,4649,1954,70,641019.27,2026-02-23,50,549.76,625099.26,2023,9786.33,Joshua Walker,True,GA-FU-85478,139.77,Within band
P-101249,11249,"4568 Valley View Dr, Apt 17A, Brooklyn, NY 30035",4568 Valley View Dr,Apt 17A,Brooklyn,NY,30035,Kings,35.713825,-147.472119,Townhouse,4,3.0,4914,5129,1958,66,1419208.19,2025-10-22,174,288.81,1332936.81,2023,29324.61,Anthony Carter,False,NY-KI-49210,521.74,Within band
P-101250,11250,"5373 Orchard Ln, Apt 21A, Lexington, KY 93914",5373 Orchard Ln,Apt 21A,Lexington,KY,93914,Fayette,37.937695,-137.618835,Condo,6,1.0,3358,12934,2000,24,713789.32,2025-10-11,185,212.56,601086.8,2023,4816.55,Melissa Flores,True,KY-FA-29285,141.41,Under-assessed
P-101251,11251,"1574 Hillcrest Ave, Apt 10E, Tucson, AZ 79526",1574 Hillcrest Ave,Apt 10E,Tucson,AZ,79526,Pima,36.912312,-90.644552,Townhouse,5,3.0,5601,5888,1979,45,269143.64,2022-10-13,1279,48.05,227714.21,2022,2085.05,Deborah Lewis,False,AZ-PI-71756,81.85,Under-assessed
P-101252,11252,"7641 Meadow Ln, Apt 26E, Saint Paul, MN 89909",7641 Meadow Ln,Apt 26E,Saint Paul,MN,89909,Ramsey,30.680441,-74.470138,Condo,1,5.0,4084,8463,2007,17,527691.05,2024-07-01,652,129.21,454046.47,2024,6476.42,Timothy Rodriguez,False,MN-RA-51943,159.96,Under-assessed
P-101253,11253,"8526 Jackson Dr, Apt 7A, Troy, MI 23896",8526 Jackson Dr,Apt 7A,Troy,MI,23896,Oakland,36.119616,-143.151905,Condo,2,4.0,855,11387,1966,58,683605.83,2022-01-21,1544,799.54,693811.69,2023,6930.45,Mark Walker,True,MI-OA-77679,194.54,Within band
P-101254,11254,"3253 Main St, Apt 27C, Portland, OR 60324",3253 Main St,Apt 27C,Portland,OR,60324,Multnomah,31.675661,-83.622079,Condo,6,1.5,3643,5154,2023,1,935557.28,2017-05-01,3270,256.81,962975.54,2023,13954.08,Barbara Jackson,False,OR-MU-60001,306.82,Within band
P-101255,11255,"9326 Clearwater Ct, Nashville, TN 64305",9326 Clearwater Ct,,Nashville,TN,64305,Davidson,37.505725,-105.346377,Single Family,4,2.0,2529,4716,1978,46,685447.52,2023-10-25,902,271.04,682794.16,2022,9151.98,Paul Nguyen,True,TN-DA-29857,143.46,Within band
P-101256,11256,"3835 Riverside Dr, Hempstead, NY 99038",3835 Riverside Dr,,Hempstead,NY,99038,Nassau,42.9294,-152.07458,Multi Family,3,3.0,6452,15334,2000,24,2395174.87,2025-08-29,228,371.23,2398359.6,2024,52763.91,Ashley Lewis,True,NY-NA-44011,515.98,Within band
P-101257,11257,"7393 Willow Way, Apt 20A, Irvine, CA 75064",7393 Willow Way,Apt 20A,Irvine,CA,75064,Orange,29.319945,-139.380321,Condo,1,5.0,5030,15258,2007,17,571364.21,2021-03-17,1854,113.59,585467.82,2023,8296.23,Matthew Nguyen,True,CA-OR-74764,453.06,Within band
P-101258,11258,"9619 Clearwater Ct, Fort Wayne, IN 58443",9619 Clearwater Ct,,Fort Wayne,IN,58443,Allen,34.513086,-104.058369,Multi Family,2,4.0,5105,8547,1984,40,325588.14,2020-07-17,2097,63.78,303769.88,2022,4344.36,Barbara Johnson,False,IN-AL-62244,141.14,Within band
P-101259,11259,"2572 Monroe Blvd, San Francisco, CA 87814",2572 Monroe Blvd,,San Francisco,CA,87814,San Francisco,31.577425,-147.536646,Single Family,6,1.0,5777,11244,2014,10,719058.08,2016-06-06,3599,124.47,749390.85,2022,7386.17,Kenneth Adams,False,CA-SA-78549,449.01,Within band
P-101261,11261,"2504 Sunset Blvd, Apt 17E, Baltimore, MD 60806",2504 Sunset Blvd,Apt 17E,Baltimore,MD,60806,Baltimore,35.6619,-79.268495,Condo,3,5.0,6029,13183,2004,20,664545.8,2021-03-10,1861,110.22,715314.49,2022,11850.03,Robert Clark,True,MD-BA-70324,253.54,Within band
P-101262,11262,"8596 Madison Ave, Philadelphia, PA 35035",8596 Madison Ave,,Philadelphia,PA,35035,Philadelphia,29.965459,-96.925021,Single Family,7,4.5,4222,8090,2014,10,199217.82,2024-05-14,700,47.19,209569.04,2024,3936.87,Jessica Miller,True,PA-PH-54599,120.29,Within band
P-101263,11263,"799 Ridgewood Rd, Albuquerque, NM 67668",799 Ridgewood Rd,,Albuquerque,NM,67668,Bernalillo,38.917157,-154.152094,Single Family,6,1.5,4899,12737,1999,25,590733.2,2016-06-12,3593,120.58,603578.82,2024,6812.1,Karen Taylor,True,NM-BE-58187,119.2,Within band
P-101264,11264,"8904 Jefferson St, Apt 4C, Cambridge, MA 23719",8904 Jefferson St,Apt 4C,Cambridge,MA,23719,Middlesex,46.754252,-129.911391,Condo,4,1.0,5936,17430,1933,91,2745255.37,2023-09-27,930,462.48,3001478.47,2023,54656.87,Richard Sanchez,True,MA-MI-68191,450.14,Within band
P-101265,11265,"6547 Elm St, Albuquerque, NM 14911",6547 Elm St,,Albuquerque,NM,14911,Bernalillo,36.443652,-118.901779,Single Family,5,4.5,5005,5880,1938,86,301054.2,2022-11-21,1240,60.15,313484.42,2024,3512.32,Sandra Allen,True,NM-BE-64003,119.2,Within band
P-101266,11266,"9512 Heritage Ln, Rockville, MD 13242",9512 Heritage Ln,,Rockville,MD,13242,Montgomery,45.246955,-70.898209,Multi Family,6,4.0,3042,3396,1928,96,818407.69,2024-10-09,552,269.04,805269.62,2023,8554.83,Dorothy Allen,False,MD-MO-25600,293.88,Within band
P-101267,11267,"9640 Orchard Ln, Apt 11E, Knoxville, TN 57979",9640 Orchard Ln,Apt 11E,Knoxville,TN,57979,Knox,33.00466,-77.221305,Townhouse,6,2.0,6027,13222,1949,75,201479.26,2021-11-14,1612,33.43,219314.12,2024,2302.91,Robert Rodriguez,True,TN-KN-21629,80.48,Within band
P-101268,11268,"5085 Broadway, Cleveland, OH 39723",5085 Broadway,,Cleveland,OH,39723,Cuyahoga,27.005937,-130.892526,Multi Family,7,3.5,1165,10176,1964,60,608926.47,2023-06-07,1042,522.68,585338.64,2024,7723.15,Anthony Johnson,False,OH-CU-37171,119.72,Within band
P-101269,11269,"4878 Forest Glen Rd, Aurora, CO 71727",4878 Forest Glen Rd,,Aurora,CO,71727,Arapahoe,39.789003,-123.17647,Single Family,3,3.5,5062,9705,2003,21,398797.3,2019-04-02,2569,78.78,377308.85,2024,7237.8,Michelle Davis,True,CO-AR-67927,215.23,Within band
P-101270,11270,"5616 Main St, Austin, TX 31176",5616 Main St,,Austin,TX,31176,Travis,44.785336,-150.307736,Single Family,4,5.0,1188,11764,1956,68,815167.46,2025-03-04,406,686.17,707873.47,2023,14157.47,Brian Walker,True,TX-TR-17677,115.36,Under-assessed
P-101271,11271,"4280 Jefferson St, Baton Rouge, LA 73812",4280 Jefferson St,,Baton Rouge,LA,73812,East Baton Rouge,42.487825,-131.961266,Single Family,5,2.0,4991,11627,1956,68,638261.58,2023-07-30,989,127.88,696552.75,2022,12358.86,Sandra Green,True,LA-EA-13875,131.1,Within band
P-101272,11272,"9686 Forest Glen Rd, Lexington, KY 34532",9686 Forest Glen Rd,,Lexington,KY,34532,Fayette,24.089239,-79.509822,Multi Family,4,4.5,4365,6382,1996,28,702078.81,2021-08-16,1702,160.84,648832.37,2022,5202.3,Daniel Mitchell,True,KY-FA-41524,123.82,Within band
P-101273,11273,"2949 Maple Dr, Tacoma, WA 27619",2949 Maple Dr,,Tacoma,WA,27619,Pierce,42.025996,-84.069036,Single Family,6,2.5,2800,12855,1995,29,2109864.46,2025-06-21,297,753.52,2257329.88,2022,37702.77,Sandra Scott,True,WA-PI-65178,526.32,Within band
P-101274,11274,"5966 Oak Ave, Fairfax, VA 22292",5966 Oak Ave,,Fairfax,VA,22292,Fairfax,33.570354,-117.646464,Single Family,3,2.0,5807,10794,1955,69,1277102.96,2024-12-07,493,219.92,1126793.49,2022,17354.17,Jessica Thomas,False,VA-FA-55935,195.64,Under-assessed
P-101276,11276,"5586 Hillcrest Ave, Wichita, KS 86368",5586 Hillcrest Ave,,Wichita,KS,86368,Sedgwick,41.085241,-101.375786,Single Family,6,4.5,3677,7981,2023,1,192291.61,2019-06-20,2490,52.3,156428.14,2022,2992.08,Emily Lee,True,KS-SE-33448,104.04,Under-assessed
P-101277,11277,"5724 Elm St, Apt 8A, Reno, NV 37300",5724 Elm St,Apt 8A,Reno,NV,37300,Washoe,43.041202,-88.983804,Condo,7,3.0,6197,10388,1990,34,431477.55,2024-09-14,577,69.63,368555.34,2024,3959.88,James Martin,True,NV-WA-41614,116.76,Under-assessed
P-101278,11278,"6017 Jackson Dr, Apt 27C, Raleigh, NC 59541",6017 Jackson Dr,Apt 27C,Raleigh,NC,59541,Wake,40.377199,-96.469184,Townhouse,6,4.5,2995,12501,1945,79,236077.18,2025-03-29,381,78.82,196967.93,2024,3423.31,Ashley King,True,NC-WA-87286,129.09,Under-assessed
P-101279,11279,"1140 Lake Dr, Apt 24E, Waukegan, IL 11058",1140 Lake Dr,Apt 24E,Waukegan,IL,11058,Lake,28.672101,-106.264829,Condo,2,4.5,4659,15318,1975,49,451442.19,2020-07-09,2105,96.9,387470.91,2024,8136.89,Margaret Allen,True,IL-LA-23094,148.0,Under-assessed
P-101280,11280,"4084 Pine Rd, Baltimore, MD 50897",4084 Pine Rd,,Baltimore,MD,50897,Baltimore,26.462456,-149.665227,Single Family,1,3.0,2474,9570,1981,43,941832.81,2024-05-14,700,380.69,931842.04,2022,12887.96,Emily Jones,True,MD-BA-22755,292.68,Within band
P-101281,11281,"6741 Ridgewood Rd, Los Angeles, CA 65475",6741 Ridgewood Rd,,Los Angeles,CA,65475,Los Angeles,28.981596,-128.231842,Single Family,7,1.0,3930,14453,1990,34,2437678.35,2026-04-04,10,620.27,2054563.97,2023,36701.95,Brian Gonzalez,True,CA-LO-19450,449.01,Under-assessed
P-101282,11282,"4413 Washington Ave, Cleveland, OH 35713",4413 Washington Ave,,Cleveland,OH,35713,Cuyahoga,21.324291,-154.108088,Single Family,2,1.0,2115,10343,1975,49,801937.41,2019-01-10,2651,379.17,807883.57,2023,15284.71,Mary Baker,True,OH-CU-28101,208.92,Within band
P-101283,11283,"4823 River Blvd, Hempstead, NY 22561",4823 River Blvd,,Hempstead,NY,22561,Nassau,28.665817,-143.653979,Multi Family,4,4.5,900,2589,1960,64,679932.99,2022-09-12,1310,755.48,694592.75,2024,15281.04,Michael Sanchez,True,NY-NA-42748,515.98,Within band
P-101284,11284,"8608 Sunset Blvd, Naperville, IL 26872",8608 Sunset Blvd,,Naperville,IL,26872,DuPage,24.595611,-145.113183,Single Family,1,3.5,2501,12120,1936,88,263667.6,2024-04-22,722,105.42,214666.94,2023,4508.01,Mary Miller,False,IL-DU-90471,104.35,Under-assessed
P-101285,11285,"1337 Park Way, Apt 11D, Los Angeles, CA 37228",1337 Park Way,Apt 11D,Los Angeles,CA,37228,Los Angeles,27.784689,-130.312986,Condo,5,1.5,2176,5908,2002,22,981643.41,2024-03-31,744,451.12,937574.44,2022,16463.14,William Thomas,False,CA-LO-43313,453.06,Within band
P-101286,11286,"5560 Lake Dr, Apt 24E, Everett, WA 38387",5560 Lake Dr,Apt 24E,Everett,WA,38387,Snohomish,29.063401,-113.448035,Condo,7,3.0,5592,12845,1974,50,2868806.4,2024-05-04,710,513.02,2522004.04,2024,33191.04,Richard Moore,True,WA-SN-17144,446.6,Under-assessed
P-101287,11287,"4155 Summit Rd, Apt 13D, Knoxville, TN 69482",4155 Summit Rd,Apt 13D,Knoxville,TN,69482,Knox,37.871421,-115.800851,Condo,3,5.0,5818,16059,1966,58,258330.61,2020-12-28,1933,44.4,271018.07,2023,3484.53,Stephanie Garcia,True,TN-KN-33273,138.25,Within band
P-101288,11288,"5547 Elm St, Cleveland, OH 45063",5547 Elm St,,Cleveland,OH,45063,Cuyahoga,33.93002,-78.941385,Single Family,3,2.5,5839,14209,1927,97,603279.05,2021-08-11,1707,103.32,558000.99,2022,6249.17,Margaret Anderson,True,OH-CU-86232,208.92,Within band
P-101289,11289,"2709 Heritage Ln, Cleveland, OH 67872",2709 Heritage Ln,,Cleveland,OH,67872,Cuyahoga,41.602549,-74.439416,Multi Family,4,3.5,6063,9885,1963,61,282535.09,2019-10-10,2378,46.6,285253.82,2024,5451.54,David Carter,False,OH-CU-85574,119.72,Within band
P-101290,11290,"5655 Monroe Blvd, Indianapolis, IN 30197",5655 Monroe Blvd,,Indianapolis,IN,30197,Marion,28.675357,-80.663613,Multi Family,4,2.0,3039,4730,1963,61,490360.43,2024-07-11,642,161.36,486577.83,2024,7967.28,Mark Gonzalez,False,IN-MA-81703,141.14,Within band
P-101291,11291,"5408 Jackson Dr, Apt 21B, Phoenix, AZ 37853",5408 Jackson Dr,Apt 21B,Phoenix,AZ,37853,Maricopa,45.914933,-132.06413,Condo,3,5.0,4115,8151,2005,19,570645.9,2021-08-26,1692,138.67,590868.26,2023,9908.12,Barbara Jackson,True,AZ-MA-87363,150.88,Within band
P-101292,11292,"9051 Elm St, Apt 16B, Wichita, KS 64431",9051 Elm St,Apt 16B,Wichita,KS,64431,Sedgwick,23.54881,-82.141361,Condo,1,1.5,3824,12266,2003,21,273452.68,2021-02-07,1892,71.51,226012.84,2022,1870.81,Jessica Walker,True,KS-SE-17724,98.49,Under-assessed
P-101293,11293,"1663 Jackson Dr, Apt 25C, Austin, TX 80294",1663 Jackson Dr,Apt 25C,Austin,TX,80294,Travis,37.258932,-86.136913,Condo,6,1.0,5154,7446,1969,55,690894.08,2019-11-06,2351,134.05,595828.39,2022,11916.57,Charles Sanchez,False,TX-TR-87614,158.16,Under-assessed
P-101294,11294,"6602 Washington Ave, Apt 28E, Portland, OR 52377",6602 Washington Ave,Apt 28E,Portland,OR,52377,Multnomah,38.024773,-84.06541,Townhouse,7,2.0,3783,15293,1957,67,713367.21,2021-09-26,1661,188.57,614590.42,2022,9325.9,Ashley Rodriguez,False,OR-MU-86687,118.34,Under-assessed
P-101295,11295,"5024 Main St, Apt 22A, Albuquerque, NM 38210",5024 Main St,Apt 22A,Albuquerque,NM,38210,Bernalillo,31.478408,-107.178803,Condo,7,1.5,6070,7869,1943,81,620784.28,2018-05-28,2878,102.27,666295.81,2024,7666.12,Ashley Garcia,False,NM-BE-69178,122.94,Within band
P-101296,11296,"9122 Madison Ave, Philadelphia, PA 38632",9122 Madison Ave,,Philadelphia,PA,38632,Philadelphia,29.708869,-104.792836,Single Family,1,4.0,1480,4262,1964,60,732508.45,2019-11-17,2340,494.94,592058.72,2023,10250.22,Sarah Torres,False,PA-PH-86690,120.29,Under-assessed
P-101297,11297,"1432 Lincoln Rd, Apt 3A, Fort Worth, TX 39677",1432 Lincoln Rd,Apt 3A,Fort Worth,TX,39677,Tarrant,27.138031,-72.430535,Condo,4,4.0,4548,15308,2022,2,279992.43,2018-08-05,2809,61.56,246978.41,2022,4939.57,Kenneth Wright,False,TX-TA-44773,158.16,Under-assessed
P-101299,11299,"2566 Willow Way, Apt 29B, Fort Worth, TX 64656",2566 Willow Way,Apt 29B,Fort Worth,TX,64656,Tarrant,45.534485,-121.834744,Condo,1,1.5,5685,15551,1925,99,312229.29,2024-08-30,592,54.92,261210.45,2022,5224.21,Deborah Perez,True,TX-TA-44227,158.16,Under-assessed
P-101300,11300,"3532 Ridgewood Rd, San Jose, CA 35884",3532 Ridgewood Rd,,San Jose,CA,35884,Santa Clara,22.979209,-151.659643,Single Family,5,1.5,4578,14272,1932,92,1076497.15,2020-03-09,2227,235.15,984615.18,2022,11704.22,Steven Miller,False,CA-SA-21325,449.01,Within band
P-101301,11301,"2000 Jefferson St, Apt 5E, Arlington, VA 27725",2000 Jefferson St,Apt 5E,Arlington,VA,27725,Arlington,41.741309,-148.494788,Condo,7,1.0,1708,6679,1979,45,1102808.29,2026-03-27,18,645.67,935701.5,2024,13724.63,Carol Garcia,True,VA-AR-25627,224.74,Under-assessed
P-101302,11302,"5000 Ridgewood Rd, Kansas City, MO 27919",5000 Ridgewood Rd,,Kansas City,MO,27919,Jackson,45.078932,-75.751864,Single Family,7,2.5,4172,11977,1985,39,407431.87,2022-01-06,1559,97.66,361949.93,2023,3710.08,John Thomas,True,MO-JA-20445,127.4,Under-assessed
P-101303,11303,"8280 Clearwater Ct, Fort Worth, TX 90565",8280 Clearwater Ct,,Fort Worth,TX,90565,Tarrant,46.721584,-99.786945,Multi Family,1,3.0,1987,6074,2002,22,238366.37,2022-05-18,1427,119.96,210998.97,2022,4219.98,Sarah Garcia,False,TX-TA-38546,126.59,Under-assessed
P-101304,11304,"942 Willow Way, Reno, NV 88225",942 Willow Way,,Reno,NV,88225,Washoe,38.581675,-72.974377,Single Family,4,1.5,3930,12906,1952,72,755036.03,2022-07-03,1381,192.12,641906.12,2023,6487.11,Carol Young,False,NV-WA-19837,117.32,Under-assessed
P-101305,11305,"2376 Meadow Ln, Austin, TX 47092",2376 Meadow Ln,,Austin,TX,47092,Travis,33.893808,-86.640832,Single Family,5,5.0,5492,17039,1998,26,335215.44,2020-05-21,2154,61.04,360179.08,2023,7203.58,Joshua Jackson,True,TX-TR-88365,115.36,Within band
P-101306,11306,"1056 Oak Ave, Apt 15B, Phoenix, AZ 58397",1056 Oak Ave,Apt 15B,Phoenix,AZ,58397,Maricopa,23.808123,-70.834429,Townhouse,4,4.5,3449,14318,1971,53,282401.63,2022-03-14,1492,81.88,291859.0,2023,5439.71,Susan Lewis,False,AZ-MA-21327,81.85,Within band
P-101307,11307,"6722 Lake Dr, Apt 17D, Detroit, MI 95643",6722 Lake Dr,Apt 17D,Detroit,MI,95643,Wayne,30.58307,-125.074625,Condo,4,1.0,4502,4871,2004,20,153410.07,2022-12-26,1205,34.08,162262.82,2024,3091.39,Linda Anderson,True,MI-WA-59554,194.54,Within band
P-101308,11308,"4370 Maple Dr, Decatur, GA 77102",4370 Maple Dr,,Decatur,GA,77102,DeKalb,32.794612,-86.701678,Single Family,1,4.0,3951,12822,1996,28,166015.7,2023-03-27,1114,42.02,182033.33,2022,2517.58,Andrew Martinez,True,GA-DE-63430,150.1,Within band
P-101309,11309,"3248 Birch St, Hempstead, NY 24591",3248 Birch St,,Hempstead,NY,24591,Nassau,24.225438,-81.294199,Single Family,2,2.5,1770,10817,1938,86,1001992.95,2020-01-18,2278,566.1,848194.0,2022,18660.27,Steven Lee,False,NY-NA-78945,408.84,Under-assessed
P-101310,11310,"5964 Clearwater Ct, Apt 7C, Lawrenceville, GA 14187",5964 Clearwater Ct,Apt 7C,Lawrenceville,GA,14187,Gwinnett,21.034154,-148.972559,Condo,3,4.5,5558,7455,1949,75,410960.06,2017-07-07,3203,73.94,341316.28,2022,6564.25,Matthew Nelson,True,GA-GW-51211,139.77,Under-assessed
P-101311,11311,"2485 Broadway, Portland, OR 94296",2485 Broadway,,Portland,OR,94296,Multnomah,35.061234,-145.581076,Single Family,7,4.0,2969,4896,2001,23,1140250.64,2018-10-29,2724,384.05,1035136.93,2023,15194.04,Robert Hill,False,OR-MU-78706,291.42,Under-assessed
P-101312,11312,"578 Lake Dr, Apt 9C, Scottsdale, AZ 80837",578 Lake Dr,Apt 9C,Scottsdale,AZ,80837,Maricopa,21.455631,-150.667451,Condo,1,3.0,6435,11832,1951,73,355000.18,2019-05-29,2512,55.17,319455.75,2022,5571.22,Paul Carter,False,AZ-MA-95955,150.88,Under-assessed
P-101313,11313,"9204 Willow Way, Rockville, MD 69524",9204 Willow Way,,Rockville,MD,69524,Montgomery,28.627682,-80.110622,Single Family,5,1.0,2035,3427,2002,22,911927.27,2020-01-20,2276,448.12,982967.78,2022,8130.0,Joseph Carter,True,MD-MO-83301,292.68,Within band
P-101314,11314,"508 Madison Ave, Boise, ID 70903",508 Madison Ave,,Boise,ID,70903,Ada,35.795246,-89.739525,Single Family,1,2.5,6012,16179,2012,12,825822.74,2021-04-18,1822,137.36,722738.84,2022,12911.17,Betty Hill,True,ID-AD-51803,144.4,Under-assessed
P-101315,11315,"9152 Ridgewood Rd, Apt 21A, Reno, NV 55151",9152 Ridgewood Rd,Apt 21A,Reno,NV,55151,Washoe,45.246614,-88.770438,Townhouse,5,3.0,6316,6657,1989,35,712457.18,2024-03-10,765,112.8,693059.66,2024,5549.99,Mark Hill,False,NV-WA-84244,114.32,Within band
P-101316,11316,"5986 Sunset Blvd, Aurora, CO 78134",5986 Sunset Blvd,,Aurora,CO,78134,Arapahoe,37.105028,-109.739697,Single Family,4,1.5,997,7362,1962,62,804454.35,2023-08-02,986,806.87,699922.32,2023,8717.57,Robert Garcia,True,CO-AR-28861,215.23,Under-assessed
P-101317,11317,"6889 Pine Rd, Apt 20D, Portland, OR 39185",6889 Pine Rd,Apt 20D,Portland,OR,39185,Multnomah,32.08375,-108.267927,Condo,5,5.0,1079,3372,1965,59,563942.39,2026-01-20,84,522.65,537780.24,2022,7392.83,Betty Flores,False,OR-MU-93905,306.82,Within band
P-101318,11318,"4513 Clearwater Ct, Denver, CO 70271",4513 Clearwater Ct,,Denver,CO,70271,Denver,41.507608,-113.595949,Single Family,3,1.0,4954,9574,2006,18,521022.84,2017-12-09,3048,105.17,438832.31,2023,4427.51,Lisa Allen,True,CO-DE-14182,215.23,Under-assessed
P-101319,11319,"1410 Lakeshore Dr, Apt 26D, Tacoma, WA 26517",1410 Lakeshore Dr,Apt 26D,Tacoma,WA,26517,Pierce,29.157077,-94.347273,Townhouse,2,4.0,5518,7287,1961,63,2080460.42,2022-09-30,1292,377.03,1950558.07,2024,37329.78,Anthony Lopez,False,WA-PI-83806,380.09,Within band
P-101320,11320,"2756 Jackson Dr, Apt 17D, Houston, TX 31566",2756 Jackson Dr,Apt 17D,Houston,TX,31566,Harris,30.776449,-151.655232,Condo,2,2.0,5683,11219,2006,18,587831.34,2022-04-05,1470,103.44,502234.25,2022,10044.68,Daniel Green,True,TX-HA-28258,158.16,Under-assessed
P-101321,11321,"855 Jackson Dr, Phoenix, AZ 12654",855 Jackson Dr,,Phoenix,AZ,12654,Maricopa,45.158683,-144.835534,Multi Family,4,2.0,6253,16365,1996,28,190703.78,2024-07-06,647,30.5,158238.87,2023,3072.26,Joshua Rodriguez,False,AZ-MA-13465,91.66,Under-assessed
P-101322,11322,"1525 Willow Way, Aurora, CO 70818",1525 Willow Way,,Aurora,CO,70818,Arapahoe,35.351714,-90.088419,Single Family,3,2.5,5436,8321,1971,53,758939.68,2023-12-06,860,139.61,715264.01,2022,9122.89,David Thompson,False,CO-AR-38239,215.23,Within band
P-101323,11323,"3878 Broadway, Apt 16E, Tampa, FL 75550",3878 Broadway,Apt 16E,Tampa,FL,75550,Hillsborough,22.196679,-110.747423,Townhouse,1,2.0,1838,2576,1973,51,194271.34,2019-09-21,2397,105.7,158258.23,2024,1720.63,Sarah Wilson,True,FL-HI-39582,130.82,Under-assessed
P-101324,11324,"1488 Cedar Ln, Apt 24C, Fairfax, VA 10270",1488 Cedar Ln,Apt 24C,Fairfax,VA,10270,Fairfax,22.540573,-155.113937,Townhouse,6,3.5,4124,5753,1968,56,475469.87,2016-11-04,3448,115.29,428946.86,2024,7127.08,Karen Hall,True,VA-FA-77387,202.82,Under-assessed
P-101325,11325,"9925 Clearwater Ct, Apt 21D, Knoxville, TN 10322",9925 Clearwater Ct,Apt 21D,Knoxville,TN,10322,Knox,40.267994,-106.595061,Townhouse,7,2.0,2458,2465,1956,68,739259.02,2022-06-04,1410,300.76,752629.92,2022,7255.8,Joseph Garcia,False,TN-KN-95313,80.48,Within band
P-101326,11326,"8856 Elm St, Apt 22D, St. Louis, MO 47337",8856 Elm St,Apt 22D,St. Louis,MO,47337,St. Louis,29.784688,-131.802598,Condo,7,2.5,4236,4446,2020,4,697270.23,2019-05-22,2519,164.61,619672.77,2023,6413.45,Michelle Hall,False,MO-ST-20522,180.87,Under-assessed
P-101328,11328,"1080 Sunset Blvd, Irvine, CA 27307",1080 Sunset Blvd,,Irvine,CA,27307,Orange,27.516522,-98.259998,Multi Family,4,5.0,6168,13406,1923,101,1628465.13,2017-01-08,3383,264.02,1536207.71,2023,16059.47,Sarah Rodriguez,True,CA-OR-99647,479.75,Within band
P-101329,11329,"2116 Hillcrest Ave, Fairfax, VA 86778",2116 Hillcrest Ave,,Fairfax,VA,86778,Fairfax,25.115778,-81.396591,Multi Family,7,5.0,2930,13532,1985,39,741161.13,2023-10-23,904,252.96,795624.95,2022,7158.65,Barbara Hill,True,VA-FA-12827,252.96,Within band
P-101330,11330,"573 Monroe Blvd, Apt 17D, Los Angeles, CA 69448",573 Monroe Blvd,Apt 17D,Los Angeles,CA,69448,Los Angeles,42.999719,-89.756905,Condo,5,5.0,5225,16642,1939,85,3114789.48,2018-05-26,2880,596.13,3143406.38,2022,30548.93,Sandra Thompson,True,CA-LO-92099,453.06,Within band
P-101331,11331,"3519 Lake Dr, Apt 2A, Cincinnati, OH 72750",3519 Lake Dr,Apt 2A,Cincinnati,OH,72750,Hamilton,41.006592,-110.422581,Condo,1,4.5,5999,15071,1945,79,745128.95,2020-09-16,2036,124.21,688365.3,2024,6098.19,Nancy Wilson,False,OH-HA-28279,220.86,Within band
P-101332,11332,"4602 Oak Ave, Miami, FL 60834",4602 Oak Ave,,Miami,FL,60834,Miami-Dade,42.301454,-142.76093,Multi Family,4,3.0,2107,9169,1976,48,795322.94,2016-06-13,3592,377.47,688828.16,2023,6036.45,Barbara Young,True,FL-MI-46654,133.09,Under-assessed
P-101333,11333,"5759 Madison Ave, Las Vegas, NV 42624",5759 Madison Ave,,Las Vegas,NV,42624,Clark,33.958737,-84.405221,Multi Family,3,4.0,5626,13314,1972,52,322938.62,2021-05-02,1808,57.4,307887.35,2024,4036.5,William Moore,False,NV-CL-85727,178.76,Within band
P-101334,11334,"6122 Park Way, Apt 25B, Everett, WA 12841",6122 Park Way,Apt 25B,Everett,WA,12841,Snohomish,29.130917,-102.583737,Townhouse,1,4.0,5339,7462,1992,32,1727360.27,2021-12-26,1570,323.54,1658524.21,2023,30359.25,Barbara Baker,True,WA-SN-65273,380.09,Within band
P-101335,11335,"6946 Orchard Ln, Apt 14C, Eugene, OR 33504",6946 Orchard Ln,Apt 14C,Eugene,OR,33504,Lane,36.827842,-136.866891,Townhouse,6,1.0,5628,12850,1994,30,1233151.4,2023-05-25,1055,219.11,1239865.23,2023,22810.63,John Rodriguez,True,OR-LA-49473,118.34,Within band
P-101336,11336,"3148 Sunset Blvd, Apt 15A, Austin, TX 35674",3148 Sunset Blvd,Apt 15A,Austin,TX,35674,Travis,28.756746,-114.07179,Condo,7,1.0,2950,8600,1983,41,683970.85,2021-01-30,1900,231.85,723224.53,2022,14464.49,Kimberly Jackson,False,TX-TR-16807,158.16,Within band
P-101337,11337,"3871 Lake Dr, Naperville, IL 22269",3871 Lake Dr,,Naperville,IL,22269,DuPage,28.754031,-108.67145,Single Family,7,2.5,2181,9467,2002,22,690286.54,2024-07-13,640,316.5,695825.85,2024,14612.34,Karen Lee,True,IL-DU-61735,104.35,Within band
P-101338,11338,"6656 Harbor View Blvd, Apt 17C, Fairfax, VA 11540",6656 Harbor View Blvd,Apt 17C,Fairfax,VA,11540,Fairfax,31.47874,-121.591336,Condo,6,2.0,4861,11846,1945,79,305213.15,2025-07-12,276,62.79,334675.94,2022,2786.11,Patricia Campbell,False,VA-FA-48296,224.74,Within band
P-101339,11339,"6452 Adams St, Apt 3B, Jacksonville, FL 81190",6452 Adams St,Apt 3B,Jacksonville,FL,81190,Duval,26.393816,-70.621941,Condo,4,4.5,6135,15576,1968,56,137893.95,2017-06-04,3236,22.48,131392.61,2024,1902.97,Betty Young,False,FL-DU-93641,145.87,Within band
P-101341,11341,"3625 Meadow Ln, Louisville, KY 16542",3625 Meadow Ln,,Louisville,KY,16542,Jefferson,42.859059,-72.686265,Single Family,1,1.5,3318,8098,1970,54,205585.07,2022-05-31,1414,61.96,213011.82,2024,3532.75,Melissa Adams,True,KY-JE-16394,133.33,Within band
P-101342,11342,"8683 Birch St, Waukegan, IL 85638",8683 Birch St,,Waukegan,IL,85638,Lake,37.931442,-93.641978,Single Family,3,3.0,5826,6942,1927,97,339839.51,2023-03-27,1114,58.33,296542.97,2023,6227.4,Paul Perez,True,IL-LA-37993,104.35,Under-assessed
P-101343,11343,"3228 River Blvd, Apt 4D, Reno, NV 45971",3228 River Blvd,Apt 4D,Reno,NV,45971,Washoe,34.648867,-138.099991,Condo,4,3.5,3485,11770,1926,98,273726.29,2019-04-13,2558,78.54,271467.64,2022,5175.83,Kimberly Lee,True,NV-WA-68638,116.76,Within band
P-101344,11344,"9093 Adams St, Eugene, OR 14730",9093 Adams St,,Eugene,OR,14730,Lane,23.417078,-76.338698,Single Family,2,4.5,5982,7664,1971,53,1376949.28,2020-05-15,2160,230.18,1388205.09,2024,22821.27,Steven Hall,True,OR-LA-22243,291.42,Within band
P-101345,11345,"6093 Forest Glen Rd, Fort Lauderdale, FL 65612",6093 Forest Glen Rd,,Fort Lauderdale,FL,65612,Broward,46.995244,-111.989759,Multi Family,1,1.5,5259,14618,1980,44,764749.36,2021-12-17,1579,145.42,712411.61,2024,11989.97,Kimberly Gonzalez,False,FL-BR-30949,133.09,Within band
P-101346,11346,"1175 Riverside Dr, Apt 8C, Philadelphia, PA 15463",1175 Riverside Dr,Apt 8C,Philadelphia,PA,15463,Philadelphia,40.064555,-81.759136,Townhouse,5,2.5,3671,6777,1952,72,398098.92,2020-03-27,2209,108.44,326477.8,2023,4265.04,Donald Rivera,True,PA-PH-58446,212.18,Under-assessed
P-101347,11347,"4154 Birch St, Scottsdale, AZ 31377",4154 Birch St,,Scottsdale,AZ,31377,Maricopa,28.48065,-123.25302,Single Family,1,4.5,6337,14233,1962,62,556455.29,2025-07-15,273,87.81,558901.38,2024,9933.13,Sandra Ramirez,True,AZ-MA-89266,130.0,Within band
P-101348,11348,"170 Lincoln Rd, Apt 6C, Naperville, IL 10846",170 Lincoln Rd,Apt 6C,Naperville,IL,10846,DuPage,25.01806,-112.156856,Condo,2,4.5,2064,9911,2016,8,419713.95,2019-08-22,2427,203.35,406305.22,2024,8532.41,Daniel Jones,False,IL-DU-18025,148.0,Within band
P-101349,11349,"8584 Meadow Ln, Jacksonville, FL 49298",8584 Meadow Ln,,Jacksonville,FL,49298,Duval,32.301431,-72.759569,Single Family,7,5.0,4426,7546,1920,104,537433.28,2019-12-15,2312,121.43,578900.19,2022,10786.08,James Green,True,FL-DU-39328,138.34,Within band
P-101350,11350,"2834 Riverside Dr, Fort Wayne, IN 72274",2834 Riverside Dr,,Fort Wayne,IN,72274,Allen,33.432282,-76.972714,Single Family,1,5.0,2996,5293,1960,64,220051.9,2018-01-25,3001,73.45,207777.28,2024,3959.92,Richard Smith,False,IN-AL-18058,248.46,Within band
P-101351,11351,"7351 Pine Rd, Apt 15D, Houston, TX 29192",7351 Pine Rd,Apt 15D,Houston,TX,29192,Harris,22.939359,-85.026611,Condo,2,2.5,3018,14079,1957,67,501310.66,2016-04-26,3640,166.11,502986.62,2022,10059.73,Brian Walker,False,TX-HA-96797,158.16,Within band
P-101352,11352,"7099 Park Way, Miami, FL 98847",7099 Park Way,,Miami,FL,98847,Miami-Dade,36.360031,-102.111977,Single Family,4,3.5,6414,16406,1975,49,392896.27,2021-10-23,1634,61.26,361775.26,2023,4659.9,Robert Hill,False,FL-MI-99294,138.34,Within band
P-101353,11353,"8685 Monroe Blvd, Cincinnati, OH 35529",8685 Monroe Blvd,,Cincinnati,OH,35529,Hamilton,28.62066,-133.856759,Single Family,5,3.5,1847,4492,1956,68,857081.61,2018-09-20,2763,464.04,783337.07,2024,9693.29,Stephanie Robinson,False,OH-HA-33894,208.92,Within band
P-101354,11354,"1545 Elm St, Jacksonville, FL 43865",1545 Elm St,,Jacksonville,FL,43865,Duval,27.462747,-102.732275,Single Family,4,1.0,3564,14922,1956,68,493027.79,2023-07-22,997,138.34,456740.96,2022,5487.7,Kevin Nguyen,True,FL-DU-53090,138.34,Within band
P-101355,11355,"1675 Maple Dr, Fort Worth, TX 19075",1675 Maple Dr,,Fort Worth,TX,19075,Tarrant,31.519584,-84.894047,Single Family,4,1.0,851,9107,1924,100,224949.24,2022-05-16,1429,264.34,217786.3,2024,4355.73,Thomas Robinson,False,TX-TA-88364,115.36,Within band
P-101356,11356,"9214 Jefferson St, Apt 30D, Kansas City, MO 38921",9214 Jefferson St,Apt 30D,Kansas City,MO,38921,Jackson,29.444079,-112.838792,Condo,3,4.5,1331,11163,1943,81,204081.62,2019-11-20,2337,153.33,187933.85,2024,1709.35,Thomas Harris,True,MO-JA-76238,180.87,Within band
P-101357,11357,"6446 Heritage Ln, Honolulu, HI 98968",6446 Heritage Ln,,Honolulu,HI,98968,Honolulu,43.041492,-86.328765,Single Family,2,1.5,4653,16001,1937,87,2942724.75,2021-09-17,1670,632.44,2727861.07,2022,47312.46,Barbara Martin,True,HI-HO-53656,465.83,Within band
P-101358,11358,"9803 Broadway, Durham, NC 75281",9803 Broadway,,Durham,NC,75281,Durham,38.74998,-131.761452,Single Family,7,1.0,6245,17309,2004,20,230175.19,2020-02-28,2237,36.86,211148.19,2022,1908.0,Brian Mitchell,True,NC-DU-12289,151.03,Within band
P-101359,11359,"1509 Oak Ave, Las Vegas, NV 83331",1509 Oak Ave,,Las Vegas,NV,83331,Clark,41.290789,-132.657108,Single Family,4,1.5,3882,14559,1945,79,689113.85,2016-06-04,3601,177.52,684627.31,2024,7104.9,Sarah Lee,False,NV-CL-95911,117.32,Within band
P-101360,11360,"6348 Lincoln Rd, Waukegan, IL 11686",6348 Lincoln Rd,,Waukegan,IL,11686,Lake,23.369343,-151.935521,Single Family,5,1.0,4911,14662,1995,29,303140.99,2020-01-30,2266,61.73,282833.63,2022,5939.51,Lisa Wright,False,IL-LA-32739,104.35,Within band
P-101361,11361,"3878 Valley View Dr, Apt 8D, Columbia, SC 46527",3878 Valley View Dr,Apt 8D,Columbia,SC,46527,Richland,22.708427,-109.693303,Townhouse,7,2.0,5719,16908,1926,98,604877.28,2023-09-14,943,105.77,492860.47,2023,8120.04,Kevin Lewis,True,SC-RI-21602,130.0,Under-assessed
P-101362,11362,"2891 Oak Ave, Troy, MI 77088",2891 Oak Ave,,Troy,MI,77088,Oakland,41.905046,-149.835774,Single Family,6,4.0,4859,5953,1964,60,785378.62,2016-07-31,3544,161.63,807612.43,2023,14018.31,George Taylor,False,MI-OA-10490,152.83,Within band
P-101363,11363,"3709 Elm St, Apt 24C, Memphis, TN 21570",3709 Elm St,Apt 24C,Memphis,TN,21570,Shelby,21.962901,-126.649917,Condo,2,2.5,668,10709,1975,49,507811.85,2024-01-04,831,760.2,498365.58,2024,7000.07,David Miller,True,TN-SH-26356,138.25,Within band
P-101365,11365,"3651 Willow Way, Apt 15E, Provo, UT 40957",3651 Willow Way,Apt 15E,Provo,UT,40957,Utah,32.459718,-111.241079,Townhouse,1,1.5,5963,12459,2019,5,730207.1,2024-06-21,662,122.46,684910.22,2023,6892.09,William Lopez,True,UT-UT-67013,122.46,Within band
P-101367,11367,"4062 Ridgewood Rd, Apt 24E, New Orleans, LA 84134",4062 Ridgewood Rd,Apt 24E,New Orleans,LA,84134,Orleans,35.189707,-145.204622,Townhouse,5,4.5,4534,12150,1939,85,458390.6,2019-07-09,2471,101.1,481669.4,2023,5566.47,Emily Gonzalez,False,LA-OR-58412,124.05,Within band
P-101368,11368,"5295 Oak Ave, Apt 28D, San Antonio, TX 19494",5295 Oak Ave,Apt 28D,San Antonio,TX,19494,Bexar,45.339084,-75.116437,Condo,1,4.5,1495,7844,1962,62,496619.84,2019-10-01,2387,332.19,425375.4,2022,8507.51,David Nguyen,False,TX-BE-56200,158.16,Under-assessed
P-101369,11369,"1620 Harbor View Blvd, Apt 17D, Memphis, TN 20522",1620 Harbor View Blvd,Apt 17D,Memphis,TN,20522,Shelby,38.17961,-83.788324,Condo,5,4.0,922,1840,2003,21,401627.57,2025-10-17,179,435.6,321827.72,2024,3283.81,Karen Hill,False,TN-SH-33717,138.25,Under-assessed
P-101370,11370,"8149 Hillcrest Ave, Apt 27A, Fort Wayne, IN 93814",8149 Hillcrest Ave,Apt 27A,Fort Wayne,IN,93814,Allen,33.270972,-152.668315,Condo,6,1.0,1757,11417,1945,79,134053.92,2025-02-21,417,76.3,136644.64,2022,1650.5,James Jones,False,IN-AL-61304,141.22,Within band
P-101371,11371,"4609 Broadway, Apt 1D, Arlington, VA 84923",4609 Broadway,Apt 1D,Arlington,VA,84923,Arlington,40.987236,-155.002678,Townhouse,3,2.0,2084,4739,1949,75,1321178.49,2021-09-15,1672,633.96,1296628.92,2022,20237.6,Mary Harris,True,VA-AR-15485,202.82,Within band
P-101373,11373,"8207 Pine Rd, Apt 8C, Henderson, NV 94148",8207 Pine Rd,Apt 8C,Henderson,NV,94148,Clark,41.209965,-130.458429,Townhouse,3,4.0,6156,14283,1952,72,158765.77,2022-01-06,1559,25.79,152863.66,2023,2670.2,Margaret Adams,True,NV-CL-58847,114.32,Within band
P-101374,11374,"1174 Jackson Dr, Apt 30C, Reno, NV 59914",1174 Jackson Dr,Apt 30C,Reno,NV,59914,Washoe,38.365884,-79.01986,Condo,6,4.0,3499,11922,1945,79,639680.53,2016-06-30,3575,182.82,563111.02,2022,9819.86,Emily Mitchell,False,NV-WA-96684,116.76,Under-assessed
P-101375,11375,"9062 Summit Rd, Billings, MT 92572",9062 Summit Rd,,Billings,MT,92572,Yellowstone,25.24056,-120.76529,Single Family,2,4.0,3808,8718,1986,38,364288.07,2024-07-21,632,95.66,294632.39,2024,5225.85,Steven White,True,MT-YE-10599,151.22,Under-assessed
P-101376,11376,"4863 Monroe Blvd, Apt 12A, Cambridge, MA 30849",4863 Monroe Blvd,Apt 12A,Cambridge,MA,30849,Middlesex,41.488198,-100.411339,Townhouse,5,2.5,5981,16611,1952,72,1367336.42,2016-07-06,3569,228.61,1493977.79,2023,29822.49,George Perez,False,MA-MI-14151,343.24,Within band
P-101377,11377,"5328 Cedar Ln, Lakewood, CO 57340",5328 Cedar Ln,,Lakewood,CO,57340,Jefferson,47.354942,-154.226345,Single Family,5,3.0,3884,11477,1941,83,1179379.63,2026-03-11,34,303.65,961596.55,2022,10927.94,Ronald Hill,False,CO-JE-84336,215.23,Under-assessed
P-101380,11380,"3909 Madison Ave, Apt 27C, Durham, NC 74418",3909 Madison Ave,Apt 27C,Durham,NC,74418,Durham,37.441674,-84.57809,Townhouse,2,1.5,1423,3252,1938,86,306420.47,2022-04-30,1445,215.33,298095.44,2023,5939.58,William Sanchez,True,NC-DU-70387,129.09,Within band
P-101381,11381,"9133 Summit Rd, Apt 21D, Queens, NY 98558",9133 Summit Rd,Apt 21D,Queens,NY,98558,Queens,31.078061,-141.063458,Townhouse,1,1.0,4889,10844,1983,41,1131505.58,2024-02-15,789,231.44,1093263.14,2024,24051.79,Charles Perez,False,NY-QU-44018,521.74,Within band
P-101382,11382,"9989 Pine Rd, Los Angeles, CA 86624",9989 Pine Rd,,Los Angeles,CA,86624,Los Angeles,27.151983,-148.842273,Single Family,6,3.0,3418,9274,1960,64,2755186.59,2023-10-26,901,806.08,2773346.93,2024,23226.8,Ronald Clark,True,CA-LO-34441,449.01,Within band
P-101383,11383,"1863 Willow Way, Provo, UT 69720",1863 Willow Way,,Provo,UT,69720,Utah,26.294603,-118.523219,Multi Family,1,2.0,1311,12252,1960,64,767755.16,2022-01-30,1535,585.63,836082.92,2024,13931.62,Deborah Hernandez,False,UT-UT-43728,127.68,Within band
P-101384,11384,"2947 Summit Rd, Apt 30E, Miami, FL 13767",2947 Summit Rd,Apt 30E,Miami,FL,13767,Miami-Dade,34.61293,-111.262442,Condo,7,4.5,3813,6430,1921,103,579541.25,2025-08-14,243,151.99,537332.64,2022,4839.24,Sandra Thomas,True,FL-MI-40785,145.87,Within band
P-101385,11385,"5605 Elm St, Apt 22A, Oklahoma City, OK 67124",5605 Elm St,Apt 22A,Oklahoma City,OK,67124,Oklahoma,40.735388,-75.130832,Condo,3,1.0,6434,11839,2012,12,600125.32,2019-08-31,2418,93.27,577294.07,2022,10952.74,Melissa Campbell,True,OK-OK-39827,106.53,Within band
P-101386,11386,"3627 Jackson Dr, Apt 13C, Atlanta, GA 40035",3627 Jackson Dr,Apt 13C,Atlanta,GA,40035,Fulton,42.936293,-110.801629,Condo,5,1.0,3127,11353,1964,60,783163.08,2025-04-08,371,250.45,781025.99,2024,7675.18,Barbara White,False,GA-FU-41757,139.77,Within band
P-101387,11387,"856 Sunset Blvd, Columbus, OH 82479",856 Sunset Blvd,,Columbus,OH,82479,Franklin,25.656162,-94.155394,Single Family,2,3.0,1685,9408,1966,58,718344.75,2021-05-01,1809,426.32,656264.69,2022,10025.46,John Davis,False,OH-FR-48378,208.92,Within band
P-101388,11388,"497 Heritage Ln, Apt 19D, Baton Rouge, LA 92406",497 Heritage Ln,Apt 19D,Baton Rouge,LA,92406,East Baton Rouge,27.857161,-79.108889,Condo,7,2.5,5899,10800,1951,73,459985.35,2019-05-21,2520,77.98,419393.32,2022,7817.15,Amanda Adams,False,LA-EA-97093,138.14,Within band
P-101389,11389,"2044 River Blvd, Apt 5E, Baltimore, MD 52033",2044 River Blvd,Apt 5E,Baltimore,MD,52033,Baltimore,21.418691,-144.204268,Townhouse,1,4.5,5555,7627,1969,55,1383899.97,2022-06-22,1392,249.13,1442950.09,2023,15242.68,William Allen,True,MD-BA-66015,298.14,Within band
P-101391,11391,"2343 Birch St, Apt 8E, Knoxville, TN 99449",2343 Birch St,Apt 8E,Knoxville,TN,99449,Knox,32.957354,-156.914842,Condo,3,1.5,3656,6875,1927,97,318350.52,2022-09-20,1302,87.08,259562.49,2022,2094.81,Stephanie Adams,True,TN-KN-78254,138.25,Under-assessed
P-101392,11392,"9192 Maple Dr, Apt 9D, Arlington, VA 37924",9192 Maple Dr,Apt 9D,Arlington,VA,37924,Arlington,40.736567,-130.057963,Townhouse,1,2.0,5469,10649,1984,40,779718.07,2017-09-29,3119,142.57,716545.5,2022,11309.16,Patricia Moore,True,VA-AR-36963,202.82,Within band
P-101393,11393,"5801 Clearwater Ct, Kansas City, MO 91976",5801 Clearwater Ct,,Kansas City,MO,91976,Jackson,22.823396,-95.144446,Single Family,2,4.0,5037,13310,1932,92,154829.73,2016-04-26,3640,30.74,135178.13,2024,2160.2,Donald Lopez,True,MO-JA-51100,127.4,Under-assessed
P-101394,11394,"4092 Monroe Blvd, Apt 24A, Miami, FL 46807",4092 Monroe Blvd,Apt 24A,Miami,FL,46807,Miami-Dade,30.945369,-148.252146,Condo,2,2.0,623,2237,1950,74,537625.41,2020-02-24,2241,862.96,457367.45,2022,4612.89,Stephanie Scott,False,FL-MI-99802,145.87,Under-assessed
P-101395,11395,"8668 Park Way, Detroit, MI 93515",8668 Park Way,,Detroit,MI,93515,Wayne,31.893478,-120.865775,Single Family,2,5.0,5231,16318,2005,19,650572.55,2019-01-04,2657,124.37,703609.48,2023,13990.77,Deborah Harris,False,MI-WA-71060,152.83,Within band
P-101396,11396,"9807 Clearwater Ct, Cambridge, MA 94936",9807 Clearwater Ct,,Cambridge,MA,94936,Middlesex,33.881437,-115.053582,Single Family,1,1.0,3496,5616,1930,94,1233786.45,2018-03-29,2938,352.91,1023940.28,2022,20067.47,James Robinson,True,MA-MI-41646,390.17,Under-assessed
P-101397,11397,"9285 Meadow Ln, Apt 26C, Seattle, WA 13615",9285 Meadow Ln,Apt 26C,Seattle,WA,13615,King,42.05308,-98.597609,Townhouse,3,1.5,2077,5627,1978,46,469580.27,2022-02-13,1521,226.09,387064.73,2022,7193.92,Donna Carter,True,WA-KI-44711,380.09,Under-assessed
P-101398,11398,"4352 Meadow Ln, Columbus, OH 65091",4352 Meadow Ln,,Columbus,OH,65091,Franklin,37.04596,-144.666176,Multi Family,3,3.5,3790,5672,1996,28,265130.22,2021-06-26,1753,69.96,251755.7,2022,3340.87,Timothy Baker,False,OH-FR-98569,119.72,Within band
P-101400,11400,"8697 Riverside Dr, Provo, UT 47551",8697 Riverside Dr,,Provo,UT,47551,Utah,42.813854,-152.95117,Single Family,2,3.0,6065,12303,1928,96,355502.21,2017-06-14,3226,58.62,326100.29,2023,3297.17,Sandra Wilson,False,UT-UT-10111,109.86,Within band
P-101401,11401,"1909 Elm St, Apt 27C, Denver, CO 69910",1909 Elm St,Apt 27C,Denver,CO,69910,Denver,32.026543,-148.581678,Condo,2,1.5,3668,6708,1957,67,913630.43,2025-01-07,462,249.08,895622.45,2024,15087.18,Jessica Clark,True,CO-DE-13566,256.52,Within band
P-101402,11402,"5231 Forest Glen Rd, Apt 8D, Detroit, MI 80601",5231 Forest Glen Rd,Apt 8D,Detroit,MI,80601,Wayne,46.889371,-123.287571,Condo,4,1.0,2373,8556,1990,34,555811.49,2023-09-09,948,234.22,445147.74,2023,6452.6,Dorothy Baker,False,MI-WA-93977,194.54,Under-assessed
P-101403,11403,"1390 Hillcrest Ave, Tucson, AZ 85583",1390 Hillcrest Ave,,Tucson,AZ,85583,Pima,46.851534,-92.026662,Single Family,7,1.5,6017,16565,1941,83,496392.32,2025-08-20,237,82.5,454194.27,2024,4849.27,John Williams,False,AZ-PI-16537,130.0,Within band
P-101404,11404,"2478 River Blvd, Apt 11D, Cincinnati, OH 20742",2478 River Blvd,Apt 11D,Cincinnati,OH,20742,Hamilton,35.395227,-142.180518,Condo,2,3.0,4530,6562,1986,38,270212.05,2025-04-20,359,59.65,259658.13,2023,4247.56,Stephanie Sanchez,False,OH-HA-72974,220.86,Within band
P-101405,11405,"8630 Adams St, Apt 18E, Columbia, SC 85569",8630 Adams St,Apt 18E,Columbia,SC,85569,Richland,33.642204,-132.217226,Townhouse,4,1.0,3186,5827,1937,87,203035.34,2024-11-21,509,63.73,169151.51,2024,3086.0,Nancy Clark,True,SC-RI-22441,130.0,Under-assessed
P-101406,11406,"1771 Main St, Apt 4D, Salt Lake City, UT 66710",1771 Main St,Apt 4D,Salt Lake City,UT,66710,Salt Lake,23.039691,-138.620439,Townhouse,4,2.5,1375,8058,1945,79,766690.61,2024-05-25,689,557.59,750523.64,2023,13504.65,Donald Lopez,False,UT-SA-64318,122.46,Within band
P-101407,11407,"5098 Willow Way, Oklahoma City, OK 38563",5098 Willow Way,,Oklahoma City,OK,38563,Oklahoma,33.932094,-108.231827,Single Family,1,2.5,4905,16205,2010,14,580182.4,2019-10-09,2379,118.28,618542.8,2022,7857.7,William Hall,True,OK-OK-37155,128.71,Within band
P-101408,11408,"312 Orchard Ln, Apt 11C, Boise, ID 20074",312 Orchard Ln,Apt 11C,Boise,ID,20074,Ada,32.289484,-114.043609,Condo,7,2.0,1541,7914,1948,76,745931.07,2018-07-14,2831,484.06,640263.21,2022,11286.54,Sarah Jones,True,ID-AD-79059,107.43,Under-assessed
P-101409,11409,"700 Maple Dr, Apt 22E, New Orleans, LA 50694",700 Maple Dr,Apt 22E,New Orleans,LA,50694,Orleans,39.265049,-84.372938,Condo,4,2.0,5526,11379,2015,9,350765.76,2020-06-30,2114,63.48,362326.11,2024,3876.49,George Clark,False,LA-OR-40725,138.14,Within band
P-101410,11410,"9081 Park Way, Apt 18A, Baton Rouge, LA 30073",9081 Park Way,Apt 18A,Baton Rouge,LA,30073,East Baton Rouge,33.768471,-132.774706,Condo,5,2.0,1791,7069,2019,5,869637.78,2022-06-13,1401,485.56,723323.33,2023,6391.92,Joshua Hall,False,LA-EA-52293,138.14,Under-assessed
P-101411,11411,"4262 Orchard Ln, Albuquerque, NM 65177",4262 Orchard Ln,,Albuquerque,NM,65177,Bernalillo,44.797803,-78.299483,Single Family,7,2.0,6389,9467,1971,53,752656.51,2024-12-02,498,117.81,759328.1,2023,8200.18,Joshua Taylor,True,NM-BE-22801,119.2,Within band
P-101412,11412,"9190 Adams St, Apt 2E, Naperville, IL 51725",9190 Adams St,Apt 2E,Naperville,IL,51725,DuPage,27.194486,-129.686239,Condo,7,1.0,5540,9510,1921,103,817909.91,2017-04-20,3281,147.64,769725.21,2023,16164.23,Deborah Perez,False,IL-DU-91495,148.0,Within band
P-101413,11413,"5111 Meadow Ln, Apt 14D, Minneapolis, MN 85929",5111 Meadow Ln,Apt 14D,Minneapolis,MN,85929,Hennepin,35.267052,-145.201812,Condo,6,1.0,5207,15222,1997,27,795670.05,2018-05-28,2878,152.81,662222.93,2023,10352.28,Richard Perez,False,MN-HE-22182,159.96,Under-assessed
P-101415,11415,"2897 Jackson Dr, Apt 10C, Boise, ID 22328",2897 Jackson Dr,Apt 10C,Boise,ID,22328,Ada,39.241154,-111.306681,Condo,7,1.0,3973,15011,1951,73,264165.45,2023-08-26,962,66.49,245717.15,2023,4624.75,Michael Wright,True,ID-AD-50632,107.43,Within band
P-101416,11416,"4958 Jackson Dr, Hempstead, NY 30355",4958 Jackson Dr,,Hempstead,NY,30355,Nassau,38.739155,-98.870671,Single Family,6,3.0,2604,8630,1920,104,2578005.31,2022-10-31,1261,990.02,2402096.34,2023,52846.12,Jennifer Davis,False,NY-NA-77469,408.84,Within band
P-101417,11417,"1167 Valley View Dr, Apt 5C, Minneapolis, MN 64595",1167 Valley View Dr,Apt 5C,Minneapolis,MN,64595,Hennepin,47.226875,-156.298399,Townhouse,3,1.5,3130,11239,1964,60,270076.3,2020-03-27,2209,86.29,266298.57,2022,4997.64,Ashley Williams,True,MN-HE-93399,130.12,Within band
P-101418,11418,"1629 Cedar Ln, Henderson, NV 76659",1629 Cedar Ln,,Henderson,NV,76659,Clark,45.096409,-141.419743,Single Family,6,1.5,822,11356,1945,79,368278.72,2022-09-13,1309,448.03,362736.45,2022,6163.69,Donna Lopez,True,NV-CL-32872,117.32,Within band
P-101419,11419,"7968 Forest Glen Rd, Scottsdale, AZ 60017",7968 Forest Glen Rd,,Scottsdale,AZ,60017,Maricopa,32.468729,-99.235039,Multi Family,5,2.0,1975,11311,1964,60,302307.56,2020-04-04,2201,153.07,276646.79,2024,3043.28,John Green,False,AZ-MA-35149,91.66,Within band
P-101420,11420,"366 Madison Ave, Tulsa, OK 50048",366 Madison Ave,,Tulsa,OK,50048,Tulsa,24.360639,-100.127665,Single Family,3,1.0,3701,10658,2006,18,258586.24,2017-12-06,3051,69.87,221439.34,2023,2279.89,Lisa Baker,True,OK-TU-89234,128.71,Under-assessed
P-101421,11421,"4001 Adams St, Apt 6D, Tucson, AZ 37353",4001 Adams St,Apt 6D,Tucson,AZ,37353,Pima,33.524955,-148.080097,Condo,4,4.0,5615,9783,2013,11,149080.34,2021-05-29,1781,26.55,153972.24,2023,2731.96,Susan Jackson,True,AZ-PI-83665,150.88,Within band
P-101422,11422,"2288 Valley View Dr, Apt 27A, Omaha, NE 55026",2288 Valley View Dr,Apt 27A,Omaha,NE,55026,Douglas,21.551824,-133.597995,Townhouse,7,1.0,5331,11022,1940,84,879783.35,2016-09-20,3493,165.03,851483.11,2024,15057.23,Margaret Hill,True,NE-DO-72862,144.82,Within band
P-101423,11423,"9427 Summit Rd, Apt 26E, Charlotte, NC 89305",9427 Summit Rd,Apt 26E,Charlotte,NC,89305,Mecklenburg,44.15105,-120.290399,Townhouse,2,3.5,5522,7096,1980,44,435788.93,2025-10-12,184,78.92,382441.51,2022,6742.75,Kimberly Gonzalez,True,NC-ME-87583,129.09,Under-assessed
P-101424,11424,"4588 Lake Dr, Apt 15A, Nashville, TN 82152",4588 Lake Dr,Apt 15A,Nashville,TN,82152,Davidson,34.479457,-117.386353,Condo,3,4.0,6063,12244,1986,38,871039.75,2021-06-18,1761,143.66,814415.34,2024,12489.46,Thomas Robinson,True,TN-DA-23958,138.25,Within band
P-101425,11425,"9672 Cedar Ln, Saint Paul, MN 21141",9672 Cedar Ln,,Saint Paul,MN,21141,Ramsey,43.426402,-102.953383,Single Family,1,1.0,2360,10938,1953,71,740971.83,2018-04-03,2933,313.97,800029.25,2023,7385.51,Betty Walker,False,MN-RA-64897,127.64,Within band
P-101426,11426,"5437 Main St, Apt 20D, Saint Paul, MN 95540",5437 Main St,Apt 20D,Saint Paul,MN,95540,Ramsey,29.975722,-109.7747,Condo,4,1.0,6221,7792,1969,55,503287.93,2023-01-01,1199,80.9,442001.47,2024,7159.14,Jessica Jackson,False,MN-RA-58226,159.96,Under-assessed
P-101427,11427,"8572 Ridgewood Rd, Apt 29B, Lexington, KY 12444",8572 Ridgewood Rd,Apt 29B,Lexington,KY,12444,Fayette,44.398,-70.679186,Condo,3,1.0,5889,11379,2020,4,438989.39,2016-09-03,3510,74.54,444355.09,2022,6138.17,Lisa Williams,True,KY-FA-44641,141.41,Within band
P-101428,11428,"7221 Elm St, Fort Wayne, IN 71817",7221 Elm St,,Fort Wayne,IN,71817,Allen,43.033128,-110.275833,Single Family,3,4.5,1618,6544,1924,100,778697.88,2022-07-30,1354,481.27,635969.65,2024,11645.36,Andrew Lee,False,IN-AL-74291,248.46,Under-assessed
P-101429,11429,"2925 Forest Glen Rd, Minneapolis, MN 49433",2925 Forest Glen Rd,,Minneapolis,MN,49433,Hennepin,34.625299,-88.30606,Multi Family,7,2.5,4837,15434,1956,68,566916.78,2017-10-10,3108,117.2,580860.95,2024,10698.34,Brian Harris,True,MN-HE-77128,204.03,Within band
P-101430,11430,"3716 Oak Ave, Memphis, TN 21086",3716 Oak Ave,,Memphis,TN,21086,Shelby,21.575995,-150.086425,Single Family,4,5.0,5335,11517,1996,28,380101.55,2017-03-28,3304,71.25,373684.28,2022,2996.35,Charles Adams,False,TN-SH-58348,143.46,Within band
P-101431,11431,"8123 Lakeshore Dr, Manhattan, NY 55911",8123 Lakeshore Dr,,Manhattan,NY,55911,New York,34.890793,-90.968158,Single Family,2,4.0,3283,10081,1938,86,607396.77,2024-02-08,796,185.01,622100.25,2022,13686.21,Amanda Jackson,True,NY-NE-88005,408.84,Within band
P-101432,11432,"6702 Birch St, Apt 15B, Durham, NC 88348",6702 Birch St,Apt 15B,Durham,NC,88348,Durham,31.004279,-92.728791,Condo,2,1.5,5000,6178,2006,18,871143.1,2024-01-31,804,174.23,755024.16,2023,12197.82,Jennifer Walker,False,NC-DU-16267,140.0,Under-assessed
P-101433,11433,"7415 Clearwater Ct, Tampa, FL 46692",7415 Clearwater Ct,,Tampa,FL,46692,Hillsborough,43.959255,-116.894385,Multi Family,2,4.0,1713,8072,1951,73,855696.75,2021-04-19,1821,499.53,822713.77,2024,6987.87,Michelle Scott,False,FL-HI-89358,133.09,Within band
P-101434,11434,"8224 Adams St, Apt 29A, Fairfax, VA 74984",8224 Adams St,Apt 29A,Fairfax,VA,74984,Fairfax,46.603995,-82.293955,Townhouse,3,3.0,5925,9847,1956,68,1307172.97,2018-04-16,2920,220.62,1176827.81,2024,14415.79,Richard Lewis,False,VA-FA-43259,202.82,Under-assessed
P-101435,11435,"7902 Forest Glen Rd, Scottsdale, AZ 71044",7902 Forest Glen Rd,,Scottsdale,AZ,71044,Maricopa,32.127127,-115.647178,Single Family,3,2.0,784,8648,1973,51,484451.79,2025-05-19,330,617.92,432343.0,2023,5278.38,Lisa Garcia,True,AZ-MA-71759,130.0,Under-assessed
P-101436,11436,"3507 Cedar Ln, Naperville, IL 91525",3507 Cedar Ln,,Naperville,IL,91525,DuPage,36.591555,-88.377327,Single Family,5,3.0,874,7575,1967,57,430773.84,2018-02-21,2974,492.88,410041.64,2022,8610.87,Timothy Taylor,True,IL-DU-78856,104.35,Within band
P-101437,11437,"7024 Meadow Ln, Apt 2B, Reno, NV 42243",7024 Meadow Ln,Apt 2B,Reno,NV,42243,Washoe,30.061846,-141.314475,Condo,7,2.0,3971,11013,1924,100,612412.3,2018-10-04,2749,154.22,630054.37,2022,7007.93,Mary Torres,False,NV-WA-19193,116.76,Within band
P-101438,11438,"9683 Meadow Ln, Apt 10C, Lakewood, CO 65235",9683 Meadow Ln,Apt 10C,Lakewood,CO,65235,Jefferson,23.061611,-104.799388,Townhouse,5,4.0,3175,4491,1931,93,957142.28,2018-08-17,2797,301.46,1020332.28,2024,10795.56,Donald Moore,True,CO-JE-20027,257.12,Within band
P-101439,11439,"7451 Summit Rd, Rockville, MD 22190",7451 Summit Rd,,Rockville,MD,22190,Montgomery,34.534258,-90.522013,Multi Family,5,4.5,6079,6079,1955,69,1164656.64,2018-01-23,3003,191.59,1135616.06,2023,18231.83,Anthony Scott,False,MD-MO-90492,293.88,Within band
P-101440,11440,"6209 Lake Dr, Apt 16D, Dallas, TX 58347",6209 Lake Dr,Apt 16D,Dallas,TX,58347,Dallas,31.709076,-71.918284,Townhouse,3,1.0,4915,15431,1999,25,172883.54,2018-03-24,2943,35.17,146816.4,2022,2936.33,James Campbell,True,TX-DA-34370,143.56,Under-assessed
P-101441,11441,"384 Ridgewood Rd, Apt 15B, Everett, WA 46469",384 Ridgewood Rd,Apt 15B,Everett,WA,46469,Snohomish,43.211661,-97.804408,Townhouse,5,4.0,2031,4579,1928,96,1222799.37,2022-04-22,1453,602.07,1002903.13,2022,14424.97,Anthony Williams,True,WA-SN-50308,380.09,Under-assessed
P-101442,11442,"9140 Pine Rd, Apt 6B, Waukegan, IL 43204",9140 Pine Rd,Apt 6B,Waukegan,IL,43204,Lake,33.025248,-92.563491,Townhouse,2,3.0,4329,9231,1958,66,765538.77,2026-04-03,11,176.84,655602.26,2024,13767.65,Michael Johnson,False,IL-LA-98106,189.44,Under-assessed
P-101443,11443,"7978 Madison Ave, Boston, MA 56838",7978 Madison Ave,,Boston,MA,56838,Suffolk,47.290973,-110.257461,Multi Family,4,3.0,4670,12519,1958,66,741311.7,2025-04-09,370,158.74,808631.96,2023,7209.97,Amanda Gonzalez,True,MA-SU-56575,478.01,Within band
P-101444,11444,"6225 Lincoln Rd, Apt 11E, Cambridge, MA 45066",6225 Lincoln Rd,Apt 11E,Cambridge,MA,45066,Middlesex,44.868603,-72.566946,Townhouse,5,1.5,3461,6902,1999,25,3303778.23,2017-08-01,3178,954.57,3176217.05,2024,31804.89,Linda Young,True,MA-MI-52974,343.24,Within band
P-101445,11445,"1048 Clearwater Ct, Omaha, NE 98790",1048 Clearwater Ct,,Omaha,NE,98790,Douglas,42.031808,-150.390068,Single Family,5,4.0,3305,9219,2023,1,524686.81,2016-05-02,3634,158.76,572905.73,2022,7173.63,Matthew Carter,False,NE-DO-38197,108.09,Within band
P-101446,11446,"3467 River Blvd, Apt 27B, Salt Lake City, UT 87017",3467 River Blvd,Apt 27B,Salt Lake City,UT,87017,Salt Lake,26.83899,-110.673067,Townhouse,1,5.0,6469,7141,2013,11,163279.99,2024-01-31,804,25.24,177673.97,2022,3167.84,Anthony Gonzalez,True,UT-SA-89521,122.46,Within band
P-101447,11447,"2672 River Blvd, Apt 7B, Lakewood, CO 89726",2672 River Blvd,Apt 7B,Lakewood,CO,89726,Jefferson,44.221991,-107.041704,Condo,7,1.0,5413,7077,1942,82,375977.06,2022-10-04,1288,69.46,318234.99,2022,3673.17,Jennifer Jackson,False,CO-JE-21550,256.52,Under-assessed
P-101449,11449,"6772 Meadow Ln, Apt 19A, Wichita, KS 90466",6772 Meadow Ln,Apt 19A,Wichita,KS,90466,Sedgwick,35.549284,-99.26299,Townhouse,3,4.5,3932,15530,1975,49,305157.08,2017-04-23,3278,77.61,272086.61,2023,2567.45,Emily Mitchell,False,KS-SE-88333,168.12,Under-assessed
P-101452,11452,"9413 Forest Glen Rd, Apt 18D, Cincinnati, OH 29137",9413 Forest Glen Rd,Apt 18D,Cincinnati,OH,29137,Hamilton,21.80764,-140.160911,Condo,4,1.5,631,813,1964,60,563588.39,2024-09-21,570,893.17,562807.6,2024,8779.93,Kevin Thompson,True,OH-HA-27389,220.86,Within band
P-101453,11453,"3397 Broadway, San Diego, CA 29106",3397 Broadway,,San Diego,CA,29106,San Diego,21.808397,-73.46581,Single Family,7,3.0,5178,10742,1998,26,1954704.61,2024-11-02,528,377.5,1712764.15,2022,25139.97,Linda Martinez,False,CA-SA-21583,449.01,Under-assessed
P-101454,11454,"5583 Washington Ave, Denver, CO 15858",5583 Washington Ave,,Denver,CO,15858,Denver,29.776341,-70.361102,Single Family,6,2.0,5775,14229,1971,53,319122.72,2022-01-08,1557,55.26,259502.73,2024,2165.33,Susan Taylor,True,CO-DE-57004,215.23,Under-assessed
P-101455,11455,"7916 Adams St, Apt 7A, Aurora, CO 69133",7916 Adams St,Apt 7A,Aurora,CO,69133,Arapahoe,46.297413,-122.274873,Townhouse,3,1.0,6481,15976,1922,102,608610.78,2025-05-07,342,93.91,602749.43,2024,9049.13,Nancy Ramirez,True,CO-AR-44024,257.12,Within band
P-101456,11456,"6472 Valley View Dr, Miami, FL 92182",6472 Valley View Dr,,Miami,FL,92182,Miami-Dade,43.286437,-119.46688,Single Family,2,5.0,5178,13241,1987,37,516754.11,2020-07-23,2091,99.8,482048.52,2023,5867.08,George Flores,False,FL-MI-41149,138.34,Within band
P-101458,11458,"9560 Main St, San Francisco, CA 38091",9560 Main St,,San Francisco,CA,38091,San Francisco,34.486903,-138.963638,Single Family,7,3.0,4868,14483,2022,2,3470501.71,2022-08-31,1322,712.92,3536287.84,2024,35440.19,Melissa Torres,True,CA-SA-19623,449.01,Within band
P-101459,11459,"2099 Adams St, Apt 11B, Baton Rouge, LA 70240",2099 Adams St,Apt 11B,Baton Rouge,LA,70240,East Baton Rouge,42.435296,-93.396302,Townhouse,2,3.0,4208,6307,1991,33,306707.42,2022-04-06,1469,72.89,326585.58,2024,4214.94,Jessica Green,True,LA-EA-83976,124.05,Within band
P-101460,11460,"6552 Orchard Ln, Apt 12E, Jacksonville, FL 11025",6552 Orchard Ln,Apt 12E,Jacksonville,FL,11025,Duval,42.407452,-134.741267,Condo,7,5.0,3909,14178,1987,37,703607.44,2021-08-22,1696,180.0,739079.07,2023,9282.81,Brian Martinez,True,FL-DU-31862,145.87,Within band
P-101461,11461,"2702 Broadway, Decatur, GA 80322",2702 Broadway,,Decatur,GA,80322,DeKalb,44.878359,-90.868119,Single Family,5,2.5,1863,5884,1967,57,283541.49,2021-05-20,1790,152.2,303242.9,2024,3673.54,Andrew Campbell,True,GA-DE-65365,150.1,Within band
P-101462,11462,"6809 Orchard Ln, Apt 7A, Fairfax, VA 75848",6809 Orchard Ln,Apt 7A,Fairfax,VA,75848,Fairfax,21.489511,-74.429164,Condo,3,5.0,2392,10250,1954,70,1180879.23,2019-11-03,2354,493.68,1059999.87,2024,14521.28,Barbara Garcia,True,VA-FA-93385,224.74,Under-assessed
P-101463,11463,"5381 Hillcrest Ave, Baltimore, MD 99611",5381 Hillcrest Ave,,Baltimore,MD,99611,Baltimore,41.863228,-128.311486,Single Family,5,4.5,2849,11654,2010,14,848824.8,2023-03-08,1133,297.94,701210.5,2024,6151.33,Kevin Jackson,False,MD-BA-60563,292.68,Under-assessed
P-101464,11464,"7121 Harbor View Blvd, Bronx, NY 52366",7121 Harbor View Blvd,,Bronx,NY,52366,Bronx,41.156243,-84.00435,Single Family,7,4.5,4076,8289,1962,62,1133260.22,2019-05-29,2512,278.03,1044727.38,2023,22984.0,Matthew Roberts,False,NY-BR-50721,408.84,Within band
P-101465,11465,"6707 Harbor View Blvd, Orlando, FL 79387",6707 Harbor View Blvd,,Orlando,FL,79387,Orange,36.869572,-136.330292,Single Family,7,1.0,5234,8618,1964,60,694390.42,2017-02-08,3352,132.67,593777.16,2022,7571.86,Richard Williams,True,FL-OR-52897,138.34,Under-assessed
P-101466,11466,"7888 Sunset Blvd, Apt 14A, Lexington, KY 32616",7888 Sunset Blvd,Apt 14A,Lexington,KY,32616,Fayette,45.432066,-144.421235,Condo,3,5.0,2361,7363,2018,6,636998.44,2024-05-28,686,269.8,601249.58,2023,8802.03,Kenneth Green,True,KY-FA-43297,141.41,Within band
P-101468,11468,"6929 Oak Ave, Seattle, WA 55226",6929 Oak Ave,,Seattle,WA,55226,King,27.493783,-143.581028,Multi Family,1,4.0,4569,8948,2015,9,2965321.0,2021-10-06,1651,649.01,2935364.19,2022,40946.19,Patricia Green,True,WA-KI-37028,434.64,Within band
P-101469,11469,"4997 Elm St, Apt 11B, Troy, MI 24035",4997 Elm St,Apt 11B,Troy,MI,24035,Oakland,36.881471,-143.67534,Condo,7,3.5,3948,11229,2014,10,608699.15,2018-08-17,2797,154.18,515001.58,2024,6372.2,Robert Hernandez,False,MI-OA-56847,194.54,Under-assessed
P-101470,11470,"4128 Oak Ave, Apt 24D, Fort Wayne, IN 98287",4128 Oak Ave,Apt 24D,Fort Wayne,IN,98287,Allen,34.173877,-127.403983,Townhouse,5,2.0,1331,3931,1969,55,262266.54,2023-05-15,1065,197.04,226929.6,2024,2825.13,Steven Adams,True,IN-AL-47823,176.97,Under-assessed
P-101471,11471,"7404 Oak Ave, Apt 20B, Austin, TX 72979",7404 Oak Ave,Apt 20B,Austin,TX,72979,Travis,42.998604,-149.849811,Townhouse,6,1.5,5573,13844,1928,96,475746.17,2022-01-30,1535,85.37,433451.19,2022,8669.02,George Moore,True,TX-TR-50215,143.56,Within band
P-101472,11472,"3475 River Blvd, Nashville, TN 66288",3475 River Blvd,,Nashville,TN,66288,Davidson,45.317801,-103.067612,Single Family,5,2.5,4838,15390,1963,61,637111.6,2020-12-11,1950,131.69,561699.24,2023,7421.44,Anthony Roberts,True,TN-DA-14810,143.46,Under-assessed
P-101473,11473,"407 Meadow Ln, Apt 9E, Baltimore, MD 52748",407 Meadow Ln,Apt 9E,Baltimore,MD,52748,Baltimore,29.029298,-103.690136,Condo,6,3.0,2423,9499,1988,36,864900.74,2020-10-04,2018,356.95,718347.27,2023,12648.97,Susan Martinez,False,MD-BA-86318,253.54,Under-assessed
P-101474,11474,"8076 Creekside Dr, Apt 20C, San Diego, CA 41587",8076 Creekside Dr,Apt 20C,San Diego,CA,41587,San Diego,28.909141,-147.207863,Condo,3,4.5,4422,6469,1926,98,2475170.0,2025-01-19,450,559.74,2071521.26,2023,32567.19,Ashley Robinson,False,CA-SA-47714,453.06,Under-assessed
P-101475,11475,"1275 Adams St, Apt 29C, Scottsdale, AZ 80327",1275 Adams St,Apt 29C,Scottsdale,AZ,80327,Maricopa,33.81955,-141.953456,Townhouse,4,5.0,3358,9932,1952,72,201012.67,2022-06-10,1404,59.86,177114.08,2024,2764.14,Lisa Miller,True,AZ-MA-53096,81.85,Under-assessed
P-101476,11476,"3606 Ridgewood Rd, Apt 30E, St. Louis, MO 29876",3606 Ridgewood Rd,Apt 30E,St. Louis,MO,29876,St. Louis,27.301363,-144.422641,Townhouse,3,3.5,5127,5416,2019,5,645837.83,2019-10-03,2385,125.97,668911.62,2023,9252.26,Joshua Martin,False,MO-ST-57464,225.08,Within band
P-101477,11477,"6797 Creekside Dr, Apt 10A, Miami, FL 15807",6797 Creekside Dr,Apt 10A,Miami,FL,15807,Miami-Dade,25.117675,-78.880418,Condo,7,3.0,5745,16235,1935,89,725821.83,2021-09-05,1682,126.34,617161.43,2022,10430.0,Carol Green,True,FL-MI-10246,145.87,Under-assessed
P-101478,11478,"1767 Adams St, St. Louis, MO 62487",1767 Adams St,,St. Louis,MO,62487,St. Louis,42.38189,-70.253057,Single Family,6,1.5,2684,14636,1983,41,642163.95,2020-10-18,2004,239.26,652508.75,2024,7142.81,Charles Davis,True,MO-ST-51856,127.4,Within band
P-101479,11479,"5671 Maple Dr, Apt 22A, Lexington, KY 77921",5671 Maple Dr,Apt 22A,Lexington,KY,77921,Fayette,39.890999,-113.559706,Condo,3,4.0,903,2912,1979,45,139810.66,2019-06-17,2493,154.83,146436.8,2022,1205.4,Ashley Thompson,False,KY-FA-14094,141.41,Within band
P-101480,11480,"7281 Maple Dr, Apt 4C, Fort Lauderdale, FL 60229",7281 Maple Dr,Apt 4C,Fort Lauderdale,FL,60229,Broward,33.190316,-88.219747,Condo,5,1.0,4604,13500,1975,49,666568.7,2024-04-14,730,144.78,722059.06,2023,8495.6,Michael Sanchez,False,FL-BR-30459,145.87,Within band
P-101481,11481,"3972 Summit Rd, Apt 5E, New Orleans, LA 68349",3972 Summit Rd,Apt 5E,New Orleans,LA,68349,Orleans,31.647812,-135.251159,Condo,7,4.0,4587,8521,1967,57,805769.35,2017-05-12,3259,175.66,730682.73,2024,11056.81,Robert Young,True,LA-OR-26788,138.14,Under-assessed
P-101482,11482,"3612 Jackson Dr, Apt 20B, Salt Lake City, UT 21190",3612 Jackson Dr,Apt 20B,Salt Lake City,UT,21190,Salt Lake,46.626524,-136.947898,Townhouse,7,1.5,2188,12216,1920,104,178040.31,2024-02-27,777,81.37,144949.47,2023,2743.79,Lisa Hernandez,True,UT-SA-50600,122.46,Under-assessed
P-101483,11483,"6738 Madison Ave, Apt 26C, Saint Paul, MN 51110",6738 Madison Ave,Apt 26C,Saint Paul,MN,51110,Ramsey,33.714278,-89.84549,Townhouse,4,4.5,1112,12490,1954,70,525724.84,2026-01-12,92,472.77,451495.21,2024,3671.58,Patricia Robinson,False,MN-RA-39927,130.12,Under-assessed
P-101484,11484,"7259 Meadow Ln, Albuquerque, NM 83494",7259 Meadow Ln,,Albuquerque,NM,83494,Bernalillo,42.564618,-123.084624,Single Family,5,2.0,3407,6380,2005,19,443762.83,2018-02-07,2988,130.25,417697.38,2024,8083.16,Melissa Roberts,False,NM-BE-28545,119.2,Within band
P-101485,11485,"8670 Forest Glen Rd, Boston, MA 66251",8670 Forest Glen Rd,,Boston,MA,66251,Suffolk,45.88282,-147.979298,Single Family,6,2.0,2206,4929,1929,95,1254754.98,2018-11-28,2694,568.79,1066438.06,2022,18834.63,Jennifer Miller,True,MA-SU-94136,390.17,Under-assessed
P-101486,11486,"9399 Sunset Blvd, Provo, UT 53666",9399 Sunset Blvd,,Provo,UT,53666,Utah,42.465317,-81.732224,Multi Family,7,3.5,4298,8625,2000,24,610710.09,2022-01-18,1547,142.09,656155.51,2024,6940.32,Margaret Baker,False,UT-UT-46721,127.68,Within band
P-101488,11488,"9817 Jefferson St, Apt 7B, Miami, FL 68269",9817 Jefferson St,Apt 7B,Miami,FL,68269,Miami-Dade,43.193786,-94.161897,Condo,3,1.5,4999,9577,1983,41,852497.71,2023-05-14,1066,170.53,779694.88,2022,7788.96,John Taylor,False,FL-MI-41959,145.87,Within band
P-101489,11489,"4473 Cedar Ln, Apt 14D, Henderson, NV 22772",4473 Cedar Ln,Apt 14D,Henderson,NV,22772,Clark,23.949241,-118.466318,Condo,2,4.0,693,3897,1920,104,516363.4,2016-06-06,3599,745.11,533565.13,2023,7269.59,Steven Williams,False,NV-CL-11385,116.76,Within band
P-101490,11490,"1876 Monroe Blvd, Apt 17E, Saint Paul, MN 70952",1876 Monroe Blvd,Apt 17E,Saint Paul,MN,70952,Ramsey,30.996236,-92.579753,Townhouse,1,4.5,4049,14767,1981,43,657453.45,2025-07-18,270,162.37,651505.2,2022,12705.35,Dorothy Martinez,True,MN-RA-81512,130.12,Within band
P-101491,11491,"9290 Cedar Ln, Apt 20A, Troy, MI 96084",9290 Cedar Ln,Apt 20A,Troy,MI,96084,Oakland,28.944816,-113.412663,Townhouse,2,1.0,2452,13450,1940,84,421955.66,2022-12-12,1219,172.09,420395.44,2023,4658.16,Sandra Robinson,True,MI-OA-87178,164.68,Within band
P-101492,11492,"706 Ridgewood Rd, Grand Rapids, MI 99743",706 Ridgewood Rd,,Grand Rapids,MI,99743,Kent,40.947385,-103.997329,Single Family,4,3.0,5262,5805,1992,32,681068.14,2017-11-12,3075,129.43,644265.14,2022,6928.18,David Perez,False,MI-KE-25006,152.83,Within band
P-101493,11493,"7483 Cedar Ln, Apt 3E, Oklahoma City, OK 26172",7483 Cedar Ln,Apt 3E,Oklahoma City,OK,26172,Oklahoma,35.636251,-92.846814,Townhouse,5,1.5,2138,8644,1989,35,230917.18,2021-11-23,1603,108.01,216915.3,2022,2938.87,Susan Davis,False,OK-OK-42322,135.38,Within band
P-101494,11494,"6620 Lake Dr, Charlotte, NC 54686",6620 Lake Dr,,Charlotte,NC,54686,Mecklenburg,46.243915,-122.066967,Single Family,2,2.0,1526,8463,1993,31,693277.0,2017-10-18,3100,454.31,559838.63,2024,7905.22,Margaret Moore,True,NC-ME-28555,151.03,Under-assessed
P-101495,11495,"3899 Lincoln Rd, Apt 25C, Tulsa, OK 58241",3899 Lincoln Rd,Apt 25C,Tulsa,OK,58241,Tulsa,35.448764,-91.227536,Condo,2,1.5,634,7322,1966,58,469934.93,2016-05-09,3627,741.22,489216.9,2022,6731.73,Nancy Taylor,True,OK-TU-38530,106.53,Within band
P-101496,11496,"525 Broadway, Tampa, FL 20680",525 Broadway,,Tampa,FL,20680,Hillsborough,29.062842,-78.060883,Single Family,2,5.0,2603,5706,1931,93,565658.3,2022-02-28,1506,217.31,539620.01,2024,8091.54,Steven Torres,True,FL-HI-38907,138.34,Within band
P-101497,11497,"9977 Lakeshore Dr, Nashville, TN 23102",9977 Lakeshore Dr,,Nashville,TN,23102,Davidson,34.058721,-114.113853,Single Family,6,1.0,2174,2709,1964,60,440428.3,2021-03-20,1851,202.59,472256.47,2024,5497.81,David Taylor,False,TN-DA-60067,143.46,Within band
P-101498,11498,"5506 Pine Rd, Apt 14A, Austin, TX 61401",5506 Pine Rd,Apt 14A,Austin,TX,61401,Travis,27.714306,-86.603831,Condo,5,3.5,2310,6226,1977,47,420444.19,2023-05-19,1061,182.01,350898.93,2024,7017.98,Betty Robinson,True,TX-TR-97455,158.16,Under-assessed
P-101499,11499,"6453 Jackson Dr, Apt 19D, Houston, TX 39417",6453 Jackson Dr,Apt 19D,Houston,TX,39417,Harris,29.219346,-75.068417,Townhouse,7,4.5,6140,16544,2005,19,776787.39,2016-10-31,3452,126.51,640079.54,2023,12801.59,Robert Anderson,True,TX-HA-44628,143.56,Under-assessed
P-101500,11500,"5561 Orchard Ln, Eugene, OR 44606",5561 Orchard Ln,,Eugene,OR,44606,Lane,47.355439,-127.39513,Single Family,3,5.0,2901,11639,1925,99,1003978.4,2018-06-04,2871,346.08,1066198.72,2023,17810.15,Jessica Davis,True,OR-LA-55146,291.42,Within band
P-101501,11501,"420 Valley View Dr, Apt 29D, Detroit, MI 47946",420 Valley View Dr,Apt 29D,Detroit,MI,47946,Wayne,25.298245,-152.5226,Townhouse,7,3.5,5349,17114,1958,66,746142.1,2021-08-24,1694,139.49,783140.7,2022,7275.4,Steven Torres,True,MI-WA-50196,164.68,Within band
P-101502,11502,"4850 Hillcrest Ave, Apt 1E, Columbus, OH 64831",4850 Hillcrest Ave,Apt 1E,Columbus,OH,64831,Franklin,30.047643,-143.962349,Townhouse,7,4.5,1842,4568,1969,55,652836.32,2023-12-05,861,354.42,580249.4,2023,6510.61,Amanda Johnson,False,OH-FR-86017,148.98,Under-assessed
P-101503,11503,"4324 Forest Glen Rd, Boston, MA 79261",4324 Forest Glen Rd,,Boston,MA,79261,Suffolk,43.744194,-92.47706,Single Family,7,4.0,3704,15558,1995,29,2673187.33,2024-03-29,746,721.7,2878088.96,2024,47816.41,Mark Jones,True,MA-SU-27329,390.17,Within band
P-101504,11504,"9076 Riverside Dr, Philadelphia, PA 14426",9076 Riverside Dr,,Philadelphia,PA,14426,Philadelphia,37.557087,-81.979714,Single Family,4,4.5,5483,11620,1979,45,151886.56,2018-12-12,2680,27.7,130855.77,2024,2449.22,Mark Martinez,True,PA-PH-75143,120.29,Under-assessed
P-101505,11505,"9754 Washington Ave, St. Louis, MO 68201",9754 Washington Ave,,St. Louis,MO,68201,St. Louis,22.848616,-88.676763,Single Family,4,2.5,3529,5547,1936,88,552040.94,2021-07-30,1719,156.43,470182.86,2024,8235.58,Mark Wright,False,MO-ST-95610,127.4,Under-assessed
P-101507,11507,"137 Creekside Dr, Apt 26D, Tucson, AZ 90212",137 Creekside Dr,Apt 26D,Tucson,AZ,90212,Pima,30.110431,-145.645217,Townhouse,4,5.0,3809,9102,2019,5,229648.34,2022-11-09,1252,60.29,189942.87,2024,2302.79,Steven Rivera,False,AZ-PI-14326,81.85,Under-assessed
P-101508,11508,"4258 Valley View Dr, Apt 17A, Durham, NC 47652",4258 Valley View Dr,Apt 17A,Durham,NC,47652,Durham,35.090264,-89.151103,Townhouse,2,1.5,1553,11033,2000,24,707685.89,2017-04-26,3275,455.69,676607.61,2022,7490.79,Margaret Thompson,False,NC-DU-28765,129.09,Within band
P-101509,11509,"4156 Harbor View Blvd, Henderson, NV 63765",4156 Harbor View Blvd,,Henderson,NV,63765,Clark,41.143515,-130.666553,Single Family,3,3.5,844,8702,1991,33,790519.07,2021-07-11,1738,936.63,763004.71,2024,14899.21,Andrew Sanchez,True,NV-CL-33648,117.32,Within band
P-101510,11510,"3846 Lake Dr, Los Angeles, CA 32122",3846 Lake Dr,,Los Angeles,CA,32122,Los Angeles,24.242097,-79.768902,Single Family,1,1.5,5690,17438,1961,63,2158557.1,2021-08-19,1699,379.36,2324228.72,2024,40228.29,Brian Rodriguez,True,CA-LO-71862,449.01,Within band
P-101511,11511,"8693 Riverside Dr, Apt 13C, Louisville, KY 30903",8693 Riverside Dr,Apt 13C,Louisville,KY,30903,Jefferson,45.371667,-111.812671,Condo,7,1.5,2661,5241,2023,1,361577.84,2022-03-22,1484,135.88,375737.61,2022,5604.25,Linda Walker,False,KY-JE-85685,141.41,Within band
P-101512,11512,"1981 Summit Rd, Apt 1B, Aurora, CO 11093",1981 Summit Rd,Apt 1B,Aurora,CO,11093,Arapahoe,27.213052,-90.858971,Condo,5,5.0,654,8370,1920,104,323263.36,2025-05-27,322,494.29,326649.59,2022,4679.21,Lisa Perez,False,CO-AR-29669,256.52,Within band
P-101513,11513,"159 Pine Rd, Apt 11A, Bronx, NY 74107",159 Pine Rd,Apt 11A,Bronx,NY,74107,Bronx,30.562586,-125.10806,Condo,1,4.0,2856,11536,1983,41,2339517.65,2018-11-24,2698,819.16,2478640.6,2022,54530.09,Karen Sanchez,True,NY-BR-71140,351.08,Within band
P-101514,11514,"5924 Broadway, Apt 12E, Miami, FL 63182",5924 Broadway,Apt 12E,Miami,FL,63182,Miami-Dade,39.045068,-107.30975,Condo,3,2.0,1016,4781,2012,12,430629.54,2020-11-19,1972,423.85,413562.03,2023,4759.38,Andrew Gonzalez,True,FL-MI-85086,145.87,Within band
P-101515,11515,"2422 Monroe Blvd, Arlington, VA 82796",2422 Monroe Blvd,,Arlington,VA,82796,Arlington,26.728436,-110.462942,Single Family,4,1.0,1320,5573,1962,62,834521.06,2019-08-14,2435,632.21,706053.84,2022,9048.81,John Moore,False,VA-AR-79668,195.64,Under-assessed
P-101516,11516,"8294 River Blvd, Apt 5A, Nashville, TN 91390",8294 River Blvd,Apt 5A,Nashville,TN,91390,Davidson,37.808097,-156.393843,Townhouse,1,1.5,5232,12314,1983,41,595257.44,2016-10-13,3470,113.77,650395.76,2024,6235.22,Michelle Rodriguez,True,TN-DA-84902,80.48,Within band
P-101517,11517,"9313 Sunset Blvd, Apt 30A, Tampa, FL 82051",9313 Sunset Blvd,Apt 30A,Tampa,FL,82051,Hillsborough,40.181298,-126.303649,Condo,2,2.0,5229,12601,1920,104,768445.75,2019-10-31,2357,146.96,764014.56,2022,13024.47,Donna Perez,True,FL-HI-87776,145.87,Within band
P-101518,11518,"8874 Meadow Ln, Apt 26C, Nashville, TN 52298",8874 Meadow Ln,Apt 26C,Nashville,TN,52298,Davidson,42.479683,-150.272696,Condo,7,4.5,1282,5909,1996,28,248601.47,2026-01-24,80,193.92,266304.71,2023,3198.58,Ashley Martin,False,TN-DA-24509,138.25,Within band
P-101519,11519,"4999 Lakeshore Dr, Decatur, GA 41224",4999 Lakeshore Dr,,Decatur,GA,41224,DeKalb,36.444833,-143.214735,Single Family,3,1.5,4836,13772,1950,74,660618.49,2024-04-15,729,136.6,588025.6,2024,11425.12,Steven Campbell,True,GA-DE-94641,150.1,Under-assessed
P-101520,11520,"7654 Riverside Dr, Apt 11D, Saint Paul, MN 32524",7654 Riverside Dr,Apt 11D,Saint Paul,MN,32524,Ramsey,44.369515,-134.564181,Condo,6,3.0,2218,12534,1963,61,790743.8,2019-04-20,2551,356.51,845321.51,2024,11787.91,Joshua Harris,True,MN-RA-24459,159.96,Within band
P-101521,11521,"3750 Maple Dr, Apt 10A, Lakewood, CO 30537",3750 Maple Dr,Apt 10A,Lakewood,CO,30537,Jefferson,37.254658,-107.292171,Condo,3,5.0,5902,6209,2002,22,656194.76,2022-12-30,1201,111.18,617656.5,2023,12064.13,Kevin Johnson,False,CO-JE-84399,256.52,Within band
P-101522,11522,"1178 Willow Way, Oklahoma City, OK 56443",1178 Willow Way,,Oklahoma City,OK,56443,Oklahoma,33.797624,-115.424244,Single Family,3,2.0,3921,10178,2008,16,727780.59,2018-07-02,2843,185.61,764160.02,2022,9469.17,Joshua Martinez,False,OK-OK-38943,128.71,Within band
P-101523,11523,"9923 Madison Ave, Apt 10A, Philadelphia, PA 16953",9923 Madison Ave,Apt 10A,Philadelphia,PA,16953,Philadelphia,36.778968,-149.646014,Condo,7,1.0,1421,12541,1962,62,235680.62,2023-07-28,991,165.86,196232.39,2024,1837.48,Ashley Lopez,False,PA-PH-61904,115.78,Under-assessed
P-101524,11524,"8150 Valley View Dr, Durham, NC 65194",8150 Valley View Dr,,Durham,NC,65194,Durham,36.146814,-88.447523,Single Family,6,1.5,4873,9229,1936,88,836356.94,2017-05-05,3266,171.63,724981.18,2023,11113.84,Deborah Moore,True,NC-DU-50130,151.03,Under-assessed
P-101525,11525,"2687 Monroe Blvd, Bronx, NY 94853",2687 Monroe Blvd,,Bronx,NY,94853,Bronx,41.192307,-103.368259,Multi Family,6,4.5,4504,5854,1965,59,1210048.75,2019-08-11,2438,268.66,975255.4,2022,21455.62,Stephanie Hernandez,False,NY-BR-70944,515.98,Under-assessed
P-101526,11526,"6697 Ridgewood Rd, Apt 17D, Scottsdale, AZ 11389",6697 Ridgewood Rd,Apt 17D,Scottsdale,AZ,11389,Maricopa,22.131711,-139.357064,Townhouse,5,1.0,5307,5928,2010,14,877684.01,2025-08-29,228,165.38,815980.36,2023,10508.97,Carol Martin,True,AZ-MA-69193,81.85,Within band
P-101527,11527,"5422 Ridgewood Rd, Apt 19B, Charlotte, NC 44053",5422 Ridgewood Rd,Apt 19B,Charlotte,NC,44053,Mecklenburg,38.454456,-152.432718,Condo,2,2.5,1623,8185,1999,25,504313.26,2024-09-02,589,310.73,513005.36,2024,4480.58,Sandra Lewis,False,NC-ME-45080,140.0,Within band
P-101528,11528,"3318 Clearwater Ct, Omaha, NE 40303",3318 Clearwater Ct,,Omaha,NE,40303,Douglas,39.123612,-122.17864,Single Family,3,3.5,2336,13343,1995,29,794798.61,2017-05-30,3241,340.24,872214.11,2023,8804.31,Steven Scott,False,NE-DO-53827,108.09,Within band
P-101529,11529,"3346 Monroe Blvd, Kansas City, MO 76970",3346 Monroe Blvd,,Kansas City,MO,76970,Jackson,23.613112,-137.745589,Single Family,4,2.5,2871,8447,1951,73,610675.61,2016-11-18,3434,212.7,612974.34,2022,6233.62,Joseph Ramirez,True,MO-JA-33424,127.4,Within band
P-101530,11530,"4902 Riverside Dr, Apt 4A, Queens, NY 43226",4902 Riverside Dr,Apt 4A,Queens,NY,43226,Queens,21.573428,-107.40505,Townhouse,2,4.5,1888,2788,1950,74,1151962.07,2025-10-12,184,610.15,1033608.33,2022,22739.38,David Thomas,False,NY-QU-52815,521.74,Under-assessed
P-101531,11531,"1570 Meadow Ln, Fairfax, VA 56726",1570 Meadow Ln,,Fairfax,VA,56726,Fairfax,29.593054,-82.249647,Single Family,7,3.0,5794,17234,1926,98,628059.4,2024-07-29,624,108.4,671149.48,2024,10806.34,Nancy Sanchez,True,VA-FA-20314,195.64,Within band
P-101532,11532,"2660 Meadow Ln, Apt 24C, Baton Rouge, LA 58793",2660 Meadow Ln,Apt 24C,Baton Rouge,LA,58793,East Baton Rouge,43.68005,-145.551156,Condo,5,1.0,4583,13051,1929,95,577378.39,2016-10-24,3459,125.98,505113.63,2024,9942.96,Matthew Johnson,True,LA-EA-39257,138.14,Under-assessed
P-101533,11533,"4260 Elm St, Apt 14B, Wichita, KS 90802",4260 Elm St,Apt 14B,Wichita,KS,90802,Sedgwick,39.893191,-116.071187,Townhouse,6,4.5,3172,9036,1983,41,860527.21,2021-11-19,1607,271.29,800008.75,2022,8067.39,Paul Green,False,KS-SE-46394,168.12,Within band
P-101534,11534,"7154 Park Way, Apt 2C, Dallas, TX 63807",7154 Park Way,Apt 2C,Dallas,TX,63807,Dallas,24.554389,-82.869551,Condo,6,3.5,6466,13553,1950,74,366435.33,2026-03-07,38,56.67,389227.7,2022,7784.55,John Lee,True,TX-DA-30164,158.16,Within band
P-101535,11535,"9313 Forest Glen Rd, Tulsa, OK 75663",9313 Forest Glen Rd,,Tulsa,OK,75663,Tulsa,42.429906,-98.914918,Multi Family,5,4.5,4373,5640,1959,65,268081.02,2023-11-12,884,61.3,270177.18,2023,2239.16,Paul Williams,False,OK-TU-87707,58.46,Within band
P-101536,11536,"1890 Maple Dr, Fort Worth, TX 20308",1890 Maple Dr,,Fort Worth,TX,20308,Tarrant,45.286207,-90.419727,Multi Family,6,1.5,1010,4557,1996,28,236063.59,2016-12-17,3405,233.73,225212.52,2024,4504.25,Andrew Hill,True,TX-TA-46837,126.59,Within band
P-101537,11537,"1977 Forest Glen Rd, Apt 13C, Troy, MI 41860",1977 Forest Glen Rd,Apt 13C,Troy,MI,41860,Oakland,35.703859,-147.092294,Condo,4,5.0,3486,4937,1987,37,757494.17,2022-04-28,1447,217.3,817926.26,2024,6992.41,Matthew Green,True,MI-OA-87491,194.54,Within band
P-101538,11538,"9222 Broadway, Grand Rapids, MI 59832",9222 Broadway,,Grand Rapids,MI,59832,Kent,33.683773,-111.41153,Single Family,4,2.0,6453,14452,1940,84,762815.16,2018-03-01,2966,118.21,756327.85,2024,7069.49,Brian Jackson,True,MI-KE-92873,152.83,Within band
P-101539,11539,"7605 Jefferson St, Apt 4C, Lawrenceville, GA 56098",7605 Jefferson St,Apt 4C,Lawrenceville,GA,56098,Gwinnett,32.129337,-155.456393,Condo,2,1.0,4970,8606,1926,98,719544.29,2019-07-07,2473,144.78,671358.84,2024,11495.56,Donna Green,False,GA-GW-58657,139.77,Within band
P-101540,11540,"4753 Jefferson St, Memphis, TN 63956",4753 Jefferson St,,Memphis,TN,63956,Shelby,33.228441,-150.089521,Multi Family,4,3.0,5222,5800,1975,49,415556.17,2020-07-04,2110,79.58,422606.22,2023,5270.28,Emily Perez,False,TN-SH-23235,191.41,Within band
P-101541,11541,"7062 Clearwater Ct, Apt 1A, San Francisco, CA 56441",7062 Clearwater Ct,Apt 1A,San Francisco,CA,56441,San Francisco,32.424344,-126.454797,Townhouse,7,3.5,3894,7289,1958,66,1209278.58,2017-11-12,3075,310.55,999857.47,2022,18990.55,Carol Lewis,True,CA-SA-29208,453.55,Under-assessed
P-101542,11542,"5826 Hillcrest Ave, Apt 26B, Brooklyn, NY 66167",5826 Hillcrest Ave,Apt 26B,Brooklyn,NY,66167,Kings,29.778827,-88.182376,Condo,7,4.5,6363,14175,1981,43,2873535.76,2026-01-28,76,451.6,2882449.65,2022,63413.89,George Scott,True,NY-KI-87581,351.08,Within band
P-101543,11543,"1865 Meadow Ln, Pittsburgh, PA 47115",1865 Meadow Ln,,Pittsburgh,PA,47115,Allegheny,35.508907,-98.4231,Single Family,7,1.5,1776,6078,2005,19,164910.08,2022-01-29,1536,92.85,179189.89,2023,2158.2,Mary Nelson,True,PA-AL-54839,120.29,Within band
P-101544,11544,"9764 Maple Dr, Apt 1B, Denver, CO 76490",9764 Maple Dr,Apt 1B,Denver,CO,76490,Denver,47.328488,-94.366856,Townhouse,5,5.0,2310,11616,1983,41,781753.91,2021-02-22,1877,338.42,680962.74,2024,9356.24,Lisa Harris,True,CO-DE-38122,257.12,Under-assessed
P-101545,11545,"4175 Madison Ave, Everett, WA 97982",4175 Madison Ave,,Everett,WA,97982,Snohomish,22.575133,-154.397946,Single Family,3,2.5,3163,5741,1998,26,1387000.87,2023-10-01,926,438.51,1519840.52,2023,24772.95,Melissa Moore,True,WA-SN-84467,526.32,Within band
P-101546,11546,"6862 Ridgewood Rd, Apt 13A, Louisville, KY 45582",6862 Ridgewood Rd,Apt 13A,Louisville,KY,45582,Jefferson,31.952776,-123.288723,Condo,5,4.5,6278,9467,1965,59,197825.35,2019-06-29,2481,31.51,205646.21,2022,2003.67,Barbara Lewis,False,KY-JE-92816,141.41,Within band
P-101547,11547,"2818 Lake Dr, Apt 4E, Austin, TX 42743",2818 Lake Dr,Apt 4E,Austin,TX,42743,Travis,21.989907,-137.472437,Condo,1,3.5,3731,11400,1977,47,785430.09,2025-02-19,419,210.51,671806.36,2022,13436.13,Kimberly Torres,False,TX-TR-44392,158.16,Under-assessed
P-101548,11548,"2819 Birch St, Albuquerque, NM 11569",2819 Birch St,,Albuquerque,NM,11569,Bernalillo,29.925577,-121.084856,Multi Family,1,5.0,1540,4484,1947,77,571709.49,2020-10-23,1999,371.24,547789.92,2023,9452.6,Dorothy Green,False,NM-BE-86507,58.99,Within band
P-101549,11549,"6352 Lincoln Rd, Fort Wayne, IN 64563",6352 Lincoln Rd,,Fort Wayne,IN,64563,Allen,23.196787,-144.773449,Multi Family,5,3.5,5119,9736,1958,66,356286.16,2026-02-12,61,69.6,300500.4,2023,4906.86,Barbara Taylor,True,IN-AL-61496,141.14,Under-assessed
P-101550,11550,"1255 Monroe Blvd, Apt 25B, Lawrenceville, GA 70488",1255 Monroe Blvd,Apt 25B,Lawrenceville,GA,70488,Gwinnett,27.219695,-150.317581,Townhouse,1,2.5,1203,3003,1988,36,144621.61,2024-07-28,625,120.22,132195.39,2023,2059.02,Linda Taylor,False,GA-GW-89204,170.94,Within band
P-101551,11551,"6797 Main St, Lexington, KY 60231",6797 Main St,,Lexington,KY,60231,Fayette,23.259649,-134.058597,Single Family,7,5.0,5251,7284,1933,91,755374.51,2017-04-06,3295,143.85,785497.65,2022,13199.23,Anthony Nelson,False,KY-FA-28745,133.33,Within band
P-101552,11552,"8065 Willow Way, Apt 11A, Aurora, CO 83426",8065 Willow Way,Apt 11A,Aurora,CO,83426,Arapahoe,35.633606,-89.395549,Condo,1,1.0,2405,6694,1930,94,637084.43,2024-01-23,812,264.9,654085.38,2024,6046.19,Emily Green,True,CO-AR-11272,256.52,Within band
P-101553,11553,"2665 Ridgewood Rd, Tucson, AZ 93385",2665 Ridgewood Rd,,Tucson,AZ,93385,Pima,24.069871,-80.972938,Single Family,3,3.0,4289,4920,1984,40,401703.61,2026-04-08,6,93.66,390358.45,2023,6834.64,Anthony Robinson,True,AZ-PI-96583,130.0,Within band
P-101554,11554,"7616 Jefferson St, Apt 15C, Boston, MA 19071",7616 Jefferson St,Apt 15C,Boston,MA,19071,Suffolk,21.577195,-147.902718,Townhouse,7,4.0,2826,7982,1980,44,831686.99,2017-09-16,3132,294.3,703390.84,2023,11209.73,Steven Hill,True,MA-SU-17163,343.24,Under-assessed
P-101555,11555,"3745 Jefferson St, Apt 27D, San Antonio, TX 68947",3745 Jefferson St,Apt 27D,San Antonio,TX,68947,Bexar,28.036403,-103.213391,Townhouse,5,5.0,4284,4344,1997,27,855203.18,2023-07-07,1012,199.63,840269.26,2024,16805.39,Deborah Flores,True,TX-BE-34356,143.56,Within band
P-101556,11556,"1260 Main St, Aurora, CO 60503",1260 Main St,,Aurora,CO,60503,Arapahoe,21.448417,-142.398818,Single Family,3,2.5,1135,12650,2002,22,967825.46,2022-05-20,1425,852.71,916214.36,2023,9984.2,Amanda Williams,True,CO-AR-79968,215.23,Within band
P-101557,11557,"6752 Valley View Dr, Apt 25E, Tulsa, OK 48708",6752 Valley View Dr,Apt 25E,Tulsa,OK,48708,Tulsa,31.785598,-148.767965,Townhouse,2,4.0,906,7271,1956,68,136628.29,2023-02-18,1151,150.8,127370.86,2024,1630.36,Joshua Martin,False,OK-TU-59620,135.38,Within band
P-101558,11558,"9781 Jackson Dr, Charleston, SC 76684",9781 Jackson Dr,,Charleston,SC,76684,Charleston,27.686629,-150.967735,Single Family,6,2.5,3920,5665,1923,101,890817.68,2021-03-03,1868,227.25,925897.83,2022,15779.08,Donald Young,False,SC-CH-39087,121.9,Within band
P-101559,11559,"7972 Ridgewood Rd, Apt 9E, Billings, MT 85251",7972 Ridgewood Rd,Apt 9E,Billings,MT,85251,Yellowstone,45.047508,-105.189905,Condo,7,1.0,4238,12885,1933,91,206305.5,2016-05-11,3625,48.68,169617.23,2022,2524.72,Ronald Ramirez,False,MT-YE-14785,182.12,Under-assessed
P-101560,11560,"2888 Pine Rd, Apt 12B, San Antonio, TX 45133",2888 Pine Rd,Apt 12B,San Antonio,TX,45133,Bexar,28.595271,-149.506602,Townhouse,3,4.0,4267,8843,1949,75,301242.45,2018-10-26,2727,70.6,300818.85,2023,6016.38,Timothy Clark,False,TX-BE-54884,143.56,Within band
P-101561,11561,"9398 River Blvd, Apt 13C, Tucson, AZ 72920",9398 River Blvd,Apt 13C,Tucson,AZ,72920,Pima,41.568106,-154.693308,Condo,6,2.5,3550,7544,1920,104,803618.58,2017-10-16,3102,226.37,656251.3,2024,10721.03,Donna Nguyen,True,AZ-PI-92117,150.88,Under-assessed
P-101562,11562,"6422 Park Way, Apt 26E, Waukegan, IL 90402",6422 Park Way,Apt 26E,Waukegan,IL,90402,Lake,33.656997,-84.66196,Condo,1,4.5,2373,11677,1958,66,715412.04,2018-06-30,2845,301.48,768289.28,2023,16134.07,Melissa Campbell,True,IL-LA-35700,148.0,Within band
P-101563,11563,"8718 Forest Glen Rd, Apt 29D, Memphis, TN 53197",8718 Forest Glen Rd,Apt 29D,Memphis,TN,53197,Shelby,46.698346,-135.806684,Townhouse,2,4.5,5997,12354,1990,34,473523.32,2025-03-31,379,78.96,415863.5,2022,8272.52,Sarah Moore,True,TN-SH-26301,80.48,Under-assessed
P-101564,11564,"6498 Harbor View Blvd, Apt 18E, Tulsa, OK 14374",6498 Harbor View Blvd,Apt 18E,Tulsa,OK,14374,Tulsa,32.406159,-125.219658,Condo,6,1.5,4513,8264,1960,64,480755.88,2024-11-16,514,106.53,401687.26,2024,3798.85,David Perez,True,OK-TU-86997,106.53,Under-assessed
P-101565,11565,"6178 Adams St, Apt 22B, Lawrenceville, GA 61530",6178 Adams St,Apt 22B,Lawrenceville,GA,61530,Gwinnett,29.009881,-138.849545,Townhouse,5,4.5,727,2392,1957,67,636844.89,2019-03-28,2574,875.99,632875.09,2023,8753.91,Joseph Hill,False,GA-GW-42838,170.94,Within band
P-101566,11566,"1722 Creekside Dr, Rockville, MD 62105",1722 Creekside Dr,,Rockville,MD,62105,Montgomery,46.274763,-106.262364,Single Family,3,3.5,1633,11534,2003,21,365712.54,2026-01-06,98,223.95,360717.42,2022,4571.43,Patricia Smith,True,MD-MO-20512,292.68,Within band
P-101567,11567,"1007 Pine Rd, Apt 2E, Orlando, FL 52821",1007 Pine Rd,Apt 2E,Orlando,FL,52821,Orange,32.239508,-120.870801,Townhouse,4,2.5,5202,9427,2020,4,316855.21,2017-08-19,3160,60.91,324490.0,2024,4598.43,David Garcia,False,FL-OR-10158,130.82,Within band
P-101568,11568,"2392 Lincoln Rd, Cambridge, MA 79580",2392 Lincoln Rd,,Cambridge,MA,79580,Middlesex,43.622902,-99.057181,Multi Family,7,1.0,6173,17422,2010,14,2950751.68,2016-09-20,3493,478.01,2719010.57,2022,28168.15,Jessica Jones,True,MA-MI-97203,478.01,Within band
P-101569,11569,"8770 Park Way, Durham, NC 74722",8770 Park Way,,Durham,NC,74722,Durham,38.921129,-74.87761,Single Family,6,2.5,5745,12506,1966,58,876153.14,2018-02-26,2969,152.51,811052.58,2024,7836.42,John Roberts,False,NC-DU-81689,151.03,Within band
P-101570,11570,"2388 Oak Ave, Brooklyn, NY 63826",2388 Oak Ave,,Brooklyn,NY,63826,Kings,26.653056,-149.899824,Multi Family,7,3.0,1595,9470,1969,55,642548.03,2019-03-22,2580,402.85,634974.66,2024,13969.44,Mary Martinez,True,NY-KI-44314,515.98,Within band
P-101571,11571,"7249 Monroe Blvd, Apt 22B, Orlando, FL 65516",7249 Monroe Blvd,Apt 22B,Orlando,FL,65516,Orange,34.428688,-129.432818,Townhouse,5,1.5,3990,11566,1975,49,333653.74,2016-11-25,3427,83.62,291328.25,2022,5062.89,Brian Jones,False,FL-OR-39899,130.82,Under-assessed
P-101572,11572,"2392 Sunset Blvd, Nashville, TN 93239",2392 Sunset Blvd,,Nashville,TN,93239,Davidson,42.333594,-86.961236,Single Family,2,4.0,5535,9473,1979,45,574875.22,2019-07-01,2479,103.86,605754.26,2024,7178.51,William Lopez,True,TN-DA-90596,143.46,Within band
P-101573,11573,"4314 Adams St, Apt 1E, Pittsburgh, PA 49489",4314 Adams St,Apt 1E,Pittsburgh,PA,49489,Allegheny,39.120545,-132.777363,Condo,7,4.0,6362,18316,1989,35,459304.89,2025-01-06,463,72.2,487612.98,2022,4336.16,Joseph Anderson,True,PA-AL-43751,115.78,Within band
P-101574,11574,"501 Ridgewood Rd, Apt 30E, Charleston, SC 83653",501 Ridgewood Rd,Apt 30E,Charleston,SC,83653,Charleston,34.241577,-149.589958,Townhouse,3,3.5,5464,16520,2004,20,729753.46,2025-08-28,229,133.56,752577.98,2023,12329.64,William Roberts,True,SC-CH-72771,130.0,Within band
P-101575,11575,"2913 Hillcrest Ave, Apt 17C, San Diego, CA 85645",2913 Hillcrest Ave,Apt 17C,San Diego,CA,85645,San Diego,23.596177,-143.780867,Condo,4,2.5,4433,7190,1934,90,1707991.73,2016-05-05,3631,385.29,1737614.18,2023,22142.83,Mary Wilson,True,CA-SA-52467,453.06,Within band
P-101576,11576,"8868 Main St, Apt 3E, Irvine, CA 32965",8868 Main St,Apt 3E,Irvine,CA,32965,Orange,37.495952,-127.011053,Townhouse,5,4.5,4437,8162,2012,12,1838887.41,2017-05-07,3264,414.44,1786249.35,2024,32093.43,Dorothy Nguyen,True,CA-OR-55384,453.55,Within band
P-101577,11577,"2492 Adams St, Boise, ID 69171",2492 Adams St,,Boise,ID,69171,Ada,28.139957,-149.575559,Single Family,4,2.5,3807,11278,1921,103,290366.03,2020-05-13,2162,76.27,269375.17,2023,3425.2,Carol Robinson,False,ID-AD-23641,144.4,Within band
P-101578,11578,"2726 Meadow Ln, Apt 18B, Fort Lauderdale, FL 82825",2726 Meadow Ln,Apt 18B,Fort Lauderdale,FL,82825,Broward,28.729087,-83.035879,Condo,2,1.0,718,9615,1925,99,401965.12,2023-06-28,1021,559.84,325439.81,2024,5334.97,Kenneth Hernandez,False,FL-BR-93557,145.87,Under-assessed
P-101579,11579,"7740 Madison Ave, Cambridge, MA 32450",7740 Madison Ave,,Cambridge,MA,32450,Middlesex,42.183332,-153.579561,Single Family,6,5.0,4898,8219,1930,94,973882.74,2021-05-02,1808,198.83,846166.12,2023,16736.39,Ronald Jackson,True,MA-MI-29575,390.17,Under-assessed
P-101580,11580,"143 Riverside Dr, Decatur, GA 27528",143 Riverside Dr,,Decatur,GA,27528,DeKalb,21.174463,-103.305103,Single Family,5,3.0,1728,10653,1980,44,317639.75,2018-09-24,2759,183.82,260720.75,2024,4327.35,Dorothy Flores,False,GA-DE-37438,150.1,Under-assessed
P-101581,11581,"6580 Ridgewood Rd, Apt 23B, Albuquerque, NM 18679",6580 Ridgewood Rd,Apt 23B,Albuquerque,NM,18679,Bernalillo,25.160769,-93.370903,Townhouse,3,3.5,1348,12561,2010,14,135197.66,2022-03-17,1489,100.3,144053.18,2022,2039.68,Michelle Martin,False,NM-BE-43545,158.75,Within band
P-101582,11582,"7133 Washington Ave, Jacksonville, FL 37261",7133 Washington Ave,,Jacksonville,FL,37261,Duval,39.287165,-155.880753,Multi Family,1,4.5,1702,3815,1950,74,371346.26,2024-07-24,629,218.18,380164.5,2024,4094.74,Melissa Gonzalez,False,FL-DU-99496,133.09,Within band
P-101583,11583,"4599 Lincoln Rd, Manhattan, NY 69886",4599 Lincoln Rd,,Manhattan,NY,69886,New York,29.768692,-139.19011,Single Family,4,2.0,5189,5682,1997,27,791164.52,2021-08-15,1703,152.47,801322.49,2022,17629.09,Sandra Flores,True,NY-NE-83158,408.84,Within band
P-101584,11584,"5106 Main St, Apt 18A, Rockville, MD 42601",5106 Main St,Apt 18A,Rockville,MD,42601,Montgomery,26.468045,-156.875156,Townhouse,3,3.0,1126,1435,1969,55,419508.24,2021-11-24,1602,372.57,368819.46,2023,2969.52,Amanda Wright,True,MD-MO-53422,298.14,Under-assessed
P-101585,11585,"5493 River Blvd, Miami, FL 74199",5493 River Blvd,,Miami,FL,74199,Miami-Dade,31.791245,-144.584989,Multi Family,7,2.0,4824,4882,1995,29,221083.26,2025-03-17,393,45.83,184760.29,2022,2182.8,Mary Adams,False,FL-MI-63470,133.09,Under-assessed
P-101586,11586,"9490 Willow Way, Wichita, KS 22938",9490 Willow Way,,Wichita,KS,22938,Sedgwick,40.366409,-89.763239,Single Family,3,2.0,6402,11831,1967,57,244641.84,2023-07-17,1002,38.21,246817.74,2022,3931.29,Emily Brown,True,KS-SE-81859,104.04,Within band
P-101587,11587,"7571 Harbor View Blvd, Apt 25A, Lawrenceville, GA 93356",7571 Harbor View Blvd,Apt 25A,Lawrenceville,GA,93356,Gwinnett,29.060258,-126.563793,Condo,6,1.0,6329,18012,1959,65,507616.32,2021-09-29,1658,80.2,432644.96,2023,7334.99,Amanda Gonzalez,True,GA-GW-16124,139.77,Under-assessed
P-101588,11588,"1997 Valley View Dr, Sacramento, CA 30861",1997 Valley View Dr,,Sacramento,CA,30861,Sacramento,42.652391,-129.217307,Multi Family,7,2.0,4392,11688,2010,14,2107058.5,2020-03-31,2205,479.75,1797637.99,2022,19149.5,Donald Moore,True,CA-SA-12448,479.75,Under-assessed
P-101589,11589,"425 Adams St, Apt 12C, Scottsdale, AZ 57021",425 Adams St,Apt 12C,Scottsdale,AZ,57021,Maricopa,42.262054,-110.572732,Condo,1,4.5,1564,10469,1975,49,172577.43,2016-04-25,3641,110.34,182045.67,2023,3262.59,David Lopez,False,AZ-MA-38860,150.88,Within band
P-101590,11590,"6071 Washington Ave, Apt 1C, Denver, CO 15923",6071 Washington Ave,Apt 1C,Denver,CO,15923,Denver,29.638602,-87.969708,Townhouse,4,4.5,3231,10520,1983,41,1019501.24,2016-09-20,3493,315.54,842596.36,2024,8645.38,Donald Nguyen,False,CO-DE-39294,257.12,Under-assessed
P-101592,11592,"3074 Park Way, Apt 19E, Hempstead, NY 36883",3074 Park Way,Apt 19E,Hempstead,NY,36883,Nassau,26.337565,-95.289168,Townhouse,7,4.0,1097,1224,1985,39,1047060.47,2021-02-20,1879,954.48,973543.1,2024,21417.95,Brian Allen,False,NY-NA-77661,521.74,Within band
P-101593,11593,"215 Orchard Ln, Tucson, AZ 46800",215 Orchard Ln,,Tucson,AZ,46800,Pima,31.346021,-147.793019,Single Family,6,2.5,5287,15187,2016,8,618459.9,2019-10-23,2365,116.98,658756.93,2024,6271.2,Michael Green,False,AZ-PI-53038,130.0,Within band
P-101594,11594,"896 Madison Ave, Apt 25B, Troy, MI 37688",896 Madison Ave,Apt 25B,Troy,MI,37688,Oakland,34.803071,-114.73975,Condo,5,3.5,1792,10202,1966,58,692426.69,2019-12-29,2298,386.4,732749.52,2024,9348.98,Carol Miller,True,MI-OA-43843,194.54,Within band
P-101595,11595,"7758 Creekside Dr, Apt 11D, Lexington, KY 41812",7758 Creekside Dr,Apt 11D,Lexington,KY,41812,Fayette,22.355463,-77.88501,Townhouse,1,1.0,4452,8338,1983,41,578160.7,2019-05-20,2521,129.87,563543.49,2024,10254.15,Timothy Adams,False,KY-FA-46266,129.87,Within band
P-101596,11596,"4239 Clearwater Ct, Boise, ID 46320",4239 Clearwater Ct,,Boise,ID,46320,Ada,23.923462,-73.218064,Single Family,4,2.0,4090,6309,1969,55,619394.62,2022-06-07,1407,151.44,548438.49,2022,6346.87,Donald Thompson,False,ID-AD-24303,144.4,Under-assessed
P-101597,11597,"607 Adams St, Apt 17C, Troy, MI 42700",607 Adams St,Apt 17C,Troy,MI,42700,Oakland,30.033388,-100.253431,Condo,2,5.0,3298,13565,2001,23,674297.99,2019-12-01,2326,204.46,689288.74,2023,12233.84,Melissa Torres,False,MI-OA-57693,194.54,Within band
P-101598,11598,"8412 Madison Ave, Apt 21A, Eugene, OR 98071",8412 Madison Ave,Apt 21A,Eugene,OR,98071,Lane,34.1673,-120.752344,Condo,1,4.0,4507,13129,1959,65,1495196.99,2023-11-02,894,331.75,1640671.82,2024,13892.09,George Wilson,True,OR-LA-68046,306.82,Within band
P-101599,11599,"7729 Forest Glen Rd, Apt 11C, St. Louis, MO 22310",7729 Forest Glen Rd,Apt 11C,St. Louis,MO,22310,St. Louis,44.324278,-97.310849,Condo,3,1.0,5858,16121,1920,104,503705.04,2020-04-15,2190,85.99,435893.04,2024,4306.91,Richard Gonzalez,False,MO-ST-75673,180.87,Under-assessed
P-101600,11600,"3971 Lincoln Rd, Houston, TX 63582",3971 Lincoln Rd,,Houston,TX,63582,Harris,36.413536,-104.450715,Single Family,5,3.5,6187,6895,2013,11,266083.9,2025-04-22,357,43.01,273931.72,2022,5478.63,Amanda Sanchez,True,TX-HA-30790,115.36,Within band
P-101601,11601,"3997 Ridgewood Rd, Apt 26E, Kansas City, MO 97945",3997 Ridgewood Rd,Apt 26E,Kansas City,MO,97945,Jackson,39.839783,-86.629003,Condo,5,4.5,1876,6176,1996,28,658178.1,2024-03-03,772,350.84,554117.66,2022,6066.48,Steven Young,True,MO-JA-65558,180.87,Under-assessed
P-101602,11602,"646 Monroe Blvd, Reno, NV 56784",646 Monroe Blvd,,Reno,NV,56784,Washoe,29.320028,-127.013146,Single Family,1,2.0,901,1571,1972,52,208565.99,2023-06-18,1031,231.48,171460.61,2023,3376.49,Thomas White,True,NV-WA-71617,117.32,Under-assessed
P-101603,11603,"1921 Broadway, Apt 6B, Troy, MI 24126",1921 Broadway,Apt 6B,Troy,MI,24126,Oakland,35.601826,-135.312506,Townhouse,1,2.0,4512,15603,2013,11,709543.34,2026-02-14,59,157.26,747022.6,2023,6242.09,Deborah Sanchez,True,MI-OA-30161,164.68,Within band
P-101604,11604,"3980 Oak Ave, Apt 23C, Provo, UT 57799",3980 Oak Ave,Apt 23C,Provo,UT,57799,Utah,31.234387,-132.354345,Condo,6,3.5,2634,13630,1920,104,850711.73,2022-02-14,1520,322.97,774926.12,2023,11598.77,Patricia Rodriguez,False,UT-UT-37819,137.94,Within band
P-101605,11605,"208 Orchard Ln, Apt 2A, Minneapolis, MN 75328",208 Orchard Ln,Apt 2A,Minneapolis,MN,75328,Hennepin,33.913147,-110.112779,Condo,7,2.5,2501,13087,1937,87,500763.73,2016-08-30,3514,200.23,548761.53,2024,9152.3,Patricia Taylor,False,MN-HE-63878,159.96,Within band
P-101606,11606,"3015 Monroe Blvd, Charleston, SC 62469",3015 Monroe Blvd,,Charleston,SC,62469,Charleston,35.987476,-94.284074,Single Family,4,1.0,2105,13338,1943,81,236740.0,2019-12-15,2312,112.47,220934.48,2023,3561.11,Betty Miller,True,SC-CH-89363,121.9,Within band
P-101607,11607,"7172 Lakeshore Dr, Apt 30A, Fort Worth, TX 13113",7172 Lakeshore Dr,Apt 30A,Fort Worth,TX,13113,Tarrant,45.318704,-151.159249,Townhouse,6,1.5,2014,2647,1927,97,281620.98,2016-10-08,3475,139.83,242936.26,2023,4858.73,Ashley Ramirez,True,TX-TA-31442,143.56,Under-assessed
P-101608,11608,"3087 Elm St, Apt 6B, Cincinnati, OH 82251",3087 Elm St,Apt 6B,Cincinnati,OH,82251,Hamilton,38.199916,-97.329564,Condo,5,1.5,5484,8065,1993,31,837494.54,2017-07-02,3208,152.72,833005.1,2022,7788.35,Nancy Anderson,True,OH-HA-21146,220.86,Within band
P-101609,11609,"790 Cedar Ln, Apt 26B, Pittsburgh, PA 83298",790 Cedar Ln,Apt 26B,Pittsburgh,PA,83298,Allegheny,24.336969,-144.357367,Condo,6,4.5,4241,8824,1943,81,474143.4,2025-09-04,222,111.8,424200.43,2024,6242.5,Dorothy Mitchell,True,PA-AL-68314,115.78,Under-assessed
P-101610,11610,"2480 Cedar Ln, Apt 11B, Indianapolis, IN 62458",2480 Cedar Ln,Apt 11B,Indianapolis,IN,62458,Marion,26.128166,-143.18619,Condo,7,1.0,1248,3990,1973,51,881311.35,2020-01-29,2267,706.18,719066.14,2023,7984.68,Melissa Clark,True,IN-MA-85968,141.22,Under-assessed
P-101611,11611,"8145 Willow Way, Seattle, WA 11722",8145 Willow Way,,Seattle,WA,11722,King,43.383026,-120.724831,Single Family,6,4.0,2773,9981,1939,85,2569062.2,2023-05-27,1053,926.46,2761856.86,2023,27957.2,Ashley Wilson,True,WA-KI-71050,526.32,Within band
P-101612,11612,"7788 Orchard Ln, Raleigh, NC 81756",7788 Orchard Ln,,Raleigh,NC,81756,Wake,45.012715,-134.304203,Single Family,1,3.0,4012,9223,1981,43,485120.12,2017-08-02,3177,120.92,514352.58,2023,4648.17,Michelle Allen,True,NC-WA-69475,151.03,Within band
P-101615,11615,"9645 Lincoln Rd, Apt 20E, St. Louis, MO 26149",9645 Lincoln Rd,Apt 20E,St. Louis,MO,26149,St. Louis,44.323108,-90.795655,Condo,2,5.0,6209,12123,1950,74,886725.66,2018-09-29,2754,142.81,891781.66,2022,16106.88,Mary Garcia,True,MO-ST-21219,180.87,Within band
P-101616,11616,"9212 Oak Ave, Durham, NC 78458",9212 Oak Ave,,Durham,NC,78458,Durham,32.65979,-76.006306,Single Family,4,1.0,6270,14698,2019,5,684665.93,2021-10-17,1640,109.2,647536.27,2022,8032.19,Robert Walker,True,NC-DU-23560,151.03,Within band
P-101617,11617,"7821 Heritage Ln, Apt 3A, San Jose, CA 17630",7821 Heritage Ln,Apt 3A,San Jose,CA,17630,Santa Clara,28.552003,-137.43062,Condo,5,3.5,4226,14008,1968,56,1831685.7,2024-07-31,622,433.43,1821492.39,2023,23583.6,Brian Brown,True,CA-SA-18830,453.06,Within band
P-101618,11618,"108 Cedar Ln, Lexington, KY 98642",108 Cedar Ln,,Lexington,KY,98642,Fayette,33.428019,-86.073942,Single Family,5,3.5,830,12733,1942,82,129220.1,2025-09-29,197,155.69,109136.61,2024,1251.66,Steven Hernandez,False,KY-FA-92145,133.33,Under-assessed
P-101619,11619,"2977 Maple Dr, Apt 14C, Tucson, AZ 20735",2977 Maple Dr,Apt 14C,Tucson,AZ,20735,Pima,21.316812,-98.31143,Townhouse,4,3.5,5714,15594,1980,44,329843.72,2021-02-11,1888,57.73,330612.81,2024,5277.68,Nancy Green,True,AZ-PI-88531,81.85,Within band
P-101620,11620,"7494 Clearwater Ct, Oklahoma City, OK 43345",7494 Clearwater Ct,,Oklahoma City,OK,43345,Oklahoma,43.032539,-142.471149,Single Family,4,3.0,6080,16704,1941,83,163801.94,2025-05-07,342,26.94,150917.13,2022,1839.78,Timothy Wilson,True,OK-OK-15157,128.71,Within band
P-101621,11621,"1622 Lincoln Rd, Apt 29D, Columbus, OH 41241",1622 Lincoln Rd,Apt 29D,Columbus,OH,41241,Franklin,33.152528,-89.055028,Townhouse,7,2.5,4238,11180,2021,3,706243.5,2017-12-19,3038,166.65,686488.89,2024,10499.91,Anthony Wright,True,OH-FR-98612,148.98,Within band
P-101622,11622,"8786 Ridgewood Rd, Austin, TX 55023",8786 Ridgewood Rd,,Austin,TX,55023,Travis,34.154719,-149.308886,Single Family,3,1.0,3575,12110,1958,66,599994.06,2021-11-24,1602,167.83,572912.34,2022,11458.25,Donna Flores,True,TX-TR-17643,115.36,Within band
P-101623,11623,"5628 Birch St, Apt 15E, Waukegan, IL 62529",5628 Birch St,Apt 15E,Waukegan,IL,62529,Lake,25.529259,-93.100988,Townhouse,4,3.0,2775,8193,1923,101,560651.19,2019-10-22,2366,202.04,542347.23,2022,11389.29,Margaret Carter,True,IL-LA-29052,189.44,Within band
P-101624,11624,"1692 Park Way, Apt 3B, Fort Lauderdale, FL 21865",1692 Park Way,Apt 3B,Fort Lauderdale,FL,21865,Broward,39.324073,-152.062424,Condo,3,1.5,4976,9076,1972,52,648393.85,2020-07-18,2096,130.3,637310.48,2024,12711.53,Daniel Hill,True,FL-BR-31750,145.87,Within band
P-101625,11625,"9551 Willow Way, Knoxville, TN 25438",9551 Willow Way,,Knoxville,TN,25438,Knox,34.252123,-138.760914,Single Family,6,2.5,5931,10436,2008,16,850855.5,2020-04-26,2179,143.46,682806.64,2022,12711.81,Barbara Nelson,False,TN-KN-44694,143.46,Under-assessed
P-101627,11627,"4284 Jackson Dr, Rockville, MD 68570",4284 Jackson Dr,,Rockville,MD,68570,Montgomery,29.083748,-156.571972,Single Family,5,2.5,4332,6030,1981,43,1165269.83,2023-06-16,1033,268.99,1170697.51,2022,10497.94,Sandra Garcia,True,MD-MO-75409,292.68,Within band
P-101628,11628,"8870 Cedar Ln, Nashville, TN 45576",8870 Cedar Ln,,Nashville,TN,45576,Davidson,30.119633,-144.467054,Single Family,4,4.5,4105,14257,1984,40,524406.59,2019-05-06,2535,127.75,491106.15,2024,7021.27,Steven Perez,True,TN-DA-53173,143.46,Within band
P-101629,11629,"4326 Harbor View Blvd, Cambridge, MA 48654",4326 Harbor View Blvd,,Cambridge,MA,48654,Middlesex,46.611618,-136.502787,Single Family,1,2.0,5361,16697,1947,77,1718644.0,2016-04-18,3648,320.58,1847682.83,2024,22060.44,Joshua Ramirez,True,MA-MI-69464,390.17,Within band
P-101630,11630,"1148 Jefferson St, Apt 12D, Reno, NV 42921",1148 Jefferson St,Apt 12D,Reno,NV,42921,Washoe,30.987238,-135.319972,Townhouse,1,1.5,1854,6421,1987,37,343347.35,2022-12-24,1207,185.19,323967.14,2022,4232.04,Brian Thompson,True,NV-WA-19162,114.32,Within band
P-101631,11631,"6687 Lake Dr, Indianapolis, IN 27342",6687 Lake Dr,,Indianapolis,IN,27342,Marion,39.58261,-136.120662,Single Family,7,4.5,831,11599,1973,51,381524.54,2023-06-15,1034,459.11,364561.2,2023,7150.36,Michael Harris,True,IN-MA-27109,248.46,Within band
P-101632,11632,"5007 Monroe Blvd, Eugene, OR 42515",5007 Monroe Blvd,,Eugene,OR,42515,Lane,22.400725,-84.181288,Single Family,7,4.5,1152,9948,1972,52,1062887.66,2024-06-19,664,922.65,940953.87,2023,17376.09,Matthew Clark,True,OR-LA-18208,291.42,Under-assessed
P-101633,11633,"2230 Elm St, Apt 11E, Fort Lauderdale, FL 37486",2230 Elm St,Apt 11E,Fort Lauderdale,FL,37486,Broward,35.405568,-155.752747,Condo,7,2.0,5167,13166,1989,35,711470.99,2025-10-01,195,137.7,762591.04,2023,6810.62,George Martin,True,FL-BR-76932,145.87,Within band
P-101634,11634,"6271 Madison Ave, Apt 13D, Grand Rapids, MI 56352",6271 Madison Ave,Apt 13D,Grand Rapids,MI,56352,Kent,32.474723,-95.347374,Condo,1,5.0,835,3542,2000,24,786521.23,2018-08-26,2788,941.94,752446.0,2023,7279.25,William Nelson,True,MI-KE-80817,194.54,Within band
P-101635,11635,"779 Ridgewood Rd, Apt 3B, New Orleans, LA 90406",779 Ridgewood Rd,Apt 3B,New Orleans,LA,90406,Orleans,28.221486,-105.72812,Townhouse,5,3.0,2038,10833,1984,40,814637.82,2018-07-07,2838,399.72,857169.73,2023,11475.87,Robert Perez,True,LA-OR-41790,124.05,Within band
P-101638,11638,"3081 Madison Ave, Apt 11B, Philadelphia, PA 39080",3081 Madison Ave,Apt 11B,Philadelphia,PA,39080,Philadelphia,28.047934,-101.903306,Townhouse,4,2.5,3402,10369,1942,82,270444.7,2018-12-28,2664,79.5,226827.27,2023,3174.78,Melissa Roberts,True,PA-PH-43382,212.18,Under-assessed
P-101639,11639,"8795 Hillcrest Ave, Nashville, TN 86547",8795 Hillcrest Ave,,Nashville,TN,86547,Davidson,33.450131,-151.70208,Single Family,7,4.5,2407,12827,2005,19,763433.06,2024-05-16,698,317.17,736884.87,2023,14054.88,Mary Martin,False,TN-DA-43367,143.46,Within band
P-101640,11640,"2596 Valley View Dr, Apt 12E, Los Angeles, CA 54850",2596 Valley View Dr,Apt 12E,Los Angeles,CA,54850,Los Angeles,29.950406,-77.982963,Condo,5,2.5,5341,12711,1978,46,2430179.01,2022-12-30,1201,455.0,2020155.2,2023,27716.76,Emily Wright,False,CA-LO-19063,453.06,Under-assessed
P-101641,11641,"4777 Creekside Dr, Apt 20A, Pittsburgh, PA 94531",4777 Creekside Dr,Apt 20A,Pittsburgh,PA,94531,Allegheny,33.19622,-111.095022,Townhouse,4,1.0,3033,7596,1985,39,643538.5,2023-04-26,1084,212.18,658879.41,2023,9220.05,Joseph Wilson,True,PA-AL-33372,212.18,Within band
P-101642,11642,"4743 Valley View Dr, Bronx, NY 56170",4743 Valley View Dr,,Bronx,NY,56170,Bronx,35.168465,-77.132279,Single Family,1,1.0,6000,12934,1940,84,1179413.36,2019-05-22,2519,196.57,1036151.34,2023,22795.33,Donna Baker,False,NY-BR-30926,408.84,Under-assessed
P-101643,11643,"4598 Maple Dr, Apt 16A, Pittsburgh, PA 73988",4598 Maple Dr,Apt 16A,Pittsburgh,PA,73988,Allegheny,31.933381,-101.652336,Townhouse,3,2.5,1084,2478,1936,88,856362.65,2025-10-02,194,790.0,742994.52,2022,11078.83,Mary Hall,True,PA-AL-76132,212.18,Under-assessed
P-101644,11644,"2455 Madison Ave, Cincinnati, OH 42473",2455 Madison Ave,,Cincinnati,OH,42473,Hamilton,30.430123,-109.174031,Single Family,3,5.0,1220,1845,1989,35,645453.67,2024-12-20,480,529.06,587228.97,2022,6154.44,Karen Gonzalez,True,OH-HA-70081,208.92,Within band
P-101645,11645,"2218 Harbor View Blvd, Dallas, TX 74356",2218 Harbor View Blvd,,Dallas,TX,74356,Dallas,25.391071,-90.275646,Single Family,3,4.0,3596,13559,1975,49,634839.19,2022-02-26,1508,176.54,595989.56,2024,11919.79,Charles Thompson,False,TX-DA-54646,115.36,Within band
P-101646,11646,"5723 Meadow Ln, Apt 12B, Louisville, KY 58214",5723 Meadow Ln,Apt 12B,Louisville,KY,58214,Jefferson,21.673578,-127.193512,Condo,6,4.0,1697,10923,2010,14,612602.18,2021-04-25,1815,360.99,511167.44,2024,6325.49,Charles Jones,True,KY-JE-91823,141.41,Under-assessed
P-101647,11647,"2246 Meadow Ln, Las Vegas, NV 28797",2246 Meadow Ln,,Las Vegas,NV,28797,Clark,42.438635,-151.631841,Single Family,6,5.0,5885,14087,1940,84,724376.79,2025-06-13,305,123.09,665200.48,2023,6090.16,John Flores,False,NV-CL-34244,117.32,Within band
P-101649,11649,"5018 Cedar Ln, Apt 19C, Manhattan, NY 34713",5018 Cedar Ln,Apt 19C,Manhattan,NY,34713,New York,42.797159,-125.473281,Condo,2,1.5,1980,6641,1956,68,479301.12,2018-05-29,2877,242.07,408298.29,2022,8982.56,Sandra Anderson,True,NY-NE-12890,351.08,Under-assessed
P-101650,11650,"2984 Pine Rd, Sacramento, CA 82309",2984 Pine Rd,,Sacramento,CA,82309,Sacramento,44.881223,-125.532325,Single Family,3,4.5,5283,10476,1994,30,2182958.44,2018-05-08,2898,413.2,1763989.55,2023,26977.37,Thomas Garcia,True,CA-SA-95905,449.01,Under-assessed
P-101651,11651,"2620 Ridgewood Rd, Apt 25E, Scottsdale, AZ 49647",2620 Ridgewood Rd,Apt 25E,Scottsdale,AZ,49647,Maricopa,31.775862,-149.488082,Townhouse,1,1.5,2270,7227,2014,10,871321.45,2023-09-01,956,383.84,765539.4,2024,12647.19,Steven Jones,True,AZ-MA-88751,81.85,Under-assessed
P-101652,11652,"2981 Lakeshore Dr, Saint Paul, MN 66035",2981 Lakeshore Dr,,Saint Paul,MN,66035,Ramsey,35.491915,-149.414972,Single Family,2,3.0,1652,3552,2018,6,210867.85,2025-12-28,107,127.64,217611.75,2024,1966.29,George Rivera,True,MN-RA-20955,127.64,Within band
P-101653,11653,"746 Pine Rd, Phoenix, AZ 48010",746 Pine Rd,,Phoenix,AZ,48010,Maricopa,36.68967,-130.437562,Single Family,2,5.0,5534,6365,1991,33,545127.87,2020-05-11,2164,98.51,552444.25,2024,6937.68,Mark Martin,False,AZ-MA-30680,130.0,Within band
P-101654,11654,"2017 River Blvd, Apt 29D, Lawrenceville, GA 98617",2017 River Blvd,Apt 29D,Lawrenceville,GA,98617,Gwinnett,36.256439,-105.662239,Condo,2,1.5,6094,9648,1944,80,370328.08,2019-12-26,2301,60.77,377037.69,2024,3952.4,Donald Martinez,True,GA-GW-66497,139.77,Within band
P-101655,11655,"982 Clearwater Ct, Apt 26B, Fairfax, VA 19070",982 Clearwater Ct,Apt 26B,Fairfax,VA,19070,Fairfax,45.149017,-149.598376,Condo,6,5.0,5213,6724,1999,25,438181.8,2020-08-09,2074,84.06,454813.01,2023,5224.32,Daniel Johnson,True,VA-FA-36993,224.74,Within band
P-101656,11656,"4179 Jackson Dr, Dallas, TX 44537",4179 Jackson Dr,,Dallas,TX,44537,Dallas,36.699493,-119.602412,Single Family,1,3.0,4853,12631,2018,6,424855.62,2025-08-19,238,87.54,445211.69,2023,8904.23,Ronald Rivera,True,TX-DA-95592,115.36,Within band
P-101657,11657,"2590 Madison Ave, Apt 11D, Kansas City, MO 19862",2590 Madison Ave,Apt 11D,Kansas City,MO,19862,Jackson,42.876004,-91.23647,Condo,1,4.0,813,4021,2004,20,508021.23,2019-01-29,2632,624.87,483203.66,2022,4403.85,Brian Mitchell,False,MO-JA-17191,180.87,Within band
P-101658,11658,"3179 Forest Glen Rd, San Antonio, TX 36971",3179 Forest Glen Rd,,San Antonio,TX,36971,Bexar,22.601314,-122.292448,Single Family,1,1.0,3429,13157,1997,27,339129.62,2019-08-02,2447,98.9,359070.01,2023,7181.4,Joshua Thomas,False,TX-BE-27947,115.36,Within band
P-101659,11659,"3674 Lakeshore Dr, Apt 7A, Charlotte, NC 17768",3674 Lakeshore Dr,Apt 7A,Charlotte,NC,17768,Mecklenburg,21.775872,-147.595739,Townhouse,5,1.0,816,10318,1983,41,795985.29,2025-07-18,270,975.47,702301.39,2022,10333.1,Richard Thomas,True,NC-ME-49091,129.09,Under-assessed
P-101660,11660,"5631 Orchard Ln, Apt 30E, Grand Rapids, MI 48424",5631 Orchard Ln,Apt 30E,Grand Rapids,MI,48424,Kent,28.560825,-96.461509,Condo,5,2.5,5704,16371,1941,83,309856.55,2022-07-11,1373,54.32,303638.84,2022,5492.45,Dorothy Lopez,True,MI-KE-52601,194.54,Within band
P-101661,11661,"6224 Valley View Dr, Manhattan, NY 45959",6224 Valley View Dr,,Manhattan,NY,45959,New York,30.435874,-70.092554,Single Family,2,1.5,5319,12213,2020,4,522975.02,2023-11-16,880,98.32,562617.24,2024,12377.58,Stephanie Carter,True,NY-NE-74960,408.84,Within band
P-101662,11662,"9288 Jefferson St, Apt 29C, Provo, UT 81801",9288 Jefferson St,Apt 29C,Provo,UT,81801,Utah,39.826519,-139.995671,Townhouse,7,2.5,1790,5730,1988,36,133255.29,2023-05-22,1058,74.44,134382.24,2023,1486.81,Margaret King,True,UT-UT-65193,122.46,Within band
P-101663,11663,"7157 Riverside Dr, Charleston, SC 44832",7157 Riverside Dr,,Charleston,SC,44832,Charleston,23.60402,-136.91272,Single Family,2,1.0,3879,7614,1933,91,476747.38,2022-05-31,1414,122.9,508726.85,2024,6769.72,Betty Williams,True,SC-CH-56969,121.9,Within band
P-101664,11664,"5046 Main St, Apt 4A, Cambridge, MA 77223",5046 Main St,Apt 4A,Cambridge,MA,77223,Middlesex,23.741123,-91.811185,Condo,3,1.5,3629,10828,1942,82,2109352.89,2018-05-11,2895,581.25,1884668.32,2022,30977.48,John Jones,True,MA-MI-59965,450.14,Under-assessed
P-101665,11665,"6435 Oak Ave, Apt 17B, Lakewood, CO 35984",6435 Oak Ave,Apt 17B,Lakewood,CO,35984,Jefferson,44.252442,-150.376863,Condo,5,2.0,3874,4236,2020,4,699417.05,2022-06-22,1392,180.54,708357.82,2023,8889.19,Matthew Taylor,True,CO-JE-62197,256.52,Within band
P-101666,11666,"8399 Adams St, Apt 1A, Cincinnati, OH 40339",8399 Adams St,Apt 1A,Cincinnati,OH,40339,Hamilton,34.245544,-149.213078,Condo,7,1.0,2225,6977,2022,2,647793.66,2019-03-13,2589,291.14,651548.07,2023,12967.47,Kenneth Thompson,False,OH-HA-65573,220.86,Within band
P-101667,11667,"213 Pine Rd, Tucson, AZ 22152",213 Pine Rd,,Tucson,AZ,22152,Pima,36.925802,-121.011374,Single Family,2,4.5,1827,5440,1986,38,413597.66,2019-09-13,2405,226.38,389391.02,2023,6325.22,George Miller,False,AZ-PI-68329,130.0,Within band
P-101668,11668,"6499 Madison Ave, Naperville, IL 80133",6499 Madison Ave,,Naperville,IL,80133,DuPage,30.742738,-88.60899,Single Family,5,3.5,6163,16500,1977,47,136751.34,2017-06-04,3236,22.19,133420.5,2023,2801.83,Melissa Hill,True,IL-DU-63266,104.35,Within band
P-101669,11669,"643 Park Way, Apt 6D, Columbus, OH 19126",643 Park Way,Apt 6D,Columbus,OH,19126,Franklin,26.007861,-87.093048,Condo,7,1.0,2570,7077,1987,37,610124.43,2019-12-25,2302,237.4,537887.56,2024,10507.36,Ashley Williams,True,OH-FR-65046,220.86,Under-assessed
P-101670,11670,"5518 Valley View Dr, Apt 28D, Lexington, KY 26267",5518 Valley View Dr,Apt 28D,Lexington,KY,26267,Fayette,29.079345,-141.231914,Townhouse,3,3.0,5622,11965,1974,50,569340.61,2022-12-28,1203,101.27,479075.33,2022,9472.11,Ronald Hall,True,KY-FA-56363,129.87,Under-assessed
P-101671,11671,"7876 Valley View Dr, Jacksonville, FL 32092",7876 Valley View Dr,,Jacksonville,FL,32092,Duval,34.262978,-72.851068,Single Family,4,1.5,5911,13231,1946,78,331303.65,2021-02-10,1889,56.05,322685.61,2023,5280.88,Daniel Nguyen,True,FL-DU-51031,138.34,Within band
P-101672,11672,"6805 Jefferson St, Apt 5E, Tampa, FL 82194",6805 Jefferson St,Apt 5E,Tampa,FL,82194,Hillsborough,27.040754,-142.879361,Condo,6,5.0,5564,13533,2011,13,191055.19,2018-08-14,2800,34.34,201691.75,2022,1832.57,James Robinson,True,FL-HI-23558,145.87,Within band
P-101673,11673,"5635 Harbor View Blvd, Apt 11C, Everett, WA 63088",5635 Harbor View Blvd,Apt 11C,Everett,WA,63088,Snohomish,46.229028,-92.822976,Condo,1,3.0,5238,10181,1991,33,1309617.06,2018-06-12,2863,250.02,1409541.5,2023,14214.89,Melissa Green,False,WA-SN-42141,446.6,Within band
P-101674,11674,"8977 Lincoln Rd, Apt 13C, Queens, NY 93873",8977 Lincoln Rd,Apt 13C,Queens,NY,93873,Queens,26.651587,-142.298568,Condo,7,4.5,6440,12325,1971,53,2458226.54,2019-11-06,2351,381.71,2699289.9,2022,59384.38,Patricia Rodriguez,True,NY-QU-52691,351.08,Within band
P-101675,11675,"7576 Riverside Dr, Apt 4A, Honolulu, HI 22564",7576 Riverside Dr,Apt 4A,Honolulu,HI,22564,Honolulu,42.940376,-127.276332,Condo,2,1.5,4898,12577,1924,100,2509164.12,2020-06-06,2138,512.28,2602301.37,2023,23097.54,Timothy Smith,True,HI-HO-85609,653.3,Within band
P-101676,11676,"2053 Elm St, Pittsburgh, PA 49412",2053 Elm St,,Pittsburgh,PA,49412,Allegheny,45.725155,-134.571825,Multi Family,6,1.5,1444,10988,1984,40,308071.6,2017-10-12,3106,213.35,299744.03,2023,5276.37,Susan Campbell,False,PA-AL-74156,221.23,Within band
P-101677,11677,"8557 Valley View Dr, Waukegan, IL 34212",8557 Valley View Dr,,Waukegan,IL,34212,Lake,27.391149,-70.000969,Single Family,3,5.0,6127,18054,1983,41,477623.13,2025-08-25,232,77.95,449265.14,2024,9434.57,Kevin Martinez,True,IL-LA-32620,104.35,Within band
P-101678,11678,"1653 Broadway, Apt 5E, Reno, NV 21343",1653 Broadway,Apt 5E,Reno,NV,21343,Washoe,40.900555,-93.744581,Condo,7,1.0,5110,7787,2016,8,249477.74,2020-11-12,1979,48.82,242373.96,2024,2114.67,Mark Nelson,True,NV-WA-12559,116.76,Within band
P-101679,11679,"6007 Jefferson St, Apt 1E, Saint Paul, MN 81999",6007 Jefferson St,Apt 1E,Saint Paul,MN,81999,Ramsey,47.307897,-84.881807,Townhouse,4,1.5,3957,8994,1971,53,711224.9,2018-10-14,2739,179.74,681980.73,2022,11745.37,James Smith,True,MN-RA-71916,130.12,Within band
P-101680,11680,"7423 Maple Dr, Apt 19E, Dallas, TX 42239",7423 Maple Dr,Apt 19E,Dallas,TX,42239,Dallas,33.916581,-89.426049,Condo,6,5.0,4015,15706,2010,14,715696.53,2017-11-09,3078,178.26,745952.55,2024,14919.05,Robert Young,False,TX-DA-14603,158.16,Within band
P-101681,11681,"4572 Birch St, Scottsdale, AZ 45562",4572 Birch St,,Scottsdale,AZ,45562,Maricopa,36.737497,-98.502372,Multi Family,4,3.0,5030,12243,1972,52,848418.37,2024-04-23,721,168.67,835443.69,2023,7277.7,Steven Jackson,False,AZ-MA-45261,91.66,Within band
P-101682,11682,"6571 Ridgewood Rd, Apt 7C, Nashville, TN 67886",6571 Ridgewood Rd,Apt 7C,Nashville,TN,67886,Davidson,24.530639,-116.032476,Townhouse,6,3.0,1335,11133,1985,39,244924.56,2025-02-16,422,183.46,228765.56,2024,2575.3,Steven Torres,True,TN-DA-15289,80.48,Within band
P-101683,11683,"2268 Sunset Blvd, Reno, NV 17996",2268 Sunset Blvd,,Reno,NV,17996,Washoe,25.926419,-72.177733,Multi Family,5,2.5,1077,4627,1936,88,779222.2,2021-12-02,1594,723.51,778435.7,2023,9453.14,Margaret Lewis,True,NV-WA-11325,178.76,Within band
P-101684,11684,"640 Lakeshore Dr, Wichita, KS 43804",640 Lakeshore Dr,,Wichita,KS,43804,Sedgwick,41.552327,-153.587652,Multi Family,2,3.5,1308,8397,1985,39,387407.07,2019-01-09,2652,296.18,327182.96,2023,4186.81,Steven White,True,KS-SE-54905,296.18,Under-assessed
P-101685,11685,"3378 Riverside Dr, Fort Wayne, IN 92952",3378 Riverside Dr,,Fort Wayne,IN,92952,Allen,36.231031,-71.440335,Single Family,6,3.5,2319,8863,2012,12,840836.67,2021-09-15,1672,362.59,824140.8,2022,8512.94,Dorothy Ramirez,True,IN-AL-43799,248.46,Within band
P-101686,11686,"2548 Hillcrest Ave, Apt 27A, Jacksonville, FL 62461",2548 Hillcrest Ave,Apt 27A,Jacksonville,FL,62461,Duval,25.222533,-74.657239,Condo,2,4.5,1745,5334,1983,41,645852.14,2024-03-12,763,370.12,581980.97,2024,6107.76,Robert Anderson,False,FL-DU-71805,145.87,Under-assessed
P-101687,11687,"9000 Clearwater Ct, Austin, TX 28687",9000 Clearwater Ct,,Austin,TX,28687,Travis,38.356971,-135.164452,Single Family,2,4.5,691,5067,1945,79,269048.16,2016-05-03,3633,389.36,276715.76,2024,5534.32,Kevin Wright,False,TX-TR-77454,115.36,Within band
P-101688,11688,"8838 Jackson Dr, Naperville, IL 58121",8838 Jackson Dr,,Naperville,IL,58121,DuPage,31.563527,-90.354209,Single Family,2,3.5,5889,13865,1990,34,608230.76,2026-02-21,52,103.28,535738.57,2022,11250.51,Donna King,False,IL-DU-94111,104.35,Under-assessed
P-101689,11689,"6189 Park Way, Albuquerque, NM 72589",6189 Park Way,,Albuquerque,NM,72589,Bernalillo,46.161155,-107.291085,Multi Family,5,1.0,5945,16231,1969,55,350718.07,2016-10-25,3458,58.99,354858.7,2023,4126.8,George Martinez,True,NM-BE-74155,58.99,Within band
P-101690,11690,"3744 Lakeshore Dr, Provo, UT 91359",3744 Lakeshore Dr,,Provo,UT,91359,Utah,38.721006,-119.148369,Single Family,3,2.5,6443,8826,2000,24,762648.02,2024-01-23,812,118.37,758306.94,2024,9967.28,Kimberly White,False,UT-UT-44481,109.86,Within band
P-101691,11691,"8720 Jefferson St, Apt 12E, Jacksonville, FL 93317",8720 Jefferson St,Apt 12E,Jacksonville,FL,93317,Duval,42.273905,-153.692596,Townhouse,4,4.5,6145,17157,1986,38,792756.61,2018-09-07,2776,129.01,684440.74,2024,8533.29,Sarah Hernandez,True,FL-DU-76821,130.82,Under-assessed
P-101692,11692,"5759 Meadow Ln, Pittsburgh, PA 20577",5759 Meadow Ln,,Pittsburgh,PA,20577,Allegheny,39.044786,-93.708872,Single Family,3,1.0,3845,10986,1975,49,804021.73,2018-01-09,3017,209.11,799844.94,2023,12521.38,Stephanie Williams,True,PA-AL-69997,120.29,Within band
P-101693,11693,"4976 Orchard Ln, Apt 10B, Phoenix, AZ 64729",4976 Orchard Ln,Apt 10B,Phoenix,AZ,64729,Maricopa,33.482328,-81.237571,Townhouse,5,5.0,4110,8150,1938,86,556420.84,2022-04-07,1468,135.38,566017.82,2022,10577.14,James Anderson,True,AZ-MA-34274,81.85,Within band
P-101694,11694,"6344 Broadway, Rockville, MD 30015",6344 Broadway,,Rockville,MD,30015,Montgomery,23.733829,-126.335139,Multi Family,2,4.5,3016,6389,1993,31,1111997.25,2021-08-19,1699,368.7,965609.08,2024,10704.79,Nancy Hill,True,MD-MO-36353,293.88,Under-assessed
P-101695,11695,"9322 Hillcrest Ave, Apt 7D, Fort Wayne, IN 51993",9322 Hillcrest Ave,Apt 7D,Fort Wayne,IN,51993,Allen,41.878694,-132.118294,Townhouse,4,3.5,2225,3445,1980,44,165402.09,2020-10-12,2010,74.34,143099.29,2022,1401.72,Jennifer Johnson,False,IN-AL-71307,176.97,Under-assessed
P-101696,11696,"3728 Broadway, Cincinnati, OH 55996",3728 Broadway,,Cincinnati,OH,55996,Hamilton,40.499505,-99.857379,Single Family,2,2.0,1992,13947,1946,78,342363.2,2020-08-14,2069,171.87,320316.81,2024,3384.44,John Ramirez,False,OH-HA-10666,208.92,Within band
P-101697,11697,"9606 Park Way, Apt 25E, Miami, FL 14375",9606 Park Way,Apt 25E,Miami,FL,14375,Miami-Dade,36.985016,-130.694358,Condo,4,4.0,6498,18413,1922,102,703276.11,2023-12-14,852,108.23,768574.45,2024,7571.24,Lisa Martin,False,FL-MI-68625,145.87,Within band
P-101698,11698,"3339 Riverside Dr, Apt 22C, Lexington, KY 77383",3339 Riverside Dr,Apt 22C,Lexington,KY,77383,Fayette,30.471204,-125.413145,Condo,1,4.5,4128,5082,2020,4,756550.64,2018-10-05,2748,183.27,610508.12,2022,8515.24,Mark Jackson,False,KY-FA-96105,141.41,Under-assessed
P-101699,11699,"9262 River Blvd, Apt 29A, Honolulu, HI 11897",9262 River Blvd,Apt 29A,Honolulu,HI,11897,Honolulu,28.567449,-91.643238,Condo,6,3.0,4028,11160,1993,31,2997944.37,2023-06-04,1045,744.28,3220541.66,2022,52378.87,Joseph Wright,True,HI-HO-81971,653.3,Within band
P-101700,11700,"2242 Birch St, Henderson, NV 85051",2242 Birch St,,Henderson,NV,85051,Clark,21.794853,-128.137312,Multi Family,3,1.5,5131,8266,1976,48,543009.85,2022-11-20,1241,105.83,554980.52,2023,5043.03,Kimberly Carter,True,NV-CL-40984,178.76,Within band
P-101701,11701,"4580 Monroe Blvd, Portland, OR 44606",4580 Monroe Blvd,,Portland,OR,44606,Multnomah,30.401145,-104.257975,Multi Family,5,3.5,5670,9181,1984,40,348692.16,2024-07-06,647,61.5,357085.85,2022,3498.57,Robert Allen,False,OR-MU-94531,401.98,Within band
P-101702,11702,"6488 Jackson Dr, Baton Rouge, LA 61548",6488 Jackson Dr,,Baton Rouge,LA,61548,East Baton Rouge,42.2587,-74.149737,Single Family,3,2.5,3042,6846,1965,59,315885.55,2021-09-25,1662,103.84,309081.18,2022,6169.55,Susan Miller,False,LA-EA-60970,131.1,Within band
P-101703,11703,"3952 Birch St, Fort Worth, TX 69227",3952 Birch St,,Fort Worth,TX,69227,Tarrant,22.682689,-111.663169,Single Family,2,3.5,3142,10016,1999,25,346775.17,2021-06-29,1750,110.37,277492.1,2023,5549.84,Patricia Wilson,True,TX-TA-44020,115.36,Under-assessed
P-101704,11704,"4625 Lakeshore Dr, Portland, OR 66401",4625 Lakeshore Dr,,Portland,OR,66401,Multnomah,40.468366,-106.293014,Single Family,4,1.5,2125,5031,1934,90,1274987.61,2025-10-14,182,599.99,1396753.88,2022,23359.72,Amanda Sanchez,False,OR-MU-56025,291.42,Within band
P-101705,11705,"6797 Birch St, Indianapolis, IN 19192",6797 Birch St,,Indianapolis,IN,19192,Marion,37.919551,-78.444148,Single Family,1,3.0,1604,6746,1986,38,589698.71,2023-11-15,881,367.64,510090.86,2022,9253.61,Mark Rivera,False,IN-MA-62572,248.46,Under-assessed
P-101706,11706,"1745 Madison Ave, Austin, TX 77583",1745 Madison Ave,,Austin,TX,77583,Travis,29.315576,-91.81889,Single Family,2,3.5,4547,7709,2021,3,524553.45,2025-02-04,434,115.36,575674.04,2022,11513.48,Charles Thompson,False,TX-TR-22409,115.36,Within band
P-101707,11707,"1617 Meadow Ln, Provo, UT 83260",1617 Meadow Ln,,Provo,UT,83260,Utah,22.452174,-91.952396,Single Family,5,3.0,5577,14886,2018,6,571150.75,2024-02-27,777,102.41,613418.3,2024,10681.41,Margaret Williams,False,UT-UT-54045,109.86,Within band
P-101708,11708,"9530 River Blvd, Apt 5E, Tampa, FL 98059",9530 River Blvd,Apt 5E,Tampa,FL,98059,Hillsborough,42.543942,-86.481333,Condo,7,4.0,4960,12136,1930,94,511299.73,2017-05-14,3257,103.08,510317.67,2022,7040.51,Andrew Smith,False,FL-HI-89995,145.87,Within band
P-101709,11709,"2769 Meadow Ln, Naperville, IL 12263",2769 Meadow Ln,,Naperville,IL,12263,DuPage,33.995486,-77.675282,Single Family,5,4.0,1285,3803,1995,29,291602.53,2017-03-02,3330,226.93,245572.82,2022,5157.03,Matthew Hernandez,False,IL-DU-15516,104.35,Under-assessed
P-101710,11710,"4444 Maple Dr, Apt 3B, Louisville, KY 97257",4444 Maple Dr,Apt 3B,Louisville,KY,97257,Jefferson,22.382296,-70.693717,Condo,4,1.5,4459,12585,1966,58,527277.23,2022-05-16,1429,118.25,482778.75,2024,6463.24,Andrew Smith,True,KY-JE-23922,141.41,Within band
P-101711,11711,"2251 Maple Dr, Pittsburgh, PA 95153",2251 Maple Dr,,Pittsburgh,PA,95153,Allegheny,27.083146,-151.819536,Multi Family,5,3.5,1201,8235,1960,64,502501.57,2025-03-27,383,418.4,427330.1,2022,6261.41,Patricia Adams,True,PA-AL-20730,221.23,Under-assessed
P-101712,11712,"2258 Madison Ave, Apt 8A, Tampa, FL 99069",2258 Madison Ave,Apt 8A,Tampa,FL,99069,Hillsborough,37.286401,-104.043052,Condo,2,1.0,2091,7408,1965,59,575298.88,2017-12-03,3054,275.13,547909.21,2023,8202.04,David Brown,True,FL-HI-29745,145.87,Within band
P-101715,11715,"1774 Adams St, Apt 2D, Arlington, VA 14999",1774 Adams St,Apt 2D,Arlington,VA,14999,Arlington,42.317722,-108.992456,Condo,3,4.0,5219,10554,1953,71,636587.34,2016-06-19,3586,121.97,576569.3,2023,4692.5,Amanda Mitchell,True,VA-AR-75732,224.74,Under-assessed
P-101716,11716,"7583 Adams St, Apt 10E, Jacksonville, FL 54627",7583 Adams St,Apt 10E,Jacksonville,FL,54627,Duval,31.556931,-105.311472,Condo,6,5.0,3453,12816,2003,21,151684.84,2023-05-23,1057,43.93,127794.16,2023,1142.24,Barbara Nelson,False,FL-DU-12107,145.87,Under-assessed
P-101717,11717,"7543 Harbor View Blvd, Apt 21D, Knoxville, TN 66502",7543 Harbor View Blvd,Apt 21D,Knoxville,TN,66502,Knox,25.747252,-83.226436,Condo,3,4.5,3927,10325,1997,27,186748.74,2019-07-20,2460,47.56,194578.49,2022,1661.46,Betty Jackson,True,TN-KN-78738,138.25,Within band
P-101718,11718,"7790 Heritage Ln, Apt 13D, Tampa, FL 98119",7790 Heritage Ln,Apt 13D,Tampa,FL,98119,Hillsborough,39.873295,-79.558081,Townhouse,5,1.0,1703,12948,1969,55,220992.22,2017-03-28,3304,129.77,206361.9,2023,1860.89,Ronald Harris,True,FL-HI-80797,130.82,Within band
P-101719,11719,"3207 Clearwater Ct, Houston, TX 88219",3207 Clearwater Ct,,Houston,TX,88219,Harris,34.835475,-133.504056,Multi Family,5,4.0,4557,15214,1925,99,217450.06,2022-02-20,1514,47.72,198650.13,2023,3973.0,Amanda Jackson,True,TX-HA-18245,126.59,Within band
P-101720,11720,"8246 Lake Dr, Apt 10E, Columbus, OH 37037",8246 Lake Dr,Apt 10E,Columbus,OH,37037,Franklin,23.298529,-75.410394,Townhouse,2,3.0,2068,5395,1963,61,238069.81,2016-12-31,3391,115.12,243505.29,2022,1950.05,Daniel Mitchell,False,OH-FR-91173,148.98,Within band
P-101723,11723,"1330 Jackson Dr, Boise, ID 14059",1330 Jackson Dr,,Boise,ID,14059,Ada,42.397307,-110.172384,Single Family,5,2.5,2772,14153,2022,2,789332.95,2018-08-24,2790,284.75,831048.48,2023,15383.88,Steven Nguyen,False,ID-AD-29808,144.4,Within band
P-101724,11724,"839 Sunset Blvd, Apt 26E, Aurora, CO 22670",839 Sunset Blvd,Apt 26E,Aurora,CO,22670,Arapahoe,45.591212,-119.843684,Condo,2,2.5,1359,4914,1982,42,1047250.58,2019-12-09,2318,770.6,1109717.15,2024,15763.02,Paul Miller,False,CO-AR-15588,256.52,Within band
P-101725,11725,"2567 Clearwater Ct, Detroit, MI 31315",2567 Clearwater Ct,,Detroit,MI,31315,Wayne,46.795738,-127.089084,Single Family,5,4.0,2378,13507,1962,62,402065.07,2020-12-21,1940,169.08,376130.89,2023,6512.94,Matthew Rodriguez,True,MI-WA-49388,152.83,Within band
P-101726,11726,"8663 Sunset Blvd, Boston, MA 35614",8663 Sunset Blvd,,Boston,MA,35614,Suffolk,40.848114,-70.683773,Single Family,3,3.0,3020,6062,1936,88,2400153.46,2024-01-05,830,794.75,2155531.44,2022,40499.06,Kimberly Baker,True,MA-SU-34453,390.17,Under-assessed
P-101727,11727,"513 Valley View Dr, Apt 23A, Indianapolis, IN 16037",513 Valley View Dr,Apt 23A,Indianapolis,IN,16037,Marion,47.099979,-135.096416,Townhouse,2,5.0,4919,7977,1985,39,870503.01,2024-07-02,651,176.97,698260.59,2023,9284.47,Steven Ramirez,True,IN-MA-59658,176.97,Under-assessed
P-101728,11728,"2205 Orchard Ln, Apt 12E, Salt Lake City, UT 49220",2205 Orchard Ln,Apt 12E,Salt Lake City,UT,49220,Salt Lake,29.505252,-96.422186,Condo,4,1.5,6048,8167,1927,97,608099.64,2022-10-08,1284,100.55,524353.47,2024,9492.92,Jessica Rivera,False,UT-SA-82803,137.94,Under-assessed
P-101729,11729,"1783 Meadow Ln, Lawrenceville, GA 27860",1783 Meadow Ln,,Lawrenceville,GA,27860,Gwinnett,31.49751,-148.710485,Single Family,4,3.0,6431,7777,1952,72,736474.76,2023-05-01,1079,114.52,637757.92,2024,11370.24,James Harris,True,GA-GW-47507,150.1,Under-assessed
P-101730,11730,"2432 Forest Glen Rd, Apt 29C, Knoxville, TN 50093",2432 Forest Glen Rd,Apt 29C,Knoxville,TN,50093,Knox,30.341971,-116.861609,Condo,2,2.5,1166,10917,2021,3,597617.62,2020-11-29,1962,512.54,495428.24,2022,8027.08,Margaret Anderson,True,TN-KN-41855,138.25,Under-assessed
P-101731,11731,"7487 Broadway, New Orleans, LA 91555",7487 Broadway,,New Orleans,LA,91555,Orleans,32.451605,-103.472022,Single Family,1,1.0,974,4349,2021,3,613880.96,2023-09-30,927,630.27,545339.83,2024,8286.88,Margaret Mitchell,False,LA-OR-56654,131.1,Under-assessed
P-101732,11732,"6872 Elm St, Indianapolis, IN 79557",6872 Elm St,,Indianapolis,IN,79557,Marion,34.872563,-148.968135,Single Family,5,4.0,1039,12680,2023,1,808467.54,2024-12-26,474,778.12,735630.12,2024,7239.6,Joshua Taylor,True,IN-MA-67292,248.46,Within band
P-101733,11733,"8537 Lake Dr, Phoenix, AZ 74362",8537 Lake Dr,,Phoenix,AZ,74362,Maricopa,44.930092,-106.24668,Single Family,2,2.5,1562,4186,1941,83,265249.04,2016-07-07,3568,169.81,260109.73,2023,3818.66,Donald Smith,True,AZ-MA-37097,130.0,Within band
P-101734,11734,"5215 Jefferson St, Tampa, FL 61949",5215 Jefferson St,,Tampa,FL,61949,Hillsborough,35.722752,-130.060106,Single Family,6,4.5,2695,2799,1978,46,134039.06,2021-10-07,1650,49.74,122712.6,2023,1573.99,James Baker,False,FL-HI-59496,138.34,Within band
P-101735,11735,"2755 Sunset Blvd, Apt 23B, Brooklyn, NY 25747",2755 Sunset Blvd,Apt 23B,Brooklyn,NY,25747,Kings,43.934586,-141.25427,Condo,2,1.5,5359,8841,1984,40,1716781.22,2020-04-04,2201,320.35,1458422.66,2024,32085.3,Ronald Lewis,True,NY-KI-44265,351.08,Under-assessed
P-101736,11736,"3474 Lincoln Rd, Apt 4B, Oklahoma City, OK 11454",3474 Lincoln Rd,Apt 4B,Oklahoma City,OK,11454,Oklahoma,45.017224,-94.192739,Townhouse,6,4.0,5268,7989,2004,20,713182.32,2021-10-09,1648,135.38,656317.44,2023,5506.2,Karen Wright,True,OK-OK-40357,135.38,Within band
P-101737,11737,"4234 Adams St, Apt 24B, Chicago, IL 36946",4234 Adams St,Apt 24B,Chicago,IL,36946,Cook,47.459754,-111.668552,Condo,5,5.0,1350,3192,1986,38,633102.59,2016-08-20,3524,468.96,658110.94,2023,13820.33,Thomas Lopez,True,IL-CO-60960,148.0,Within band
P-101738,11738,"9231 Pine Rd, Apt 26C, St. Louis, MO 72107",9231 Pine Rd,Apt 26C,St. Louis,MO,72107,St. Louis,41.064268,-155.348994,Condo,6,2.5,3682,7817,2000,24,860758.59,2025-03-21,389,233.77,710081.97,2023,11872.1,Donna Thompson,False,MO-ST-82415,180.87,Under-assessed
P-101739,11739,"4327 Broadway, Apt 12E, Lexington, KY 19601",4327 Broadway,Apt 12E,Lexington,KY,19601,Fayette,37.500618,-113.531264,Condo,1,2.5,3959,7128,2008,16,427224.1,2019-10-27,2361,107.91,405420.04,2023,5188.16,Sandra King,True,KY-FA-73978,141.41,Within band
P-101740,11740,"6012 Summit Rd, Naperville, IL 19424",6012 Summit Rd,,Naperville,IL,19424,DuPage,26.528394,-89.526466,Single Family,4,3.0,5479,6674,1994,30,389915.88,2017-08-06,3173,71.17,407153.16,2024,8550.22,Emily Adams,True,IL-DU-49030,104.35,Within band
P-101741,11741,"7183 Orchard Ln, Atlanta, GA 27075",7183 Orchard Ln,,Atlanta,GA,27075,Fulton,26.087698,-104.120912,Single Family,6,4.5,3926,5809,1966,58,795391.49,2025-11-29,136,202.6,658737.71,2022,7040.14,Michael Perez,True,GA-FU-10029,150.1,Under-assessed
P-101742,11742,"4737 Washington Ave, Apt 27D, Lakewood, CO 36058",4737 Washington Ave,Apt 27D,Lakewood,CO,36058,Jefferson,31.936501,-135.15306,Townhouse,2,1.5,2742,12327,1997,27,315319.53,2026-04-03,11,115.0,333987.09,2024,6482.4,Michael Harris,False,CO-JE-42779,257.12,Within band
P-101743,11743,"403 Clearwater Ct, Apt 15B, Tulsa, OK 92423",403 Clearwater Ct,Apt 15B,Tulsa,OK,92423,Tulsa,46.990416,-99.695387,Townhouse,1,3.5,4542,8214,1987,37,635954.83,2025-12-25,110,140.02,581533.69,2024,11202.24,Anthony Robinson,False,OK-TU-60738,135.38,Within band
P-101744,11744,"9668 Creekside Dr, Apt 20D, Fort Worth, TX 25488",9668 Creekside Dr,Apt 20D,Fort Worth,TX,25488,Tarrant,22.193945,-141.233387,Condo,4,2.0,4141,9147,1948,76,646208.87,2025-08-22,235,156.05,587500.81,2023,11750.02,Donald Hernandez,False,TX-TA-57588,158.16,Within band
P-101745,11745,"6064 Meadow Ln, Fort Lauderdale, FL 99394",6064 Meadow Ln,,Fort Lauderdale,FL,99394,Broward,32.764182,-139.994175,Single Family,4,1.0,1571,3465,2007,17,381801.4,2018-09-06,2777,243.03,376293.13,2023,6062.51,Jessica Green,False,FL-BR-64225,138.34,Within band
P-101746,11746,"9704 Summit Rd, Apt 28E, Austin, TX 76581",9704 Summit Rd,Apt 28E,Austin,TX,76581,Travis,30.01879,-112.770407,Condo,7,5.0,4041,5070,1924,100,843759.9,2020-05-29,2146,208.8,761836.48,2024,15236.73,Matthew Allen,True,TX-TR-72763,158.16,Under-assessed
P-101747,11747,"3582 Lincoln Rd, Denver, CO 63834",3582 Lincoln Rd,,Denver,CO,63834,Denver,28.255876,-80.117397,Single Family,2,4.0,2244,4707,1982,42,774736.01,2020-10-03,2019,345.25,772687.51,2023,11694.11,Thomas Mitchell,True,CO-DE-68254,215.23,Within band
P-101748,11748,"6444 Forest Glen Rd, Apt 5C, Billings, MT 91136",6444 Forest Glen Rd,Apt 5C,Billings,MT,91136,Yellowstone,27.870998,-106.247031,Condo,4,1.5,3457,9250,2000,24,751135.84,2023-08-10,978,217.28,662894.56,2023,12519.09,Daniel Adams,True,MT-YE-93692,182.12,Under-assessed
P-101749,11749,"6072 Monroe Blvd, San Antonio, TX 68023",6072 Monroe Blvd,,San Antonio,TX,68023,Bexar,34.121607,-104.755126,Single Family,5,3.0,6164,14752,1998,26,430723.75,2016-06-06,3599,69.88,373910.08,2024,7478.2,Mary Thomas,True,TX-BE-55796,115.36,Under-assessed
P-101750,11750,"9176 Maple Dr, Apt 2C, Tacoma, WA 73181",9176 Maple Dr,Apt 2C,Tacoma,WA,73181,Pierce,34.911892,-124.410018,Condo,2,2.5,4971,11063,1971,53,2220054.97,2024-03-10,765,446.6,2256651.85,2022,24760.2,Joshua Harris,True,WA-PI-78794,446.6,Within band
P-101751,11751,"7877 Madison Ave, Apt 14C, San Antonio, TX 70109",7877 Madison Ave,Apt 14C,San Antonio,TX,70109,Bexar,26.539345,-72.819642,Condo,1,3.5,610,12434,1969,55,290370.26,2017-03-10,3322,476.02,318486.98,2023,6369.74,Daniel Miller,True,TX-BE-28501,158.16,Within band
P-101752,11752,"3875 Harbor View Blvd, Apt 29D, Charleston, SC 92790",3875 Harbor View Blvd,Apt 29D,Charleston,SC,92790,Charleston,36.407786,-139.080136,Condo,4,4.5,2903,13515,1974,50,327852.74,2017-06-09,3231,112.94,356105.47,2023,6539.96,Deborah Williams,True,SC-CH-27890,144.56,Within band
P-101753,11753,"9445 Riverside Dr, Chicago, IL 44662",9445 Riverside Dr,,Chicago,IL,44662,Cook,23.953673,-105.266731,Single Family,6,3.0,1171,2045,1931,93,136495.68,2019-03-28,2574,116.56,129230.0,2022,2713.83,Andrew Davis,False,IL-CO-88161,104.35,Within band
P-101754,11754,"1983 Creekside Dr, Henderson, NV 49194",1983 Creekside Dr,,Henderson,NV,49194,Clark,46.88396,-134.173739,Single Family,4,4.5,2256,10748,1945,79,896759.07,2016-08-08,3536,397.5,941918.1,2023,8520.91,Thomas Wilson,False,NV-CL-68613,117.32,Within band
P-101755,11755,"6181 Jackson Dr, Apt 25D, Billings, MT 72004",6181 Jackson Dr,Apt 25D,Billings,MT,72004,Yellowstone,34.99478,-138.697507,Townhouse,1,3.5,6077,16584,2007,17,263070.32,2025-12-05,130,43.29,225114.23,2023,1879.24,Betty King,True,MT-YE-66716,104.26,Under-assessed
P-101757,11757,"9737 Clearwater Ct, Apt 28C, Boise, ID 98102",9737 Clearwater Ct,Apt 28C,Boise,ID,98102,Ada,23.715032,-92.931517,Condo,2,4.5,3968,12168,1977,47,127005.62,2018-07-04,2841,32.01,120846.77,2022,1676.31,John Carter,True,ID-AD-63013,107.43,Within band
P-101758,11758,"590 Summit Rd, Tampa, FL 45039",590 Summit Rd,,Tampa,FL,45039,Hillsborough,22.081974,-153.884302,Single Family,5,2.5,5006,16159,2002,22,355084.75,2020-04-30,2175,70.93,361911.37,2024,7103.53,James Anderson,True,FL-HI-56041,138.34,Within band
P-101759,11759,"3590 Summit Rd, St. Louis, MO 53065",3590 Summit Rd,,St. Louis,MO,53065,St. Louis,38.488255,-96.961307,Single Family,7,3.0,2748,12909,1936,88,493782.91,2020-07-08,2106,179.69,403581.97,2022,4144.67,Donald Scott,False,MO-ST-76328,127.4,Under-assessed
P-101760,11760,"6489 Adams St, Charlotte, NC 42204",6489 Adams St,,Charlotte,NC,42204,Mecklenburg,40.592964,-149.804483,Single Family,6,5.0,3267,13493,1984,40,766331.08,2023-05-10,1070,234.57,841549.67,2022,12294.97,Brian Torres,False,NC-ME-87021,151.03,Within band
P-101761,11761,"492 Lincoln Rd, Apt 2B, Waukegan, IL 34404",492 Lincoln Rd,Apt 2B,Waukegan,IL,34404,Lake,46.750521,-154.070334,Townhouse,4,1.0,6442,12049,1939,85,450193.92,2019-04-11,2560,69.88,465667.7,2022,9779.02,William Wilson,False,IL-LA-95062,189.44,Within band
P-101762,11762,"9899 Creekside Dr, Apt 9A, Tulsa, OK 59951",9899 Creekside Dr,Apt 9A,Tulsa,OK,59951,Tulsa,26.189591,-155.144221,Townhouse,7,2.0,2614,8483,1971,53,395046.9,2026-03-31,14,151.13,432000.16,2022,5737.83,Carol Nguyen,True,OK-TU-56297,135.38,Within band
P-101763,11763,"7684 Jefferson St, Apt 30E, Decatur, GA 31410",7684 Jefferson St,Apt 30E,Decatur,GA,31410,DeKalb,21.682534,-144.300654,Townhouse,3,2.5,1365,10514,1961,63,123415.74,2023-01-03,1197,90.41,103472.6,2022,1652.62,Andrew Rodriguez,False,GA-DE-60398,170.94,Under-assessed
P-101764,11764,"1008 Clearwater Ct, Jacksonville, FL 79251",1008 Clearwater Ct,,Jacksonville,FL,79251,Duval,44.173887,-88.986692,Single Family,5,2.5,1058,6736,1958,66,533935.6,2018-05-02,2904,504.67,498955.47,2024,6140.64,Ronald Young,False,FL-DU-36813,138.34,Within band
P-101765,11765,"8708 Sunset Blvd, Apt 28B, Baton Rouge, LA 45506",8708 Sunset Blvd,Apt 28B,Baton Rouge,LA,45506,East Baton Rouge,43.022234,-128.332786,Townhouse,2,5.0,1459,7598,1930,94,537911.61,2020-10-31,1991,368.69,453783.25,2024,4652.88,Paul Rodriguez,True,LA-EA-45977,124.05,Under-assessed
P-101766,11766,"5916 River Blvd, Apt 30E, Baton Rouge, LA 76118",5916 River Blvd,Apt 30E,Baton Rouge,LA,76118,East Baton Rouge,30.097322,-81.238423,Townhouse,6,4.5,6216,13077,2019,5,531735.9,2020-05-20,2155,85.54,530893.11,2022,6391.17,Nancy Nguyen,True,LA-EA-17030,124.05,Within band
P-101767,11767,"9523 Summit Rd, Apt 24A, Tampa, FL 91340",9523 Summit Rd,Apt 24A,Tampa,FL,91340,Hillsborough,29.701137,-130.610169,Condo,4,4.0,1446,12508,2022,2,384095.65,2017-01-13,3378,265.63,388928.43,2023,5503.33,Charles Nguyen,False,FL-HI-52642,145.87,Within band
P-101768,11768,"9473 Lake Dr, Apt 12C, Cambridge, MA 95774",9473 Lake Dr,Apt 12C,Cambridge,MA,95774,Middlesex,27.765653,-121.571696,Condo,1,2.5,3323,3761,1976,48,3294968.38,2021-08-26,1692,991.56,3224778.68,2023,39213.43,Matthew Hill,False,MA-MI-37568,450.14,Within band
P-101769,11769,"8468 Elm St, Cambridge, MA 18126",8468 Elm St,,Cambridge,MA,18126,Middlesex,34.456425,-95.072914,Single Family,4,4.5,3301,8216,1977,47,2791299.43,2021-03-19,1852,845.59,2758573.19,2023,31056.33,Kenneth Lopez,True,MA-MI-25397,390.17,Within band
P-101770,11770,"3652 Birch St, Apt 18C, Jacksonville, FL 68638",3652 Birch St,Apt 18C,Jacksonville,FL,68638,Duval,24.932196,-131.904149,Townhouse,7,2.5,4552,14319,1980,44,600242.07,2026-02-03,70,131.86,569052.26,2024,6498.73,Nancy White,True,FL-DU-47251,130.82,Within band
P-101771,11771,"6916 Lakeshore Dr, Louisville, KY 44753",6916 Lakeshore Dr,,Louisville,KY,44753,Jefferson,45.433609,-83.445687,Single Family,4,4.0,1686,4921,2006,18,559639.09,2017-06-11,3229,331.93,518523.56,2023,4878.76,Nancy White,True,KY-JE-55024,133.33,Within band
P-101772,11772,"2864 Harbor View Blvd, San Antonio, TX 66482",2864 Harbor View Blvd,,San Antonio,TX,66482,Bexar,32.838915,-102.706321,Single Family,4,3.0,1615,4152,2019,5,888869.4,2020-10-11,2011,550.38,750434.74,2023,15008.69,Richard Jones,False,TX-BE-58210,115.36,Under-assessed
P-101773,11773,"3408 Jackson Dr, Orlando, FL 23529",3408 Jackson Dr,,Orlando,FL,23529,Orange,34.155564,-76.18667,Single Family,1,3.5,2917,8889,1963,61,553433.81,2017-06-02,3238,189.73,490860.93,2023,7593.54,Nancy White,False,FL-OR-34554,138.34,Under-assessed
P-101774,11774,"7046 Jefferson St, Tampa, FL 36678",7046 Jefferson St,,Tampa,FL,36678,Hillsborough,30.884812,-72.602301,Single Family,6,4.0,3997,12336,1926,98,557182.76,2017-07-05,3205,139.4,548172.24,2022,6368.81,Deborah Nguyen,True,FL-HI-75895,138.34,Within band
P-101775,11775,"932 Heritage Ln, Apt 25E, Pittsburgh, PA 36335",932 Heritage Ln,Apt 25E,Pittsburgh,PA,36335,Allegheny,23.105629,-149.274885,Townhouse,6,4.5,5180,10440,2018,6,243766.95,2019-04-07,2564,47.06,247535.39,2023,3712.25,Joseph Sanchez,True,PA-AL-16058,212.18,Within band
P-101776,11776,"1223 Willow Way, Apt 4C, Charlotte, NC 14724",1223 Willow Way,Apt 4C,Charlotte,NC,14724,Mecklenburg,34.873072,-73.857204,Condo,5,5.0,3469,14056,2006,18,139066.16,2025-04-18,361,40.09,112646.87,2023,1969.14,Emily Gonzalez,True,NC-ME-22168,140.0,Under-assessed
P-101777,11777,"2937 Maple Dr, Apt 22B, Naperville, IL 31202",2937 Maple Dr,Apt 22B,Naperville,IL,31202,DuPage,31.756277,-152.781579,Townhouse,6,2.5,6219,17325,2013,11,305144.25,2023-11-06,890,49.07,330205.53,2023,6934.32,Donna Williams,True,IL-DU-10319,189.44,Within band
P-101778,11778,"9283 Harbor View Blvd, Provo, UT 77994",9283 Harbor View Blvd,,Provo,UT,77994,Utah,25.493332,-100.025153,Single Family,5,5.0,5637,9098,1987,37,351780.27,2021-03-28,1843,62.41,336273.77,2023,5809.16,Sandra Sanchez,True,UT-UT-45778,109.86,Within band
P-101779,11779,"229 Madison Ave, Apt 7B, Brooklyn, NY 49187",229 Madison Ave,Apt 7B,Brooklyn,NY,49187,Kings,34.581346,-148.934661,Condo,2,4.0,4163,8948,1981,43,1298186.93,2018-02-13,2982,311.84,1356412.72,2023,29841.08,Mary Taylor,True,NY-KI-83243,351.08,Within band
P-101780,11780,"9918 Summit Rd, Apt 22A, Arlington, VA 63276",9918 Summit Rd,Apt 22A,Arlington,VA,63276,Arlington,27.349874,-105.332157,Townhouse,5,1.5,6195,17550,1990,34,869245.8,2017-01-12,3379,140.31,918289.74,2023,14061.41,William Martin,True,VA-AR-68440,202.82,Within band
P-101781,11781,"4314 Forest Glen Rd, Apt 21D, Lakewood, CO 89935",4314 Forest Glen Rd,Apt 21D,Lakewood,CO,89935,Jefferson,26.756506,-87.99425,Townhouse,6,3.5,2642,4146,2023,1,692443.75,2017-03-22,3310,262.09,644768.11,2023,10215.15,Richard Flores,True,CO-JE-30001,257.12,Within band
P-101782,11782,"282 Forest Glen Rd, New Orleans, LA 45162",282 Forest Glen Rd,,New Orleans,LA,45162,Orleans,41.290319,-105.743958,Multi Family,4,5.0,1123,3117,2004,20,889355.41,2024-03-29,746,791.95,935543.78,2024,16257.91,Barbara Thomas,False,LA-OR-95187,463.31,Within band
P-101783,11783,"2334 Jackson Dr, Albuquerque, NM 60293",2334 Jackson Dr,,Albuquerque,NM,60293,Bernalillo,35.844901,-145.048732,Single Family,2,4.5,2302,6076,1982,42,671462.0,2017-08-10,3169,291.69,591526.08,2023,9527.05,John Wilson,True,NM-BE-74479,119.2,Under-assessed
P-101784,11784,"8633 Ridgewood Rd, Apt 27D, Aurora, CO 74981",8633 Ridgewood Rd,Apt 27D,Aurora,CO,74981,Arapahoe,34.288241,-152.523175,Condo,7,3.5,3285,12855,1969,55,1123783.29,2016-04-22,3644,342.1,1008781.53,2023,16091.18,Carol Nelson,False,CO-AR-58737,256.52,Under-assessed
P-101785,11785,"6413 Main St, Boston, MA 17092",6413 Main St,,Boston,MA,17092,Suffolk,44.497348,-127.652799,Single Family,4,4.5,5938,12890,1953,71,2399400.21,2019-07-15,2465,404.08,2109529.38,2023,40051.23,William Robinson,True,MA-SU-63881,390.17,Under-assessed
P-101786,11786,"4283 Summit Rd, Apt 2B, Fort Lauderdale, FL 56547",4283 Summit Rd,Apt 2B,Fort Lauderdale,FL,56547,Broward,26.111397,-135.135996,Condo,2,1.0,1103,5884,1939,85,188468.5,2018-08-08,2806,170.87,179616.22,2023,1975.91,Melissa Miller,False,FL-BR-27994,145.87,Within band
P-101787,11787,"1456 Pine Rd, Henderson, NV 84927",1456 Pine Rd,,Henderson,NV,84927,Clark,46.731801,-126.758673,Single Family,7,3.5,3949,10077,2000,24,198999.74,2023-10-10,917,50.39,178100.72,2024,2107.65,Andrew Garcia,False,NV-CL-34580,117.32,Under-assessed
P-101788,11788,"3144 Birch St, Apt 20A, Decatur, GA 72363",3144 Birch St,Apt 20A,Decatur,GA,72363,DeKalb,44.824634,-121.264176,Condo,2,4.5,6101,15784,2008,16,678998.3,2017-07-17,3193,111.29,600061.19,2022,6272.72,Michael Smith,True,GA-DE-76244,139.77,Under-assessed
P-101789,11789,"808 Maple Dr, Apt 16A, Fairfax, VA 57661",808 Maple Dr,Apt 16A,Fairfax,VA,57661,Fairfax,25.004184,-104.526919,Condo,3,3.5,4361,15081,2019,5,1300150.36,2022-12-20,1211,298.13,1266494.2,2023,15631.32,Joshua Johnson,True,VA-FA-27393,224.74,Within band
P-101790,11790,"5856 Summit Rd, Apt 2D, Decatur, GA 22541",5856 Summit Rd,Apt 2D,Decatur,GA,22541,DeKalb,46.373177,-87.245732,Condo,3,5.0,2187,2920,1959,65,854897.52,2026-03-19,26,390.9,844855.34,2023,14175.73,Deborah Campbell,True,GA-DE-38944,139.77,Within band
P-101791,11791,"277 Sunset Blvd, Irvine, CA 28341",277 Sunset Blvd,,Irvine,CA,28341,Orange,23.881476,-109.17091,Single Family,3,3.5,2247,9782,1934,90,1311674.51,2021-04-09,1831,583.74,1143468.03,2022,9747.75,Sarah Garcia,False,CA-OR-68126,449.01,Under-assessed
P-101792,11792,"4178 Pine Rd, Everett, WA 33542",4178 Pine Rd,,Everett,WA,33542,Snohomish,31.964846,-121.222682,Multi Family,7,1.0,2037,5668,1945,79,1675203.86,2021-08-22,1696,822.39,1826653.24,2023,25796.56,Mark Carter,True,WA-SN-69465,434.64,Within band
P-101793,11793,"5535 Valley View Dr, Henderson, NV 29633",5535 Valley View Dr,,Henderson,NV,29633,Clark,32.156139,-75.20464,Single Family,6,2.5,3919,14225,1980,44,702963.99,2024-09-01,590,179.37,658261.38,2023,6156.6,James Thompson,False,NV-CL-99808,117.32,Within band
P-101794,11794,"9108 Orchard Ln, Saint Paul, MN 15461",9108 Orchard Ln,,Saint Paul,MN,15461,Ramsey,32.296048,-156.761588,Single Family,1,1.5,2056,3419,2009,15,527589.03,2016-10-03,3480,256.61,482702.52,2024,7330.29,Susan Thomas,True,MN-RA-34592,127.64,Within band
P-101795,11795,"3862 Madison Ave, Apt 2B, Lexington, KY 12188",3862 Madison Ave,Apt 2B,Lexington,KY,12188,Fayette,37.685562,-124.759939,Condo,3,3.5,1270,8128,1962,62,489002.67,2025-08-27,230,385.04,522702.46,2024,6043.28,Barbara Miller,False,KY-FA-39779,141.41,Within band
P-101796,11796,"2994 Creekside Dr, Apt 2C, Seattle, WA 99575",2994 Creekside Dr,Apt 2C,Seattle,WA,99575,King,28.024268,-91.760773,Townhouse,6,3.5,1504,10900,1923,101,885187.71,2025-11-23,142,588.56,789035.21,2024,14889.9,Daniel Rivera,True,WA-KI-76115,380.09,Under-assessed
P-101797,11797,"917 Madison Ave, Apt 19E, Miami, FL 34951",917 Madison Ave,Apt 19E,Miami,FL,34951,Miami-Dade,28.53748,-89.602022,Condo,2,4.0,2263,6164,1920,104,366253.18,2018-05-03,2903,161.84,377853.82,2024,4395.14,Ashley Hall,False,FL-MI-10379,145.87,Within band
P-101800,11800,"8186 Monroe Blvd, Miami, FL 83767",8186 Monroe Blvd,,Miami,FL,83767,Miami-Dade,27.332964,-90.577792,Single Family,1,3.5,3574,13235,1930,94,724072.52,2019-06-25,2485,202.59,746318.51,2022,8185.76,Carol Jones,True,FL-MI-37771,138.34,Within band
P-101801,11801,"4810 Orchard Ln, Apt 15A, Cincinnati, OH 13660",4810 Orchard Ln,Apt 15A,Cincinnati,OH,13660,Hamilton,34.757003,-94.935267,Condo,6,3.0,953,7272,1964,60,669281.74,2017-04-18,3283,702.29,661815.32,2023,11870.59,Deborah Perez,True,OH-HA-58314,220.86,Within band
P-101802,11802,"6361 Meadow Ln, Arlington, VA 10879",6361 Meadow Ln,,Arlington,VA,10879,Arlington,36.278557,-122.899689,Single Family,4,5.0,5908,11156,1974,50,476645.89,2018-03-12,2955,80.68,407382.73,2022,6099.17,William Clark,True,VA-AR-26865,195.64,Under-assessed
P-101803,11803,"6375 Elm St, Albuquerque, NM 25896",6375 Elm St,,Albuquerque,NM,25896,Bernalillo,35.869495,-112.409653,Single Family,6,1.5,816,10750,2020,4,291818.34,2016-11-17,3435,357.62,233737.25,2024,2060.64,Karen Torres,True,NM-BE-82842,119.2,Under-assessed
P-101804,11804,"7757 Cedar Ln, Oakland, CA 16421",7757 Cedar Ln,,Oakland,CA,16421,Alameda,44.117469,-70.46426,Single Family,6,4.0,6062,8815,1987,37,523575.79,2016-10-25,3458,86.37,544874.8,2024,8872.62,Ashley Robinson,False,CA-AL-74980,449.01,Within band
P-101806,11806,"3414 Ridgewood Rd, Apt 30D, Eugene, OR 87938",3414 Ridgewood Rd,Apt 30D,Eugene,OR,87938,Lane,30.59345,-96.503328,Townhouse,6,1.5,5456,8196,1939,85,344302.6,2016-07-30,3545,63.11,359722.66,2022,7068.99,Margaret Sanchez,True,OR-LA-84571,118.34,Within band
P-101807,11807,"8794 Washington Ave, Everett, WA 56098",8794 Washington Ave,,Everett,WA,56098,Snohomish,22.18942,-113.848948,Single Family,4,4.5,2776,14613,1987,37,1718999.33,2020-12-24,1937,619.24,1472737.23,2024,13914.09,David Campbell,True,WA-SN-75095,526.32,Under-assessed
P-101808,11808,"8449 Harbor View Blvd, Apt 5A, Durham, NC 46982",8449 Harbor View Blvd,Apt 5A,Durham,NC,46982,Durham,34.226842,-104.172487,Townhouse,7,3.5,5962,14974,1959,65,288604.92,2023-08-24,964,48.41,263165.29,2024,3932.81,Steven Carter,True,NC-DU-55962,129.09,Within band
P-101809,11809,"3379 Cedar Ln, Apt 7A, San Francisco, CA 59802",3379 Cedar Ln,Apt 7A,San Francisco,CA,59802,San Francisco,44.639558,-119.956639,Townhouse,1,2.0,3725,11767,1934,90,2210858.55,2019-11-28,2329,593.52,2047406.7,2024,30511.18,Jessica White,True,CA-SA-14924,453.55,Within band
P-101810,11810,"9194 Riverside Dr, Charlotte, NC 82982",9194 Riverside Dr,,Charlotte,NC,82982,Mecklenburg,26.743863,-129.078505,Multi Family,5,2.0,4823,16680,2020,4,492404.22,2023-09-06,951,102.1,428700.17,2023,4344.98,George Hernandez,True,NC-ME-88410,162.12,Under-assessed
P-101811,11811,"9092 Orchard Ln, Tacoma, WA 43237",9092 Orchard Ln,,Tacoma,WA,43237,Pierce,33.721444,-146.221562,Single Family,5,2.0,3903,13584,2005,19,2247162.98,2023-01-10,1190,575.75,2300651.25,2022,30885.53,Kenneth Hernandez,False,WA-PI-28015,526.32,Within band
P-101812,11812,"3721 Pine Rd, Apt 16D, New Orleans, LA 67736",3721 Pine Rd,Apt 16D,New Orleans,LA,67736,Orleans,38.086912,-112.570561,Townhouse,1,2.5,5250,15916,1955,69,654814.87,2017-03-09,3323,124.73,689649.62,2023,12439.88,Carol Adams,True,LA-OR-52684,124.05,Within band
P-101813,11813,"9316 Pine Rd, Baltimore, MD 70120",9316 Pine Rd,,Baltimore,MD,70120,Baltimore,28.967373,-150.547723,Single Family,6,3.0,2334,7278,2002,22,683117.79,2022-05-12,1433,292.68,597243.41,2024,5326.16,George Perez,True,MD-BA-14149,292.68,Under-assessed
P-101814,11814,"2405 Lakeshore Dr, Baton Rouge, LA 30699",2405 Lakeshore Dr,,Baton Rouge,LA,30699,East Baton Rouge,22.329342,-133.36437,Single Family,6,2.5,3717,13408,2009,15,786621.64,2021-03-24,1847,211.63,781190.51,2023,7997.39,Michelle Taylor,True,LA-EA-85578,131.1,Within band
P-101815,11815,"6767 Forest Glen Rd, Apt 26A, Miami, FL 70373",6767 Forest Glen Rd,Apt 26A,Miami,FL,70373,Miami-Dade,46.876736,-86.826966,Condo,3,3.5,735,7284,1993,31,712033.29,2023-09-23,934,968.75,734963.05,2024,11552.59,Karen Moore,False,FL-MI-17922,145.87,Within band
P-101816,11816,"5012 Sunset Blvd, Apt 14E, Dallas, TX 73803",5012 Sunset Blvd,Apt 14E,Dallas,TX,73803,Dallas,41.657328,-105.4086,Condo,5,2.5,3457,8018,1994,30,237197.88,2026-04-08,6,68.61,197358.42,2024,3947.17,Paul Wright,False,TX-DA-90603,158.16,Under-assessed
P-101817,11817,"1961 Jefferson St, Apt 28B, Omaha, NE 30397",1961 Jefferson St,Apt 28B,Omaha,NE,30397,Douglas,41.210512,-81.948605,Townhouse,2,3.5,4272,9530,1946,78,532362.11,2017-05-08,3263,124.62,506190.73,2024,4520.67,Jennifer Lee,False,NE-DO-14926,144.82,Within band
P-101818,11818,"7604 Meadow Ln, Aurora, CO 61854",7604 Meadow Ln,,Aurora,CO,61854,Arapahoe,22.410082,-148.951754,Multi Family,3,2.0,3748,6817,1958,66,1298603.72,2022-07-14,1370,346.48,1392853.06,2023,18099.72,William Smith,False,CO-AR-26179,346.48,Within band
P-101819,11819,"5698 Adams St, Tucson, AZ 61037",5698 Adams St,,Tucson,AZ,61037,Pima,37.509063,-96.46831,Single Family,6,2.5,5266,9927,1920,104,502349.31,2016-08-21,3523,95.39,414442.2,2023,4539.57,Charles Anderson,True,AZ-PI-60203,130.0,Under-assessed
P-101821,11821,"1321 Adams St, Brooklyn, NY 92890",1321 Adams St,,Brooklyn,NY,92890,Kings,41.207441,-149.569535,Single Family,1,2.0,1955,6723,2001,23,775416.89,2022-06-29,1385,396.63,713234.66,2023,15691.16,Joshua Perez,True,NY-KI-97091,408.84,Within band
P-101822,11822,"8763 Valley View Dr, Apt 18A, San Francisco, CA 45364",8763 Valley View Dr,Apt 18A,San Francisco,CA,45364,San Francisco,24.22893,-138.005123,Condo,4,4.0,3546,15519,2022,2,487615.76,2020-06-22,2122,137.51,439909.01,2024,7743.05,John Perez,False,CA-SA-51876,453.06,Under-assessed
P-101823,11823,"1720 Meadow Ln, Apt 30E, Portland, OR 72055",1720 Meadow Ln,Apt 30E,Portland,OR,72055,Multnomah,35.543313,-107.773693,Townhouse,2,3.0,5454,8374,1941,83,402773.23,2019-09-22,2396,73.85,426470.83,2024,6920.29,Carol Jackson,True,OR-MU-86401,118.34,Within band
P-101824,11824,"8353 Park Way, Seattle, WA 48036",8353 Park Way,,Seattle,WA,48036,King,23.919201,-156.404933,Single Family,2,5.0,3564,14924,2010,14,1660152.88,2019-10-23,2365,465.81,1617527.24,2024,15288.81,William Clark,True,WA-KI-10749,526.32,Within band
P-101825,11825,"2758 Oak Ave, Tampa, FL 24165",2758 Oak Ave,,Tampa,FL,24165,Hillsborough,32.930952,-79.567431,Single Family,1,5.0,5896,10855,2009,15,359634.46,2019-05-08,2533,61.0,393406.94,2024,7680.99,Betty Sanchez,True,FL-HI-48967,138.34,Within band
P-101826,11826,"1314 Sunset Blvd, Provo, UT 70732",1314 Sunset Blvd,,Provo,UT,70732,Utah,25.945371,-87.461777,Single Family,2,4.0,4344,15288,1961,63,860550.52,2025-02-21,417,198.1,924181.57,2023,18002.23,George Green,True,UT-UT-51072,109.86,Within band
P-101827,11827,"2549 Park Way, Lawrenceville, GA 83367",2549 Park Way,,Lawrenceville,GA,83367,Gwinnett,38.347733,-79.358558,Single Family,2,1.0,4838,9993,1937,87,289828.08,2022-04-03,1472,59.91,266871.57,2024,4592.87,Sarah Jackson,True,GA-GW-42860,150.1,Within band
P-101828,11828,"2154 Sunset Blvd, Houston, TX 43003",2154 Sunset Blvd,,Houston,TX,43003,Harris,31.455205,-74.98775,Single Family,7,1.5,5758,9734,2019,5,243316.75,2024-09-19,572,42.26,217510.68,2023,4350.21,Andrew Ramirez,True,TX-HA-15158,115.36,Under-assessed
P-101829,11829,"7867 Forest Glen Rd, Apt 16B, Eugene, OR 13884",7867 Forest Glen Rd,Apt 16B,Eugene,OR,13884,Lane,29.239825,-145.288447,Condo,6,5.0,4642,15124,2010,14,1391914.47,2021-07-01,1748,299.85,1409311.29,2023,16388.33,Andrew Hall,False,OR-LA-75432,306.82,Within band
P-101831,11831,"4747 Lakeshore Dr, Apt 19E, Manhattan, NY 28031",4747 Lakeshore Dr,Apt 19E,Manhattan,NY,28031,New York,30.133631,-141.092322,Townhouse,3,1.5,4178,15096,1988,36,2257462.68,2023-12-16,850,540.32,2207930.21,2023,48574.46,Sandra Carter,False,NY-NE-40662,521.74,Within band
P-101832,11832,"3135 Madison Ave, Las Vegas, NV 82817",3135 Madison Ave,,Las Vegas,NV,82817,Clark,38.425454,-86.970406,Single Family,7,5.0,5323,8447,1968,56,625521.28,2018-10-06,2747,117.51,617994.69,2023,9017.39,Sandra King,True,NV-CL-15207,117.32,Within band
P-101833,11833,"3059 Madison Ave, Apt 21B, Tacoma, WA 56174",3059 Madison Ave,Apt 21B,Tacoma,WA,56174,Pierce,44.950358,-117.275081,Condo,1,5.0,5631,15495,1967,57,2215380.43,2025-06-28,290,393.43,2317699.09,2024,30400.28,Donna Nguyen,True,WA-PI-20600,446.6,Within band
P-101834,11834,"4186 Clearwater Ct, Las Vegas, NV 71286",4186 Clearwater Ct,,Las Vegas,NV,71286,Clark,40.077744,-126.882258,Single Family,7,1.0,4660,12515,1967,57,124781.37,2020-01-08,2288,26.78,120473.12,2023,1782.53,Brian Torres,False,NV-CL-62363,117.32,Within band
P-101835,11835,"5777 Lakeshore Dr, Chicago, IL 59530",5777 Lakeshore Dr,,Chicago,IL,59530,Cook,34.371073,-95.721604,Multi Family,2,1.5,2547,11506,1921,103,753255.98,2019-10-17,2371,295.74,683595.54,2024,14355.51,Thomas Scott,True,IL-CO-57054,177.46,Under-assessed
P-101836,11836,"2906 Broadway, Apt 30A, Tacoma, WA 58599",2906 Broadway,Apt 30A,Tacoma,WA,58599,Pierce,36.441523,-127.711717,Condo,7,2.5,6399,6965,2015,9,1448588.8,2025-07-12,276,226.38,1311415.59,2022,19647.66,Jessica Nelson,False,WA-PI-24383,446.6,Under-assessed
P-101837,11837,"9875 Willow Way, Apt 29B, San Antonio, TX 75258",9875 Willow Way,Apt 29B,San Antonio,TX,75258,Bexar,29.178495,-147.668845,Condo,7,4.0,2479,9063,2016,8,397275.74,2019-06-30,2480,160.26,318990.54,2023,6379.81,Thomas Jones,True,TX-BE-75093,158.16,Under-assessed
P-101839,11839,"9442 Madison Ave, Columbia, SC 56308",9442 Madison Ave,,Columbia,SC,56308,Richland,46.03015,-130.272953,Single Family,6,3.5,1738,3704,1929,95,824463.2,2021-05-02,1808,474.37,844878.02,2024,11048.76,Ronald Young,False,SC-RI-38502,121.9,Within band
P-101840,11840,"1536 Clearwater Ct, Irvine, CA 89472",1536 Clearwater Ct,,Irvine,CA,89472,Orange,43.293461,-139.091529,Single Family,1,5.0,4727,11325,1940,84,3420666.6,2025-09-05,221,723.64,3574334.51,2024,61486.34,Donna Taylor,False,CA-OR-13453,449.01,Within band
P-101841,11841,"3948 River Blvd, San Antonio, TX 76772",3948 River Blvd,,San Antonio,TX,76772,Bexar,42.230912,-135.819482,Multi Family,3,5.0,3649,15367,1931,93,648457.99,2025-10-13,183,177.71,543859.61,2024,10877.19,John Rivera,True,TX-BE-81299,126.59,Under-assessed
P-101842,11842,"7435 Maple Dr, Sacramento, CA 27657",7435 Maple Dr,,Sacramento,CA,27657,Sacramento,34.72159,-72.39119,Single Family,4,5.0,4455,13186,1977,47,2406664.93,2019-03-11,2591,540.22,2063638.2,2022,23481.29,Joshua Torres,True,CA-SA-11408,449.01,Under-assessed
P-101843,11843,"2203 Oak Ave, Naperville, IL 46713",2203 Oak Ave,,Naperville,IL,46713,DuPage,25.97426,-129.90926,Single Family,3,2.5,2278,7304,1959,65,221173.25,2025-10-18,178,97.09,204233.05,2022,4288.89,Mary Jackson,False,IL-DU-10254,104.35,Within band
P-101844,11844,"296 Heritage Ln, Apt 14D, Oakland, CA 24486",296 Heritage Ln,Apt 14D,Oakland,CA,24486,Alameda,26.280859,-136.606077,Townhouse,3,4.5,5279,10250,1937,87,594341.63,2020-12-26,1935,112.59,610954.53,2022,9906.99,David Baker,True,CA-AL-56837,453.55,Within band
P-101845,11845,"1494 Orchard Ln, Apt 7E, Jacksonville, FL 59515",1494 Orchard Ln,Apt 7E,Jacksonville,FL,59515,Duval,42.065139,-150.322301,Condo,7,5.0,5368,14449,1983,41,677945.17,2016-10-05,3478,126.29,709775.66,2023,9285.45,Deborah Lewis,False,FL-DU-18331,145.87,Within band
P-101846,11846,"7713 Elm St, Baltimore, MD 26881",7713 Elm St,,Baltimore,MD,26881,Baltimore,41.930599,-104.236982,Single Family,5,2.5,5635,13113,2002,22,1063033.27,2024-06-24,659,188.65,863731.46,2024,11849.2,Robert Moore,True,MD-BA-86929,292.68,Under-assessed
P-101847,11847,"5327 Valley View Dr, Raleigh, NC 75705",5327 Valley View Dr,,Raleigh,NC,75705,Wake,31.862064,-112.646883,Single Family,6,4.5,2429,7025,1934,90,540069.73,2018-08-05,2809,222.34,437017.04,2024,6943.26,Stephanie Martin,False,NC-WA-15249,151.03,Under-assessed
P-101848,11848,"1852 Hillcrest Ave, Apt 19B, Charlotte, NC 73499",1852 Hillcrest Ave,Apt 19B,Charlotte,NC,73499,Mecklenburg,42.328732,-112.630107,Townhouse,2,1.5,5018,15463,1961,63,305972.26,2021-11-23,1603,60.97,310894.68,2022,3836.55,Karen Martin,False,NC-ME-40872,129.09,Within band
P-101849,11849,"1429 Ridgewood Rd, Apt 9B, Eugene, OR 42985",1429 Ridgewood Rd,Apt 9B,Eugene,OR,42985,Lane,21.824064,-121.279701,Condo,3,4.0,4336,4474,1937,87,1472545.38,2017-12-30,3027,339.61,1384896.9,2024,12320.65,Matthew Gonzalez,True,OR-LA-96078,306.82,Within band
P-101851,11851,"9730 Broadway, Salt Lake City, UT 94455",9730 Broadway,,Salt Lake City,UT,94455,Salt Lake,39.968893,-93.497123,Single Family,7,1.0,917,8380,2019,5,229073.79,2018-10-24,2729,249.81,183887.76,2023,1518.91,Ronald Flores,True,UT-SA-18919,109.86,Under-assessed
P-101852,11852,"2947 Heritage Ln, Tampa, FL 62760",2947 Heritage Ln,,Tampa,FL,62760,Hillsborough,23.799725,-118.407401,Single Family,5,1.0,2889,4441,1922,102,863000.16,2022-10-19,1273,298.72,833300.47,2023,11500.97,Kimberly Clark,True,FL-HI-45837,138.34,Within band
P-101853,11853,"7200 Lake Dr, Queens, NY 48318",7200 Lake Dr,,Queens,NY,48318,Queens,28.966404,-74.592127,Single Family,1,3.0,5211,14199,1973,51,1883557.83,2024-12-29,471,361.46,1961840.97,2022,43160.5,Ashley Roberts,True,NY-QU-41744,408.84,Within band
P-101854,11854,"5446 Lakeshore Dr, Apt 20A, Bronx, NY 16161",5446 Lakeshore Dr,Apt 20A,Bronx,NY,16161,Bronx,39.362861,-99.613628,Condo,7,1.0,4397,8399,1937,87,1389271.1,2022-01-24,1541,315.96,1386245.42,2024,30497.4,Michelle Walker,False,NY-BR-43602,351.08,Within band
P-101855,11855,"1034 Adams St, Waukegan, IL 39829",1034 Adams St,,Waukegan,IL,39829,Lake,34.605799,-148.204228,Single Family,4,5.0,5432,14826,1938,86,323675.0,2016-11-05,3447,59.59,314639.0,2023,6607.42,Charles King,True,IL-LA-99140,104.35,Within band
P-101856,11856,"1069 Pine Rd, Apt 29D, Lawrenceville, GA 77063",1069 Pine Rd,Apt 29D,Lawrenceville,GA,77063,Gwinnett,32.289133,-71.949084,Condo,2,2.5,1285,5615,1965,59,657685.01,2017-02-19,3341,511.82,599463.89,2024,10458.07,William Robinson,True,GA-GW-20574,139.77,Within band
P-101857,11857,"453 Monroe Blvd, Apt 22B, San Jose, CA 45550",453 Monroe Blvd,Apt 22B,San Jose,CA,45550,Santa Clara,27.413873,-90.973163,Condo,2,2.0,3500,9747,2023,1,2532023.04,2022-12-18,1213,723.44,2047141.46,2024,24498.64,Anthony Rodriguez,True,CA-SA-95118,453.06,Under-assessed
P-101858,11858,"2122 Elm St, Naperville, IL 54113",2122 Elm St,,Naperville,IL,54113,DuPage,27.832613,-101.582089,Single Family,5,1.0,5843,8095,1923,101,415761.02,2020-10-19,2003,71.16,345388.57,2024,7253.16,Donna Wilson,True,IL-DU-14331,104.35,Under-assessed
P-101859,11859,"2206 Washington Ave, Columbus, OH 19881",2206 Washington Ave,,Columbus,OH,19881,Franklin,46.910926,-130.091598,Single Family,6,4.0,4185,14899,1951,73,703644.97,2022-03-08,1498,168.13,735232.05,2024,8224.43,David Lee,False,OH-FR-25718,208.92,Within band
P-101860,11860,"6806 River Blvd, Apt 18B, Tampa, FL 99839",6806 River Blvd,Apt 18B,Tampa,FL,99839,Hillsborough,29.285757,-90.493068,Townhouse,6,3.0,2812,5133,1972,52,737842.84,2025-04-29,350,262.39,708463.07,2023,8342.15,Donald Carter,False,FL-HI-51514,130.82,Within band
P-101861,11861,"8782 Lake Dr, Grand Rapids, MI 94037",8782 Lake Dr,,Grand Rapids,MI,94037,Kent,37.55895,-151.777709,Single Family,3,3.0,857,3854,2022,2,269373.02,2024-02-05,799,314.32,243567.42,2023,3682.24,Matthew Allen,True,MI-KE-37034,152.83,Under-assessed
P-101862,11862,"5560 Broadway, Albuquerque, NM 76582",5560 Broadway,,Albuquerque,NM,76582,Bernalillo,34.723597,-127.762497,Single Family,3,1.0,4672,16404,2005,19,516614.61,2019-09-18,2400,110.58,519630.46,2024,9278.18,Jessica White,True,NM-BE-48625,119.2,Within band
P-101863,11863,"5967 Washington Ave, Jacksonville, FL 46765",5967 Washington Ave,,Jacksonville,FL,46765,Duval,39.649221,-115.817589,Single Family,4,3.0,2936,7416,1992,32,424604.31,2017-05-17,3254,144.62,414494.54,2022,4838.57,Charles Brown,True,FL-DU-11141,138.34,Within band
P-101864,11864,"9411 Birch St, Detroit, MI 27788",9411 Birch St,,Detroit,MI,27788,Wayne,31.339627,-109.468707,Single Family,6,4.5,3583,9563,2022,2,282156.3,2021-02-04,1895,78.75,275979.29,2024,3372.37,Carol Jackson,False,MI-WA-59786,152.83,Within band
P-101865,11865,"9648 River Blvd, Apt 27E, Dallas, TX 28312",9648 River Blvd,Apt 27E,Dallas,TX,28312,Dallas,24.21401,-79.922092,Condo,1,4.5,1887,7792,1952,72,751664.43,2022-04-24,1451,398.34,766202.89,2024,15324.06,Jennifer Carter,True,TX-DA-85170,158.16,Within band
P-101866,11866,"2415 Adams St, Phoenix, AZ 71437",2415 Adams St,,Phoenix,AZ,71437,Maricopa,21.823674,-107.961035,Multi Family,2,3.5,6075,7781,2010,14,492000.8,2024-01-10,825,80.99,411958.45,2023,7121.2,Jessica Rodriguez,True,AZ-MA-95076,91.66,Under-assessed
P-101867,11867,"9676 Clearwater Ct, Apt 14C, Tucson, AZ 42312",9676 Clearwater Ct,Apt 14C,Tucson,AZ,42312,Pima,38.860644,-105.018658,Condo,3,3.0,1866,9401,1991,33,567101.66,2024-07-16,637,303.91,570336.25,2022,7487.69,Dorothy Nguyen,False,AZ-PI-84699,150.88,Within band
P-101868,11868,"5118 Hillcrest Ave, Apt 17B, Nashville, TN 91681",5118 Hillcrest Ave,Apt 17B,Nashville,TN,91681,Davidson,30.382037,-117.291567,Condo,1,2.0,4275,16155,1944,80,686005.3,2020-10-02,2020,160.47,694847.34,2023,11237.52,Brian Martinez,True,TN-DA-23955,138.25,Within band
P-101869,11869,"2476 Jackson Dr, Apt 11C, Jacksonville, FL 13102",2476 Jackson Dr,Apt 11C,Jacksonville,FL,13102,Duval,25.277137,-104.825986,Condo,4,2.0,4497,10845,1933,91,480102.37,2017-02-18,3342,106.76,423060.02,2022,7275.51,Karen Williams,True,FL-DU-61044,145.87,Under-assessed
P-101871,11871,"5646 Hillcrest Ave, Honolulu, HI 32243",5646 Hillcrest Ave,,Honolulu,HI,32243,Honolulu,42.018252,-75.910775,Single Family,4,4.0,4617,12506,2021,3,1282367.89,2023-12-21,845,277.75,1266319.12,2023,20755.66,Jessica Carter,True,HI-HO-93722,465.83,Within band
P-101872,11872,"3270 Lake Dr, Kansas City, MO 67732",3270 Lake Dr,,Kansas City,MO,67732,Jackson,34.780785,-138.212472,Multi Family,7,2.0,1253,6900,1935,89,152030.17,2024-09-25,566,121.33,138926.18,2023,1846.64,William Jones,True,MO-JA-92317,121.33,Within band
P-101873,11873,"4218 Forest Glen Rd, Apt 18D, Albuquerque, NM 84612",4218 Forest Glen Rd,Apt 18D,Albuquerque,NM,84612,Bernalillo,38.661798,-123.708781,Townhouse,2,4.5,1159,7076,1965,59,491594.08,2025-01-12,457,424.15,536268.97,2023,5458.24,Emily Torres,True,NM-BE-18584,158.75,Within band
P-101874,11874,"596 Meadow Ln, Apt 29B, Phoenix, AZ 16781",596 Meadow Ln,Apt 29B,Phoenix,AZ,16781,Maricopa,33.622203,-138.765453,Condo,4,4.5,2465,4192,1936,88,597594.6,2024-02-14,790,242.43,637469.99,2023,12300.68,Deborah Martin,True,AZ-MA-16772,150.88,Within band
P-101875,11875,"6213 Oak Ave, Kansas City, MO 78876",6213 Oak Ave,,Kansas City,MO,78876,Jackson,24.958507,-109.662372,Single Family,1,1.0,4467,6936,1942,82,141464.97,2018-12-08,2684,31.67,139834.83,2022,2580.92,Ronald Davis,True,MO-JA-46605,127.4,Within band
P-101876,11876,"3048 Monroe Blvd, Apt 15E, Memphis, TN 88146",3048 Monroe Blvd,Apt 15E,Memphis,TN,88146,Shelby,47.393102,-96.128163,Townhouse,4,1.0,1676,5519,1946,78,178801.27,2022-08-10,1343,106.68,186526.79,2024,2647.4,Ashley Thompson,True,TN-SH-57287,80.48,Within band
P-101877,11877,"3339 Broadway, Apt 30A, San Antonio, TX 35770",3339 Broadway,Apt 30A,San Antonio,TX,35770,Bexar,21.364656,-75.57264,Condo,5,1.0,4154,4203,1997,27,340747.34,2025-07-13,275,82.03,320117.5,2022,6402.35,Timothy Moore,True,TX-BE-38971,158.16,Within band
P-101878,11878,"7369 Birch St, Apt 27D, San Diego, CA 91955",7369 Birch St,Apt 27D,San Diego,CA,91955,San Diego,35.475879,-114.054633,Townhouse,5,4.5,3258,8839,2007,17,2100689.74,2026-03-24,21,644.78,2050925.02,2024,34940.96,Lisa Perez,True,CA-SA-91082,453.55,Within band
P-101879,11879,"4164 Creekside Dr, Atlanta, GA 64041",4164 Creekside Dr,,Atlanta,GA,64041,Fulton,37.483651,-98.087549,Single Family,4,2.0,4709,11741,1963,61,201419.52,2024-11-18,512,42.77,178540.23,2024,1716.13,Lisa Anderson,False,GA-FU-45440,150.1,Under-assessed
P-101880,11880,"853 Adams St, Henderson, NV 62607",853 Adams St,,Henderson,NV,62607,Clark,24.875269,-114.631527,Multi Family,3,2.5,3023,12931,1945,79,789484.99,2023-01-26,1174,261.16,656840.27,2024,11183.29,Anthony Lewis,True,NV-CL-14392,178.76,Under-assessed
P-101881,11881,"9208 Willow Way, Apt 10A, Portland, OR 83877",9208 Willow Way,Apt 10A,Portland,OR,83877,Multnomah,34.53469,-84.446153,Townhouse,5,3.5,4257,8692,1999,25,390451.59,2017-11-09,3078,91.72,322439.97,2023,5077.64,Sandra Robinson,False,OR-MU-66202,118.34,Under-assessed
P-101882,11882,"7433 Monroe Blvd, Apt 17B, Boston, MA 95605",7433 Monroe Blvd,Apt 17B,Boston,MA,95605,Suffolk,36.345188,-110.19617,Townhouse,2,4.5,4472,5330,1929,95,3399396.61,2023-02-27,1142,760.15,3305904.03,2022,43551.72,Karen Thompson,False,MA-SU-88333,343.24,Within band
P-101883,11883,"4144 Harbor View Blvd, Apt 5A, Durham, NC 81641",4144 Harbor View Blvd,Apt 5A,Durham,NC,81641,Durham,21.386634,-118.685559,Condo,1,4.5,5746,15399,1945,79,423403.05,2025-07-08,280,73.69,440567.9,2023,5497.95,Donna Lopez,False,NC-DU-87265,140.0,Within band
P-101884,11884,"2705 Riverside Dr, Phoenix, AZ 37307",2705 Riverside Dr,,Phoenix,AZ,37307,Maricopa,46.543349,-89.460643,Single Family,2,3.5,3789,11715,1943,81,891425.75,2024-07-20,633,235.27,941158.83,2022,7832.67,Stephanie Perez,True,AZ-MA-76315,130.0,Within band
P-101885,11885,"5816 Park Way, Lexington, KY 58157",5816 Park Way,,Lexington,KY,58157,Fayette,27.204405,-95.609379,Single Family,3,4.0,3718,4041,1920,104,572660.37,2017-06-26,3214,154.02,582506.2,2022,10779.59,Nancy Young,False,KY-FA-37899,133.33,Within band
P-101886,11886,"856 Jefferson St, Philadelphia, PA 14040",856 Jefferson St,,Philadelphia,PA,14040,Philadelphia,26.357893,-77.826431,Single Family,7,2.5,5817,12463,1963,61,630304.03,2024-11-17,513,108.36,615486.87,2023,8127.01,Andrew Moore,False,PA-PH-99083,120.29,Within band
P-101887,11887,"7371 Harbor View Blvd, Tulsa, OK 13619",7371 Harbor View Blvd,,Tulsa,OK,13619,Tulsa,40.513726,-87.289672,Multi Family,1,1.0,4685,9147,1968,56,197464.27,2023-03-02,1139,42.15,204603.36,2022,3777.5,Robert Brown,False,OK-TU-87496,58.46,Within band
P-101888,11888,"8098 Clearwater Ct, San Francisco, CA 47186",8098 Clearwater Ct,,San Francisco,CA,47186,San Francisco,26.219844,-108.295717,Single Family,6,4.0,2552,10805,2009,15,1848216.46,2024-03-11,764,724.22,1963722.41,2023,36730.29,Melissa Young,False,CA-SA-10814,449.01,Within band
P-101889,11889,"4277 Meadow Ln, Henderson, NV 75744",4277 Meadow Ln,,Henderson,NV,75744,Clark,32.583858,-146.391299,Single Family,3,5.0,4691,9730,1928,96,333761.95,2020-10-18,2004,71.15,317665.06,2022,4934.36,Thomas Miller,False,NV-CL-89214,117.32,Within band
P-101890,11890,"8301 Riverside Dr, Apt 26A, Boston, MA 32691",8301 Riverside Dr,Apt 26A,Boston,MA,32691,Suffolk,32.084019,-95.334223,Townhouse,2,1.5,5785,8423,1937,87,1075110.76,2023-10-30,897,185.84,1045945.74,2024,18841.64,Kimberly Hernandez,True,MA-SU-83818,343.24,Within band
P-101891,11891,"7653 Park Way, Houston, TX 37737",7653 Park Way,,Houston,TX,37737,Harris,43.820891,-144.940739,Single Family,3,3.0,4789,9025,2019,5,393863.01,2021-03-13,1858,82.24,424229.2,2023,8484.58,Brian Moore,True,TX-HA-70903,115.36,Within band
P-101892,11892,"6323 Forest Glen Rd, Apt 15D, Billings, MT 10926",6323 Forest Glen Rd,Apt 15D,Billings,MT,10926,Yellowstone,28.862574,-120.660991,Townhouse,7,2.5,5324,6708,1932,92,433458.12,2017-02-06,3354,81.42,442810.58,2023,5881.43,Betty Young,False,MT-YE-97472,104.26,Within band
P-101893,11893,"7863 Summit Rd, Cleveland, OH 60445",7863 Summit Rd,,Cleveland,OH,60445,Cuyahoga,31.623074,-135.101412,Multi Family,1,5.0,3490,5549,1921,103,510104.47,2018-01-05,3021,146.16,550146.49,2024,5323.29,Sandra Martin,True,OH-CU-52028,119.72,Within band
P-101894,11894,"1256 Orchard Ln, Apt 14A, Decatur, GA 57678",1256 Orchard Ln,Apt 14A,Decatur,GA,57678,DeKalb,22.643611,-107.129309,Condo,5,4.5,4935,7136,1995,29,555483.11,2020-10-24,1998,112.56,610376.19,2023,7524.18,Deborah Moore,True,GA-DE-10648,139.77,Within band
P-101895,11895,"6027 Maple Dr, Apt 7E, Indianapolis, IN 64284",6027 Maple Dr,Apt 7E,Indianapolis,IN,64284,Marion,44.595896,-142.195409,Condo,4,2.5,5886,14507,1975,49,732395.22,2023-03-12,1129,124.43,593540.64,2023,10449.21,David Martin,True,IN-MA-66595,141.22,Under-assessed
P-101896,11896,"4126 Broadway, Fort Worth, TX 21497",4126 Broadway,,Fort Worth,TX,21497,Tarrant,27.808993,-152.161955,Single Family,5,2.5,5242,9158,1950,74,760221.95,2025-05-25,324,145.03,632921.47,2022,12658.43,Paul Taylor,False,TX-TA-62492,115.36,Under-assessed
P-101897,11897,"4222 Birch St, Apt 12D, Knoxville, TN 79701",4222 Birch St,Apt 12D,Knoxville,TN,79701,Knox,29.569657,-111.492892,Townhouse,3,2.0,6305,11048,1965,59,239714.17,2021-11-17,1609,38.02,199275.01,2022,2255.35,Mark Hill,True,TN-KN-43154,80.48,Under-assessed
P-101898,11898,"3559 Ridgewood Rd, Apt 22B, Charleston, SC 19549",3559 Ridgewood Rd,Apt 22B,Charleston,SC,19549,Charleston,45.842673,-73.684808,Condo,2,5.0,4337,16012,1931,93,632250.04,2022-08-08,1345,145.78,572015.11,2023,11133.06,Michelle Ramirez,False,SC-CH-42432,144.56,Under-assessed
P-101899,11899,"9523 Hillcrest Ave, Provo, UT 80411",9523 Hillcrest Ave,,Provo,UT,80411,Utah,32.590122,-135.220765,Single Family,6,5.0,1753,7110,2007,17,421918.12,2025-10-07,189,240.68,425188.06,2024,6538.0,Donna Davis,False,UT-UT-66644,109.86,Within band
P-101900,11900,"4421 Summit Rd, Jacksonville, FL 89004",4421 Summit Rd,,Jacksonville,FL,89004,Duval,29.12275,-116.064156,Single Family,5,2.5,3822,15028,1988,36,341486.66,2021-06-11,1768,89.35,326995.06,2023,5898.38,Dorothy Nguyen,True,FL-DU-66899,138.34,Within band
P-101901,11901,"9350 Cedar Ln, Baltimore, MD 21856",9350 Cedar Ln,,Baltimore,MD,21856,Baltimore,42.535303,-156.65856,Single Family,7,1.5,5570,6522,2006,18,1243951.59,2019-04-30,2541,223.33,1111896.69,2024,18784.91,David Smith,True,MD-BA-96561,292.68,Under-assessed
P-101902,11902,"2702 River Blvd, Apt 5A, Kansas City, MO 26856",2702 River Blvd,Apt 5A,Kansas City,MO,26856,Jackson,24.291301,-82.140375,Townhouse,6,1.5,5286,5965,2001,23,333732.65,2022-05-03,1442,63.14,340174.66,2023,3421.57,Lisa Campbell,True,MO-JA-33969,225.08,Within band
P-101903,11903,"6501 Valley View Dr, Apt 9A, Miami, FL 65708",6501 Valley View Dr,Apt 9A,Miami,FL,65708,Miami-Dade,31.812909,-102.001238,Condo,5,2.5,6155,11935,1924,100,527100.54,2023-01-20,1180,85.64,451505.45,2022,5688.58,Daniel Thomas,False,FL-MI-21972,145.87,Under-assessed
P-101904,11904,"979 Orchard Ln, Apt 16C, Scottsdale, AZ 51140",979 Orchard Ln,Apt 16C,Scottsdale,AZ,51140,Maricopa,29.304285,-82.603951,Condo,7,3.0,1136,12155,1955,69,817295.38,2025-08-05,252,719.45,688443.04,2023,9879.59,Richard Carter,False,AZ-MA-16457,150.88,Under-assessed
P-101905,11905,"337 Jefferson St, Apt 22E, Cleveland, OH 42342",337 Jefferson St,Apt 22E,Cleveland,OH,42342,Cuyahoga,45.954016,-112.15225,Townhouse,6,4.5,800,3089,1953,71,330467.21,2022-11-22,1239,413.08,356363.22,2022,3218.84,Michelle Smith,True,OH-CU-22608,148.98,Within band
P-101906,11906,"3960 Valley View Dr, Atlanta, GA 41657",3960 Valley View Dr,,Atlanta,GA,41657,Fulton,45.875621,-145.757977,Single Family,4,2.5,4610,11756,1965,59,387655.08,2021-05-04,1806,84.09,356391.12,2023,3395.44,Matthew Walker,False,GA-FU-54243,150.1,Within band
P-101907,11907,"5178 River Blvd, Henderson, NV 47761",5178 River Blvd,,Henderson,NV,47761,Clark,33.406047,-148.532802,Multi Family,4,4.0,1466,7029,2007,17,312709.25,2023-11-06,890,213.31,325089.77,2024,5506.92,David Hill,True,NV-CL-70643,178.76,Within band
P-101908,11908,"2374 Elm St, Apt 6C, San Diego, CA 55317",2374 Elm St,Apt 6C,San Diego,CA,55317,San Diego,22.560032,-101.174855,Condo,3,2.5,5814,9902,1992,32,604144.51,2024-07-07,646,103.91,568962.11,2024,8235.8,Michelle Adams,False,CA-SA-76092,453.06,Within band
P-101909,11909,"7852 Lincoln Rd, Eugene, OR 38209",7852 Lincoln Rd,,Eugene,OR,38209,Lane,39.678681,-84.59568,Single Family,7,2.0,5539,15429,1925,99,565256.75,2025-01-10,459,102.05,568985.62,2022,5562.66,Donald Thompson,True,OR-LA-84364,291.42,Within band
P-101910,11910,"5261 Lakeshore Dr, Columbus, OH 97550",5261 Lakeshore Dr,,Columbus,OH,97550,Franklin,45.382273,-74.442655,Single Family,1,1.5,4052,15084,1943,81,886758.84,2025-11-27,138,218.84,931070.17,2024,11823.8,Carol Campbell,False,OH-FR-88386,208.92,Within band
P-101911,11911,"851 Main St, Apt 6A, Sacramento, CA 46189",851 Main St,Apt 6A,Sacramento,CA,46189,Sacramento,43.105246,-140.505691,Condo,2,4.0,2787,7540,1952,72,1091309.16,2024-06-26,657,391.57,1118182.22,2024,19792.24,Mark Nguyen,True,CA-SA-29314,453.06,Within band
P-101912,11912,"1023 Lakeshore Dr, Albuquerque, NM 92477",1023 Lakeshore Dr,,Albuquerque,NM,92477,Bernalillo,24.981521,-76.97319,Single Family,4,5.0,2557,7785,1940,84,480216.15,2025-10-03,193,187.8,506221.56,2024,9531.9,Donald Wright,True,NM-BE-73229,119.2,Within band
P-101913,11913,"1023 Jefferson St, Fort Lauderdale, FL 34688",1023 Jefferson St,,Fort Lauderdale,FL,34688,Broward,35.320786,-124.624429,Single Family,1,1.0,5416,6126,1927,97,639169.16,2023-11-28,868,118.01,632931.43,2022,7661.81,Timothy Ramirez,False,FL-BR-72369,138.34,Within band
P-101914,11914,"5518 Heritage Ln, Eugene, OR 62754",5518 Heritage Ln,,Eugene,OR,62754,Lane,30.796417,-121.052655,Single Family,2,5.0,5990,11053,1979,45,1085067.02,2023-07-30,989,181.15,962224.93,2023,15061.39,Joseph Lopez,False,OR-LA-59616,291.42,Under-assessed
P-101915,11915,"6868 Heritage Ln, Apt 13C, Knoxville, TN 18527",6868 Heritage Ln,Apt 13C,Knoxville,TN,18527,Knox,29.855896,-91.87489,Condo,3,1.5,4413,9534,1983,41,279130.13,2017-10-20,3098,63.25,228997.11,2024,2838.97,Timothy Young,True,TN-KN-98423,138.25,Under-assessed
P-101916,11916,"6013 Willow Way, Apt 6B, Louisville, KY 52887",6013 Willow Way,Apt 6B,Louisville,KY,52887,Jefferson,41.910333,-155.903186,Condo,6,2.5,4267,9424,1939,85,262223.88,2016-10-30,3453,61.45,240865.34,2023,3417.89,Kevin Rodriguez,True,KY-JE-83918,141.41,Within band
P-101917,11917,"5442 Pine Rd, Apt 7A, Jacksonville, FL 44808",5442 Pine Rd,Apt 7A,Jacksonville,FL,44808,Duval,29.970554,-115.243727,Townhouse,6,3.5,2221,9645,2002,22,221760.17,2020-11-05,1986,99.85,203786.43,2022,2297.93,Charles Martinez,False,FL-DU-50224,130.82,Within band
P-101918,11918,"7831 Maple Dr, Decatur, GA 81450",7831 Maple Dr,,Decatur,GA,81450,DeKalb,23.053178,-88.263456,Single Family,2,5.0,1769,3765,1922,102,603548.24,2024-01-14,821,341.18,548330.27,2022,6435.62,Brian Gonzalez,False,GA-DE-31783,150.1,Under-assessed
P-101919,11919,"6150 Maple Dr, Apt 15E, Tulsa, OK 21396",6150 Maple Dr,Apt 15E,Tulsa,OK,21396,Tulsa,39.981928,-98.3874,Condo,5,4.0,1690,10815,1953,71,139950.21,2017-04-02,3299,82.81,130119.46,2024,2083.39,Nancy Gonzalez,False,OK-TU-81535,106.53,Within band
P-101920,11920,"4917 Orchard Ln, Waukegan, IL 62805",4917 Orchard Ln,,Waukegan,IL,62805,Lake,33.134544,-102.737899,Single Family,4,5.0,1876,6966,1958,66,431406.1,2021-11-19,1607,229.96,393953.9,2023,8273.03,Joseph Ramirez,False,IL-LA-10638,104.35,Within band
P-101921,11921,"5167 Jefferson St, Apt 25B, Louisville, KY 77900",5167 Jefferson St,Apt 25B,Louisville,KY,77900,Jefferson,31.824579,-143.187087,Townhouse,6,1.0,4936,10293,1962,62,571839.49,2022-07-15,1369,115.85,592505.14,2023,5914.39,Steven Lopez,True,KY-JE-84129,129.87,Within band
P-101922,11922,"2438 Ridgewood Rd, Apt 7B, Naperville, IL 68710",2438 Ridgewood Rd,Apt 7B,Naperville,IL,68710,DuPage,40.461828,-143.180954,Condo,6,3.0,6480,13244,1989,35,759629.36,2019-06-28,2482,117.23,769870.18,2023,16167.27,Timothy Baker,True,IL-DU-33178,148.0,Within band
P-101923,11923,"4219 Summit Rd, Raleigh, NC 64550",4219 Summit Rd,,Raleigh,NC,64550,Wake,31.540576,-153.000362,Single Family,3,4.0,1312,10271,1926,98,884650.0,2016-07-11,3564,674.28,843921.22,2022,11836.71,Emily Harris,False,NC-WA-78151,151.03,Within band
P-101924,11924,"7814 Broadway, Apt 22C, Charleston, SC 45630",7814 Broadway,Apt 22C,Charleston,SC,45630,Charleston,46.754378,-104.445833,Condo,1,2.5,6172,16821,2006,18,829080.49,2022-03-30,1476,134.33,684004.19,2023,10574.02,Daniel Clark,False,SC-CH-40087,144.56,Under-assessed
P-101926,11926,"4158 Main St, Tulsa, OK 21935",4158 Main St,,Tulsa,OK,21935,Tulsa,41.561234,-80.730775,Single Family,7,1.0,1228,7544,1947,77,194724.16,2017-09-17,3131,158.57,177222.17,2022,1430.33,Barbara Thomas,True,OK-TU-57685,128.71,Within band
P-101927,11927,"3643 Elm St, Apt 16B, Queens, NY 35539",3643 Elm St,Apt 16B,Queens,NY,35539,Queens,27.422697,-85.140599,Condo,6,1.5,2984,3063,1995,29,2137605.23,2025-05-23,326,716.36,1817794.82,2022,39991.49,Linda Scott,True,NY-QU-65895,351.08,Under-assessed
P-101928,11928,"1941 Washington Ave, Apt 21A, Fort Worth, TX 91582",1941 Washington Ave,Apt 21A,Fort Worth,TX,91582,Tarrant,30.21362,-155.419397,Condo,1,4.5,4580,14993,1960,64,431105.32,2019-10-31,2357,94.13,435091.48,2022,8701.83,James Hall,True,TX-TA-86262,158.16,Within band
P-101929,11929,"6263 Valley View Dr, Apt 10D, St. Louis, MO 37861",6263 Valley View Dr,Apt 10D,St. Louis,MO,37861,St. Louis,42.751961,-141.847743,Condo,7,3.0,4938,8844,1952,72,893126.45,2017-06-28,3212,180.87,945964.28,2023,8858.76,John Lee,True,MO-ST-74593,180.87,Within band
P-101930,11930,"1988 Park Way, Apt 1E, Omaha, NE 70974",1988 Park Way,Apt 1E,Omaha,NE,70974,Douglas,46.87377,-151.903333,Condo,4,1.0,1692,9599,1938,86,535770.18,2024-03-11,764,316.65,574256.74,2023,4960.86,Michelle Thomas,False,NE-DO-78114,245.62,Within band
P-101931,11931,"4737 Park Way, Chicago, IL 33425",4737 Park Way,,Chicago,IL,33425,Cook,43.190452,-142.407382,Multi Family,6,1.0,804,6942,1996,28,798939.01,2023-11-16,880,993.71,681802.19,2024,14317.85,Joseph Rodriguez,False,IL-CO-55914,177.46,Under-assessed
P-101932,11932,"7487 Forest Glen Rd, Decatur, GA 30994",7487 Forest Glen Rd,,Decatur,GA,30994,DeKalb,30.565068,-99.967967,Single Family,2,1.5,2404,4234,1932,92,460589.31,2019-12-16,2311,191.59,416325.17,2023,4158.04,Deborah Wilson,True,GA-DE-60630,150.1,Under-assessed
P-101933,11933,"535 River Blvd, Arlington, VA 20936",535 River Blvd,,Arlington,VA,20936,Arlington,31.623621,-113.01831,Single Family,7,4.0,4436,13234,1972,52,1184225.85,2019-07-31,2449,266.96,949888.63,2023,8691.68,Richard Allen,True,VA-AR-43631,195.64,Under-assessed
P-101937,11937,"8251 Broadway, San Francisco, CA 67916",8251 Broadway,,San Francisco,CA,67916,San Francisco,25.425445,-101.212043,Single Family,2,2.0,5093,8163,1992,32,528686.13,2016-10-14,3469,103.81,532324.25,2022,5091.81,Margaret Miller,True,CA-SA-30663,449.01,Within band
P-101938,11938,"3266 Adams St, Oakland, CA 13629",3266 Adams St,,Oakland,CA,13629,Alameda,32.320208,-139.996118,Multi Family,5,1.0,1197,11321,1996,28,570597.78,2025-12-14,121,476.69,487079.98,2022,6241.81,John Jones,False,CA-AL-93628,479.75,Under-assessed
P-101939,11939,"7876 Elm St, Apt 27A, Seattle, WA 21628",7876 Elm St,Apt 27A,Seattle,WA,21628,King,33.213539,-98.858477,Condo,5,3.5,4203,13488,1975,49,3232695.53,2020-01-18,2278,769.14,2979451.63,2022,46387.27,Jennifer Hernandez,False,WA-KI-43373,446.6,Within band
P-101940,11940,"9998 Oak Ave, Eugene, OR 50357",9998 Oak Ave,,Eugene,OR,50357,Lane,37.820079,-109.756847,Single Family,2,5.0,5987,14526,1935,89,993059.1,2024-11-20,510,165.87,824179.0,2023,14712.71,Nancy Hall,True,OR-LA-62706,291.42,Under-assessed
P-101941,11941,"7292 Willow Way, Apt 28D, St. Louis, MO 19335",7292 Willow Way,Apt 28D,St. Louis,MO,19335,St. Louis,36.488493,-127.565464,Condo,5,4.0,837,2416,1981,43,150428.22,2024-07-25,628,179.72,156000.75,2023,2038.3,Nancy Jones,False,MO-ST-73330,180.87,Within band
P-101942,11942,"2212 Sunset Blvd, Apt 19B, Los Angeles, CA 97225",2212 Sunset Blvd,Apt 19B,Los Angeles,CA,97225,Los Angeles,26.449347,-156.634911,Townhouse,2,3.0,4303,12573,1940,84,1793304.99,2018-11-30,2692,416.76,1507802.7,2022,25244.15,Patricia Flores,False,CA-LO-93376,453.55,Under-assessed
P-101943,11943,"4487 Riverside Dr, Salt Lake City, UT 40896",4487 Riverside Dr,,Salt Lake City,UT,40896,Salt Lake,30.560164,-113.323277,Single Family,4,2.0,5674,15630,1944,80,287669.05,2018-02-26,2969,50.7,259430.04,2023,4851.6,Kevin Johnson,True,UT-SA-43414,109.86,Under-assessed
P-101944,11944,"4076 Birch St, Apt 26C, San Antonio, TX 62544",4076 Birch St,Apt 26C,San Antonio,TX,62544,Bexar,38.648422,-139.996007,Townhouse,7,5.0,3125,9418,1956,68,536298.06,2023-04-18,1092,171.62,450809.23,2023,9016.18,Emily Anderson,True,TX-BE-61498,143.56,Under-assessed
P-101945,11945,"4028 Elm St, Jacksonville, FL 82492",4028 Elm St,,Jacksonville,FL,82492,Duval,40.425632,-120.781209,Single Family,4,2.0,1874,9628,1951,73,380122.44,2016-07-25,3550,202.84,329841.48,2022,6030.38,James Harris,False,FL-DU-17408,138.34,Under-assessed
P-101946,11946,"6834 Summit Rd, Fort Lauderdale, FL 35484",6834 Summit Rd,,Fort Lauderdale,FL,35484,Broward,27.514845,-89.179634,Single Family,3,2.0,1352,7486,1970,54,657976.48,2023-06-02,1047,486.67,700528.9,2023,7092.6,Mark Wilson,True,FL-BR-79229,138.34,Within band
P-101947,11947,"6974 Washington Ave, Apt 3A, Fort Wayne, IN 38462",6974 Washington Ave,Apt 3A,Fort Wayne,IN,38462,Allen,26.166394,-117.034803,Condo,3,3.0,3580,9528,2022,2,678949.37,2017-12-25,3032,189.65,728056.45,2024,14065.72,Jessica Moore,False,IN-AL-29306,141.22,Within band
P-101948,11948,"7754 Valley View Dr, Apt 8E, Fort Lauderdale, FL 44752",7754 Valley View Dr,Apt 8E,Fort Lauderdale,FL,44752,Broward,44.569327,-133.94703,Townhouse,3,4.5,5855,10587,1941,83,716941.21,2025-05-17,332,122.45,709436.94,2024,11793.05,Susan Green,False,FL-BR-59619,130.82,Within band
P-101949,11949,"6114 Elm St, Orlando, FL 31157",6114 Elm St,,Orlando,FL,31157,Orange,37.537072,-146.297574,Multi Family,3,4.5,5856,15857,1942,82,823618.86,2018-11-16,2706,140.65,754614.88,2022,11349.13,Paul Lewis,True,FL-OR-67793,133.09,Within band
P-101950,11950,"5395 Jefferson St, Naperville, IL 95434",5395 Jefferson St,,Naperville,IL,95434,DuPage,45.046497,-103.206063,Single Family,3,1.5,3550,7479,1920,104,167701.13,2022-09-27,1295,47.24,174888.18,2023,3672.65,Carol Jones,False,IL-DU-38867,104.35,Within band
P-101951,11951,"7966 Washington Ave, Apt 21D, Tacoma, WA 40750",7966 Washington Ave,Apt 21D,Tacoma,WA,40750,Pierce,22.290992,-73.666125,Condo,2,3.0,3256,6476,1929,95,528418.77,2020-08-22,2061,162.29,437286.1,2023,5620.89,Lisa Thomas,False,WA-PI-80133,446.6,Under-assessed
P-101954,11954,"2373 Lincoln Rd, Apt 30B, Austin, TX 20668",2373 Lincoln Rd,Apt 30B,Austin,TX,20668,Travis,32.005844,-156.856648,Condo,7,1.0,2133,10007,1941,83,555179.04,2017-03-08,3324,260.28,547570.43,2023,10951.41,Paul Anderson,False,TX-TR-24787,158.16,Within band
P-101955,11955,"9179 Creekside Dr, Apt 6A, San Jose, CA 20478",9179 Creekside Dr,Apt 6A,San Jose,CA,20478,Santa Clara,28.003248,-95.924589,Condo,3,2.0,3646,4247,1979,45,2336355.48,2017-09-23,3125,640.8,2135938.26,2024,37961.96,Ronald Lewis,True,CA-SA-44244,453.06,Within band
P-101956,11956,"1205 Heritage Ln, Apt 12B, San Jose, CA 21111",1205 Heritage Ln,Apt 12B,San Jose,CA,21111,Santa Clara,28.374011,-133.537279,Condo,4,1.0,5856,13649,1948,76,3018674.94,2024-05-19,695,515.48,2638343.87,2024,50150.37,John Rivera,False,CA-SA-85866,453.06,Under-assessed
P-101957,11957,"5376 Jackson Dr, Charleston, SC 69894",5376 Jackson Dr,,Charleston,SC,69894,Charleston,46.845078,-99.606265,Multi Family,2,4.5,6353,16327,1984,40,252940.47,2023-09-16,941,39.81,204531.31,2023,2860.77,Kenneth Walker,False,SC-CH-88750,223.03,Under-assessed
P-101958,11958,"8859 Jefferson St, Apt 19A, Boise, ID 61111",8859 Jefferson St,Apt 19A,Boise,ID,61111,Ada,32.75482,-155.61939,Condo,6,1.5,930,6975,1995,29,290366.17,2023-03-24,1117,312.22,295862.51,2024,2733.92,James Roberts,True,ID-AD-40131,107.43,Within band
P-101959,11959,"5686 Summit Rd, Apt 1D, Scottsdale, AZ 13331",5686 Summit Rd,Apt 1D,Scottsdale,AZ,13331,Maricopa,44.176175,-110.825708,Condo,6,4.0,5670,16036,1969,55,451917.22,2026-02-11,62,79.7,477395.59,2023,5030.67,Lisa Baker,True,AZ-MA-61484,150.88,Within band
P-101960,11960,"1441 Broadway, Henderson, NV 21412",1441 Broadway,,Henderson,NV,21412,Clark,22.508922,-113.464442,Single Family,4,2.0,6033,8273,1968,56,362425.15,2018-12-07,2685,60.07,321004.91,2022,4595.75,David Moore,True,NV-CL-48455,117.32,Under-assessed
P-101961,11961,"8320 Hillcrest Ave, Apt 30C, San Jose, CA 89500",8320 Hillcrest Ave,Apt 30C,San Jose,CA,89500,Santa Clara,37.779866,-129.016422,Townhouse,2,3.5,1890,6418,2002,22,1194724.77,2017-08-13,3166,632.13,1118199.11,2024,21628.84,Nancy Williams,False,CA-SA-64703,453.55,Within band
P-101962,11962,"7616 Madison Ave, Apt 28A, Henderson, NV 73680",7616 Madison Ave,Apt 28A,Henderson,NV,73680,Clark,44.200312,-135.075369,Townhouse,6,2.0,3305,4550,1941,83,253015.34,2022-07-28,1356,76.56,273626.83,2024,3997.61,Charles Clark,True,NV-CL-87670,114.32,Within band
P-101963,11963,"8157 Ridgewood Rd, Apt 22E, San Francisco, CA 32268",8157 Ridgewood Rd,Apt 22E,San Francisco,CA,32268,San Francisco,43.580654,-82.88314,Townhouse,7,2.0,5688,10173,1992,32,2541240.08,2016-10-11,3472,446.77,2789314.87,2023,51681.66,Jessica Flores,True,CA-SA-43396,453.55,Within band
P-101964,11964,"964 Sunset Blvd, Apt 24C, Louisville, KY 17893",964 Sunset Blvd,Apt 24C,Louisville,KY,17893,Jefferson,42.728215,-99.16471,Townhouse,3,1.0,4185,4200,1927,97,557011.1,2017-10-06,3112,133.1,460594.08,2024,7633.88,David Jackson,True,KY-JE-83955,129.87,Under-assessed
P-101965,11965,"5345 Madison Ave, Apt 9A, Rockville, MD 81218",5345 Madison Ave,Apt 9A,Rockville,MD,81218,Montgomery,30.028781,-95.476566,Condo,6,4.5,3672,15229,1951,73,700451.3,2019-05-21,2520,190.75,620106.78,2022,7284.71,Timothy Ramirez,False,MD-MO-12852,253.54,Under-assessed
P-101967,11967,"8416 Maple Dr, Waukegan, IL 47598",8416 Maple Dr,,Waukegan,IL,47598,Lake,23.713855,-73.962983,Single Family,4,1.5,3750,4540,1951,73,277819.28,2016-12-29,3393,74.09,283763.37,2024,5959.03,Paul White,True,IL-LA-21381,104.35,Within band
P-101968,11968,"5037 Monroe Blvd, Columbia, SC 65002",5037 Monroe Blvd,,Columbia,SC,65002,Richland,38.296325,-81.743348,Single Family,6,2.0,6145,6405,2000,24,591815.45,2024-01-19,816,96.31,488927.47,2023,9253.99,Andrew Brown,False,SC-RI-99673,121.9,Under-assessed
P-101969,11969,"614 Monroe Blvd, Oakland, CA 64460",614 Monroe Blvd,,Oakland,CA,64460,Alameda,33.866356,-72.049643,Multi Family,4,4.5,4399,11852,1950,74,3052600.57,2022-06-12,1402,693.93,3142876.36,2023,39379.3,Matthew Thompson,True,CA-AL-90934,479.75,Within band
P-101970,11970,"3508 Adams St, Apt 7B, San Jose, CA 76094",3508 Adams St,Apt 7B,San Jose,CA,76094,Santa Clara,23.936909,-128.218344,Condo,2,3.5,1509,3276,1926,98,876115.7,2019-04-14,2557,580.59,754594.62,2023,9400.41,Sarah Brown,True,CA-SA-27733,453.06,Under-assessed
P-101971,11971,"1447 Jefferson St, Apt 1D, Lawrenceville, GA 57870",1447 Jefferson St,Apt 1D,Lawrenceville,GA,57870,Gwinnett,38.985947,-71.444427,Condo,6,5.0,3179,8689,2015,9,732663.4,2021-01-27,1903,230.47,591150.49,2023,6505.49,Sandra Rodriguez,False,GA-GW-65389,139.77,Under-assessed
P-101972,11972,"4711 River Blvd, Apt 23E, Portland, OR 51920",4711 River Blvd,Apt 23E,Portland,OR,51920,Multnomah,37.754413,-146.273242,Condo,3,5.0,4511,11670,1940,84,428834.91,2021-07-28,1721,95.06,466467.37,2024,9240.18,Deborah Taylor,False,OR-MU-69397,306.82,Within band
P-101973,11973,"4183 Cedar Ln, Apt 6C, Kansas City, MO 32841",4183 Cedar Ln,Apt 6C,Kansas City,MO,32841,Jackson,36.453006,-152.329832,Townhouse,3,4.5,1983,7633,1941,83,640023.1,2024-07-07,646,322.75,555966.91,2023,7831.89,Jessica Robinson,True,MO-JA-24635,225.08,Under-assessed
P-101974,11974,"3061 Adams St, Provo, UT 79562",3061 Adams St,,Provo,UT,79562,Utah,47.138644,-108.337479,Single Family,5,3.0,5542,11411,1930,94,419592.59,2018-02-24,2971,75.71,377693.77,2024,3326.21,Melissa Hall,True,UT-UT-51099,109.86,Under-assessed
P-101976,11976,"8188 Main St, Raleigh, NC 19060",8188 Main St,,Raleigh,NC,19060,Wake,34.305821,-116.116432,Single Family,5,3.5,969,3015,2007,17,354983.7,2021-03-21,1850,366.34,383973.72,2024,7372.23,Amanda Carter,True,NC-WA-74237,151.03,Within band
P-101977,11977,"5731 Maple Dr, Manhattan, NY 26800",5731 Maple Dr,,Manhattan,NY,26800,New York,45.051046,-96.301945,Single Family,7,3.0,6056,7312,1979,45,1924851.28,2018-04-23,2913,317.84,1558620.58,2024,34289.65,Karen Hall,False,NY-NE-15622,408.84,Under-assessed
P-101978,11978,"1834 Willow Way, Charlotte, NC 22811",1834 Willow Way,,Charlotte,NC,22811,Mecklenburg,26.871341,-131.067674,Single Family,5,2.0,6213,7651,1969,55,810489.13,2022-05-11,1434,130.45,765449.79,2022,10604.2,Charles Adams,True,NC-ME-75907,151.03,Within band
P-101979,11979,"2156 Creekside Dr, Chicago, IL 74210",2156 Creekside Dr,,Chicago,IL,74210,Cook,39.212547,-113.315278,Single Family,3,1.0,4064,10474,1986,38,849718.8,2025-06-30,288,209.08,768364.89,2024,16135.66,George Lee,True,IL-CO-64510,104.35,Under-assessed
P-101980,11980,"1426 Willow Way, Apt 28A, Pittsburgh, PA 64340",1426 Willow Way,Apt 28A,Pittsburgh,PA,64340,Allegheny,35.831466,-106.342761,Condo,1,2.5,4045,7960,1969,55,315689.66,2019-02-11,2619,78.04,253891.92,2024,4720.18,Daniel Davis,False,PA-AL-25278,115.78,Under-assessed
P-101981,11981,"3492 Valley View Dr, Apt 15C, Phoenix, AZ 64437",3492 Valley View Dr,Apt 15C,Phoenix,AZ,64437,Maricopa,47.080123,-140.699197,Condo,3,1.5,4784,7218,1967,57,428042.68,2021-10-01,1656,89.47,351086.08,2022,3152.15,Barbara Adams,False,AZ-MA-84384,150.88,Under-assessed
P-101982,11982,"6454 Orchard Ln, Apt 19B, Fort Wayne, IN 82541",6454 Orchard Ln,Apt 19B,Fort Wayne,IN,82541,Allen,29.060572,-115.089064,Condo,6,4.0,2223,3620,1993,31,451388.81,2023-10-07,920,203.05,369026.85,2022,5142.73,Patricia Taylor,False,IN-AL-60945,141.22,Under-assessed
P-101983,11983,"5794 Pine Rd, Decatur, GA 65306",5794 Pine Rd,,Decatur,GA,65306,DeKalb,27.636651,-136.549724,Single Family,2,4.5,2906,9547,1995,29,835037.18,2017-09-09,3139,287.35,670530.21,2023,8505.97,Michael Carter,False,GA-DE-84798,150.1,Under-assessed
P-101984,11984,"7067 Monroe Blvd, Apt 24C, Boston, MA 71170",7067 Monroe Blvd,Apt 24C,Boston,MA,71170,Suffolk,47.399175,-100.312053,Condo,3,3.5,2453,8815,1920,104,1731186.64,2024-08-07,615,705.74,1475201.31,2022,19116.74,Matthew Clark,True,MA-SU-94039,450.14,Under-assessed
P-101985,11985,"7551 Meadow Ln, Apt 7B, Fairfax, VA 61326",7551 Meadow Ln,Apt 7B,Fairfax,VA,61326,Fairfax,37.439056,-131.828178,Townhouse,5,3.0,1131,1161,2022,2,657562.34,2026-03-10,35,581.4,691379.97,2024,5824.2,Deborah Hernandez,True,VA-FA-12420,202.82,Within band
P-101986,11986,"8681 Washington Ave, Lakewood, CO 68260",8681 Washington Ave,,Lakewood,CO,68260,Jefferson,29.072058,-96.55552,Multi Family,2,3.5,1643,12841,2012,12,575121.93,2022-06-15,1399,350.04,604864.84,2022,5680.43,Paul Hall,False,CO-JE-11686,346.48,Within band
P-101987,11987,"8948 Main St, Apt 30B, Charlotte, NC 66264",8948 Main St,Apt 30B,Charlotte,NC,66264,Mecklenburg,43.70911,-98.483878,Townhouse,3,5.0,6057,12824,1937,87,635826.75,2019-12-24,2303,104.97,572531.63,2024,11229.22,John Rivera,True,NC-ME-95965,129.09,Under-assessed
P-101988,11988,"1387 Lakeshore Dr, Apt 6D, Boston, MA 73494",1387 Lakeshore Dr,Apt 6D,Boston,MA,73494,Suffolk,42.071973,-154.388258,Condo,6,4.0,4072,10378,1970,54,1147032.29,2018-12-25,2667,281.69,1165399.27,2024,13570.63,Susan Allen,True,MA-SU-42278,450.14,Within band
P-101989,11989,"9627 Birch St, Henderson, NV 46684",9627 Birch St,,Henderson,NV,46684,Clark,29.911614,-140.252963,Single Family,5,1.0,6474,9308,2005,19,637936.4,2023-03-01,1140,98.54,699412.26,2022,12583.29,Dorothy White,True,NV-CL-92960,117.32,Within band
P-101990,11990,"1863 Lincoln Rd, Chicago, IL 30355",1863 Lincoln Rd,,Chicago,IL,30355,Cook,39.828086,-92.65137,Single Family,7,4.5,6241,11648,1973,51,472269.79,2025-03-08,402,75.67,460280.86,2023,9665.9,Timothy Thomas,True,IL-CO-62796,104.35,Within band
P-101991,11991,"7551 Cedar Ln, Boston, MA 69779",7551 Cedar Ln,,Boston,MA,69779,Suffolk,41.926689,-146.055255,Multi Family,3,2.0,2926,13126,1957,67,2876223.71,2019-07-07,2473,982.99,2363320.23,2023,23443.39,Timothy Hill,False,MA-SU-41189,478.01,Under-assessed
P-101992,11992,"8337 Broadway, Boston, MA 10521",8337 Broadway,,Boston,MA,10521,Suffolk,45.033774,-150.57618,Single Family,3,4.5,4218,12355,1972,52,1268152.59,2025-04-13,366,300.65,1108146.69,2024,9994.13,Matthew Lewis,True,MA-SU-55400,390.17,Under-assessed
P-101993,11993,"8425 Broadway, Brooklyn, NY 27547",8425 Broadway,,Brooklyn,NY,27547,Kings,39.633165,-86.96879,Multi Family,1,3.5,5978,10383,2010,14,3283342.63,2018-10-23,2730,549.24,3429062.22,2022,75439.37,Emily Taylor,True,NY-KI-48863,515.98,Within band
P-101994,11994,"4294 Ridgewood Rd, Lawrenceville, GA 70033",4294 Ridgewood Rd,,Lawrenceville,GA,70033,Gwinnett,33.726836,-86.635476,Multi Family,7,4.0,1229,13055,1950,74,836474.43,2020-04-09,2196,680.61,881035.33,2023,13659.58,Mary Roberts,False,GA-GW-14451,318.91,Within band
P-101995,11995,"1581 Meadow Ln, New Orleans, LA 87901",1581 Meadow Ln,,New Orleans,LA,87901,Orleans,30.186988,-122.175723,Single Family,5,2.5,1760,5172,1992,32,663633.46,2017-12-20,3037,377.06,687053.83,2023,13405.3,Ronald Nguyen,False,LA-OR-60282,131.1,Within band
P-101996,11996,"2017 Heritage Ln, Houston, TX 21398",2017 Heritage Ln,,Houston,TX,21398,Harris,25.087209,-117.00831,Multi Family,4,1.5,5203,10563,2005,19,299197.69,2025-11-24,141,57.5,302680.94,2023,6053.62,Donald Rodriguez,True,TX-HA-28331,126.59,Within band
P-101997,11997,"3761 Jefferson St, San Antonio, TX 82165",3761 Jefferson St,,San Antonio,TX,82165,Bexar,45.905191,-148.282785,Single Family,2,1.0,5333,15455,1974,50,428894.06,2020-12-08,1953,80.42,398263.78,2022,7965.28,Mary Gonzalez,False,TX-BE-39300,115.36,Within band
P-101998,11998,"4199 Birch St, Denver, CO 39332",4199 Birch St,,Denver,CO,39332,Denver,47.153567,-124.345831,Multi Family,4,1.0,4368,14863,1932,92,995166.26,2018-06-22,2853,227.83,796882.48,2023,12680.18,Daniel Young,False,CO-DE-35400,346.48,Under-assessed
P-101999,11999,"6785 Orchard Ln, Baton Rouge, LA 72693",6785 Orchard Ln,,Baton Rouge,LA,72693,East Baton Rouge,21.900133,-134.324335,Single Family,2,2.5,1221,7651,1952,72,686126.46,2026-03-21,24,561.94,670416.27,2024,13364.62,Karen Ramirez,False,LA-EA-95695,131.1,Within band
P-102000,12000,"8212 Monroe Blvd, Apt 16E, Salt Lake City, UT 96649",8212 Monroe Blvd,Apt 16E,Salt Lake City,UT,96649,Salt Lake,22.327074,-126.220546,Condo,4,5.0,1620,2572,1940,84,377802.37,2025-03-22,388,233.21,317724.06,2024,5595.01,Sandra Clark,True,UT-SA-45667,137.94,Under-assessed
P-102001,12001,"635 Ridgewood Rd, San Diego, CA 77591",635 Ridgewood Rd,,San Diego,CA,77591,San Diego,22.371344,-155.770751,Single Family,7,3.0,3762,5763,1960,64,2305609.12,2021-01-17,1913,612.87,2376091.47,2022,20174.5,John Nguyen,False,CA-SA-14577,449.01,Within band
P-102002,12002,"3534 Birch St, Apt 7A, Eugene, OR 51972",3534 Birch St,Apt 7A,Eugene,OR,51972,Lane,27.827279,-118.63057,Condo,6,3.0,4664,9301,1951,73,1313459.22,2017-11-01,3086,281.62,1276336.3,2024,19955.17,Robert Scott,False,OR-LA-23714,306.82,Within band
P-102003,12003,"8802 Ridgewood Rd, Apt 4A, Lexington, KY 85397",8802 Ridgewood Rd,Apt 4A,Lexington,KY,85397,Fayette,31.016022,-151.11153,Condo,2,1.5,2247,2464,1964,60,349158.58,2018-11-17,2705,155.39,336054.39,2023,5328.8,Melissa Lopez,True,KY-FA-18881,141.41,Within band
P-102004,12004,"785 Lincoln Rd, New Orleans, LA 56317",785 Lincoln Rd,,New Orleans,LA,56317,Orleans,36.930838,-82.195757,Single Family,5,3.0,1960,12803,1993,31,340495.96,2017-01-08,3383,173.72,290930.78,2024,3893.17,Michelle Mitchell,False,LA-OR-14764,131.1,Under-assessed
P-102005,12005,"2385 Monroe Blvd, Tucson, AZ 83114",2385 Monroe Blvd,,Tucson,AZ,83114,Pima,35.369398,-118.053733,Multi Family,4,4.0,4124,4718,2000,24,422049.17,2024-06-05,678,102.34,444191.14,2024,6630.38,Daniel Jones,False,AZ-PI-50598,91.66,Within band
P-102006,12006,"3580 Riverside Dr, Apt 27D, Dallas, TX 82104",3580 Riverside Dr,Apt 27D,Dallas,TX,82104,Dallas,26.773488,-116.881211,Condo,6,2.5,774,9425,1932,92,518216.09,2021-09-18,1669,669.53,451700.71,2024,9034.01,Brian Wilson,False,TX-DA-99664,158.16,Under-assessed
P-102007,12007,"3055 Forest Glen Rd, Houston, TX 60053",3055 Forest Glen Rd,,Houston,TX,60053,Harris,27.42243,-142.484562,Single Family,4,1.5,3452,8513,1991,33,182278.98,2022-08-18,1335,52.8,152233.19,2022,3044.66,Michael Jones,False,TX-HA-76762,115.36,Under-assessed
P-102008,12008,"1025 Valley View Dr, Pittsburgh, PA 67372",1025 Valley View Dr,,Pittsburgh,PA,67372,Allegheny,42.974021,-121.678723,Single Family,4,1.5,5457,7694,2010,14,730143.3,2017-03-02,3330,133.8,729754.77,2024,11151.6,Ronald Williams,False,PA-AL-17743,120.29,Within band
P-102009,12009,"8794 Harbor View Blvd, Apt 9E, Queens, NY 51889",8794 Harbor View Blvd,Apt 9E,Queens,NY,51889,Queens,42.301418,-133.526002,Townhouse,5,2.0,2551,13685,1921,103,1088103.31,2026-02-19,54,426.54,993896.87,2023,21865.73,Linda Hill,False,NY-QU-32249,521.74,Within band
P-102010,12010,"2966 Forest Glen Rd, Rockville, MD 52418",2966 Forest Glen Rd,,Rockville,MD,52418,Montgomery,30.052497,-80.401319,Single Family,2,4.0,2908,12348,1973,51,871949.85,2023-05-20,1060,299.85,880149.72,2022,14375.14,Lisa Lee,True,MD-MO-56713,292.68,Within band
P-102011,12011,"5923 Harbor View Blvd, Apt 4A, Atlanta, GA 49380",5923 Harbor View Blvd,Apt 4A,Atlanta,GA,49380,Fulton,46.77289,-131.146118,Condo,5,2.0,3247,5532,2012,12,447023.56,2016-10-27,3456,137.67,484771.22,2024,9504.28,Melissa Davis,False,GA-FU-57880,139.77,Within band
P-102012,12012,"5255 Summit Rd, Apt 1E, Orlando, FL 72432",5255 Summit Rd,Apt 1E,Orlando,FL,72432,Orange,44.6686,-88.500858,Condo,7,3.5,1210,6449,1978,46,453703.47,2018-01-11,3015,374.96,420192.0,2022,6634.04,Patricia Nelson,True,FL-OR-79737,145.87,Within band
P-102013,12013,"3414 Birch St, Apt 13B, Provo, UT 37462",3414 Birch St,Apt 13B,Provo,UT,37462,Utah,47.30097,-82.225151,Condo,3,4.0,3251,14761,1927,97,258432.42,2020-11-04,1987,79.49,231558.42,2023,1995.91,Kevin Martin,False,UT-UT-55102,137.94,Under-assessed
P-102014,12014,"3484 Sunset Blvd, Apt 18E, Scottsdale, AZ 42009",3484 Sunset Blvd,Apt 18E,Scottsdale,AZ,42009,Maricopa,28.967313,-72.473516,Townhouse,2,3.0,3229,10635,1926,98,384421.39,2022-09-24,1298,119.05,407130.17,2023,6786.7,Kimberly Green,True,AZ-MA-35215,81.85,Within band
P-102015,12015,"3418 Broadway, Austin, TX 45303",3418 Broadway,,Austin,TX,45303,Travis,47.377311,-92.708252,Single Family,4,1.5,3692,5495,2005,19,529761.09,2018-10-01,2752,143.49,485740.65,2022,9714.81,George Allen,False,TX-TR-59523,115.36,Within band
P-102016,12016,"7680 Adams St, Apt 14E, New Orleans, LA 73098",7680 Adams St,Apt 14E,New Orleans,LA,73098,Orleans,32.076116,-86.92735,Condo,6,4.5,801,4227,2007,17,554077.2,2018-12-23,2669,691.73,608417.21,2023,8957.85,Donald Carter,False,LA-OR-34303,138.14,Within band
P-102017,12017,"9451 Lincoln Rd, Apt 22E, Miami, FL 26102",9451 Lincoln Rd,Apt 22E,Miami,FL,26102,Miami-Dade,42.107925,-143.51352,Townhouse,3,1.5,6438,9316,2009,15,293877.77,2020-07-23,2091,45.65,301548.08,2022,5549.84,Ronald Sanchez,True,FL-MI-41542,130.82,Within band
P-102018,12018,"1653 Birch St, Raleigh, NC 57255",1653 Birch St,,Raleigh,NC,57255,Wake,28.276229,-124.979042,Single Family,7,5.0,5621,8311,1960,64,540242.34,2020-05-04,2171,96.11,576084.77,2022,5200.01,Stephanie Smith,True,NC-WA-40440,151.03,Within band
P-102019,12019,"6691 Madison Ave, Apt 12D, Memphis, TN 13668",6691 Madison Ave,Apt 12D,Memphis,TN,13668,Shelby,26.380171,-77.407594,Condo,2,4.0,4489,7614,1961,63,640835.58,2016-07-07,3568,142.76,630397.63,2023,12485.81,Donna Carter,True,TN-SH-59847,138.25,Within band
P-102020,12020,"7089 Birch St, Miami, FL 86574",7089 Birch St,,Miami,FL,86574,Miami-Dade,39.915487,-100.080733,Single Family,2,2.0,3603,4580,1987,37,445904.49,2016-09-29,3484,123.76,428946.03,2024,5046.44,Charles Green,True,FL-MI-67442,138.34,Within band
P-102021,12021,"928 Washington Ave, Apt 13B, Detroit, MI 37643",928 Washington Ave,Apt 13B,Detroit,MI,37643,Wayne,21.537545,-142.210132,Townhouse,5,4.5,2050,10580,1996,28,737310.96,2019-02-09,2621,359.66,653879.75,2023,12551.16,Brian Wilson,True,MI-WA-20228,164.68,Under-assessed
P-102022,12022,"369 Heritage Ln, Charlotte, NC 60783",369 Heritage Ln,,Charlotte,NC,60783,Mecklenburg,22.10983,-116.189216,Multi Family,2,5.0,716,4576,1946,78,666779.01,2021-09-27,1660,931.26,595753.0,2022,8451.83,Charles Nelson,True,NC-ME-84837,162.12,Under-assessed
P-102024,12024,"5312 Clearwater Ct, Apt 13D, Columbus, OH 19485",5312 Clearwater Ct,Apt 13D,Columbus,OH,19485,Franklin,28.687764,-156.768532,Townhouse,4,4.0,1847,4514,1993,31,394556.36,2017-09-19,3129,213.62,414781.49,2024,3327.37,Lisa King,True,OH-FR-14769,148.98,Within band
P-102025,12025,"1085 Washington Ave, Apt 29C, Los Angeles, CA 61048",1085 Washington Ave,Apt 29C,Los Angeles,CA,61048,Los Angeles,44.61177,-131.231101,Townhouse,1,1.5,4222,8512,1998,26,2463373.47,2024-01-18,817,583.46,2348416.96,2024,36379.6,Timothy Harris,False,CA-LO-27576,453.55,Within band
P-102026,12026,"1289 Oak Ave, Apt 19B, Tacoma, WA 64580",1289 Oak Ave,Apt 19B,Tacoma,WA,64580,Pierce,31.30483,-114.230236,Condo,3,3.5,4455,8073,1938,86,3222991.75,2021-06-15,1764,723.45,2915981.65,2022,55211.5,Karen Martinez,False,WA-PI-78790,446.6,Under-assessed
P-102027,12027,"4459 Adams St, Memphis, TN 11833",4459 Adams St,,Memphis,TN,11833,Shelby,33.214248,-87.377999,Single Family,6,4.5,2005,12106,1986,38,412392.73,2024-05-22,692,205.68,360086.84,2024,2991.03,Matthew Green,False,TN-SH-13988,143.46,Under-assessed
P-102028,12028,"7206 Harbor View Blvd, Apt 23B, Minneapolis, MN 22358",7206 Harbor View Blvd,Apt 23B,Minneapolis,MN,22358,Hennepin,27.69341,-127.435825,Condo,6,2.5,1599,9784,2017,7,182851.57,2021-03-06,1865,114.35,177818.27,2023,2183.96,Deborah Jones,True,MN-HE-82404,159.96,Within band
P-102029,12029,"9586 Washington Ave, Apt 1A, Denver, CO 30527",9586 Washington Ave,Apt 1A,Denver,CO,30527,Denver,21.153343,-88.878757,Condo,6,5.0,1191,7032,2020,4,1084290.55,2025-10-01,195,910.4,1033007.21,2024,12654.94,Linda Lewis,False,CO-DE-81767,256.52,Within band
P-102030,12030,"6933 Summit Rd, Apt 27B, Bronx, NY 31790",6933 Summit Rd,Apt 27B,Bronx,NY,31790,Bronx,29.855357,-153.042632,Townhouse,7,1.0,4509,8244,2011,13,864406.63,2017-11-15,3072,191.71,929592.93,2022,20451.04,Joshua Jackson,True,NY-BR-42383,521.74,Within band
P-102031,12031,"850 Broadway, Columbus, OH 73746",850 Broadway,,Columbus,OH,73746,Franklin,27.640965,-122.423311,Single Family,7,2.5,5196,8970,1984,40,869020.59,2022-12-19,1212,167.25,707540.81,2024,12790.53,Steven Adams,True,OH-FR-43671,208.92,Under-assessed
P-102033,12033,"866 Birch St, Baton Rouge, LA 51854",866 Birch St,,Baton Rouge,LA,51854,East Baton Rouge,42.521664,-128.055106,Single Family,7,3.0,6097,14471,1983,41,635416.91,2022-07-13,1371,104.22,619763.67,2023,5835.09,David Wilson,True,LA-EA-32334,131.1,Within band
P-102034,12034,"1072 Cedar Ln, Apt 12D, Fort Lauderdale, FL 73347",1072 Cedar Ln,Apt 12D,Fort Lauderdale,FL,73347,Broward,27.708071,-134.627463,Townhouse,6,2.5,5253,7009,2008,16,175943.48,2024-11-18,512,33.49,166324.22,2023,3035.3,James Johnson,True,FL-BR-43580,130.82,Within band
P-102035,12035,"8359 Jackson Dr, Columbia, SC 79462",8359 Jackson Dr,,Columbia,SC,79462,Richland,31.497392,-98.343865,Single Family,7,2.5,4522,9335,2019,5,336946.48,2022-01-15,1550,74.51,310482.16,2022,4132.46,Joseph Sanchez,True,SC-RI-17608,121.9,Within band
P-102036,12036,"7799 Adams St, Apt 10B, Denver, CO 23570",7799 Adams St,Apt 10B,Denver,CO,23570,Denver,24.921464,-108.425386,Condo,1,2.5,4174,12640,1996,28,552847.12,2019-02-10,2620,132.45,467794.43,2022,8179.95,Amanda Nguyen,False,CO-DE-10622,256.52,Under-assessed
P-102037,12037,"4147 Meadow Ln, Apt 14B, New Orleans, LA 25331",4147 Meadow Ln,Apt 14B,New Orleans,LA,25331,Orleans,31.657076,-145.104284,Townhouse,7,3.5,4557,11784,1967,57,223270.94,2021-06-15,1764,49.0,206664.21,2023,4002.21,Patricia Wilson,False,LA-OR-22929,124.05,Within band
P-102038,12038,"7798 Elm St, Apt 25C, Grand Rapids, MI 70284",7798 Elm St,Apt 25C,Grand Rapids,MI,70284,Kent,29.350121,-134.238639,Condo,1,2.5,3371,7370,1982,42,420669.48,2023-04-13,1097,124.79,356315.3,2024,3834.11,Michelle Anderson,True,MI-KE-91804,194.54,Under-assessed
P-102039,12039,"9920 Meadow Ln, Scottsdale, AZ 27779",9920 Meadow Ln,,Scottsdale,AZ,27779,Maricopa,40.623176,-80.224931,Multi Family,1,5.0,5953,14756,1964,60,266800.69,2019-07-22,2458,44.82,277936.49,2023,5157.38,Charles Rivera,False,AZ-MA-22188,91.66,Within band
P-102040,12040,"4260 Orchard Ln, San Francisco, CA 49921",4260 Orchard Ln,,San Francisco,CA,49921,San Francisco,33.065375,-128.373247,Single Family,2,4.5,4394,4999,1955,69,2770595.85,2019-05-18,2523,630.54,2249600.13,2023,30382.77,John Hill,True,CA-SA-61034,449.01,Under-assessed
P-102041,12041,"9520 Riverside Dr, Nashville, TN 69076",9520 Riverside Dr,,Nashville,TN,69076,Davidson,27.174881,-123.509694,Single Family,6,2.5,6229,10338,1922,102,387636.0,2023-12-23,843,62.23,415761.75,2023,6027.39,Timothy Nguyen,True,TN-DA-16708,143.46,Within band
P-102042,12042,"430 Heritage Ln, Apt 22D, Charleston, SC 24353",430 Heritage Ln,Apt 22D,Charleston,SC,24353,Charleston,39.702684,-113.768584,Townhouse,4,3.0,2357,2876,1980,44,787279.91,2024-06-21,662,334.02,819979.62,2024,11507.86,Paul Robinson,False,SC-CH-18959,130.0,Within band
P-102043,12043,"9736 River Blvd, Apt 5D, Lexington, KY 60751",9736 River Blvd,Apt 5D,Lexington,KY,60751,Fayette,29.487279,-116.754334,Condo,4,2.5,3124,4273,1935,89,144998.66,2020-04-01,2204,46.41,153365.58,2023,3061.29,Melissa Clark,True,KY-FA-24467,141.41,Within band
P-102044,12044,"7916 Broadway, Henderson, NV 81986",7916 Broadway,,Henderson,NV,81986,Clark,43.045753,-108.86924,Single Family,7,1.5,1961,9998,2017,7,558525.68,2019-02-03,2627,284.82,588886.91,2024,7304.78,Carol Hernandez,True,NV-CL-98312,117.32,Within band
P-102045,12045,"1148 Creekside Dr, Apt 12E, New Orleans, LA 13385",1148 Creekside Dr,Apt 12E,New Orleans,LA,13385,Orleans,37.911661,-131.578301,Townhouse,6,5.0,3342,9369,1944,80,482855.49,2023-09-27,930,144.48,395223.74,2023,4179.12,Mark Wilson,True,LA-OR-52056,124.05,Under-assessed
P-102046,12046,"8194 Oak Ave, Apt 26D, Grand Rapids, MI 74625",8194 Oak Ave,Apt 26D,Grand Rapids,MI,74625,Kent,42.771882,-119.136975,Townhouse,7,3.0,2691,11660,2010,14,839133.49,2025-03-18,392,311.83,739524.16,2023,5936.31,Patricia Mitchell,False,MI-KE-14746,164.68,Under-assessed
P-102047,12047,"6822 Maple Dr, Cleveland, OH 29529",6822 Maple Dr,,Cleveland,OH,29529,Cuyahoga,27.318705,-82.053681,Single Family,1,4.0,3158,3819,1976,48,719610.22,2019-06-22,2488,227.87,680665.06,2024,8803.37,Deborah Hernandez,True,OH-CU-83638,208.92,Within band
P-102048,12048,"5509 Clearwater Ct, Apt 14C, Boston, MA 30167",5509 Clearwater Ct,Apt 14C,Boston,MA,30167,Suffolk,33.016481,-139.066469,Condo,3,4.5,5316,15133,1939,85,3183194.89,2022-01-29,1536,598.8,2656287.72,2024,50566.17,Steven Hall,True,MA-SU-63876,450.14,Under-assessed
P-102049,12049,"7396 Meadow Ln, Apt 23E, Tacoma, WA 76680",7396 Meadow Ln,Apt 23E,Tacoma,WA,76680,Pierce,44.885403,-116.854557,Condo,6,2.5,6062,13997,1928,96,3226288.75,2016-11-13,3439,532.22,3259375.87,2022,64167.42,Deborah Hall,True,WA-PI-94876,446.6,Within band
P-102050,12050,"7147 Orchard Ln, San Jose, CA 70239",7147 Orchard Ln,,San Jose,CA,70239,Santa Clara,24.189863,-128.828307,Multi Family,1,1.5,4495,9237,1948,76,2586952.07,2023-05-26,1054,575.52,2117110.5,2022,25833.68,Patricia Williams,True,CA-SA-36342,479.75,Under-assessed
P-102051,12051,"6801 Creekside Dr, Miami, FL 74776",6801 Creekside Dr,,Miami,FL,74776,Miami-Dade,33.318478,-144.153627,Single Family,4,1.5,1875,9213,1993,31,894447.99,2018-01-15,3011,477.04,900315.1,2022,11946.23,Jessica Mitchell,False,FL-MI-11215,138.34,Within band
P-102052,12052,"4943 Washington Ave, Philadelphia, PA 70099",4943 Washington Ave,,Philadelphia,PA,70099,Philadelphia,25.16803,-94.299092,Single Family,6,3.0,2325,10709,1990,34,610678.13,2020-10-26,1996,262.66,654973.15,2023,8869.82,David Hernandez,False,PA-PH-67462,120.29,Within band
P-102053,12053,"2456 Hillcrest Ave, Apt 29E, Fort Worth, TX 50895",2456 Hillcrest Ave,Apt 29E,Fort Worth,TX,50895,Tarrant,27.534229,-150.747955,Condo,5,1.5,3209,11569,1959,65,896576.91,2023-03-23,1118,279.39,955515.22,2022,19110.3,Patricia Jackson,True,TX-TA-71262,158.16,Within band
P-102055,12055,"1008 Summit Rd, Apt 8B, Queens, NY 60315",1008 Summit Rd,Apt 8B,Queens,NY,60315,Queens,32.634894,-121.682794,Townhouse,3,1.0,3256,7094,2014,10,2386520.89,2023-03-03,1138,732.96,2021458.77,2024,44472.09,Mark Torres,True,NY-QU-53901,521.74,Under-assessed
P-102056,12056,"7216 Elm St, Apt 18D, Boston, MA 71126",7216 Elm St,Apt 18D,Boston,MA,71126,Suffolk,35.578967,-155.953689,Condo,1,2.5,4854,5378,1962,62,1831906.25,2024-03-09,766,377.4,1529134.95,2023,26468.1,Donald Scott,False,MA-SU-95657,450.14,Under-assessed
P-102058,12058,"4473 Heritage Ln, Apt 2D, Arlington, VA 22138",4473 Heritage Ln,Apt 2D,Arlington,VA,22138,Arlington,24.357745,-140.387196,Townhouse,5,5.0,5427,12537,2003,21,508001.86,2022-09-19,1303,93.61,491946.42,2024,4823.84,Betty Thomas,True,VA-AR-13270,202.82,Within band
P-102059,12059,"3165 Valley View Dr, Boise, ID 97229",3165 Valley View Dr,,Boise,ID,97229,Ada,30.16472,-125.14021,Single Family,7,4.5,6291,12242,1929,95,795479.32,2024-01-12,823,126.45,749649.05,2024,8250.31,Nancy Wilson,True,ID-AD-32630,144.4,Within band
P-102060,12060,"3342 Jackson Dr, Kansas City, MO 42922",3342 Jackson Dr,,Kansas City,MO,42922,Jackson,42.39172,-127.921928,Single Family,6,1.5,5715,13784,1974,50,656419.85,2025-01-10,459,114.86,564001.13,2023,7333.44,Jennifer Sanchez,True,MO-JA-59375,127.4,Under-assessed
P-102061,12061,"5340 Sunset Blvd, Irvine, CA 66561",5340 Sunset Blvd,,Irvine,CA,66561,Orange,41.405565,-135.401285,Single Family,2,3.0,4283,4924,2014,10,2513349.21,2025-03-21,389,586.82,2749773.59,2022,25535.86,Kimberly Hall,True,CA-OR-86396,449.01,Within band
P-102062,12062,"1284 Jackson Dr, Apt 25E, Portland, OR 15709",1284 Jackson Dr,Apt 25E,Portland,OR,15709,Multnomah,41.521438,-108.666587,Condo,2,4.5,3074,12147,2005,19,1217170.92,2016-08-02,3542,395.96,1210311.55,2024,22488.15,David Sanchez,True,OR-MU-73901,306.82,Within band
P-102063,12063,"235 Main St, Apt 18A, Charlotte, NC 78314",235 Main St,Apt 18A,Charlotte,NC,78314,Mecklenburg,43.569449,-128.844144,Condo,7,1.0,3300,14021,1985,39,152604.39,2024-12-05,495,46.24,134342.41,2022,1423.97,Melissa Johnson,True,NC-ME-14368,140.0,Under-assessed
P-102064,12064,"5655 Forest Glen Rd, San Diego, CA 39013",5655 Forest Glen Rd,,San Diego,CA,39013,San Diego,30.043769,-101.183179,Multi Family,7,1.0,5799,8819,1933,91,2822574.79,2025-07-07,281,486.73,2340377.41,2024,30373.64,Lisa Clark,True,CA-SA-27969,479.75,Under-assessed
P-102065,12065,"1330 Broadway, Honolulu, HI 48091",1330 Broadway,,Honolulu,HI,48091,Honolulu,45.001517,-73.237125,Multi Family,7,3.0,1781,10066,1934,90,904548.88,2018-08-06,2808,507.89,920130.86,2023,13610.38,Richard Sanchez,False,HI-HO-16759,507.89,Within band
P-102066,12066,"4482 Birch St, Apt 22C, Kansas City, MO 83400",4482 Birch St,Apt 22C,Kansas City,MO,83400,Jackson,41.760664,-134.078996,Townhouse,5,1.5,2010,8379,1920,104,792344.03,2024-08-13,609,394.2,633991.14,2022,5673.22,Thomas Mitchell,True,MO-JA-64690,225.08,Under-assessed
P-102067,12067,"2065 Willow Way, Apt 10A, Arlington, VA 61215",2065 Willow Way,Apt 10A,Arlington,VA,61215,Arlington,30.392205,-82.995989,Condo,6,1.5,2329,2700,1956,68,1475968.17,2019-04-16,2555,633.73,1333698.24,2022,15522.22,Paul Torres,False,VA-AR-61916,224.74,Under-assessed
P-102068,12068,"4534 Hillcrest Ave, Apt 30B, Troy, MI 15172",4534 Hillcrest Ave,Apt 30B,Troy,MI,15172,Oakland,35.001625,-144.457386,Townhouse,3,2.5,1666,3748,1948,76,137914.21,2024-08-16,606,82.78,151425.01,2024,2990.32,Emily Young,True,MI-OA-22324,164.68,Within band
P-102069,12069,"1717 Jefferson St, Apt 17B, Philadelphia, PA 97752",1717 Jefferson St,Apt 17B,Philadelphia,PA,97752,Philadelphia,43.959788,-125.325518,Townhouse,4,3.0,3226,12140,1970,54,212484.62,2017-12-01,3056,65.87,170836.86,2023,3119.97,Richard Torres,True,PA-PH-14736,212.18,Under-assessed
P-102070,12070,"4544 Jackson Dr, Apt 14B, Cleveland, OH 28449",4544 Jackson Dr,Apt 14B,Cleveland,OH,28449,Cuyahoga,38.896216,-115.777129,Condo,3,5.0,4777,6824,1995,29,254148.0,2021-06-03,1776,53.2,249973.31,2023,3142.34,Richard Lopez,True,OH-CU-88368,220.86,Within band
P-102071,12071,"7236 Broadway, Kansas City, MO 28200",7236 Broadway,,Kansas City,MO,28200,Jackson,27.359806,-110.118093,Single Family,7,2.0,4450,10028,1949,75,826504.44,2024-11-27,503,185.73,793218.63,2024,13385.06,Melissa Carter,False,MO-JA-54461,127.4,Within band
P-102072,12072,"7805 Maple Dr, Honolulu, HI 31102",7805 Maple Dr,,Honolulu,HI,31102,Honolulu,44.984757,-88.842055,Single Family,5,1.0,1320,8764,1983,41,696030.42,2025-12-25,110,527.3,644627.48,2024,7448.29,Mary Rodriguez,False,HI-HO-96578,465.83,Within band
P-102073,12073,"4790 Jackson Dr, Apt 14D, Lexington, KY 69615",4790 Jackson Dr,Apt 14D,Lexington,KY,69615,Fayette,26.91506,-125.266374,Condo,3,1.5,5863,10481,2009,15,312432.59,2025-06-18,300,53.29,252818.96,2022,2587.69,Sarah Mitchell,False,KY-FA-79283,141.41,Under-assessed
P-102074,12074,"9489 Cedar Ln, Apt 17C, St. Louis, MO 65646",9489 Cedar Ln,Apt 17C,St. Louis,MO,65646,St. Louis,32.183762,-114.687343,Condo,4,4.5,5891,16290,1937,87,705901.56,2018-04-17,2919,119.83,760972.67,2022,12131.74,Patricia Jackson,True,MO-ST-40207,180.87,Within band
P-102075,12075,"7772 Washington Ave, Apt 7E, Charlotte, NC 61679",7772 Washington Ave,Apt 7E,Charlotte,NC,61679,Mecklenburg,21.472857,-149.610844,Condo,4,4.5,6429,14222,2020,4,604280.63,2022-05-28,1417,93.99,600235.0,2022,11042.99,Deborah Jackson,True,NC-ME-52533,140.0,Within band
P-102076,12076,"2224 Lake Dr, Phoenix, AZ 44560",2224 Lake Dr,,Phoenix,AZ,44560,Maricopa,24.395941,-79.998687,Single Family,4,4.5,2086,9556,1978,46,316758.21,2021-04-13,1827,151.85,317498.11,2022,3168.08,Michael Nelson,False,AZ-MA-78883,130.0,Within band
P-102077,12077,"3158 Pine Rd, Apt 28C, Memphis, TN 23081",3158 Pine Rd,Apt 28C,Memphis,TN,23081,Shelby,45.795646,-132.468255,Condo,4,1.0,2461,14109,1968,56,267891.42,2023-09-13,944,108.85,261122.0,2023,4318.45,Andrew Young,True,TN-SH-76256,138.25,Within band
P-102078,12078,"359 Heritage Ln, Apt 22E, Atlanta, GA 70571",359 Heritage Ln,Apt 22E,Atlanta,GA,70571,Fulton,29.777479,-97.138676,Townhouse,7,5.0,2620,8657,2004,20,512315.49,2019-08-15,2434,195.54,457662.71,2023,3968.73,Anthony Torres,False,GA-FU-42039,170.94,Under-assessed
P-102079,12079,"8721 Valley View Dr, Atlanta, GA 41633",8721 Valley View Dr,,Atlanta,GA,41633,Fulton,24.46626,-101.409706,Single Family,3,3.0,3936,5266,1973,51,675896.83,2018-05-22,2884,171.72,671585.86,2024,13030.82,Mark Mitchell,False,GA-FU-94521,150.1,Within band
P-102080,12080,"8707 Elm St, Eugene, OR 78133",8707 Elm St,,Eugene,OR,78133,Lane,47.3321,-107.452922,Multi Family,2,4.0,1242,4925,1993,31,690681.78,2018-03-23,2944,556.1,612754.16,2024,7314.05,Donna Rodriguez,False,OR-LA-18472,401.98,Under-assessed
P-102081,12081,"9279 Valley View Dr, Apt 13C, Orlando, FL 67439",9279 Valley View Dr,Apt 13C,Orlando,FL,67439,Orange,25.582288,-74.101686,Townhouse,6,1.0,1315,11452,1955,69,479288.5,2020-09-27,2025,364.48,453514.62,2023,4377.17,Amanda Gonzalez,True,FL-OR-86469,130.82,Within band
P-102082,12082,"9319 Orchard Ln, Denver, CO 98993",9319 Orchard Ln,,Denver,CO,98993,Denver,33.31631,-149.527169,Single Family,5,2.0,1707,2040,1925,99,960168.77,2019-01-19,2642,562.49,803658.89,2022,7368.75,Thomas Lopez,True,CO-DE-63451,215.23,Under-assessed
P-102083,12083,"9867 Cedar Ln, Pittsburgh, PA 61788",9867 Cedar Ln,,Pittsburgh,PA,61788,Allegheny,25.828428,-149.534823,Single Family,3,3.5,1482,5633,1994,30,718430.85,2017-09-30,3118,484.77,583957.39,2024,7457.41,Michael Green,False,PA-AL-97908,120.29,Under-assessed
P-102084,12084,"8476 Main St, Apt 14C, Houston, TX 10205",8476 Main St,Apt 14C,Houston,TX,10205,Harris,39.899075,-102.08886,Townhouse,5,4.5,2102,6573,1940,84,633987.26,2020-11-09,1982,301.61,670341.63,2024,13406.83,Timothy Hall,True,TX-HA-61652,143.56,Within band
P-102085,12085,"4972 Lincoln Rd, Jacksonville, FL 15881",4972 Lincoln Rd,,Jacksonville,FL,15881,Duval,46.171045,-126.956186,Single Family,1,4.5,1872,7309,1928,96,260432.29,2023-11-06,890,139.12,275900.28,2023,2888.14,Sarah Lee,True,FL-DU-66625,138.34,Within band
P-102086,12086,"6213 Harbor View Blvd, Apt 20A, St. Louis, MO 99108",6213 Harbor View Blvd,Apt 20A,St. Louis,MO,99108,St. Louis,33.827633,-118.347863,Condo,6,2.0,3778,9263,1988,36,786281.56,2022-08-31,1322,208.12,640368.5,2024,5657.78,Lisa Rivera,False,MO-ST-67357,180.87,Under-assessed
P-102088,12088,"8251 Jackson Dr, Tulsa, OK 72202",8251 Jackson Dr,,Tulsa,OK,72202,Tulsa,25.016365,-83.512514,Single Family,4,1.5,1994,6742,2018,6,299605.45,2021-11-28,1598,150.25,277721.85,2024,4920.12,Deborah Brown,True,OK-TU-55647,128.71,Within band
P-102089,12089,"6438 Meadow Ln, Chicago, IL 28927",6438 Meadow Ln,,Chicago,IL,28927,Cook,44.414796,-128.644547,Single Family,6,4.0,4610,7999,1960,64,688850.18,2020-12-17,1944,149.43,751449.84,2022,15780.45,Brian Young,True,IL-CO-39359,104.35,Within band
P-102090,12090,"9854 Clearwater Ct, Billings, MT 70457",9854 Clearwater Ct,,Billings,MT,70457,Yellowstone,43.290141,-133.681436,Multi Family,6,1.5,2102,13240,1968,56,188770.65,2019-06-13,2497,89.81,190526.36,2024,1992.01,Betty Nelson,False,MT-YE-24066,180.29,Within band
P-102091,12091,"6569 Washington Ave, Apt 13B, Lexington, KY 67854",6569 Washington Ave,Apt 13B,Lexington,KY,67854,Fayette,29.844264,-96.270891,Condo,2,1.0,5376,10592,1928,96,611046.85,2016-11-24,3428,113.66,550594.98,2023,5843.21,Mary Brown,False,KY-FA-36326,141.41,Under-assessed
P-102092,12092,"981 Hillcrest Ave, Tampa, FL 98974",981 Hillcrest Ave,,Tampa,FL,98974,Hillsborough,23.046343,-134.469025,Single Family,5,4.5,6435,17051,1927,97,799454.13,2016-11-14,3438,124.24,857693.91,2022,7792.04,Deborah Adams,True,FL-HI-35612,138.34,Within band
P-102093,12093,"4136 Willow Way, Rockville, MD 57826",4136 Willow Way,,Rockville,MD,57826,Montgomery,45.671756,-115.002431,Single Family,7,3.5,5357,14271,1970,54,828800.1,2021-01-09,1921,154.71,836335.48,2023,10309.09,Kimberly Nguyen,True,MD-MO-14840,292.68,Within band
P-102094,12094,"1560 Washington Ave, Apt 7B, Rockville, MD 87046",1560 Washington Ave,Apt 7B,Rockville,MD,87046,Montgomery,45.37824,-123.576285,Townhouse,1,3.5,2995,14526,1990,34,519696.88,2017-01-23,3368,173.52,562433.64,2022,4834.4,David Torres,True,MD-MO-23745,298.14,Within band
P-102095,12095,"8444 Lincoln Rd, Troy, MI 71730",8444 Lincoln Rd,,Troy,MI,71730,Oakland,42.607326,-120.399755,Single Family,1,2.5,4159,13088,1988,36,343959.42,2022-04-01,1474,82.7,326732.78,2022,5331.71,Deborah Hill,False,MI-OA-78983,152.83,Within band
P-102096,12096,"2930 Meadow Ln, Seattle, WA 18273",2930 Meadow Ln,,Seattle,WA,18273,King,40.144478,-126.272164,Multi Family,7,1.5,4474,11613,2005,19,3462480.32,2022-03-12,1494,773.91,3118998.73,2024,30809.88,Joseph Hall,True,WA-KI-26992,434.64,Under-assessed
P-102097,12097,"5394 Orchard Ln, Provo, UT 97579",5394 Orchard Ln,,Provo,UT,97579,Utah,21.684548,-71.016202,Multi Family,2,1.0,6063,8542,2018,6,235316.99,2017-07-22,3188,38.81,249655.03,2022,3819.78,Joseph Thomas,True,UT-UT-28837,127.68,Within band
P-102098,12098,"7289 Orchard Ln, Apt 2D, Provo, UT 23614",7289 Orchard Ln,Apt 2D,Provo,UT,23614,Utah,30.925954,-79.241767,Townhouse,7,4.0,3060,10996,1940,84,440220.03,2018-11-01,2721,143.86,393090.45,2024,5497.78,Mark Moore,False,UT-UT-52068,122.46,Under-assessed
P-102099,12099,"8618 Monroe Blvd, Queens, NY 23462",8618 Monroe Blvd,,Queens,NY,23462,Queens,41.092065,-76.672787,Single Family,5,3.5,6205,7012,1987,37,2116309.27,2020-03-24,2212,341.07,1997912.18,2023,43954.07,Matthew Carter,True,NY-QU-98820,408.84,Within band
P-102100,12100,"8995 Park Way, Nashville, TN 95263",8995 Park Way,,Nashville,TN,95263,Davidson,21.317408,-110.909135,Single Family,1,5.0,5857,14967,2007,17,762484.64,2020-10-29,1993,130.18,745986.17,2023,8238.42,Sandra Garcia,True,TN-DA-68528,143.46,Within band
P-102101,12101,"9079 Summit Rd, Apt 29B, Salt Lake City, UT 59404",9079 Summit Rd,Apt 29B,Salt Lake City,UT,59404,Salt Lake,26.137328,-123.583546,Condo,4,3.5,2584,6176,1949,75,354271.93,2021-04-20,1820,137.1,330466.89,2024,4920.29,Joseph Gonzalez,False,UT-SA-85649,137.94,Within band
P-102102,12102,"7151 Broadway, Apt 4E, Queens, NY 75797",7151 Broadway,Apt 4E,Queens,NY,75797,Queens,24.032748,-76.536325,Townhouse,1,2.0,2390,10334,1957,67,1080544.85,2016-05-06,3630,452.11,1071517.04,2022,23573.37,Daniel Brown,True,NY-QU-31573,521.74,Within band
P-102103,12103,"242 Ridgewood Rd, Denver, CO 93020",242 Ridgewood Rd,,Denver,CO,93020,Denver,21.103479,-115.828286,Multi Family,1,4.5,5855,15090,1974,50,496614.6,2025-06-06,312,84.82,437469.98,2024,6055.35,Sarah Clark,True,CO-DE-84991,346.48,Under-assessed
P-102104,12104,"5295 Park Way, Apt 22C, Salt Lake City, UT 89494",5295 Park Way,Apt 22C,Salt Lake City,UT,89494,Salt Lake,35.751221,-118.799717,Condo,4,2.5,3785,10925,1966,58,279888.95,2021-05-02,1808,73.95,278115.36,2024,3393.26,Donald Martin,True,UT-SA-88066,137.94,Within band
P-102105,12105,"6034 Harbor View Blvd, Apt 9D, Billings, MT 25265",6034 Harbor View Blvd,Apt 9D,Billings,MT,25265,Yellowstone,27.485618,-87.41835,Townhouse,5,3.0,2749,7073,2021,3,683762.97,2021-11-27,1599,248.73,560245.32,2023,6116.7,Kenneth Lee,True,MT-YE-72769,104.26,Under-assessed
P-102106,12106,"8019 Jackson Dr, Baltimore, MD 41064",8019 Jackson Dr,,Baltimore,MD,41064,Baltimore,32.622588,-143.270449,Single Family,2,5.0,2845,11286,1978,46,833250.67,2021-12-25,1571,292.88,892194.34,2022,15546.84,Michelle Garcia,False,MD-BA-83765,292.68,Within band
P-102107,12107,"7785 Valley View Dr, Apt 12A, Charleston, SC 58930",7785 Valley View Dr,Apt 12A,Charleston,SC,58930,Charleston,34.058573,-81.268849,Condo,7,2.5,1639,13607,1943,81,754901.07,2025-10-30,166,460.59,748692.12,2022,14238.43,Daniel Nguyen,True,SC-CH-47572,144.56,Within band
P-102108,12108,"3870 Forest Glen Rd, Apt 7E, Portland, OR 52216",3870 Forest Glen Rd,Apt 7E,Portland,OR,52216,Multnomah,35.589023,-132.258725,Townhouse,6,1.5,5282,8953,1955,69,663500.13,2024-03-17,758,125.62,588614.16,2022,10781.5,Deborah Walker,True,OR-MU-27659,118.34,Under-assessed
P-102109,12109,"4146 Cedar Ln, Apt 20D, Tucson, AZ 63270",4146 Cedar Ln,Apt 20D,Tucson,AZ,63270,Pima,29.91022,-139.410484,Condo,6,3.5,5617,13355,1960,64,847507.91,2017-01-27,3364,150.88,826824.99,2024,6814.39,Betty Hernandez,True,AZ-PI-25733,150.88,Within band
P-102110,12110,"8707 Orchard Ln, Austin, TX 83418",8707 Orchard Ln,,Austin,TX,83418,Travis,33.953089,-102.259083,Single Family,5,5.0,1798,13292,2020,4,491352.31,2024-02-24,780,273.28,461635.74,2023,9232.71,Donna Walker,True,TX-TR-86158,115.36,Within band
P-102111,12111,"8545 Monroe Blvd, Apt 2D, Boise, ID 67323",8545 Monroe Blvd,Apt 2D,Boise,ID,67323,Ada,43.406907,-121.163395,Townhouse,4,4.5,4722,10061,1962,62,881344.07,2017-05-31,3240,186.65,937603.15,2022,15220.5,Charles Moore,False,ID-AD-96738,264.98,Within band
P-102113,12113,"6421 Monroe Blvd, Denver, CO 12057",6421 Monroe Blvd,,Denver,CO,12057,Denver,29.813008,-130.526822,Single Family,6,3.5,4084,12273,1935,89,381225.3,2021-04-29,1811,93.35,341519.29,2024,4990.88,Stephanie Campbell,False,CO-DE-67973,215.23,Under-assessed
P-102114,12114,"4654 Ridgewood Rd, Apt 7D, Hempstead, NY 82563",4654 Ridgewood Rd,Apt 7D,Hempstead,NY,82563,Nassau,23.399859,-80.503455,Condo,4,1.0,4745,15742,1984,40,1377682.86,2020-09-25,2027,290.34,1238260.32,2023,27241.73,George Scott,False,NY-NA-57784,351.08,Under-assessed
P-102115,12115,"7918 Sunset Blvd, Apt 18A, Nashville, TN 67328",7918 Sunset Blvd,Apt 18A,Nashville,TN,67328,Davidson,34.821704,-81.272785,Townhouse,1,4.5,6319,6712,1964,60,184015.56,2024-02-26,778,29.12,194249.89,2023,2966.61,Donald Lopez,True,TN-DA-26841,80.48,Within band
P-102116,12116,"6459 Monroe Blvd, Las Vegas, NV 82455",6459 Monroe Blvd,,Las Vegas,NV,82455,Clark,32.922412,-154.555857,Single Family,4,5.0,3332,7008,1977,47,563946.64,2017-02-24,3336,169.25,545349.82,2022,5093.39,Timothy Torres,True,NV-CL-21071,117.32,Within band
P-102117,12117,"7851 River Blvd, Phoenix, AZ 72841",7851 River Blvd,,Phoenix,AZ,72841,Maricopa,27.395347,-81.240741,Multi Family,6,2.5,5239,5818,1987,37,410143.6,2023-11-12,884,78.29,332217.03,2024,3697.46,Paul Wilson,False,AZ-MA-65712,91.66,Under-assessed
P-102118,12118,"2125 Summit Rd, Charleston, SC 68070",2125 Summit Rd,,Charleston,SC,68070,Charleston,25.289905,-110.391472,Multi Family,3,4.0,976,7514,1980,44,494984.07,2022-05-11,1434,507.16,479756.65,2023,8355.42,Deborah Carter,False,SC-CH-48090,223.03,Within band
P-102119,12119,"149 Ridgewood Rd, Miami, FL 93729",149 Ridgewood Rd,,Miami,FL,93729,Miami-Dade,38.730857,-118.553087,Single Family,3,1.0,3005,3645,1942,82,376003.43,2017-01-11,3380,125.13,391389.93,2024,6188.59,Deborah Allen,True,FL-MI-13380,138.34,Within band
P-102120,12120,"8956 Ridgewood Rd, Apt 12A, Albuquerque, NM 52642",8956 Ridgewood Rd,Apt 12A,Albuquerque,NM,52642,Bernalillo,35.00786,-143.841367,Townhouse,4,5.0,2991,8885,2020,4,488652.08,2024-08-11,611,163.37,397733.23,2022,3911.7,Linda Johnson,False,NM-BE-21225,158.75,Under-assessed
P-102121,12121,"5063 Monroe Blvd, St. Louis, MO 25327",5063 Monroe Blvd,,St. Louis,MO,25327,St. Louis,31.760782,-155.801376,Single Family,4,1.5,1304,6928,2001,23,406044.76,2021-12-29,1567,311.38,442898.22,2022,4770.68,Charles Johnson,False,MO-ST-67730,127.4,Within band
P-102122,12122,"5937 Maple Dr, Apt 13C, Billings, MT 15517",5937 Maple Dr,Apt 13C,Billings,MT,15517,Yellowstone,22.097928,-84.854396,Townhouse,5,3.0,877,11374,1990,34,577985.57,2024-10-28,533,659.05,570967.66,2022,7350.44,Kenneth Flores,False,MT-YE-95303,104.26,Within band
P-102123,12123,"5142 Monroe Blvd, Apt 30A, Tulsa, OK 53520",5142 Monroe Blvd,Apt 30A,Tulsa,OK,53520,Tulsa,32.583011,-126.699275,Condo,1,2.5,5969,12420,1947,77,558689.59,2021-10-04,1653,93.6,496040.59,2022,9151.92,Lisa White,True,OK-TU-76845,106.53,Under-assessed
P-102124,12124,"728 Madison Ave, Apt 25A, Fairfax, VA 40895",728 Madison Ave,Apt 25A,Fairfax,VA,40895,Fairfax,30.261173,-88.935745,Condo,7,2.0,2735,7193,2002,22,1063261.81,2017-07-01,3209,388.76,1046007.59,2024,13476.41,George Thomas,False,VA-FA-14616,224.74,Within band
P-102125,12125,"4357 Hillcrest Ave, Apt 22E, Fort Worth, TX 37750",4357 Hillcrest Ave,Apt 22E,Fort Worth,TX,37750,Tarrant,36.67999,-74.513824,Condo,1,3.0,6346,18212,1990,34,796868.38,2020-03-08,2228,125.57,828511.81,2023,16570.24,William Lee,True,TX-TA-11342,158.16,Within band
P-102126,12126,"1893 Harbor View Blvd, Cincinnati, OH 16675",1893 Harbor View Blvd,,Cincinnati,OH,16675,Hamilton,35.962666,-113.329326,Single Family,2,1.5,4678,4905,1995,29,510846.42,2024-12-26,474,109.2,544696.11,2023,10627.55,Emily Miller,True,OH-HA-12335,208.92,Within band
P-102127,12127,"9038 Heritage Ln, Apt 28C, Tucson, AZ 59771",9038 Heritage Ln,Apt 28C,Tucson,AZ,59771,Pima,36.972562,-97.895358,Condo,1,3.5,1047,2704,1968,56,316858.23,2023-05-10,1070,302.63,341650.5,2023,6813.86,Margaret Lewis,True,AZ-PI-30288,150.88,Within band
P-102128,12128,"7009 River Blvd, Phoenix, AZ 26676",7009 River Blvd,,Phoenix,AZ,26676,Maricopa,32.696441,-105.365158,Single Family,4,2.0,1925,11493,1965,59,843747.45,2017-05-27,3244,438.31,863728.98,2024,16671.54,Dorothy Moore,True,AZ-MA-82793,130.0,Within band
P-102130,12130,"5555 Maple Dr, Pittsburgh, PA 44722",5555 Maple Dr,,Pittsburgh,PA,44722,Allegheny,27.956046,-147.883374,Single Family,4,3.0,2925,8577,2007,17,634486.39,2017-12-26,3031,216.92,628053.76,2024,11829.46,Mark Mitchell,True,PA-AL-58380,120.29,Within band
P-102131,12131,"1514 Park Way, Apt 30C, Raleigh, NC 38730",1514 Park Way,Apt 30C,Raleigh,NC,38730,Wake,45.698709,-85.851299,Condo,1,3.0,5473,13763,1982,42,766223.12,2024-10-07,554,140.0,617786.85,2022,10951.52,Richard Lewis,True,NC-WA-61403,140.0,Under-assessed
P-102132,12132,"5219 Washington Ave, Hempstead, NY 72288",5219 Washington Ave,,Hempstead,NY,72288,Nassau,38.758111,-156.788532,Single Family,3,1.5,3147,10299,1953,71,3026816.91,2023-04-03,1107,961.81,2424542.66,2022,53339.94,Linda Gonzalez,True,NY-NA-47016,408.84,Under-assessed
P-102133,12133,"5433 Hillcrest Ave, Queens, NY 54759",5433 Hillcrest Ave,,Queens,NY,54759,Queens,31.212765,-108.542167,Single Family,7,4.0,6497,8994,1931,93,1083856.32,2023-06-01,1048,166.82,1172359.92,2024,25791.92,John Smith,True,NY-QU-56081,408.84,Within band
P-102134,12134,"2271 Meadow Ln, Apt 3B, Seattle, WA 28528",2271 Meadow Ln,Apt 3B,Seattle,WA,28528,King,43.956192,-127.483644,Townhouse,4,5.0,4723,15186,1927,97,2007188.77,2023-03-19,1122,424.98,1995485.4,2024,38057.76,George Smith,True,WA-KI-71710,380.09,Within band
P-102135,12135,"3182 Jefferson St, Apt 15D, Troy, MI 50219",3182 Jefferson St,Apt 15D,Troy,MI,50219,Oakland,21.864407,-99.235562,Townhouse,2,4.5,4937,6662,2013,11,730752.3,2024-08-01,621,148.02,673763.04,2022,9038.95,Sarah Martinez,False,MI-OA-26433,164.68,Within band
P-102136,12136,"7292 Heritage Ln, Apt 5E, Minneapolis, MN 66939",7292 Heritage Ln,Apt 5E,Minneapolis,MN,66939,Hennepin,44.375342,-127.790349,Condo,7,5.0,1612,11125,2001,23,778728.47,2017-09-25,3123,483.08,712880.01,2023,11179.37,Ashley Carter,True,MN-HE-99914,159.96,Within band
P-102137,12137,"4498 Lincoln Rd, Denver, CO 19558",4498 Lincoln Rd,,Denver,CO,19558,Denver,26.33323,-114.458412,Single Family,2,4.0,3949,12216,1953,71,1151180.13,2019-07-07,2473,291.51,1253843.5,2022,23720.08,Nancy Anderson,True,CO-DE-65403,215.23,Within band
P-102138,12138,"8314 Jefferson St, Portland, OR 34474",8314 Jefferson St,,Portland,OR,34474,Multnomah,21.841337,-150.419119,Single Family,6,2.5,1479,9403,1977,47,1016247.57,2022-06-15,1399,687.12,887181.81,2022,16840.19,Emily Baker,True,OR-MU-34826,291.42,Under-assessed
P-102139,12139,"1768 Ridgewood Rd, Apt 17E, Chicago, IL 97129",1768 Ridgewood Rd,Apt 17E,Chicago,IL,97129,Cook,45.947014,-93.65635,Condo,1,1.5,3860,10459,1955,69,541629.69,2026-02-26,47,140.32,458898.91,2023,9636.88,Patricia Davis,False,IL-CO-39108,148.0,Under-assessed
P-102140,12140,"6086 Lincoln Rd, Apt 1E, Wichita, KS 19432",6086 Lincoln Rd,Apt 1E,Wichita,KS,19432,Sedgwick,23.924239,-132.985267,Condo,5,4.5,5057,6601,1966,58,498056.04,2023-05-14,1066,98.49,519340.9,2023,7768.11,Jennifer Johnson,False,KS-SE-65876,98.49,Within band
P-102141,12141,"3104 Monroe Blvd, Pittsburgh, PA 59814",3104 Monroe Blvd,,Pittsburgh,PA,59814,Allegheny,30.360232,-131.795774,Single Family,2,4.0,5949,8809,2023,1,231970.2,2016-08-09,3535,38.99,251820.4,2024,3945.82,David Martinez,False,PA-AL-54156,120.29,Within band
P-102142,12142,"9115 Sunset Blvd, Apt 1D, Fort Lauderdale, FL 65870",9115 Sunset Blvd,Apt 1D,Fort Lauderdale,FL,65870,Broward,46.484169,-148.360952,Condo,3,1.0,4006,6060,1928,96,167069.49,2023-01-15,1185,41.7,135317.89,2023,2489.49,Michelle Nguyen,True,FL-BR-95407,145.87,Under-assessed
P-102143,12143,"8676 Elm St, Apt 30B, Brooklyn, NY 14871",8676 Elm St,Apt 30B,Brooklyn,NY,14871,Kings,35.954776,-103.774555,Townhouse,2,4.0,4949,11431,1973,51,3294974.71,2025-09-22,204,665.79,3605315.02,2022,79316.93,Jennifer Carter,True,NY-KI-98292,521.74,Within band
P-102144,12144,"4866 Maple Dr, Apt 1A, Orlando, FL 68002",4866 Maple Dr,Apt 1A,Orlando,FL,68002,Orange,46.276181,-116.019144,Condo,1,5.0,6218,13646,1930,94,840353.24,2017-10-27,3091,135.15,722119.7,2022,7466.81,James Hill,False,FL-OR-30323,145.87,Under-assessed
P-102145,12145,"6508 Washington Ave, Nashville, TN 62140",6508 Washington Ave,,Nashville,TN,62140,Davidson,42.096422,-115.033303,Single Family,6,3.0,4634,9310,1985,39,763753.33,2018-12-16,2676,164.82,713853.65,2024,11846.55,Kimberly Flores,True,TN-DA-40282,143.46,Within band
P-102146,12146,"7666 Madison Ave, Hempstead, NY 79854",7666 Madison Ave,,Hempstead,NY,79854,Nassau,24.105912,-128.274812,Single Family,2,2.5,2016,4230,1993,31,1833217.36,2018-09-01,2782,909.33,1562627.42,2023,34377.8,Linda Jackson,True,NY-NA-98600,408.84,Under-assessed
P-102147,12147,"9122 Heritage Ln, Apt 6C, Charlotte, NC 74133",9122 Heritage Ln,Apt 6C,Charlotte,NC,74133,Mecklenburg,41.427681,-124.998959,Condo,6,1.5,4744,13542,1971,53,734181.1,2022-03-27,1479,154.76,719531.4,2023,10471.3,Patricia Walker,False,NC-ME-85233,140.0,Within band
P-102148,12148,"3650 Creekside Dr, Apt 28D, Minneapolis, MN 63882",3650 Creekside Dr,Apt 28D,Minneapolis,MN,63882,Hennepin,47.155235,-84.2822,Condo,4,3.5,3544,14005,2003,21,405093.77,2026-02-03,70,114.3,358120.24,2023,5203.44,Andrew Young,True,MN-HE-11784,159.96,Under-assessed
P-102149,12149,"613 Cedar Ln, St. Louis, MO 34678",613 Cedar Ln,,St. Louis,MO,34678,St. Louis,24.062593,-88.309666,Single Family,6,1.5,2459,8399,1995,29,671158.41,2026-04-04,10,272.94,593858.34,2022,6436.07,Ronald White,False,MO-ST-86111,127.4,Under-assessed
P-102150,12150,"4435 Oak Ave, Pittsburgh, PA 25142",4435 Oak Ave,,Pittsburgh,PA,25142,Allegheny,22.292164,-129.822733,Single Family,1,2.5,2310,7665,1943,81,125564.96,2021-05-29,1781,54.36,106719.46,2022,1890.37,Anthony Brown,False,PA-AL-37140,120.29,Under-assessed
P-102151,12151,"6452 Jackson Dr, Apt 4E, Irvine, CA 27098",6452 Jackson Dr,Apt 4E,Irvine,CA,27098,Orange,41.154122,-122.321118,Condo,2,1.5,3705,5253,1957,67,610078.9,2020-02-13,2252,164.66,662564.33,2022,6138.56,John Walker,True,CA-OR-68835,453.06,Within band
P-102152,12152,"4934 Ridgewood Rd, Apt 14D, New Orleans, LA 70962",4934 Ridgewood Rd,Apt 14D,New Orleans,LA,70962,Orleans,45.412876,-135.245765,Townhouse,7,1.5,5545,16454,2001,23,566672.7,2025-12-16,119,102.2,547532.7,2024,10267.25,James Smith,False,LA-OR-53609,124.05,Within band
P-102153,12153,"5967 Broadway, Apt 16A, Tucson, AZ 64682",5967 Broadway,Apt 16A,Tucson,AZ,64682,Pima,47.440233,-125.262262,Townhouse,1,4.5,4140,8049,1966,58,262052.81,2025-01-20,449,63.3,228494.96,2022,2239.45,Susan King,False,AZ-PI-59331,81.85,Under-assessed
P-102154,12154,"6602 Willow Way, Apt 7B, San Diego, CA 52799",6602 Willow Way,Apt 7B,San Diego,CA,52799,San Diego,40.67601,-155.111917,Condo,5,2.0,2183,8184,1977,47,1792916.15,2023-01-22,1178,821.31,1477983.26,2023,22110.21,Margaret Walker,True,CA-SA-54188,453.06,Under-assessed
P-102155,12155,"8226 Orchard Ln, Jacksonville, FL 98826",8226 Orchard Ln,,Jacksonville,FL,98826,Duval,41.36349,-142.800325,Single Family,3,5.0,4405,12967,1999,25,668449.73,2016-10-26,3457,151.75,720158.91,2024,12737.14,Linda Sanchez,False,FL-DU-82592,138.34,Within band
P-102156,12156,"1716 Riverside Dr, Charlotte, NC 23879",1716 Riverside Dr,,Charlotte,NC,23879,Mecklenburg,29.407084,-73.732249,Single Family,1,3.0,1931,13781,1953,71,210487.44,2022-12-31,1200,109.0,212700.85,2024,2497.33,Margaret Martin,False,NC-ME-67619,151.03,Within band
P-102157,12157,"1318 Jefferson St, Apt 7C, Waukegan, IL 68152",1318 Jefferson St,Apt 7C,Waukegan,IL,68152,Lake,22.970408,-92.526728,Condo,1,1.0,6190,12905,1971,53,585746.75,2022-10-21,1271,94.63,627574.29,2023,13179.06,Andrew Thompson,True,IL-LA-10644,148.0,Within band
P-102158,12158,"2102 Pine Rd, Austin, TX 74608",2102 Pine Rd,,Austin,TX,74608,Travis,31.6879,-78.146996,Single Family,1,4.0,1454,4833,2003,21,803933.74,2025-01-04,465,552.91,668116.06,2022,13362.32,Andrew Anderson,False,TX-TR-97119,115.36,Under-assessed
P-102159,12159,"1539 Lakeshore Dr, Apt 28B, Charleston, SC 31277",1539 Lakeshore Dr,Apt 28B,Charleston,SC,31277,Charleston,21.784756,-135.738013,Townhouse,4,4.0,3529,10441,1953,71,129527.99,2025-07-27,261,36.7,125761.43,2024,2175.06,Carol Mitchell,False,SC-CH-48111,130.0,Within band
P-102160,12160,"1037 Harbor View Blvd, Apt 11C, Grand Rapids, MI 82476",1037 Harbor View Blvd,Apt 11C,Grand Rapids,MI,82476,Kent,42.727478,-144.075938,Condo,1,1.5,4050,8640,1946,78,331563.0,2018-07-24,2821,81.87,282411.56,2024,4656.51,John Davis,True,MI-KE-72000,194.54,Under-assessed
P-102161,12161,"7251 Sunset Blvd, Troy, MI 46012",7251 Sunset Blvd,,Troy,MI,46012,Oakland,45.103704,-111.04927,Single Family,2,1.0,5877,12847,1957,67,218510.85,2025-06-17,301,37.18,227028.04,2023,4324.15,Thomas Sanchez,True,MI-OA-77963,152.83,Within band
P-102162,12162,"5796 River Blvd, Apt 14C, Oklahoma City, OK 92301",5796 River Blvd,Apt 14C,Oklahoma City,OK,92301,Oklahoma,39.594872,-103.635799,Condo,3,4.0,3802,9021,1938,86,170411.1,2017-10-31,3087,44.82,161647.53,2023,1791.94,Richard Carter,False,OK-OK-22917,106.53,Within band
P-102163,12163,"5252 Main St, Apt 21A, New Orleans, LA 66380",5252 Main St,Apt 21A,New Orleans,LA,66380,Orleans,21.893917,-128.848673,Condo,1,1.5,6260,9752,1980,44,884711.8,2018-12-16,2676,141.33,735432.37,2022,11548.0,Charles Adams,True,LA-OR-41732,138.14,Under-assessed
P-102164,12164,"8232 Maple Dr, Apt 21C, Houston, TX 93751",8232 Maple Dr,Apt 21C,Houston,TX,93751,Harris,33.813561,-119.743521,Townhouse,4,4.0,1038,2864,1991,33,744568.01,2020-05-16,2159,717.31,646453.69,2022,12929.07,George Baker,True,TX-HA-46478,143.56,Under-assessed
P-102165,12165,"5120 Orchard Ln, Apt 27B, Fairfax, VA 41515",5120 Orchard Ln,Apt 27B,Fairfax,VA,41515,Fairfax,27.310125,-95.914308,Townhouse,6,4.5,2636,9714,2017,7,1023577.95,2025-11-23,142,388.31,847659.46,2023,11887.2,Margaret Martinez,False,VA-FA-57554,202.82,Under-assessed
P-102167,12167,"448 Ridgewood Rd, Apt 20B, Louisville, KY 96140",448 Ridgewood Rd,Apt 20B,Louisville,KY,96140,Jefferson,45.859226,-154.171691,Townhouse,4,2.0,4713,5817,1987,37,328183.0,2018-02-05,2990,69.63,277641.41,2023,3904.73,Betty Wilson,False,KY-JE-89474,129.87,Under-assessed
P-102169,12169,"2110 Sunset Blvd, Apt 1B, Sacramento, CA 97522",2110 Sunset Blvd,Apt 1B,Sacramento,CA,97522,Sacramento,42.774518,-116.949555,Townhouse,3,2.0,5141,7574,2019,5,2969295.1,2024-06-26,657,577.57,2562205.29,2022,26197.33,Anthony Young,True,CA-SA-55379,453.55,Under-assessed
P-102170,12170,"5736 Summit Rd, Charleston, SC 26159",5736 Summit Rd,,Charleston,SC,26159,Charleston,32.252385,-97.051189,Single Family,3,1.5,2152,6727,2021,3,256085.8,2018-12-18,2674,119.0,259291.4,2022,2522.31,Daniel Adams,True,SC-CH-74235,121.9,Within band
P-102171,12171,"3047 River Blvd, Raleigh, NC 98635",3047 River Blvd,,Raleigh,NC,98635,Wake,44.741119,-94.14865,Single Family,5,3.0,2116,2684,1976,48,583256.51,2020-11-20,1971,275.64,512257.39,2023,8090.49,Ashley Jones,False,NC-WA-90798,151.03,Under-assessed
P-102173,12173,"6577 Heritage Ln, Phoenix, AZ 98002",6577 Heritage Ln,,Phoenix,AZ,98002,Maricopa,41.768118,-114.494979,Single Family,5,3.5,4317,6757,1948,76,526045.78,2019-04-03,2568,121.85,436546.19,2024,7603.98,John Rodriguez,True,AZ-MA-21149,130.0,Under-assessed
P-102174,12174,"5353 River Blvd, Apt 17C, Scottsdale, AZ 23366",5353 River Blvd,Apt 17C,Scottsdale,AZ,23366,Maricopa,38.482177,-101.61213,Condo,6,2.5,1015,2766,1923,101,490830.73,2024-03-06,769,483.58,447582.02,2024,3818.87,Thomas Sanchez,False,AZ-MA-46558,150.88,Within band
P-102175,12175,"2893 Jefferson St, Apt 10B, Fort Lauderdale, FL 28275",2893 Jefferson St,Apt 10B,Fort Lauderdale,FL,28275,Broward,42.803562,-146.029124,Condo,7,2.0,873,10010,1981,43,732574.67,2020-05-29,2146,839.15,751462.43,2024,13767.75,Steven Brown,False,FL-BR-85434,145.87,Within band
P-102176,12176,"1817 Monroe Blvd, Apt 21A, New Orleans, LA 72919",1817 Monroe Blvd,Apt 21A,New Orleans,LA,72919,Orleans,21.316343,-111.169129,Townhouse,5,4.5,4853,8213,1981,43,602016.83,2024-11-22,508,124.05,522284.12,2022,6837.23,Deborah Scott,True,LA-OR-59254,124.05,Under-assessed
P-102177,12177,"206 Jefferson St, Apt 15B, Charleston, SC 68507",206 Jefferson St,Apt 15B,Charleston,SC,68507,Charleston,22.791566,-147.716276,Condo,1,4.5,5051,9992,1954,70,677207.98,2020-03-05,2231,134.07,655356.91,2022,9492.02,Richard Lewis,False,SC-CH-95199,144.56,Within band
P-102178,12178,"2120 River Blvd, Apt 30C, Provo, UT 39272",2120 River Blvd,Apt 30C,Provo,UT,39272,Utah,42.013725,-118.2513,Condo,5,3.0,3841,6610,1959,65,777004.91,2022-10-09,1283,202.29,693535.87,2023,12674.97,James Smith,True,UT-UT-40492,137.94,Under-assessed
P-102179,12179,"8418 Lake Dr, Henderson, NV 36799",8418 Lake Dr,,Henderson,NV,36799,Clark,45.306315,-108.996036,Single Family,6,1.5,4787,5236,2005,19,553216.72,2024-04-10,734,115.57,536285.65,2024,5785.5,Daniel Brown,False,NV-CL-27862,117.32,Within band
P-102180,12180,"4692 Orchard Ln, Salt Lake City, UT 73077",4692 Orchard Ln,,Salt Lake City,UT,73077,Salt Lake,36.676324,-108.859981,Single Family,3,5.0,4583,10384,1948,76,482307.36,2022-02-13,1521,105.24,447509.16,2023,4118.78,Sarah Wilson,False,UT-SA-68490,109.86,Within band
P-102181,12181,"6347 Willow Way, Dallas, TX 64538",6347 Willow Way,,Dallas,TX,64538,Dallas,39.048173,-114.072635,Multi Family,2,2.5,1342,2978,1993,31,735238.34,2025-07-05,283,547.87,746700.77,2024,14934.02,Michael Nguyen,True,TX-DA-38864,126.59,Within band
P-102182,12182,"9847 Monroe Blvd, Apt 4E, San Antonio, TX 74235",9847 Monroe Blvd,Apt 4E,San Antonio,TX,74235,Bexar,26.447383,-147.074265,Condo,3,1.0,2487,10476,1983,41,605759.81,2021-01-19,1911,243.57,486138.23,2022,9722.76,Kevin Adams,True,TX-BE-64285,158.16,Under-assessed
P-102183,12183,"2346 Cedar Ln, Apt 9D, New Orleans, LA 11909",2346 Cedar Ln,Apt 9D,New Orleans,LA,11909,Orleans,28.600087,-76.999865,Condo,2,1.0,4506,6863,2023,1,195270.28,2024-03-27,748,43.34,204728.71,2023,4030.14,Lisa Rodriguez,True,LA-OR-83253,138.14,Within band
P-102184,12184,"2515 Meadow Ln, Apt 1D, Charlotte, NC 52109",2515 Meadow Ln,Apt 1D,Charlotte,NC,52109,Mecklenburg,22.606426,-120.05984,Townhouse,7,2.0,5314,16136,1997,27,138780.43,2018-04-01,2935,26.12,148124.82,2023,2619.56,Donald Flores,False,NC-ME-26958,129.09,Within band
P-102185,12185,"660 Hillcrest Ave, Apt 9C, Bronx, NY 72480",660 Hillcrest Ave,Apt 9C,Bronx,NY,72480,Bronx,35.541427,-99.455339,Townhouse,1,2.5,3170,14562,2009,15,1428505.15,2020-04-04,2201,450.63,1185109.04,2024,26072.4,Mark Wright,False,NY-BR-44478,521.74,Under-assessed
P-102186,12186,"5451 Harbor View Blvd, Saint Paul, MN 80599",5451 Harbor View Blvd,,Saint Paul,MN,80599,Ramsey,41.664458,-85.279665,Single Family,3,3.0,2119,2669,1960,64,323033.99,2019-02-25,2605,152.45,293466.33,2022,5776.87,Margaret Hall,False,MN-RA-65027,127.64,Under-assessed
P-102187,12187,"4697 Main St, Baltimore, MD 83921",4697 Main St,,Baltimore,MD,83921,Baltimore,41.857193,-152.780219,Multi Family,6,4.5,3188,13041,2014,10,1016103.12,2023-07-24,995,318.73,823684.19,2022,7296.73,Thomas Green,True,MD-BA-14360,293.88,Under-assessed
P-102188,12188,"8928 Cedar Ln, Memphis, TN 60803",8928 Cedar Ln,,Memphis,TN,60803,Shelby,37.697076,-155.337877,Single Family,7,3.0,2826,9926,1965,59,361276.79,2023-05-25,1055,127.84,289623.76,2022,2364.09,Charles Williams,True,TN-SH-64046,143.46,Under-assessed
P-102189,12189,"5978 Adams St, Apt 11D, Raleigh, NC 91693",5978 Adams St,Apt 11D,Raleigh,NC,91693,Wake,33.241993,-111.027199,Condo,3,5.0,4210,9960,1941,83,401799.62,2026-01-26,78,95.44,355438.45,2024,5321.46,Barbara Jackson,True,NC-WA-27635,140.0,Under-assessed
P-102190,12190,"1091 Pine Rd, Apt 22A, Minneapolis, MN 35220",1091 Pine Rd,Apt 22A,Minneapolis,MN,35220,Hennepin,35.054124,-96.388808,Townhouse,3,1.5,1330,9639,1934,90,253097.88,2025-01-31,438,190.3,262661.42,2023,3213.62,Amanda Nelson,True,MN-HE-82990,130.12,Within band
P-102191,12191,"9375 Valley View Dr, Apt 13B, Cleveland, OH 88861",9375 Valley View Dr,Apt 13B,Cleveland,OH,88861,Cuyahoga,21.596135,-136.096981,Townhouse,1,4.5,1178,9325,1952,72,175501.8,2021-06-06,1773,148.98,176401.91,2023,3420.94,Steven Roberts,False,OH-CU-96678,148.98,Within band
P-102192,12192,"753 Madison Ave, Miami, FL 30487",753 Madison Ave,,Miami,FL,30487,Miami-Dade,39.565597,-146.417345,Single Family,4,4.5,1074,3730,1966,58,359685.56,2022-01-25,1540,334.9,298500.19,2024,3297.76,Charles Moore,True,FL-MI-64974,138.34,Under-assessed
P-102194,12194,"9859 Broadway, Apt 9D, Arlington, VA 85795",9859 Broadway,Apt 9D,Arlington,VA,85795,Arlington,33.1253,-94.617546,Townhouse,1,3.0,3052,11739,1993,31,1490944.05,2026-01-22,82,488.51,1590421.5,2024,25330.0,Anthony Perez,False,VA-AR-81357,202.82,Within band
P-102195,12195,"9603 Sunset Blvd, Apt 16B, Scottsdale, AZ 94457",9603 Sunset Blvd,Apt 16B,Scottsdale,AZ,94457,Maricopa,40.842565,-108.249559,Condo,4,5.0,749,11300,1981,43,706516.35,2020-12-01,1960,943.28,649422.17,2024,10444.58,Steven Clark,False,AZ-MA-84995,150.88,Within band
P-102196,12196,"8802 Maple Dr, Apt 25A, Eugene, OR 52156",8802 Maple Dr,Apt 25A,Eugene,OR,52156,Lane,27.578133,-82.487186,Townhouse,1,1.5,5007,12454,1935,89,808145.36,2016-10-14,3469,161.4,777006.43,2023,9074.92,Sandra Robinson,True,OR-LA-62465,118.34,Within band
P-102197,12197,"1437 Park Way, Wichita, KS 88825",1437 Park Way,,Wichita,KS,88825,Sedgwick,26.027754,-125.264061,Multi Family,7,3.0,1633,7244,1993,31,633100.44,2019-06-06,2504,387.69,546478.65,2023,7225.95,Donna Young,False,KS-SE-12031,296.18,Under-assessed
P-102198,12198,"5916 Willow Way, Apt 30A, Columbia, SC 68654",5916 Willow Way,Apt 30A,Columbia,SC,68654,Richland,29.44181,-146.840491,Townhouse,7,4.0,2341,12027,2003,21,643307.95,2021-08-15,1703,274.8,608235.45,2024,7077.51,Karen Lewis,True,SC-RI-73087,130.0,Within band
P-102200,12200,"7608 Ridgewood Rd, Apt 8C, Henderson, NV 27325",7608 Ridgewood Rd,Apt 8C,Henderson,NV,27325,Clark,30.810358,-70.577537,Condo,4,3.0,2788,11792,1954,70,398410.56,2018-01-25,3001,142.9,358987.3,2024,5691.37,Anthony Carter,False,NV-CL-37593,116.76,Under-assessed
P-102201,12201,"3110 Main St, Apt 19C, Seattle, WA 53773",3110 Main St,Apt 19C,Seattle,WA,53773,King,21.699194,-107.819537,Townhouse,2,1.0,6218,13579,1940,84,1884783.64,2018-01-20,3006,303.12,1773665.75,2024,27492.41,George Roberts,True,WA-KI-60996,380.09,Within band
P-102202,12202,"9214 Orchard Ln, Apt 22C, Boston, MA 17889",9214 Orchard Ln,Apt 22C,Boston,MA,17889,Suffolk,46.089058,-108.68694,Condo,7,2.0,5884,12869,1971,53,519694.84,2021-09-08,1679,88.32,559990.69,2024,8110.72,Kevin Lopez,False,MA-SU-67039,450.14,Within band
P-102203,12203,"8963 Washington Ave, Apt 22E, Durham, NC 94072",8963 Washington Ave,Apt 22E,Durham,NC,94072,Durham,44.968418,-104.794244,Condo,2,3.5,978,1905,1981,43,590462.61,2021-10-26,1631,603.75,614429.71,2023,7532.08,Steven Young,False,NC-DU-71215,140.0,Within band
P-102204,12204,"2386 Jackson Dr, Apt 2A, Raleigh, NC 74352",2386 Jackson Dr,Apt 2A,Raleigh,NC,74352,Wake,23.813529,-70.543719,Townhouse,1,1.5,3791,6953,2007,17,454095.04,2022-07-17,1367,119.78,366233.13,2024,4998.66,Susan Perez,False,NC-WA-55123,129.09,Under-assessed
P-102205,12205,"1311 Hillcrest Ave, Detroit, MI 65979",1311 Hillcrest Ave,,Detroit,MI,65979,Wayne,37.2458,-110.875872,Single Family,5,5.0,1762,5172,1926,98,493034.12,2025-10-07,189,279.82,397553.35,2022,4118.7,Ronald Mitchell,True,MI-WA-85958,152.83,Under-assessed
P-102206,12206,"2417 Jefferson St, Dallas, TX 72957",2417 Jefferson St,,Dallas,TX,72957,Dallas,28.940771,-141.527053,Multi Family,5,2.0,2883,13098,1956,68,196181.87,2026-03-29,16,68.05,162259.29,2023,3245.19,Kevin Thompson,False,TX-DA-90369,126.59,Under-assessed
P-102207,12207,"2033 Washington Ave, Apt 21B, Tampa, FL 85020",2033 Washington Ave,Apt 21B,Tampa,FL,85020,Hillsborough,43.446828,-120.413893,Condo,1,2.5,1158,2910,1989,35,241438.02,2021-02-06,1893,208.5,265110.77,2022,2958.11,Matthew Nguyen,True,FL-HI-20762,145.87,Within band
P-102208,12208,"3189 Madison Ave, San Antonio, TX 83778",3189 Madison Ave,,San Antonio,TX,83778,Bexar,42.560436,-91.806847,Single Family,3,4.0,4140,15280,1975,49,624116.66,2023-06-09,1040,150.75,528161.78,2024,10563.24,Charles Gonzalez,True,TX-BE-37237,115.36,Under-assessed
P-102209,12209,"5953 Heritage Ln, Apt 26B, Baltimore, MD 30842",5953 Heritage Ln,Apt 26B,Baltimore,MD,30842,Baltimore,35.042381,-130.907863,Condo,4,4.5,2576,7597,2000,24,959871.51,2017-07-23,3187,372.62,861341.74,2024,9409.03,Timothy Lopez,False,MD-BA-72245,253.54,Under-assessed
P-102211,12211,"6564 Lakeshore Dr, Apt 26E, Manhattan, NY 73886",6564 Lakeshore Dr,Apt 26E,Manhattan,NY,73886,New York,36.613369,-136.068454,Condo,6,5.0,5264,9661,1996,28,691737.4,2024-05-11,703,131.41,730826.83,2023,16078.19,Paul Young,True,NY-NE-75255,351.08,Within band
P-102212,12212,"1467 Cedar Ln, Detroit, MI 48609",1467 Cedar Ln,,Detroit,MI,48609,Wayne,21.477318,-123.992218,Single Family,5,4.0,5682,11922,1960,64,262460.0,2017-11-17,3070,46.19,232148.38,2024,2739.57,Joseph Jones,False,MI-WA-16579,152.83,Under-assessed
P-102213,12213,"399 Heritage Ln, Manhattan, NY 12646",399 Heritage Ln,,Manhattan,NY,12646,New York,27.992621,-95.720222,Single Family,4,1.5,5243,6374,1937,87,2265182.48,2017-04-05,3296,432.04,2002305.95,2024,44050.73,Patricia Lopez,True,NY-NE-67383,408.84,Under-assessed
P-102214,12214,"1733 Heritage Ln, Apt 13D, Columbia, SC 91307",1733 Heritage Ln,Apt 13D,Columbia,SC,91307,Richland,31.48493,-87.368333,Townhouse,1,1.5,5371,8803,1967,57,283040.49,2025-07-29,259,52.7,282620.63,2022,5253.1,Timothy Lee,True,SC-RI-58415,130.0,Within band
P-102215,12215,"1601 Madison Ave, Phoenix, AZ 72540",1601 Madison Ave,,Phoenix,AZ,72540,Maricopa,22.524726,-152.970029,Single Family,6,4.5,2854,12147,1944,80,191974.9,2021-03-23,1848,67.27,174282.14,2022,3071.36,Joseph Smith,True,AZ-MA-23586,130.0,Under-assessed
P-102216,12216,"3591 Lakeshore Dr, Portland, OR 37928",3591 Lakeshore Dr,,Portland,OR,37928,Multnomah,27.255281,-105.185874,Single Family,1,1.0,1400,12222,1957,67,978816.88,2021-08-23,1695,699.15,829004.47,2024,12765.81,William Hernandez,False,OR-MU-98770,291.42,Under-assessed
P-102217,12217,"354 Main St, Apt 27D, Durham, NC 64516",354 Main St,Apt 27D,Durham,NC,64516,Durham,23.049656,-111.393019,Townhouse,3,4.0,3900,4768,1941,83,834128.87,2022-10-09,1283,213.88,881300.34,2023,9689.56,Andrew Campbell,True,NC-DU-46273,129.09,Within band
P-102219,12219,"8200 Orchard Ln, Apt 13E, Tacoma, WA 89554",8200 Orchard Ln,Apt 13E,Tacoma,WA,89554,Pierce,32.581066,-152.67737,Townhouse,3,5.0,3322,9482,1939,85,1416313.97,2022-05-11,1434,426.34,1136548.02,2023,11399.23,Lisa Sanchez,False,WA-PI-17457,380.09,Under-assessed
P-102220,12220,"8295 Willow Way, Apt 18A, Durham, NC 24369",8295 Willow Way,Apt 18A,Durham,NC,24369,Durham,41.67955,-90.872912,Townhouse,7,3.0,1467,9957,1940,84,508941.45,2020-09-08,2044,346.93,423852.07,2022,4917.24,Emily Miller,True,NC-DU-58377,129.09,Under-assessed
P-102222,12222,"4671 Lake Dr, Aurora, CO 91806",4671 Lake Dr,,Aurora,CO,91806,Arapahoe,46.782435,-134.32981,Single Family,6,4.0,4644,14952,1922,102,936041.76,2025-08-08,249,201.56,945395.92,2022,8298.28,Linda Anderson,True,CO-AR-77082,215.23,Within band
P-102223,12223,"2996 Willow Way, Pittsburgh, PA 76826",2996 Willow Way,,Pittsburgh,PA,76826,Allegheny,27.679761,-103.284125,Single Family,1,3.0,1771,5945,1928,96,440564.84,2019-12-19,2308,248.77,440382.07,2022,5081.02,James Lewis,False,PA-AL-96437,120.29,Within band
P-102224,12224,"1387 Harbor View Blvd, Salt Lake City, UT 95639",1387 Harbor View Blvd,,Salt Lake City,UT,95639,Salt Lake,21.281156,-119.661891,Single Family,3,2.5,4089,9986,1993,31,488478.08,2018-10-01,2752,119.46,527344.2,2024,8953.7,Ashley Sanchez,True,UT-SA-23732,109.86,Within band
P-102225,12225,"5226 Adams St, Apt 1D, San Diego, CA 25925",5226 Adams St,Apt 1D,San Diego,CA,25925,San Diego,43.936983,-88.841751,Townhouse,1,1.0,4649,11733,1921,103,694999.9,2016-12-15,3407,149.49,737542.92,2023,12607.02,Linda Rivera,False,CA-SA-10782,453.55,Within band
P-102226,12226,"9170 Adams St, Apt 24B, Rockville, MD 33464",9170 Adams St,Apt 24B,Rockville,MD,33464,Montgomery,34.43295,-72.269078,Townhouse,4,4.0,1440,10114,2000,24,813473.07,2020-11-11,1980,564.91,768460.02,2022,10144.92,Dorothy Rodriguez,False,MD-MO-89182,298.14,Within band
