tree
version=v4
num_class=1
num_tree_per_iteration=1
label_index=0
max_feature_idx=12
objective=regression
feature_names=state city county property_type owner_occupied sqft lot_size_sqft bedrooms bathrooms year_built sqft_per_bedroom state_x_sqft building_age
feature_infos=[484765.24063264963:1894412.0233550279] [586354.29639745364:1506282.8259457757] [559186.95352077205:1506282.8259457757] -1:2:0:3:1 -1:1:0 [605:6498] [813:18413] [1:7] [1:5] [1920:2023] [87:6435] [325609974.19757974:12182963722.196184] [1:104]
tree_sizes=1490 1759 1497 1934 1674 1792 2014 1941 1684 1940 1777 1951 1944 1853 1944 1611 1799 1604 1801 1780 1685 1690 1705 1423 1344 1867 2051 1978 1608 1597 1433 1630 1357 1969 1529 2070 2043 1612 1362 1437 1789 1720 1793 1816 1615 1383 1649 1901 1818 1380 1961 1367 1478 1280 1544 1823 1369 1650 1288 1108 1959 1539 2158 2237 2138 1619 1543 1453 1708 1735 2300 1195 1192 1983 1195 1287 1194 1215 1269 1108 1642 1388 1377 1557 1197 1377 1289 1379 1297 1292 1107 1112 2053 1114 1372 1794 1548 1466 1905 1476 1105 1369 1034 1283 1029 1380 1054 1377 940 1894 1371 1283 1459 1300 1127 1212 769 1552 1292 1110 1988 2068 1720 1715 2168 1038 1287 1288 1300 1115 1964 2052 1727 1811 1626 1281 1196 1196 1375 1041 1290 1292 855 1291 1046 943 1027 1630 1280 1637 858 769 1979 857 934 1711 1732 1808 1629 1897 1991 1723 1626 1289 1552 771 1878 1720 1628 1636 1636 1550 1552 1547 1811 1622 1372 1456 1391 1367 1636 1291 1395 1115 1292 1874 1281 1034 1540 1282 1391 1197 1828 1974 1634 1284 1214 1629 1117 1479 1646 1467 1555 1114 1383 1110 1107 1456 1026 1798 1206 1288 1546 1198 1550 1700 1976 1357 1277 1636 1286 1458 1714 1365 1456 1459 1482 1457 1285 1281 1306 1658 1281 1454 1567 1480 1566 1377 1468 1575 1034 942 1561 1807 1728 1543 1645 1298 1452 1373 2148 1632 1478 1915 2257 1642 1545 1202 1194 1122 1646 1802 1717 1651 1649 1223 1027 1138 940 1047 1460 1112 1110 2154 1023 1115 1114 1115 1113 1115 1894 1552 1635 1371 1367 1285 1572 1553 1378 1548 1309 1463 1725 1023 1559 1199 1290 867 1471 1134 1374 1727 1287 2000 1918 1022 1635 1634 1112 1113 1563 1561 1109 1547 1199 1102 1110 1653 1104 1377 1878 1710 1376 1917 1544 1725 2052 1454 1741 1542 1720 1123 1283 1811 1640 1978 1212 1638 1738 1730 1192 1289 1110 1197 1895 1480 1366 1572 1479 1567 1372 1630 1744 942 1483 2320 1652 1206 1383 2169 1131 943 1027 1284 1380 1561 1568 1746 1461 1573 1809 1897 1720 1022 1024 1734 1032 1287 1630 1642 1734 1380 1741 1741 1655 1205 1557 1373 1039 1124 1651 1370 1565 1715 1282 855 854 1636 1030 1026 1553 1716 1741 1717 1634 1725 1832 1035 1552 1458 1469 1206 1217 1205 1221 1386 1391 1388 1898 1199 1547 857 1548 1554 1032 1887 1802 1814 1826 1991 1634 1031 1200 1396 777 1895 1115 1801 1635 1638 1113 1207 1115 1283 1026 1993 1310 1719 1545 1026 1370 1638 1291 1740 1287 1971 1636 1372 1915 1891 1656 1463 1635 1479 1471 1466 1373 1465 1399 1282 1633 1458 1558 1188 1462 1554 1983 1551 1980 1563 1110 1200 1373 859 1282 1308 1803 1459 1818 1459 1742 1286 1918 1223 1639 1811 1902 1743 1558 1397

Tree=0
num_leaves=17
num_cat=0
split_feature=1 1 11 5 2 6 1 10 10 10 11 11 6 6 2 12
split_gain=254.163 23.5345 11.1368 9.67335 4.66031 1.96565 2.19074 1.80869 1.78775 0.985513 0.814052 0.903317 0.607448 0.43506 0.238482 0.115262
threshold=951927.9020734959 784289.86309009197 5072645352.3642015 4282.0000000000009 617762.19423717959 3861.5000000000005 729326.24648517405 812.78571428571433 2129.7500000000005 1145.7000000000003 3195248590.6646457 2870908979.6163955 7995.0000000000009 14450.500000000002 653356.44379716844 51.500000000000007
decision_type=2 2 2 2 2 2 2 2 2 2 2 2 2 2 2 2
left_child=1 3 -2 4 -1 -6 -7 -4 9 -9 11 14 -3 15 -5 -12
right_child=2 12 7 10 5 6 -8 8 -10 -11 13 -13 -14 -15 -16 -17
leaf_value=13.354234508403874 13.407673169184864 13.39710728443251 13.442201162993355 13.374768320267492 13.359265050011222 13.36768025479426 13.379364016769324 13.432037432369698 13.438119373839369 13.421320951094266 13.379931909731505 13.370187197016483 13.390064879926971 13.384417766212486 13.379290273090763 13.376182730936883
leaf_weight=74 48 50 55 49 60 370 45 45 61 41 41 66 79 40 72 41
leaf_count=74 48 50 55 49 60 370 45 45 61 41 41 66 79 40 72 41
internal_value=13.3843 13.3729 13.4293 13.3699 13.3659 13.3677 13.3689 13.4345 13.4316 13.4269 13.377 13.3749 13.3928 13.3801 13.3775 13.3781
internal_weight=1237 987 250 858 549 475 415 202 147 86 309 187 129 122 121 82
internal_count=1237 987 250 858 549 475 415 202 147 86 309 187 129 122 121 82
is_linear=0
shrinkage=1


Tree=1
num_leaves=19
num_cat=0
split_feature=1 1 5 11 2 8 11 6 1 12 6 7 6 7 7 5 1 6
split_gain=229.382 21.2399 10.0689 8.80791 4.55707 1.72871 1.66335 1.36813 2.62449 1.80935 1.09057 1.65391 0.878243 0.661309 0.609161 0.586375 0.812568 0.410726
threshold=951927.9020734959 784289.86309009197 2758.0000000000005 1770012295.4695528 617762.19423717959 2.2500000000000004 3195248590.6646457 6751.5000000000009 692237.45421809389 75.500000000000014 9254.0000000000018 4.5000000000000009 10070.500000000002 2.5000000000000004 5.5000000000000009 5037.0000000000009 818708.30222684063 10661.000000000002
decision_type=2 2 2 2 2 2 2 2 2 2 2 2 2 2 2 2 2 2
left_child=1 3 -2 4 -1 -4 12 8 -6 -9 -7 -12 14 -14 -5 16 -3 -8
right_child=2 15 5 6 7 10 17 9 -10 -11 11 -13 13 -15 -16 -17 -18 -19
leaf_value=-0.030819651466749965 0.020433813291601838 0.0060429202782553296 0.041842737926968507 -0.0096537007647831078 -0.025786159665289299 0.045423184759914879 -0.0068976892098993525 -0.010829260288970546 -0.012054314328162917 -0.022463273113528484 0.047797207401267125 0.0619144171703516 -0.0074888457422671115 -0.014485886575210489 -0.0031693778686328897 0.003695990457781591 0.015603444777915013 -0.00099588916039195017
leaf_weight=63 40 43 77 110 81 50 49 150 61 43 42 41 46 127 54 40 46 74
leaf_count=63 40 43 77 110 81 50 49 150 61 43 42 41 46 127 54 40 46 74
internal_value=0.00064426 -0.0101919 0.0434255 -0.013036 -0.0184823 0.0478049 -0.00832376 -0.0161621 -0.0198873 -0.0134213 0.0512566 0.0547708 -0.0101402 -0.0126254 -0.00751862 0.00872437 0.0109843 -0.00334701
internal_weight=1237 987 250 858 398 210 460 335 142 193 133 83 337 173 164 129 89 123
internal_count=1237 987 250 858 398 210 460 335 142 193 133 83 337 173 164 129 89 123
is_linear=0
shrinkage=0.05


Tree=2
num_leaves=16
num_cat=0
split_feature=1 1 5 5 2 6 1 8 6 7 5 7 8 6 2
split_gain=207.017 19.169 9.08719 8.00067 3.769 1.66802 1.93902 1.56016 0.984243 1.49266 0.612507 0.647092 0.609696 0.533566 0.437166
threshold=951927.9020734959 784289.86309009197 2758.0000000000005 4282.0000000000009 617762.19423717959 3861.5000000000005 729326.24648517405 2.2500000000000004 9254.0000000000018 4.5000000000000009 5717.0000000000009 5.5000000000000009 1.7500000000000002 7995.0000000000009 677772.907508748
decision_type=2 2 2 2 2 2 2 2 2 2 2 2 2 2 2
left_child=1 3 -2 4 -1 -6 -7 -4 -9 -10 11 12 -5 -3 -12
right_child=2 13 7 10 5 6 -8 8 9 -11 14 -13 -14 -15 -16
leaf_value=-0.026502556026821986 0.019412122620269659 0.012330165420193225 0.039750601013807896 -0.004426336906617508 -0.02216370520570005 -0.014436575839472179 -0.0034445441943696804 0.043152024935930969 0.04540734732789653 0.058818696566471242 -0.0058978313239864437 -0.0031964986464507617 -0.011796636145160673 0.0057299146086826356 0.00018930332390246568
leaf_weight=74 40 50 77 40 60 370 45 50 42 41 65 56 94 79 54
leaf_count=74 40 50 77 40 60 370 45 50 42 41 65 56 94 79 54
internal_value=0.000612047 -0.00968233 0.0412542 -0.0123842 -0.0160065 -0.0143713 -0.0132447 0.0454146 0.0486938 0.0520322 -0.00594847 -0.00771022 -0.00959655 0.00828815 -0.0031356
internal_weight=1237 987 250 858 549 475 415 210 133 83 309 190 134 129 119
internal_count=1237 987 250 858 549 475 415 210 133 83 309 190 134 129 119
is_linear=0
shrinkage=0.05


Tree=3
num_leaves=21
num_cat=0
split_feature=0 0 11 11 0 7 12 6 10 10 11 1 6 12 6 1 5 1 6 12
split_gain=186.833 17.3 8.37062 7.28781 4.07296 1.66763 1.58158 1.8045 1.43968 1.68582 1.34155 0.892567 0.775055 0.764426 0.629291 0.524128 0.517381 0.731404 0.380271 0.107946
threshold=1016533.7795992012 789839.57885184966 5072645352.3642015 1770012295.4695528 541721.52379552484 4.5000000000000009 87.500000000000014 12113.000000000002 812.78571428571433 2129.7500000000005 3195248590.6646457 1340804.1441143008 10070.500000000002 52.500000000000007 13138.500000000002 707133.77038150944 5037.0000000000009 818708.30222684063 14450.500000000002 51.500000000000007
decision_type=2 2 2 2 2 2 2 2 2 2 2 2 2 2 2 2 2 2 2 2
left_child=1 3 -2 4 5 13 7 -6 -4 11 12 -10 15 -1 -14 -5 17 -3 19 -12
right_child=2 16 8 10 6 -7 -8 -9 9 -11 18 -13 14 -15 -16 -17 -18 -19 -20 -21
leaf_value=-0.014462613882496953 0.020422832376789303 0.0053084591013747599 0.050552292094904597 -0.0049621210033304929 -0.0091034132364256944 -0.031000784384086728 -0.021492927701151729 -0.020868325300980359 0.031583226605487819 0.047427149400970002 -0.003114118968511409 0.041773563929434335 -0.014695946276970063 -0.023913617395168254 -0.0086476610595440512 -0.011388757991669484 0.0031504427851177757 0.014378945090119605 0.00099557554582133893 -0.0067207078554756237
leaf_weight=40 48 43 55 121 176 50 46 40 44 61 41 42 80 46 93 43 40 46 40 42
leaf_count=40 48 43 55 121 176 50 46 40 44 61 41 42 80 46 93 43 40 46 40 42
internal_value=0.000581445 -0.00919821 0.0391915 -0.011765 -0.016719 -0.0237395 -0.0130748 -0.0112821 0.0436514 0.0410694 -0.00747862 0.0365599 -0.00910992 -0.0195178 -0.0114446 -0.00664715 0.00787374 0.00999658 -0.00300915 -0.00493914
internal_weight=1237 987 250 858 398 136 262 216 202 147 460 86 337 86 173 164 129 89 123 83
internal_count=1237 987 250 858 398 136 262 216 202 147 460 86 337 86 173 164 129 89 123 83
is_linear=0
shrinkage=0.05


Tree=4
num_leaves=18
num_cat=0
split_feature=0 0 5 5 0 6 9 9 10 10 10 2 5 7 6 2 5
split_gain=168.617 15.6132 7.47616 6.61302 3.94511 2.32797 1.88824 1.45993 1.37153 1.23383 1.42366 1.26754 0.50316 0.575257 0.468623 0.386808 0.34435
threshold=1016533.7795992012 789839.57885184966 2758.0000000000005 4282.0000000000009 541721.52379552484 4898.0000000000009 1972.5000000000002 1934.5000000000002 885.64285714285722 738.42857142857144 2129.7500000000005 1358861.9073826324 5717.0000000000009 5.5000000000000009 7995.0000000000009 677772.907508748 5079.5000000000009
decision_type=2 2 2 2 2 2 2 2 2 2 2 2 2 2 2 2 2
left_child=1 3 -2 4 5 -1 -7 -6 -9 -4 11 -11 13 16 -3 -14 -5
right_child=2 14 9 12 7 6 -8 8 -10 10 -12 -13 15 -15 -16 -17 -18
leaf_value=-0.030870979985352171 0.017420374902430921 0.011268105141818524 0.048242113318132322 -0.0063489376984459042 -0.018800531245457632 -0.023616245256796963 -0.0113729494943982 -0.0081424599661671405 -0.015264584880907895 0.030680434995641312 0.044951045682894125 0.042005777507576919 -0.0053744983787999863 -0.0026666271458712539 0.0050825567832039793 0.00035132282991307202 -0.011432409039398114
leaf_weight=43 40 50 46 72 60 62 64 223 97 60 62 42 65 56 79 54 62
leaf_count=43 40 50 46 72 60 62 64 223 97 60 62 42 65 56 79 54 62
internal_value=0.000552373 -0.0087383 0.0372319 -0.0111767 -0.0144699 -0.0208256 -0.0173974 -0.0116433 -0.0103014 0.0410056 0.0389758 0.0353438 -0.00532568 -0.00692244 0.00748006 -0.00277623 -0.00870099
internal_weight=1237 987 250 858 549 169 126 380 320 210 164 102 309 190 129 119 134
internal_count=1237 987 250 858 549 169 126 380 320 210 164 102 309 190 129 119 134
is_linear=0
shrinkage=0.05


Tree=5
num_leaves=19
num_cat=1
split_feature=1 11 11 1 0 1 0 5 7 7 5 3 8 9 7 9 11 5
split_gain=145.809 10.0191 7.76264 4.79076 3.60623 3.21715 1.98387 1.29535 1.11967 1.05922 1.01255 0.832581 1.40197 0.664233 0.594317 0.571633 0.432907 0.000644345
threshold=884681.24447337526 2126144680.6708434 5072645352.3642015 617762.19423717959 711056.75921601092 737853.27408856654 1803305.4158322734 4743.0000000000009 4.5000000000000009 6.5000000000000009 3975.0000000000005 0 4.2500000000000009 1975.5000000000002 5.5000000000000009 1953.5000000000002 3095457222.089829 5322.5000000000009
decision_type=2 2 2 2 2 2 2 2 2 2 2 1 2 2 2 2 2 2
left_child=1 3 -2 -1 9 11 7 -4 -8 13 -7 15 14 -5 -13 -3 -17 -12
right_child=2 5 6 4 -6 10 8 -9 -10 -11 17 12 -14 -15 -16 16 -18 -19
leaf_value=-0.028799569131418443 0.018343888883828187 -0.0076311452200124967 0.038527501366880476 -0.016547691627541404 0.002144807290751487 0.0093154280446469794 0.038286366619825089 0.026482833581181559 0.048781724911532369 -0.0069484127290054881 1.4159348793327809e-05 -0.0086660400180706889 -0.016462846619232668 -0.012313797521826359 -0.0016664755719506905 -0.0035881980674532365 0.0025701791881066229 -0.00026964176620822403
leaf_weight=48 64 51 49 192 40 44 54 41 48 53 40 93 46 179 45 78 45 40
leaf_count=48 64 51 49 192 40 44 54 41 48 53 40 93 46 179 45 78 45 40
internal_value=-0.000225212 -0.0088915 0.0334244 -0.0137621 -0.0122065 -0.00371779 0.0384512 0.0330405 0.0432254 -0.0135604 0.00322306 -0.00612188 -0.00844445 -0.0145049 -0.00638357 -0.00300766 -0.00133513 -0.000127741
internal_weight=1250 994 256 512 464 482 192 90 102 424 124 358 184 371 138 174 123 80
internal_count=1250 994 256 512 464 482 192 90 102 424 124 358 184 371 138 174 123 80
cat_boundaries=0 1
cat_threshold=9
is_linear=0
shrinkage=0.05


Tree=6
num_leaves=22
num_cat=0
split_feature=1 1 11 11 0 0 1 11 1 7 11 9 6 1 6 11 9 7 9 1 7
split_gain=131.592 9.16034 7.36416 7.00578 2.88963 1.79044 1.57145 1.34181 1.03316 1.0105 0.988738 1.21862 0.897551 0.743574 0.699217 0.619069 0.574288 0.487684 1.00738 0.63236 0.450844
threshold=884681.24447337526 737853.27408856654 1439639600.1146455 5072645352.3642015 541721.52379552484 1803305.4158322734 625043.21099097666 908288178.88251531 806015.1151934301 4.5000000000000009 2126144680.6708434 1994.5000000000002 7931.0000000000009 677772.907508748 9846.5000000000018 638236379.39709759 1972.5000000000002 5.5000000000000009 1957.5000000000002 677772.907508748 4.5000000000000009
decision_type=2 2 2 2 2 2 2 2 2 2 2 2 2 2 2 2 2 2 2 2 2
left_child=1 2 4 -2 6 16 -1 15 14 -7 11 13 -10 -4 -3 -6 -5 19 -19 -12 -9
right_child=3 8 10 5 7 9 -8 20 12 -11 17 -13 -14 -15 -16 -17 -18 18 -20 -21 -22
leaf_value=-0.031747311471207511 0.017426694140067412 -0.0064048388493784638 -0.0098604292963587123 0.027568147693849868 -0.013285566615157349 0.036372048437112461 -0.018567218966972162 -0.0203023104055319 0.010566344674734865 0.046342638911058505 -0.0098888119376144903 -0.0038975012282511066 0.00098959943020923268 -0.018120859769017748 0.0023881832192273579 -0.0046983402216716147 0.035564153715101791 -0.0089451839333822471 0.00091958574556673953 -0.0048177434569092615 -0.01372765422281292
leaf_weight=42 64 52 63 47 43 54 49 62 40 48 109 48 63 48 40 41 43 43 65 141 45
leaf_count=42 64 52 63 47 43 54 49 62 40 48 109 48 63 48 40 41 43 43 65 141 45
internal_value=-0.000213951 -0.00844693 -0.0108182 0.0317532 -0.0173177 0.0365286 -0.0246503 -0.0138241 0.0012691 0.0410641 -0.007273 -0.010554 0.00470872 -0.0134325 -0.00258179 -0.00909418 0.0313885 -0.00581579 -0.00300805 -0.00702873 -0.0175373
internal_weight=1250 994 799 256 282 192 91 191 195 102 517 159 103 111 92 84 90 358 108 250 107
internal_count=1250 994 799 256 282 192 91 191 195 102 517 159 103 111 92 84 90 358 108 250 107
is_linear=0
shrinkage=0.05


Tree=7
num_leaves=21
num_cat=0
split_feature=1 1 11 11 2 0 5 5 12 2 5 5 7 1 11 11 12 6 5 12
split_gain=118.762 8.26721 6.64616 6.32272 3.4929 1.61587 1.17422 1.14697 1.53543 1.10366 1.08122 1.26928 0.911977 0.648554 0.628836 0.540141 0.504317 0.498163 0.856856 0.156346
threshold=884681.24447337526 737853.27408856654 1439639600.1146455 5072645352.3642015 617762.19423717959 1803305.4158322734 4743.0000000000009 4426.5000000000009 31.500000000000004 806015.1151934301 1645.5000000000002 1028.5000000000002 4.5000000000000009 704990.47259519773 3072763035.5788369 2017585869.795994 36.500000000000007 10223.500000000002 5743.5000000000009 41.500000000000007
decision_type=2 2 2 2 2 2 2 2 2 2 2 2 2 2 2 2 2 2 2 2
left_child=1 2 4 -2 -1 6 -5 8 -4 15 11 -6 -7 -10 -11 -3 -12 19 -19 -9
right_child=3 9 7 5 10 12 -8 17 13 14 16 -13 -14 -15 -16 -17 -18 18 -20 -21
leaf_value=-0.028738207767795149 0.016555359448830131 -0.0068019498423914568 -0.0034314779934162898 0.035043217753041159 -0.017327838882338256 0.034553445948943218 0.023575509405445037 0.00020076194390033684 -0.010166906477138402 0.0090581555546698535 -0.012759764458645474 -0.0061031143937297578 0.044025506572021797 -0.017167037814959055 0.00077300396379689838 0.00059502754555714713 -0.01939526660049834 -0.0097707664865249021 -0.0024972292433182402 -0.0036454268774832599
leaf_weight=48 64 41 75 49 40 54 41 45 125 49 44 68 48 45 43 62 82 88 75 64
leaf_count=48 64 41 75 49 40 54 41 45 125 49 44 68 48 45 43 62 82 88 75 64
internal_value=-0.000203253 -0.00802458 -0.0102773 0.0301655 -0.0164518 0.0347022 0.029819 -0.00690935 -0.00939078 0.00120564 -0.0139315 -0.0102604 0.0390109 -0.0120199 0.00518575 -0.0023494 -0.0170781 -0.00467424 -0.00642405 -0.00205755
internal_weight=1250 994 799 256 282 192 90 517 245 195 234 108 102 170 92 103 126 272 163 109
internal_count=1250 994 799 256 282 192 90 517 245 195 234 108 102 170 92 103 126 272 163 109
is_linear=0
shrinkage=0.05


Tree=8
num_leaves=18
num_cat=0
split_feature=0 1 11 11 2 2 0 11 9 11 0 0 9 10 11 1 8
split_gain=107.31 9.23276 5.99816 4.74504 3.15234 1.39664 1.0332 0.988144 0.906833 0.8751 0.853281 1.02604 0.807752 0.610971 0.487477 0.387067 0.331646
threshold=1016533.7795992012 737853.27408856654 1439639600.1146455 5072645352.3642015 617762.19423717959 806015.1151934301 1803305.4158322734 908288178.88251531 1972.5000000000002 638236379.39709759 515866.29727194307 525001.94806865673 1991.5000000000002 913.75000000000011 2017585869.795994 839126.14605876885 3.7500000000000004
decision_type=2 2 2 2 2 2 2 2 2 2 2 2 2 2 2 2 2
left_child=1 2 4 -2 -1 14 8 9 -5 -6 -4 -12 -13 -8 -3 -7 -9
right_child=3 5 10 6 7 15 13 16 -10 -11 11 12 -14 -15 -16 -17 -18
leaf_value=-0.027301297429221452 0.01632615751028061 -0.0064618527568399732 -0.012334365948545542 0.024719200138416556 -0.014330450976815293 0.0033554506018845134 0.041878110887482764 -0.018053636784070588 0.034999002956944268 -0.0051974912364837825 0.00030744868977847749 -0.0083443998835269328 -0.0035869603774183671 0.033952104636738381 0.00056527607488415896 0.0093684393770830793 -0.012760850766916638
leaf_weight=48 50 41 57 45 51 64 40 83 41 54 59 267 134 62 62 46 46
leaf_count=48 50 41 57 45 51 64 40 83 41 54 59 267 134 62 62 46 46
internal_value=-0.000193091 -0.00729758 -0.0097634 0.0300159 -0.0156292 0.00195215 0.0336568 -0.0132349 0.02962 -0.0096335 -0.00656388 -0.00584884 -0.00675463 0.0370603 -0.00223193 0.00586997 -0.0161663
internal_weight=1250 1012 799 238 282 213 188 234 86 105 517 460 401 102 103 110 129
internal_count=1250 1012 799 238 282 213 188 234 86 105 517 460 401 102 103 110 129
is_linear=0
shrinkage=0.05


Tree=9
num_leaves=21
num_cat=0
split_feature=0 1 5 5 0 6 1 0 12 6 0 12 7 10 12 7 5 5 12 12
split_gain=96.847 8.33256 5.00654 4.5747 2.69439 1.51427 1.16493 1.0984 1.01775 0.959445 0.92553 1.00613 0.857551 1.98583 0.763053 0.683233 0.443064 0.389793 0.368359 0.270584
threshold=1016533.7795992012 737853.27408856654 3506.0000000000005 2840.0000000000005 541721.52379552484 12053.000000000002 839126.14605876885 525001.94806865673 75.500000000000014 6025.0000000000009 1803305.4158322734 51.500000000000007 5.5000000000000009 1611.2500000000002 66.500000000000014 4.5000000000000009 4508.0000000000009 4450.5000000000009 51.500000000000007 68.500000000000014
decision_type=2 2 2 2 2 2 2 2 2 2 2 2 2 2 2 2 2 2 2 2
left_child=1 2 4 -2 7 8 9 18 -6 -3 11 -5 13 17 -14 -12 -11 -4 -1 -15
right_child=3 6 12 10 5 -7 -8 -9 -10 16 15 -13 14 19 -16 -17 -18 -19 -20 -21
leaf_value=-0.012705819321251133 0.014540791834526241 -0.0065218644790611298 -0.01393433857621381 0.033752108453255561 -0.0066542488026144313 -0.017988659565647446 0.0089000171769167413 -0.026163484980352227 -0.014354178894515419 0.0047278897621600008 0.031417803229907386 0.023345441293592256 0.0016622175904584752 -0.0039936189187388428 -0.0065468769932825431 0.039783207975004037 -0.0013136415992740472 -0.0086697488150795001 -0.019329805348371698 0.00079469756591458648
leaf_weight=41 47 43 61 45 165 54 46 40 58 71 52 48 69 94 48 46 53 83 43 43
leaf_count=41 47 43 61 45 165 54 46 40 58 71 52 48 69 94 48 46 53 83 43 43
internal_value=-0.000183436 -0.0069327 -0.00927523 0.0285151 -0.0132183 -0.0104761 0.00185454 -0.019344 -0.00865692 -8.61258e-05 0.0319538 0.0283809 -0.00530243 -0.00680004 -0.00170562 0.0353444 0.00214562 -0.0108999 -0.0160967 -0.00249072
internal_weight=1250 1012 799 238 401 277 213 124 223 167 191 93 398 281 117 98 124 144 84 137
internal_count=1250 1012 799 238 401 277 213 124 223 167 191 93 398 281 117 98 124 144 84 137
is_linear=0
shrinkage=0.05


Tree=10
num_leaves=19
num_cat=0
split_feature=0 0 11 0 5 10 2 9 11 9 2 9 2 7 9 0 2 11
split_gain=90.0322 9.08621 5.55822 4.40749 3.54316 3.29678 1.92028 1.04308 0.974007 0.959576 0.95458 0.93651 0.661709 0.527603 0.502917 0.495455 0.664665 0.421936
threshold=1016533.7795992012 789839.57885184966 2126144680.6708434 541721.52379552484 2775.5000000000005 387.32142857142861 717191.12107633066 1973.5000000000002 8532879060.3654881 1954.5000000000002 1340804.1441143008 1976.5000000000002 819559.94338626799 5.5000000000000009 1951.5000000000002 578820.51469827525 679627.29004813975 1567205604.7806945
decision_type=2 2 2 2 2 2 2 2 2 2 2 2 2 2 2 2 2 2
left_child=1 2 3 5 -2 -1 7 -5 10 -3 -6 -10 -11 15 -15 16 -4 -7
right_child=4 9 13 6 8 17 -8 -9 11 12 -12 -13 -14 14 -16 -17 -18 -19
leaf_value=-0.031133620847355239 0.014623298421502113 -0.0011989809339866043 -0.0076083744899583389 -0.014632168129615134 0.028814507165440807 -0.017840746332020051 -0.0019109789436460353 -0.0081202986058703953 0.031195854478412208 0.0038471507507243327 0.038353201703113675 0.020681092991144397 0.012399818881281785 -0.0062607093912935485 0.00061017015281035318 -0.010610083518032399 -0.0020866709933274451 -0.011764876932380194
leaf_weight=44 45 44 109 122 54 62 69 124 45 49 51 40 42 41 76 45 109 53
leaf_count=44 45 44 109 122 54 62 69 124 45 49 51 40 42 41 76 45 109 53
internal_value=-0.000580329 -0.00719052 -0.00909599 -0.0127077 0.0272387 -0.019494 -0.00928222 -0.0113498 0.0302266 0.00486332 0.0334476 0.0262477 0.00779454 -0.00459087 -0.00179757 -0.00583351 -0.00484752 -0.0150406
internal_weight=1224 989 854 474 235 159 315 246 190 135 105 85 91 380 117 263 218 115
internal_count=1224 989 854 474 235 159 315 246 190 135 105 85 91 380 117 263 218 115
is_linear=0
shrinkage=0.05


Tree=11
num_leaves=21
num_cat=0
split_feature=1 1 11 5 2 7 7 10 10 1 5 1 11 10 11 1 10 2 6 5
split_gain=81.4038 10.1913 5.27939 3.1702 2.88969 3.13029 0.990463 1.07563 0.903454 0.894648 0.820116 0.866988 0.799937 0.70951 0.64902 0.741907 0.523476 0.331093 0.267004 0.226876
threshold=1039118.2229434258 737853.27408856654 1770012295.4695528 2775.5000000000005 675981.14024048846 4.5000000000000009 5.5000000000000009 1611.2500000000002 623.75000000000011 839126.14605876885 1930.5000000000002 696594.67995976855 2126144680.6708434 642.91666666666686 8532879060.3654881 1340804.1441143008 1046.2500000000002 683814.34909850836 9047.5000000000018 5403.0000000000009
decision_type=2 2 2 2 2 2 2 2 2 2 2 2 2 2 2 2 2 2 2 2
left_child=1 2 4 -2 5 8 7 12 -1 13 11 -6 -4 -3 15 -5 -15 -8 -12 -9
right_child=3 9 6 14 10 -7 17 19 -10 -11 18 -13 -14 16 -16 -17 -18 -19 -20 -21
leaf_value=-0.0072771534545435796 0.014581428295721047 0.0058584878174588089 -0.015353852585255307 0.027948105191955199 -0.011263062716239974 -0.026605568896975719 0.00033810509972878404 -0.0056505079419972995 -0.01652857568114996 0.0081330972552920381 -0.015488198920237749 -0.0015185332937398925 -0.007621461659411956 -0.0058805453404784207 0.026104561413805457 0.036435541525190955 0.0013683101529199067 -0.0049607737141908435 -0.0098438662057742481 -0.0015799012199257973
leaf_weight=42 44 50 47 52 42 69 74 78 71 60 44 50 116 40 78 51 66 49 40 61
leaf_count=42 44 50 47 52 42 69 74 78 71 60 44 50 116 40 78 51 66 49 40 61
internal_value=-0.000551313 -0.00667073 -0.00932319 0.0266189 -0.0137965 -0.018214 -0.00555504 -0.00709548 -0.01309 0.00294443 -0.00922847 -0.00596712 -0.00985105 0.000948789 0.0295451 0.0321506 -0.00136711 -0.00177283 -0.0128004 -0.00386413
internal_weight=1224 999 783 225 358 182 425 302 113 216 176 92 163 156 181 103 106 123 84 139
internal_count=1224 999 783 225 358 182 425 302 113 216 176 92 163 156 181 103 106 123 84 139
is_linear=0
shrinkage=0.05


Tree=12
num_leaves=21
num_cat=0
split_feature=0 0 11 0 5 10 9 10 9 11 9 9 8 0 6 6 6 11 10 0
split_gain=73.3448 7.4607 4.51877 3.74633 2.90092 2.89332 0.858865 0.839706 1.10081 0.790545 0.847314 0.765488 0.640071 0.556176 0.4482 0.429694 0.754484 0.434681 0.371982 0.340625
threshold=1016533.7795992012 789839.57885184966 2126144680.6708434 541721.52379552484 2775.5000000000005 387.32142857142861 1954.5000000000002 781.08333333333337 1948.5000000000002 8532879060.3654881 1976.5000000000002 1958.5000000000002 2.7500000000000004 841881.29408001842 6848.5000000000009 14085.000000000002 10070.500000000002 3195248590.6646457 1014.2000000000002 578820.51469827525
decision_type=2 2 2 2 2 2 2 2 2 2 2 2 2 2 2 2 2 2 2 2
left_child=1 2 3 5 -2 -1 -3 8 -5 11 -11 -6 -9 -8 -7 16 19 -17 -18 -4
right_child=4 6 15 7 9 14 13 12 -10 10 -12 -13 -14 -15 -16 17 18 -19 -20 -21
leaf_value=-0.028633927153846758 0.01317022694895665 -0.0013027800490487029 -0.0016119850177613157 -0.012039235629367108 0.024856676904075756 -0.017831954755820334 0.0032536034834467703 -0.016227260032402619 -0.0043286956008148176 0.02841070716165834 0.018409203191986308 0.033607563219266015 -0.0079679538806279506 0.011071891305745459 -0.011278140441204112 -0.0041675320496274669 -0.0044861914060840549 0.0026341722233266369 -0.010263005772446234 -0.0068744076484041974
leaf_weight=44 45 44 123 66 41 40 45 49 155 45 40 64 45 46 75 55 44 41 76 41
leaf_count=44 45 44 123 66 41 40 45 49 155 45 40 64 45 46 75 55 44 41 76 41
internal_value=-0.000523747 -0.00648997 -0.00821661 -0.0114731 0.0245852 -0.0177298 0.00443257 -0.00831502 -0.00663139 0.0272887 0.0237041 0.0301906 -0.0122733 0.00720571 -0.0135577 -0.00415452 -0.00513206 -0.00126264 -0.00814484 -0.00292759
internal_weight=1224 989 854 474 235 159 135 315 221 190 85 105 94 91 115 380 284 96 120 164
internal_count=1224 989 854 474 235 159 135 315 221 190 85 105 94 91 115 380 284 96 120 164
is_linear=0
shrinkage=0.05


Tree=13
num_leaves=20
num_cat=0
split_feature=1 1 11 0 5 2 9 9 2 1 11 1 1 5 9 11 5 5 9
split_gain=66.4876 8.41769 4.37516 3.43653 2.60862 1.01486 1.3195 0.730405 1.62656 0.571881 0.571518 0.591197 0.559419 0.545821 0.639328 0.432882 0.975716 0.176155 0.142813
threshold=1039118.2229434258 737853.27408856654 1770012295.4695528 541721.52379552484 2840.0000000000005 696594.67995976855 1973.5000000000002 1954.5000000000002 760862.6221296686 839126.14605876885 8532879060.3654881 1340804.1441143008 623959.94523397705 4282.0000000000009 1978.5000000000002 2870908979.6163955 5864.5000000000009 4916.5000000000009 1975.5000000000002
decision_type=2 2 2 2 2 2 2 2 2 2 2 2 2 2 2 2 2 2 2
left_child=1 2 3 12 -2 6 -5 -3 -9 -10 11 -6 -1 14 -4 17 -17 -15 -14
right_child=4 7 13 5 10 -7 -8 8 9 -11 -12 -13 18 15 -16 16 -18 -19 -20
leaf_value=-0.023901301629043054 0.01358030095617188 -0.0012760766359666985 -0.0042610698217207471 -0.015974973560782688 0.025481694786343725 -0.0043155336873370066 -0.0067177516963476168 -0.0030127047861201895 0.0051758990026163788 0.01297752626421975 0.023616013085493485 0.03317063097655773 -0.018970122491009534 -0.0030167100005201067 -0.010835977833873283 -0.0091487258829804786 -0.0014587018823410134 0.0009902527643134817 -0.014819351540401924
leaf_weight=42 47 75 76 76 50 79 78 45 55 41 78 50 40 64 72 83 82 48 43
leaf_count=42 47 75 76 76 50 79 78 45 55 41 78 50 40 64 72 83 82 48 43
internal_value=-0.00049756 -0.00602798 -0.00843861 -0.0125109 0.0240575 -0.00892279 -0.0112863 0.00271053 0.00483107 0.00850784 0.026824 0.0293262 -0.0191991 -0.0050083 -0.00745967 -0.00369854 -0.00532702 -0.00129944 -0.0168197
internal_weight=1224 999 783 358 225 233 154 216 141 96 178 100 125 425 148 277 165 112 83
internal_count=1224 999 783 358 225 233 154 216 141 96 178 100 125 425 148 277 165 112 83
is_linear=0
shrinkage=0.05


Tree=14
num_leaves=21
num_cat=0
split_feature=1 1 5 0 7 5 2 8 7 10 10 10 5 7 6 1 10 8 2 5
split_gain=60.0051 7.59696 3.6266 2.95147 3.20279 2.35428 1.02784 1.02729 0.880861 1.12391 0.70282 2.04351 0.698794 0.518707 0.579209 0.495415 0.411001 0.259574 0.251536 0.00265397
threshold=1039118.2229434258 737853.27408856654 3060.5000000000005 541721.52379552484 4.5000000000000009 2840.0000000000005 696594.67995976855 2.2500000000000004 5.5000000000000009 1484.7500000000002 788.64285714285722 1228.3000000000002 3924.5000000000005 4.5000000000000009 11724.500000000002 1340804.1441143008 505.4285714285715 3.2500000000000004 688091.77602969261 4775.0000000000009
decision_type=2 2 2 2 2 2 2 2 2 2 2 2 2 2 2 2 2 2 2 2
left_child=1 2 3 4 -1 -2 7 -5 9 12 16 -12 -4 14 -7 -15 -3 -11 19 -10
right_child=5 10 8 6 -6 13 -8 -9 18 17 11 -13 -14 15 -16 -17 -18 -19 -20 -21
leaf_value=-0.011535052305754065 0.012901285514631806 0.0028529142244504051 -0.01348249496175765 -0.017784369878825687 -0.029115478233010934 0.026762267557904125 -0.004099757090075342 -0.0086368622211841547 0.00050311563897139418 -0.005090218490989752 -0.0078269585577428955 0.0053732036646417253 -0.0067516358348132374 0.024477554077166133 0.019031196898047595 0.032298786630559427 0.0095030314632735795 -0.00090526475760270846 -0.0044576327200047672 -7.2858870262280113e-05
leaf_weight=63 47 52 62 42 44 50 79 114 40 88 49 73 102 40 47 41 42 64 45 40
leaf_count=63 47 52 62 42 44 50 79 114 40 88 49 73 102 40 47 41 42 64 45 40
internal_value=-0.000472682 -0.00572658 -0.00801668 -0.0118807 -0.0187644 0.0228546 -0.0087465 -0.0110997 -0.00502005 -0.0064255 0.00257501 7.14992e-05 -0.00929623 0.0254828 0.0230163 0.0284364 0.00582424 -0.00332813 -0.00146707 0.000215128
internal_weight=1224 999 783 342 107 225 235 156 441 316 216 122 164 178 97 81 94 152 125 80
internal_count=1224 999 783 342 107 225 235 156 441 316 216 122 164 178 97 81 94 152 125 80
is_linear=0
shrinkage=0.05


Tree=15
num_leaves=17
num_cat=0
split_feature=1 11 11 5 5 2 10 10 11 8 1 5 10 6 7 2
split_gain=52.97 6.38704 4.40667 1.43873 1.55574 1.26585 1.15113 0.993048 0.908105 0.837722 0.886274 0.791975 0.951363 0.898052 0.458053 0.470385
threshold=825342.42637254205 5072645352.3642015 1439639600.1146455 2775.5000000000005 5541.5000000000009 625043.21099097666 885.64285714285722 1705.5000000000002 3000398075.9394231 1.2500000000000002 748446.88527358708 1994.5000000000002 228.72619047619051 9322.5000000000018 2.5000000000000004 689208.6917161406
decision_type=2 2 2 2 2 2 2 2 2 2 2 2 2 2 2 2
left_child=2 8 5 -4 9 -1 -3 -8 -2 -5 -11 12 -7 -14 -6 -16
right_child=1 6 3 4 14 11 7 -9 -10 10 -12 -13 13 -15 15 -17
leaf_value=-0.017117023266012398 0.0027988755664623837 0.027894932495859955 0.0050477774843584932 -0.00022327606292331921 -0.0047744862226292845 -0.014046330795519882 0.015263934587528638 0.023769219517959534 0.011597586477823232 -0.0079615965852639272 -0.00040024894988164309 -0.013976781931867461 -0.0026483016974431861 -0.011286198935957384 -0.0015849787686463624 0.0049100407431833448
leaf_weight=71 51 65 41 51 43 45 64 74 69 325 44 72 87 46 63 50
leaf_count=71 51 65 41 51 43 45 64 74 69 325 44 72 87 46 63 50
internal_value=-0.000460381 0.017003 -0.00647388 -0.00400197 -0.00464613 -0.0112252 0.0224088 0.0198247 0.00785813 -0.0062298 -0.00705997 -0.00955192 -0.00776209 -0.00563585 -0.000382401 0.00128892
internal_weight=1261 323 938 617 576 321 203 138 120 420 369 250 178 133 156 113
internal_count=1261 323 938 617 576 321 203 138 120 420 369 250 178 133 156 113
is_linear=0
shrinkage=0.05


Tree=16
num_leaves=19
num_cat=1
split_feature=0 0 11 11 8 2 11 8 5 2 10 10 4 6 2 10 6 5
split_gain=46.6852 5.84817 3.66397 3.40166 0.960871 1.40383 0.942186 1.05493 0.917396 1.08326 0.907282 1.11913 0.660801 0.836009 0.728996 0.54619 0.231459 0.186508
threshold=1016533.7795992012 711056.75921601092 1439639600.1146455 4596060177.9315615 2.2500000000000004 675981.14024048846 3195248590.6646457 1.2500000000000002 4788.0000000000009 819559.94338626799 885.64285714285722 2129.7500000000005 0 7250.0000000000009 679627.29004813975 797.31666666666672 12455.000000000002 4721.0000000000009
decision_type=2 2 2 2 2 2 2 2 2 2 2 2 1 2 2 2 2 2
left_child=1 2 4 -2 5 -1 7 -4 9 -3 -5 17 14 -14 -6 -9 -8 -12
right_child=3 8 6 10 12 -7 16 15 -10 -11 11 -13 13 -15 -16 -17 -18 -19
leaf_value=-0.021211720103397967 0.0058486477812615843 0.001512888080791616 0.00069295679834687103 0.026145263572430445 -0.0023069323877839801 -0.0095848837229250763 -0.0025667938610745805 -0.0039418201071439538 -0.0020808847895001665 0.011386939222175702 0.01304902570322156 0.024770698800717514 -0.0077587175596391363 -0.017197913246604409 -0.010679253358438683 -0.0079453455451247192 0.0018511121277697386 0.017847895332670307
leaf_weight=50 41 61 59 72 52 54 63 133 51 51 40 54 49 45 52 237 56 41
leaf_count=50 41 61 59 72 52 54 63 133 51 51 40 54 49 45 52 237 56 41
internal_value=-0.000437362 -0.00519754 -0.00686118 0.0190064 -0.0112832 -0.0151747 -0.00442422 -0.00551614 0.00347788 0.00600911 0.0216126 0.0191951 -0.00923922 -0.0122775 -0.00649309 -0.00650624 -0.000487779 0.0154781
internal_weight=1261 1013 850 248 302 104 548 429 163 112 207 135 198 94 104 370 119 81
internal_count=1261 1013 850 248 302 104 548 429 163 112 207 135 198 94 104 370 119 81
cat_boundaries=0 1
cat_threshold=2
is_linear=0
shrinkage=0.05


Tree=17
num_leaves=17
num_cat=0
split_feature=0 0 11 11 2 11 8 8 5 2 10 11 8 6 10 6
split_gain=42.1334 5.27797 3.30673 3.07 0.87913 0.850323 0.952076 0.836825 0.82795 0.977642 0.717035 1.14228 0.562591 0.994753 0.503284 0.208892
threshold=1016533.7795992012 711056.75921601092 1439639600.1146455 4596060177.9315615 625043.21099097666 3195248590.6646457 1.2500000000000002 1.7500000000000002 4788.0000000000009 819559.94338626799 249.95833333333334 908288178.88251531 3.7500000000000004 12148.500000000002 677.53333333333342 12455.000000000002
decision_type=2 2 2 2 2 2 2 2 2 2 2 2 2 2 2 2
left_child=1 2 4 -2 -1 6 -4 -5 9 -3 -6 -12 13 -9 -8 -7
right_child=3 8 5 7 10 15 14 12 -10 -11 11 -13 -14 -15 -16 -17
leaf_value=-0.015585041681015996 0.0055562151488053003 0.0014372437108369149 0.00065830895456217109 0.01466632747348953 -0.015220255600061358 -0.0024384543521418461 -0.0028550284616441746 0.029263891520435521 -0.0019768405395249526 0.010817592126356128 -0.002358988754924447 -0.010627595093683341 0.018761865531942295 0.018819068749435248 -0.0072033781589538708 0.0017585565236264041
leaf_weight=71 41 61 59 47 41 63 87 53 51 51 62 128 67 40 283 56
leaf_count=71 41 61 59 47 41 63 87 53 51 51 62 128 67 40 283 56
internal_value=-0.000415494 -0.00493766 -0.00651812 0.0180561 -0.0107191 -0.004203 -0.00524033 0.0205319 0.00330399 0.00570865 -0.00922346 -0.00792942 0.022255 0.0247715 -0.00618093 -0.00046339
internal_weight=1261 1013 850 248 302 548 429 207 163 112 231 190 160 93 370 119
internal_count=1261 1013 850 248 302 548 429 207 163 112 231 190 160 93 370 119
is_linear=0
shrinkage=0.05


Tree=18
num_leaves=19
num_cat=1
split_feature=1 11 11 3 9 1 11 8 10 9 10 1 11 7 10 6 10 9
split_gain=38.8954 4.79956 3.26525 1.30906 1.21706 0.93133 0.948567 1.01755 0.92208 0.90407 1.18571 0.884214 0.856618 0.831813 0.73086 0.682503 0.658873 0.183251
threshold=825342.42637254205 5072645352.3642015 1439639600.1146455 0 1974.5000000000002 737853.27408856654 3195248590.6646457 1.2500000000000002 885.64285714285722 1982.5000000000002 2129.7500000000005 688091.77602969261 3000398075.9394231 6.5000000000000009 346.05000000000007 9525.5000000000018 410.01666666666671 1977.5000000000002
decision_type=2 2 2 1 2 2 2 2 2 2 2 2 2 2 2 2 2 2
left_child=2 12 3 14 11 6 7 -4 -3 10 -10 -5 -2 -9 -1 -7 -6 -8
right_child=1 8 5 4 16 15 17 13 9 -11 -12 -13 -14 -15 -16 -17 -18 -19
leaf_value=-0.0090014301305420177 0.0017286999461551507 0.024165957232650657 0.00092959025426319361 -0.020154683532503746 -0.0045552957731370743 -0.0029010642627586743 -0.0020189249902390518 -0.0075256915556064846 0.014797033065491738 0.011311920720370527 0.026296142209321263 -0.010996356961178653 0.010274337785507459 -0.00081709119575944808 -0.00048995914823207699 0.0051791850772059085 -0.012306182458595341 0.0020304733402646924
leaf_weight=43 51 65 54 60 52 56 65 289 51 47 40 47 69 55 61 49 58 49
leaf_count=43 51 65 54 60 52 56 65 289 51 47 40 47 69 55 61 49 58 49
internal_value=-0.00039472 0.0145698 -0.00554774 -0.00963767 -0.0117918 -0.00341991 -0.00429962 -0.00545142 0.0192559 0.0169431 0.0198516 -0.0161319 0.00664244 -0.0064531 -0.00365745 0.000869719 -0.00864213 -0.000278394
internal_weight=1261 323 938 321 217 617 512 398 203 138 91 107 120 344 104 105 110 114
internal_count=1261 323 938 321 217 617 512 398 203 138 91 107 120 344 104 105 110 114
cat_boundaries=0 1
cat_threshold=1
is_linear=0
shrinkage=0.05


Tree=19
num_leaves=19
num_cat=0
split_feature=1 11 11 5 5 2 9 11 7 7 6 9 6 9 9 2 5 11
split_gain=35.1031 4.3316 2.94688 1.21591 1.16784 0.946508 0.862068 0.773097 0.758765 0.905035 0.702898 0.905159 1.0763 0.659005 0.516548 0.406719 0.338776 0.293639
threshold=825342.42637254205 5072645352.3642015 1439639600.1146455 2775.5000000000005 5541.5000000000009 625043.21099097666 1938.5000000000002 3000398075.9394231 2.5000000000000004 6.5000000000000009 3809.0000000000005 1946.5000000000002 10478.500000000002 1980.5000000000002 1966.5000000000002 706590.53824524849 4775.0000000000009 3280137197.3446631
decision_type=2 2 2 2 2 2 2 2 2 2 2 2 2 2 2 2 2 2
left_child=2 7 5 -4 8 -1 -3 -2 14 -10 -7 -12 -13 -8 -5 17 -15 -6
right_child=1 6 3 4 15 10 13 -9 9 -11 11 12 -14 16 -16 -17 -18 -19
leaf_value=-0.014250511262880664 0.0016422649096770614 0.012187663776179155 0.0050705771632038243 0.0022893627639859917 -0.0048604924515213664 -0.013292075932511818 0.023386137892559514 0.0097606211819726493 -0.0078464063954339757 -0.0013322966200683048 -0.012373524471851333 -0.0017445096552793711 -0.01070542063431016 0.020059564073259633 -0.0047504637198391977 0.0037409679914646326 0.013630043009761722 0.00039412353542589006
leaf_weight=71 51 45 41 48 46 46 76 69 247 68 49 106 49 42 57 47 40 63
leaf_count=71 51 45 41 48 46 46 76 69 247 68 49 106 49 42 57 47 40 63
internal_value=-0.000374984 0.0138413 -0.00527035 -0.00324891 -0.0038411 -0.00915579 0.0182931 0.00631032 -0.0052132 -0.00644019 -0.00770889 -0.00644993 -0.00457731 0.020032 -0.00153226 -0.00014697 0.0169232 -0.00182342
internal_weight=1261 323 938 617 576 321 203 120 420 315 250 204 155 158 105 156 82 109
internal_count=1261 323 938 617 576 321 203 120 420 315 250 204 155 158 105 156 82 109
is_linear=0
shrinkage=0.05


Tree=20
num_leaves=18
num_cat=0
split_feature=1 1 11 11 7 1 11 1 6 6 11 6 9 8 9 6 5
split_gain=33.6266 3.27492 2.03203 1.32883 1.58279 1.8047 1.08277 1.12729 0.887258 1.2664 0.685457 0.748144 0.592383 0.612666 1.09425 0.468129 0.427212
threshold=1039118.2229434258 784289.86309009197 4305681603.701848 1439639600.1146455 4.5000000000000009 695322.11860512674 666055340.75597322 673270.56667703239 7931.0000000000009 12337.500000000002 6442868026.3830194 11724.500000000002 2013.5000000000002 3.7500000000000004 1960.5000000000002 8438.5000000000018 3174.0000000000005
decision_type=2 2 2 2 2 2 2 2 2 2 2 2 2 2 2 2 2
left_child=1 3 -2 4 6 -6 -1 -8 -3 -10 -4 15 13 16 -15 -12 -5
right_child=2 8 10 12 5 -7 7 -9 9 -11 11 -13 -14 14 -16 -17 -18
leaf_value=0.0021998546001586049 0.0071807786843015092 0.008179946781860457 0.024143036870130651 0.0026009144546454387 -0.016713765237210809 -0.0040794385581587756 -0.00077884117407458174 -0.010280690719996211 -0.0044439434298803497 0.0070804390078410516 0.016675815831071566 0.013516782439300712 -0.0088182349748750968 -0.011142891675366888 -0.0023649075692615557 0.024055722639472647 -0.0024842455815618255
leaf_weight=44 45 54 48 48 76 45 49 86 59 40 42 71 47 56 97 44 296
leaf_count=44 45 54 48 48 76 45 49 86 59 40 42 71 47 56 97 44 296
internal_value=0.000405447 -0.00370605 0.0168021 -0.00492616 -0.00759777 -0.012015 -0.00461178 -0.00683187 0.00302446 0.000212373 0.0189141 0.0173155 -0.00345285 -0.00294545 -0.00557776 0.0204516 -0.00177469
internal_weight=1247 997 250 844 300 121 179 135 153 99 205 157 544 497 153 86 344
internal_count=1247 997 250 844 300 121 179 135 153 99 205 157 544 497 153 86 344
is_linear=0
shrinkage=0.05


Tree=21
num_leaves=18
num_cat=0
split_feature=0 0 11 11 7 10 0 11 11 10 6 6 11 9 11 11 10
split_gain=30.1736 2.68344 1.65412 1.19927 1.42847 2.06107 1.90467 0.79979 1.12308 0.840215 1.14017 0.686863 0.71653 0.534626 0.485174 0.42668 0.419591
threshold=1016533.7795992012 789839.57885184966 4305681603.701848 1439639600.1146455 4.5000000000000009 543.37500000000011 548453.68116028118 6442868026.3830194 7696745264.9080744 952.37500000000011 11724.500000000002 6690.5000000000009 3986102777.647181 2013.5000000000002 1662849694.6577392 2043872259.8021994 767.42857142857156
decision_type=2 2 2 2 2 2 2 2 2 2 2 2 2 2 2 2 2
left_child=1 3 -2 4 5 -1 -6 -4 -9 -10 -11 -3 -13 14 -5 -16 -7
right_child=2 11 7 13 6 16 -8 8 9 10 -12 12 -14 -15 15 -17 -18
leaf_value=0.0025556436169948153 0.0068217393947351311 0.0082876874727662656 0.022976542545520531 0.0018728143551852553 -0.020017820141289295 -0.012636827528476717 -0.0068402711968114484 0.0084074653335846957 0.023696548101860424 0.020875150875543202 0.0091537906629283253 0.0038905445944576985 -0.0046661422407487411 -0.0083773232758679299 -0.0065798321233426285 -0.0025884676805365682 -0.0062498414837237866
leaf_weight=67 45 40 49 50 42 40 79 40 43 42 41 63 40 47 82 365 72
leaf_count=67 45 40 49 50 42 40 79 40 43 42 41 63 40 47 82 365 72
internal_value=0.000385175 -0.00360672 0.015539 -0.00467985 -0.00721788 -0.00438119 -0.0114143 0.0173635 0.0157067 0.0180239 0.0150851 0.00272704 0.000567559 -0.0032802 -0.00279818 -0.00332066 -0.00853091
internal_weight=1247 987 260 844 300 179 121 215 166 126 83 143 103 544 497 447 112
internal_count=1247 987 260 844 300 179 121 215 166 126 83 143 103 544 497 447 112
is_linear=0
shrinkage=0.05


Tree=22
num_leaves=18
num_cat=1
split_feature=1 0 11 11 0 1 5 9 8 8 11 4 8 9 9 1 9
split_gain=27.484 2.6364 1.66488 1.08234 1.09829 0.820305 1.1658 0.725876 0.753599 0.556218 0.955286 0.59372 0.532193 1.05275 0.414803 0.715297 0.330968
threshold=1039118.2229434258 789839.57885184966 4305681603.701848 1439639600.1146455 541721.52379552484 674719.12140738976 1957.5000000000002 1945.5000000000002 3.2500000000000004 4.2500000000000009 6442868026.3830194 0 4.2500000000000009 1980.5000000000002 2010.5000000000002 735149.30027324811 1972.5000000000002
decision_type=2 2 2 2 2 2 2 2 2 2 2 1 2 2 2 2 2
left_child=1 3 -2 4 16 -6 -7 -3 -9 10 -4 -12 14 -14 15 -5 -1
right_child=2 7 9 12 5 6 -8 8 -10 -11 11 -13 13 -15 -16 -17 -18
leaf_value=-0.0083630239390128976 0.0064806526565613851 -0.0029110632060716552 0.022329522536269256 -0.0025220598838947028 0.0013890512980693995 -0.0035630285028706897 -0.012901881752380481 0.0090388721717452568 0.00079621046520116047 0.022390894014388325 0.01081669497365753 0.017938040914790086 -0.010469852453134658 -0.0007531835283152759 -0.0065495063386419236 0.0043258136354906614 -0.014147640560986476
leaf_weight=51 45 42 42 337 43 110 48 54 57 40 75 48 63 50 51 43 48
leaf_count=51 45 42 42 337 43 110 48 54 57 40 75 48 63 50 51 43 48
internal_value=0.000365916 -0.00335114 0.0151895 -0.00444586 -0.00685698 -0.0047338 -0.00640015 0.0026877 0.00480615 0.0171012 0.0158189 0.0135958 -0.00311619 -0.00617044 -0.00231543 -0.00174717 -0.0111677
internal_weight=1247 997 250 844 300 201 158 153 111 205 165 123 544 113 431 380 99
internal_count=1247 997 250 844 300 201 158 153 111 205 165 123 544 113 431 380 99
cat_boundaries=0 1
cat_threshold=2
is_linear=0
shrinkage=0.05


Tree=23
num_leaves=15
num_cat=0
split_feature=2 11 2 6 10 2 5 8 6 10 6 6 2 6
split_gain=22.4082 4.03775 2.37579 1.18423 0.818264 1.85365 0.642646 0.637797 0.51283 0.792757 0.710318 0.598943 0.48623 0.368523
threshold=1039118.2229434258 3709499993.3399191 784289.86309009197 3809.0000000000005 351.95000000000005 675591.77005089482 4844.0000000000009 4.7500000000000009 11724.500000000002 1705.5000000000002 8265.0000000000018 13528.000000000002 819559.94338626799 9274.5000000000018
decision_type=2 2 2 2 2 2 2 2 2 2 2 2 2 2
left_child=2 -2 3 -1 5 -5 12 13 9 10 -3 -10 -4 -6
right_child=1 8 6 4 7 -7 -8 -9 11 -11 -12 -13 -14 -15
leaf_value=-0.010804701840970666 -0.0003988579550588673 0.011256782433225049 0.0017424553708762537 -0.015842375409130645 -0.0011075563062939739 -0.00098310849780953199 -0.0020139328056635957 -0.0072760006114362917 0.0087832139467354867 0.024102147451485506 0.020414128595148212 0.016955967345183679 0.0088608112542870199 -0.0035575127639550248
leaf_weight=61 44 45 49 41 274 43 45 78 40 40 40 51 47 349
leaf_count=61 44 45 49 41 274 43 45 78 40 40 40 51 47 349
internal_value=0.00034762 0.0134067 -0.00309246 -0.00409393 -0.00357246 -0.00823585 0.00291639 -0.00301365 0.0162189 0.0182977 0.0155661 0.0133635 0.00522748 -0.00248
internal_weight=1247 260 987 846 785 84 141 701 216 125 85 91 96 623
internal_count=1247 260 987 846 785 84 141 701 216 125 85 91 96 623
is_linear=0
shrinkage=0.05


Tree=24
num_leaves=14
num_cat=0
split_feature=1 1 11 6 9 9 11 9 6 6 11 11 6
split_gain=22.4648 2.15427 1.3336 1.0256 0.909387 1.06288 1.75667 0.836668 0.725259 1.16061 0.622695 0.685299 0.713656
threshold=1039118.2229434258 784289.86309009197 4596060177.9315615 3809.0000000000005 2018.5000000000002 1953.5000000000002 1008452499.9505237 1966.5000000000002 7931.0000000000009 12337.500000000002 6442868026.3830194 7792839864.1760426 11724.500000000002
decision_type=2 2 2 2 2 2 2 2 2 2 2 2 2
left_child=1 3 -2 -1 5 6 -5 -7 -3 -10 -4 -12 -13
right_child=2 8 10 4 -6 7 -8 -9 9 -11 11 12 -14
leaf_value=-0.010264466741107038 0.0063358277386548565 0.007089630310872088 0.020792126077735288 -0.014987715916318256 -0.010782314823491772 0.0023473578540855375 -0.0038768787429785557 -0.0028139339324788348 -0.0045715330200175102 0.0064610074373194952 0.0087680346332490444 0.019924652250878264 0.011969823886950811
leaf_weight=61 49 54 44 43 41 98 206 395 59 40 44 59 54
leaf_count=61 49 54 44 43 41 98 206 395 59 40 44 59 54
internal_value=0.000330239 -0.00303031 0.0137321 -0.00401988 -0.00353339 -0.00313285 -0.00579562 -0.00178796 0.0024285 -0.000113941 0.0155352 0.0140619 0.0161232
internal_weight=1247 997 250 844 783 742 249 493 153 99 201 157 113
internal_count=1247 997 250 844 783 742 249 493 153 99 201 157 113
is_linear=0
shrinkage=0.05


Tree=25
num_leaves=20
num_cat=0
split_feature=11 0 5 5 5 8 9 9 8 11 6 7 10 10 6 5 6 6 11
split_gain=22.2156 2.59268 1.37297 2.26663 1.11907 1.58837 1.90965 1.23601 1.49859 1.02096 0.750455 1.48901 0.538057 0.46094 0.715623 0.414207 0.386206 0.350702 0.325126
threshold=5072645352.3642015 746678.92179829499 1749.5000000000002 3564.5000000000005 3717.5000000000005 2.2500000000000004 1951.5000000000002 1982.5000000000002 3.7500000000000004 10047114270.463522 8487.5000000000018 4.5000000000000009 646.07142857142867 1817.0000000000002 9009.0000000000018 5541.5000000000009 6801.5000000000009 6935.5000000000009 2802995668.3329062
decision_type=2 2 2 2 2 2 2 2 2 2 2 2 2 2 2 2 2 2 2
left_child=1 4 -3 -4 5 6 -1 8 -7 10 -2 -12 -9 14 17 -16 -8 -6 -15
right_child=9 2 3 -5 13 7 16 12 -10 -11 11 -13 -14 18 15 -17 -18 -19 -20
leaf_value=-0.018842475041747093 0.008093875540759075 -0.0050226294800051535 0.011526816334365539 -0.0012945115627067637 -0.0026671529423607436 -0.0011227624157855158 -0.0098287545669665383 0.0034687907318584621 -0.010352663251623097 0.022103895139678018 0.011542170955193524 0.02354451567400247 -0.0035007548994488188 0.0041418344025378638 -0.0066510136357743532 -0.0014664107933640481 -0.0040627338188259227 0.0033262216136790814 -0.0012251325538509515
leaf_weight=40 44 42 71 67 46 86 47 72 90 46 73 40 45 46 111 59 76 52 73
leaf_count=40 44 42 71 67 46 86 47 72 90 46 73 40 45 46 111 59 76 52 73
internal_value=0.000443782 -0.00255444 0.0028929 0.00530197 -0.00371757 -0.00539583 -0.00935226 -0.00319481 -0.0058426 0.015553 0.0136337 0.0157908 0.000788196 -0.00174009 -0.00288995 -0.00485165 -0.00626601 0.000513005 0.000849493
internal_weight=1226 1023 180 138 843 456 163 293 176 203 157 113 117 387 268 170 123 98 119
internal_count=1226 1023 180 138 843 456 163 293 176 203 157 113 117 387 268 170 123 98 119
is_linear=0
shrinkage=0.05


Tree=26
num_leaves=22
num_cat=1
split_feature=11 1 1 5 1 5 8 9 9 9 4 5 8 6 6 6 6 11 5 6 9
split_gain=20.0496 2.4939 1.11024 1.01485 1.26055 0.974359 1.54437 0.901214 0.873998 0.86269 1.20012 0.772921 0.828172 0.556106 0.466856 0.464639 0.544982 0.312475 0.275213 0.229646 0.137454
threshold=5072645352.3642015 735149.30027324811 1442340.2555717255 1364.0000000000002 825342.42637254205 3897.5000000000005 2.2500000000000004 1970.5000000000002 1956.5000000000002 1982.5000000000002 0 3913.5000000000005 2.7500000000000004 8646.0000000000018 6801.5000000000009 10295.500000000002 12708.000000000002 3209584788.3931065 4522.5000000000009 10581.500000000002 1973.5000000000002
decision_type=2 2 2 2 2 2 2 2 2 2 1 2 2 2 2 2 2 2 2 2 2
left_child=1 5 11 -3 7 6 8 -5 -1 10 -8 -2 -13 -6 -10 18 -17 -18 -7 -11 -20
right_child=2 3 -4 4 13 15 9 -9 14 19 -12 12 -14 -15 -16 16 17 -19 20 -21 -22
leaf_value=-0.015439813649065274 0.0071044492010070492 -0.0054553098906762899 0.02180455810686743 0.0045066769597894053 0.01214792110316921 -0.0030113150714896619 -0.0017911249264476023 -0.0039676643435412381 -0.010964692181543164 -0.0015542218461632729 -0.010259603129138482 0.010503472950394182 0.018964302896323507 0.0042025199316784133 -0.0044426974525456041 -0.007065283673711828 -0.0033692488918871917 0.0020437858239997046 7.1911437829074113e-05 0.0031142225212872376 0.0037460108004186464
leaf_weight=43 43 40 44 59 40 44 98 67 46 68 73 55 61 49 68 67 73 42 57 43 46
leaf_count=43 43 40 44 59 40 44 98 67 46 68 73 55 61 49 68 67 73 42 57 43 46
internal_value=0.000421593 -0.00242672 0.0147754 0.0018576 0.00321814 -0.00384925 -0.005391 4.796e-07 -0.00936555 -0.00317822 -0.00540632 0.0128302 0.0149527 0.00777349 -0.00707438 -0.00179201 -0.00348072 -0.00139231 0.000298759 0.000254275 0.00171277
internal_weight=1226 1023 203 255 215 768 439 126 157 282 171 159 116 89 114 329 182 115 147 111 103
internal_count=1226 1023 203 255 215 768 439 126 157 282 171 159 116 89 114 329 182 115 147 111 103
cat_boundaries=0 1
cat_threshold=2
is_linear=0
shrinkage=0.05


Tree=27
num_leaves=21
num_cat=1
split_feature=11 11 0 9 9 10 11 3 11 6 8 11 6 2 9 11 6 10 2 10
split_gain=18.0947 2.12295 2.29585 1.13347 1.15124 1.18638 1.4601 1.03364 0.891334 0.856404 0.810229 0.697723 0.690163 0.990409 0.598566 0.578129 0.674808 0.803817 0.219204 0.19474
threshold=5072645352.3642015 2126144680.6708434 841881.29408001842 1974.5000000000002 1966.5000000000002 346.05000000000007 1290364715.6761122 0 10047114270.463522 7969.5000000000009 3.2500000000000004 2802995668.3329062 8487.5000000000018 1340804.1441143008 1970.5000000000002 1846896323.5723817 4826.0000000000009 753.75000000000011 683814.34909850836 863.60000000000002
decision_type=2 2 2 2 2 2 2 1 2 2 2 2 2 2 2 2 2 2 2 2
left_child=1 3 7 4 5 -1 -7 10 12 -9 11 -3 -2 -14 -11 16 -5 -18 -12 -4
right_child=8 2 19 15 -6 6 -8 9 -10 14 18 -13 13 -15 -16 -17 17 -19 -20 -21
leaf_value=-0.011020816623497366 0.0069306283895540144 0.003076701301561539 0.0052002525746660394 -0.0061268334875681577 -0.014546862698909714 0.0021784129478166709 -0.0074473243236177784 0.0020933136209431622 0.020157496038945798 -0.0025039806804852561 0.0066377705718623477 -0.0050606748233001462 0.010573876169645162 0.020173754102804448 -0.0084326649444167508 -0.0075322812684334639 -0.0016506826857485895 0.0064117079275811829 0.0019558528466150165 0.009970468103419991
leaf_weight=67 44 43 46 49 41 72 87 45 46 80 50 68 69 44 91 41 110 43 50 40
leaf_count=67 44 43 46 49 41 72 87 45 46 80 50 68 69 44 91 41 110 43 50 40
internal_value=0.000400513 -0.00230538 -3.43237e-05 -0.0045898 -0.00683853 -0.00544012 -0.0030885 -0.00153545 0.0140366 -0.00386501 0.000985762 -0.00190836 0.0122433 0.0143119 -0.00565901 -0.00211897 -0.00102023 0.000615218 0.00429681 0.00741896
internal_weight=1226 1023 513 510 267 226 159 427 203 216 211 111 157 113 171 243 202 153 100 86
internal_count=1226 1023 513 510 267 226 159 427 203 216 211 111 157 113 171 243 202 153 100 86
cat_boundaries=0 1
cat_threshold=9
is_linear=0
shrinkage=0.05


Tree=28
num_leaves=17
num_cat=0
split_feature=1 5 1 10 1 1 10 10 6 9 6 6 2 9 10 9
split_gain=15.8838 2.21709 1.65703 1.40207 2.14596 1.36656 1.18649 2.32325 1.40005 0.89891 0.761988 0.654042 1.21586 0.983791 0.597882 0.386568
threshold=1039118.2229434258 4074.0000000000005 717980.47789738665 351.95000000000005 671350.45176759572 707133.77038150944 1930.5000000000002 788.64285714285722 11530.500000000002 1983.5000000000002 9175.5000000000018 11883.000000000002 617762.19423717959 2002.5000000000002 606.29761904761915 1972.5000000000002
decision_type=2 2 2 2 2 2 2 2 2 2 2 2 2 2 2 2
left_child=2 10 3 4 -1 11 7 14 -9 -3 -2 12 -5 -13 15 -4
right_child=1 9 6 5 -6 -7 -8 8 -10 -11 -12 13 -14 -15 -16 -17
leaf_value=-0.017876376384603127 0.0025264658426210561 0.019988678174244393 -0.0012825810736995784 -0.0067265547667695602 -0.0031403403682634238 -0.011123421280037451 0.0075232866757477708 -0.010330932670351591 0.001020107847977091 0.011410484013434214 0.010650662820778728 -0.006578013071202482 0.00059664897857651493 0.0020614464342225947 0.0088281509676016862 0.0052285490860231225
leaf_weight=42 54 74 53 71 60 46 52 71 44 52 62 141 281 43 40 40
leaf_count=42 54 74 53 71 60 46 52 71 44 52 62 141 281 43 40 40
internal_value=0.000380488 0.0118565 -0.00244187 -0.00380072 -0.00920812 -0.00285303 0.000656302 -0.000783549 -0.00598793 0.0164485 0.00686871 -0.00214325 -0.000880475 -0.00455901 0.00371648 0.00151791
internal_weight=1226 242 984 684 102 582 300 248 115 126 116 536 352 184 133 93
internal_count=1226 242 984 684 102 582 300 248 115 126 116 536 352 184 133 93
is_linear=0
shrinkage=0.05


Tree=29
num_leaves=17
num_cat=0
split_feature=1 5 1 1 10 1 1 10 6 5 10 6 7 2 1 9
split_gain=14.3496 2.16702 1.10032 1.00294 1.26537 1.94359 1.23332 1.10814 1.85853 0.662332 0.660639 0.994881 1.8633 0.605374 0.663523 0.156935
threshold=866108.93924456649 2245.5000000000005 1442340.2555717255 717980.47789738665 351.95000000000005 675591.77005089482 707133.77038150944 788.64285714285722 12113.000000000002 4666.5000000000009 2144.166666666667 9099.5000000000018 4.5000000000000009 698334.10713997215 633691.85660366749 1953.5000000000002
decision_type=2 2 2 2 2 2 2 2 2 2 2 2 2 2 2 2
left_child=3 -2 10 4 5 -1 13 15 9 -9 11 -3 -13 14 -6 -5
right_child=1 2 -4 7 6 -7 -8 8 -10 -11 -12 12 -14 -15 -16 -17
leaf_value=-0.015254934737458826 -0.00027079311798193625 0.0025440059713614377 0.018810707524729273 0.0011859241867347098 0.00065972108055513867 -0.0014270901194928835 -0.010567250133380699 -0.011671590468003638 0.0050909022140937545 -0.0032295900611923295 0.015177299599431884 0.0039143444684503438 0.017894714501184916 0.0029841663557346222 -0.0036547733563386101 0.005033044311838846
leaf_weight=54 42 46 48 41 118 48 46 42 48 52 52 44 52 54 364 75
leaf_count=54 42 46 48 41 118 48 46 42 48 52 52 44 52 54 364 75
internal_value=0.000361463 0.0102132 0.0120327 -0.00260869 -0.00361068 -0.00874771 -0.00271038 4.77482e-05 -0.00291396 -0.00700155 0.0103557 0.00859 0.011487 -0.00203609 -0.00259853 0.00367329
internal_weight=1226 284 242 942 684 102 582 258 142 94 194 142 96 536 482 116
internal_count=1226 284 242 942 684 102 582 258 142 94 194 142 96 536 482 116
is_linear=0
shrinkage=0.05


Tree=30
num_leaves=15
num_cat=3
split_feature=2 11 5 4 9 5 4 8 2 5 11 11 3 5
split_gain=9.99404 2.6278 1.22926 1.03868 1.18528 0.992822 0.730327 0.716396 0.535582 1.34994 0.912089 0.769382 0.52678 0.411823
threshold=810769.61929734773 7989080001.0801764 1417.0000000000002 0 1986.5000000000002 3683.0000000000005 1 2.2500000000000004 608938.03115375049 3430.0000000000005 1033991313.6455656 1188660476.8867829 2 3341.0000000000005
decision_type=2 2 2 1 2 2 1 2 2 2 2 2 1 2
left_child=2 3 6 4 5 -2 -1 -3 9 -4 -10 -12 -13 -5
right_child=1 7 8 13 -6 -7 -8 -9 10 -11 11 12 -14 -15
leaf_value=-0.0040838700787657325 0.0081427481153915678 0.0084009119370602996 -0.012566164286545245 0.0034725402785075266 0.013750927031717517 -0.0019513385420266008 -0.011999081142758038 0.016811092815402408 0.0047323130340643088 -0.00089174505896293197 -0.0087501540407538408 -0.0003293567085629126 -0.003436657444452304 -0.0034080257628705695
leaf_weight=68 58 40 40 43 44 42 51 69 54 65 40 357 220 44
leaf_count=68 58 40 40 43 44 42 51 69 54 65 40 357 220 44
internal_value=2.80966e-05 0.00732568 -0.00274417 0.00430619 0.00691225 0.00390323 -0.0074761 0.0137248 -0.00201853 -0.00533914 -0.00149891 -0.00204426 -0.00157938 -7.28623e-06
internal_weight=1235 340 895 231 144 100 119 109 776 105 671 617 577 87
internal_count=1235 340 895 231 144 100 119 109 776 105 671 617 577 87
cat_boundaries=0 1 2 3
cat_threshold=2 2 12
is_linear=0
shrinkage=0.05


Tree=31
num_leaves=17
num_cat=1
split_feature=1 11 5 10 5 7 4 5 6 6 5 9 10 10 2 5
split_gain=10.0959 2.23059 1.68986 1.67838 1.14588 0.872705 0.764672 0.549982 0.490992 0.913848 1.14653 0.748279 0.641225 1.8398 1.14916 0.307871
threshold=810769.61929734773 9586173994.8102627 5007.5000000000009 1705.5000000000002 1417.0000000000002 5.5000000000000009 0 3244.5000000000005 13317.000000000002 12113.000000000002 3430.0000000000005 1979.5000000000002 778.58333333333337 1046.2500000000002 712108.83043039031 4585.0000000000009
decision_type=2 2 2 2 2 2 1 2 2 2 2 2 2 2 2 2
left_child=4 2 3 5 6 7 -1 -2 9 12 -11 15 14 -14 -6 -10
right_child=1 -3 -4 -5 8 -7 -8 -9 11 10 -12 -13 13 -15 -16 -17
leaf_value=-0.0038354784655182262 0.0058007851708680395 0.016578807763077998 -0.0026662414318279308 0.016177665009904144 -0.002040111871319823 0.009536500750730436 -0.011864711834529702 -0.001136020321469262 -0.0057008983821149398 -0.013392168850017093 -0.0017773298719941184 0.0043378494214266544 -0.0094108595502459345 -0.00090784359292002739 0.0061750298058854992 3.0410372353387329e-05
leaf_weight=69 62 55 51 44 160 75 52 53 42 42 43 69 90 217 58 53
leaf_count=69 62 55 51 44 160 75 52 53 42 42 43 69 90 217 58 53
internal_value=2.5167e-05 0.00735985 0.00558076 0.00737818 -0.00276119 0.00534041 -0.00728606 0.00260382 -0.00205382 -0.00270679 -0.00751643 0.000374912 -0.00192809 -0.00340058 0.000145568 -0.00250343
internal_weight=1235 340 285 234 895 190 121 115 774 610 85 164 525 307 218 95
internal_count=1235 340 285 234 895 190 121 115 774 610 85 164 525 307 218 95
cat_boundaries=0 1
cat_threshold=2
is_linear=0
shrinkage=0.05


Tree=32
num_leaves=14
num_cat=2
split_feature=1 11 5 11 5 4 4 12 0 6 12 1 1
split_gain=9.11157 2.01311 1.5251 1.2588 1.03415 0.92335 0.690117 0.661879 0.462762 0.430623 0.744669 0.527267 0.582171
threshold=810769.61929734773 9586173994.8102627 5007.5000000000009 7792839864.1760426 1417.0000000000002 0 1 42.500000000000007 515866.29727194307 6071.5000000000009 42.500000000000007 737853.27408856654 644066.59999089956
decision_type=2 2 2 2 2 1 1 2 2 2 2 2 2
left_child=4 2 3 5 6 7 -1 -2 -6 10 -10 12 -11
right_child=1 -3 -4 -5 8 -7 -8 -9 9 11 -12 -13 -14
leaf_value=-0.0036437046261963203 0.01336015553912148 0.015749867341735148 -0.0025329292169772089 0.015085558434948326 -0.0058590737070240411 0.0010919941698092146 -0.011271476339663003 0.0054319168428902508 -0.0098819717625156043 0.0019918757280275386 -0.0013732458453483156 0.0030770397927288133 -0.0023518531012916019
leaf_weight=69 40 55 51 40 69 77 52 77 40 94 72 69 430
leaf_count=69 40 55 51 40 69 77 52 77 40 94 72 69 430
internal_value=2.39087e-05 0.00699186 0.00530172 0.00700927 -0.00262313 0.00534406 -0.00692176 0.00814243 -0.00195113 -0.00156865 -0.00441208 -0.00103161 -0.00157263
internal_weight=1235 340 285 234 895 194 121 117 774 705 112 593 524
internal_count=1235 340 285 234 895 194 121 117 774 705 112 593 524
cat_boundaries=0 1 2
cat_threshold=2 2
is_linear=0
shrinkage=0.05


Tree=33
num_leaves=21
num_cat=1
split_feature=1 11 1 8 11 2 9 4 9 1 9 9 7 11 2 11 1 9 9 0
split_gain=8.22319 1.81683 1.17004 1.1063 0.884696 1.09618 0.684839 0.578343 1.33683 0.302905 0.284525 0.794572 0.868265 0.820803 0.602671 0.526239 0.446314 0.599958 0.232119 0.231258
threshold=810769.61929734773 9586173994.8102627 1393513.8717971111 2.2500000000000004 979976411.40589082 623959.94523397705 1992.5000000000002 0 1958.5000000000002 1136192.051893658 1966.5000000000002 1973.5000000000002 5.5000000000000009 1452541345.0421784 726762.73051669926 2196769808.2739635 679627.29004813975 1947.5000000000002 1965.5000000000002 552027.01918202371
decision_type=2 2 2 2 2 2 2 1 2 2 2 2 2 2 2 2 2 2 2 2
left_child=4 2 3 9 5 -1 18 8 -5 -2 14 -12 13 -13 16 -14 19 -18 -7 -6
right_child=1 -3 -4 7 10 6 -8 -9 -10 -11 11 12 15 -15 -16 -17 17 -19 -20 -21
leaf_value=-0.012971290426794442 0.0018112775279072728 0.014962373833087359 0.01173940836188366 0.0019698081468231977 -0.0019091794932918514 -0.003587860282024612 0.0016572154470892667 0.0024263980885734782 0.014406036716350851 -0.0043043937024413023 -0.0086504087528737738 -0.0093649524077773095 0.0062150094445551874 -0.0019621133828335211 0.0036009109724111465 -0.0015752176339624497 -0.0079024843212984579 0.00017670146538876 -0.0087290410584371005 0.0019000629062453905
leaf_weight=40 41 55 53 40 85 46 43 64 47 40 48 45 46 223 67 41 54 40 42 75
leaf_count=40 41 55 53 40 85 46 43 64 47 40 48 45 46 223 67 41 54 40 42 75
internal_value=2.27132e-05 0.00664227 0.00503663 0.0035054 -0.00249198 -0.00572662 -0.00351451 0.00603421 0.00868823 -0.00120881 -0.00172799 -0.00261262 -0.00179625 -0.00320513 -0.000617385 0.00254375 -0.00173009 -0.00446453 -0.00604161 -0.000123597
internal_weight=1235 340 285 232 895 171 131 151 87 81 724 403 355 268 321 87 254 94 88 160
internal_count=1235 340 285 232 895 171 131 151 87 81 724 403 355 268 321 87 254 94 88 160
cat_boundaries=0 1
cat_threshold=2
is_linear=0
shrinkage=0.05


Tree=34
num_leaves=16
num_cat=0
split_feature=1 11 0 5 9 10 5 10 1 5 11 0 5 10 10
split_gain=7.42143 1.67075 0.866644 0.853958 0.803573 0.760104 1.77093 0.638595 0.773716 0.415174 0.631863 0.581347 0.552606 0.619702 0.303753
threshold=810769.61929734773 7989080001.0801764 1803305.4158322734 1417.0000000000002 1988.5000000000002 1728.0000000000002 3244.5000000000005 423.26666666666671 689208.6917161406 1683.5000000000002 1412435949.4265859 541721.52379552484 2775.5000000000005 616.19642857142867 534.21428571428589
decision_type=2 2 2 2 2 2 2 2 2 2 2 2 2 2 2
left_child=3 4 -3 7 5 6 -2 8 -1 -5 11 -11 -12 -14 -13
right_child=1 2 -4 9 -6 -7 -8 -9 -10 10 12 14 13 -15 -16
leaf_value=-0.0085903758957283569 0.0050406745580983334 0.0064791057957336307 0.015441623671601215 0.0031396537951034749 0.00824105026430055 0.0078544592345133422 -0.0073898448152657677 -0.011347491874518556 0.0012439771560457304 -0.0098911100695299545 0.0042832088818569192 -0.00024937848177026303 -0.0068208482720095807 -0.0011816236401646751 -0.005852789823826322
leaf_weight=40 69 49 60 41 73 40 49 41 40 43 41 51 54 498 46
leaf_count=40 69 49 60 41 73 40 49 41 40 43 41 51 54 498 46
internal_value=2.15776e-05 0.00631016 0.0114126 -0.00236738 0.00390251 0.00189799 -0.000121151 -0.00627358 -0.0036732 -0.00175672 -0.0020306 -0.00505189 -0.00131731 -0.00173329 -0.00290667
internal_weight=1235 340 109 895 231 158 118 121 80 774 733 140 593 552 97
internal_count=1235 340 109 895 231 158 118 121 80 774 733 140 593 552 97
is_linear=0
shrinkage=0.05


Tree=35
num_leaves=22
num_cat=1
split_feature=1 5 1 10 10 11 9 5 5 0 11 11 5 5 9 3 2 2 5 9 10
split_gain=7.23967 1.65245 1.57428 1.07419 1.15814 0.905057 0.958963 0.810226 0.792301 0.708111 1.02524 0.779698 0.665091 0.979363 0.486975 0.349103 0.558089 0.378438 0.197471 0.189433 0.165086
threshold=741016.75041127799 1732.5000000000002 1039118.2229434258 788.64285714285722 1202.5000000000002 8532879060.3654881 1966.5000000000002 3938.5000000000005 3897.5000000000005 541721.52379552484 719813326.64049304 1534029460.7453265 3359.0000000000005 2168.5000000000005 1971.5000000000002 0 681908.35680202011 683814.34909850836 5079.5000000000009 1961.5000000000002 1392.3333333333337
decision_type=2 2 2 2 2 2 2 2 2 2 2 2 2 2 2 1 2 2 2 2 2
left_child=8 -2 3 -3 -5 7 -7 19 9 11 -11 14 13 -12 -1 17 20 18 -10 -4 -17
right_child=1 2 5 4 -6 6 -8 -9 15 10 12 -13 -14 -15 -16 16 -18 -19 -20 -21 -22
leaf_value=-0.0061937753070036286 -0.0046669174185288804 0.0074292420917266956 0.005628861851490489 -0.0074846391838679959 0.0032152091177219213 0.010165331729804166 -0.00047472760081291199 0.016010486444709107 0.0046807535975757573 0.0026631363833291553 -0.006986461170537632 -0.0016892350345317807 -0.010091700439300876 -0.00023133526499025591 -0.012947388573541371 -0.0036627994083727779 0.00084179399796483812 -0.0024921502867663228 0.00019602876639476528 0.010435270150078507 -0.0076288189204536715
leaf_weight=51 42 61 41 41 66 40 45 52 45 59 103 42 46 112 56 65 57 74 54 41 44
leaf_count=51 42 61 41 41 66 40 45 52 45 59 103 42 46 112 56 65 57 74 54 41 44
internal_value=-0.000496789 0.00475276 0.00577505 0.00213403 -0.000884733 0.00856815 0.00453236 0.0111282 -0.00328398 -0.00461512 -0.0032894 -0.00746231 -0.00463499 -0.00346751 -0.00972838 -0.00144238 -0.00298732 0.000201095 0.00223454 0.00803207 -0.00526376
internal_weight=1237 429 387 168 107 219 85 134 808 469 320 149 261 215 107 339 166 173 99 82 109
internal_count=1237 429 387 168 107 219 85 134 808 469 320 149 261 215 107 339 166 173 99 82 109
cat_boundaries=0 1
cat_threshold=9
is_linear=0
shrinkage=0.05


Tree=36
num_leaves=22
num_cat=0
split_feature=1 5 1 11 9 5 5 5 0 10 11 2 0 10 9 8 5 11 1 11 10
split_gain=6.54006 1.46697 1.48559 0.816814 0.865464 0.807968 0.731229 0.677537 0.667019 1.03875 0.677532 0.66228 0.450914 0.55586 0.439495 0.34469 0.220256 0.571632 0.315166 0.265896 0.14064
threshold=737853.27408856654 1732.5000000000002 1039118.2229434258 8532879060.3654881 1966.5000000000002 4844.0000000000009 3938.5000000000005 4302.5000000000009 541721.52379552484 319.26785714285717 1534029460.7453265 810769.61929734773 598799.44123857131 1241.3000000000002 1971.5000000000002 2.7500000000000004 5850.5000000000009 2870908979.6163955 689208.6917161406 2627545622.9535737 1624.0000000000002
decision_type=2 2 2 2 2 2 2 2 2 2 2 2 2 2 2 2 2 2 2 2 2
left_child=7 -2 5 6 -5 11 15 8 10 -10 14 -3 13 -11 -1 -4 17 19 -19 -9 -18
right_child=1 2 3 4 -6 -7 -8 16 9 12 -12 -13 -14 -15 -16 -17 20 18 -20 -21 -22
leaf_value=-0.0058840865158309302 -0.0039564490239036845 0.0012841425784147131 0.01087219919555071 0.0096570651663932944 -0.00045099117689662515 -0.0024543134721282584 0.015209962213143278 -0.0020992673701214332 0.0032196606193403048 -0.0045916985507657385 -0.0025681920815259218 0.0090751600748998056 -0.0088165393616590239 0.0012201949416731413 -0.01230001907429791 0.0043887263538724772 -0.0010607176869199045 -0.007866972690804842 -0.0019434793245827042 0.0028859368152861519 0.0031064875971060246
leaf_weight=51 47 65 41 40 45 65 52 54 56 197 59 47 45 52 56 41 41 47 43 53 40
leaf_count=51 47 65 41 40 45 65 52 54 56 197 59 47 45 52 56 41 41 47 43 53 40
internal_value=-0.000471949 0.00439531 0.00538655 0.00813974 0.00430574 0.00198006 0.0105718 -0.00318756 -0.00425963 -0.00302159 -0.00686996 0.00455359 -0.0042104 -0.00337797 -0.00924196 0.00763046 -0.00119767 -0.00210012 -0.00503686 0.000370039 0.000997161
internal_weight=1237 443 396 219 85 177 134 794 516 350 166 112 294 249 107 82 278 197 90 107 81
internal_count=1237 443 396 219 85 177 134 794 516 350 166 112 294 249 107 82 278 197 90 107 81
is_linear=0
shrinkage=0.05


Tree=37
num_leaves=17
num_cat=0
split_feature=1 5 1 5 5 9 10 1 1 2 9 0 5 10 9 2
split_gain=5.90241 1.32394 1.34074 0.729191 0.621541 0.605796 0.599858 0.626803 1.23271 0.597708 0.464903 0.582326 1.12808 1.01068 0.310166 0.380899
threshold=737853.27408856654 1732.5000000000002 1039118.2229434258 4844.0000000000009 5244.5000000000009 2017.5000000000002 2563.2500000000005 1393513.8717971111 1296072.9129802992 810769.61929734773 2005.5000000000002 541721.52379552484 2805.0000000000005 319.26785714285717 1954.5000000000002 677772.907508748
decision_type=2 2 2 2 2 2 2 2 2 2 2 2 2 2 2 2
left_child=4 -2 3 9 5 10 7 8 -4 -3 11 12 -1 -13 -6 -16
right_child=1 2 6 -5 14 -7 -8 -9 -10 -11 -12 13 -14 -15 15 -17
leaf_value=-0.010557219702779917 -0.0037586265580451237 0.0012199356815276237 0.011772303041652776 -0.002331598123514246 -0.0034775264740276798 -0.0092663988572261914 0.0026579875903932947 0.013549870381959612 0.0015651994960551913 0.0086214019758428673 0.00082397761861564681 0.0039307074989192196 -0.0022341951544928764 -0.0037298998007956417 -0.0014232297702091597 0.004442244693636895
leaf_weight=79 47 65 64 65 52 46 46 54 55 47 61 50 84 310 62 50
leaf_count=79 47 65 64 65 52 46 46 54 55 47 61 50 84 310 62 50
internal_value=-0.000448352 0.00417554 0.00511723 0.00188106 -0.00302818 -0.00374193 0.00773276 0.00908212 0.00705473 0.00432591 -0.00330679 -0.00378858 -0.00626805 -0.00266593 -0.000286338 0.00119529
internal_weight=1237 443 396 177 794 630 219 173 119 112 584 523 163 360 164 112
internal_count=1237 443 396 177 794 630 219 173 119 112 584 523 163 360 164 112
is_linear=0
shrinkage=0.05


Tree=38
num_leaves=14
num_cat=0
split_feature=1 11 8 6 11 11 11 7 8 1 9 8 7
split_gain=5.32692 0.982725 1.08124 0.739503 0.696483 1.13733 0.800265 0.687316 0.664346 0.927428 0.584854 0.39469 0.303655
threshold=737853.27408856654 2017585869.795994 2.2500000000000004 4225.5000000000009 719813326.64049304 1188660476.8867829 1033991313.6455656 3.5000000000000004 2.7500000000000004 1340804.1441143008 1954.5000000000002 1.2500000000000002 5.5000000000000009
decision_type=2 2 2 2 2 2 2 2 2 2 2 2 2
left_child=3 -2 7 -1 -5 6 -6 -3 -4 10 -10 -7 -13
right_child=1 2 8 4 5 11 -8 -9 9 -11 -12 12 -14
leaf_value=-0.0075331061038297498 -0.0016120298147034734 0.0047502487595516467 0.012531409835950894 0.0026442085503644887 -0.0041307481107434067 0.0017285761982202533 -0.012933897901149023 -0.0023710888686963474 -0.00078991478955259134 0.011382352497498945 0.0059476037876323821 -0.0032627141040207047 -0.00053950691860361096
leaf_weight=77 67 72 44 63 67 65 42 64 49 53 94 332 148
leaf_count=77 67 72 44 63 67 65 42 64 49 53 94 332 148
internal_value=-0.000425934 0.00396677 0.00496086 -0.00287677 -0.00237672 -0.00286039 -0.00752279 0.00139903 0.00697923 0.00573282 0.00363894 -0.00192791 -0.00242306
internal_weight=1237 443 376 794 717 654 109 136 240 196 143 545 480
internal_count=1237 443 376 794 717 654 109 136 240 196 143 545 480
is_linear=0
shrinkage=0.05


Tree=39
num_leaves=15
num_cat=0
split_feature=1 5 1 5 6 10 1 1 2 5 5 10 1 10
split_gain=4.80755 1.12834 1.14432 0.669274 0.667401 0.555388 0.530449 1.11413 0.520705 0.402658 0.412098 0.366697 0.72049 0.130594
threshold=737853.27408856654 1732.5000000000002 1039118.2229434258 4844.0000000000009 4225.5000000000009 2617.7500000000005 1393513.8717971111 1296072.9129802992 810769.61929734773 5850.5000000000009 1251.5000000000002 346.05000000000007 625043.21099097666 1624.0000000000002
decision_type=2 2 2 2 2 2 2 2 2 2 2 2 2 2
left_child=4 -2 3 8 -1 6 7 -4 -3 10 -6 -12 -13 -11
right_child=1 2 5 -5 9 -7 -8 -9 -10 13 11 12 -14 -15
leaf_value=-0.0071564508278479239 -0.0035562343915250707 0.001091289702946177 0.010914408247022389 -0.0023878275210825872 0.0015845291701575314 0.0021028728203641048 0.012450007463081017 0.0012452053735879335 0.007999562435469806 -0.00092069715397750463 -0.0073966861024705906 0.0015863149581162865 -0.0034784222479629537 0.0030949116637930276
leaf_weight=77 47 65 65 65 52 45 54 55 47 41 45 83 456 40
leaf_count=77 47 65 65 65 52 45 54 55 47 41 45 83 456 40
internal_value=-0.000404638 0.00376843 0.00463777 0.00164805 -0.00273294 0.00705412 0.00833462 0.00648269 0.0039903 -0.00225789 -0.00268074 -0.00306053 -0.00269851 0.00106232
internal_weight=1237 443 396 177 794 219 174 120 112 717 636 584 539 81
internal_count=1237 443 396 177 794 219 174 120 112 717 636 584 539 81
is_linear=0
shrinkage=0.05


Tree=40
num_leaves=19
num_cat=0
split_feature=11 11 6 6 2 9 10 1 11 6 6 0 2 6 9 6 10 6
split_gain=4.33602 1.09913 0.756882 1.57118 0.687839 0.58448 1.70034 1.23333 0.883337 0.953306 0.722984 0.542623 0.502568 0.68939 0.501074 0.496397 0.219963 0.155676
threshold=3709499993.3399191 2126144680.6708434 12960.000000000002 11556.500000000002 811997.56703822489 1953.5000000000002 346.05000000000007 673270.56667703239 1901074252.3503838 3951.0000000000005 12535.500000000002 656916.13163539825 677772.907508748 10223.500000000002 1969.5000000000002 8763.5000000000018 979.29166666666686 12390.500000000002
decision_type=2 2 2 2 2 2 2 2 2 2 2 2 2 2 2 2 2 2
left_child=1 5 3 15 11 6 -1 -8 9 -7 -11 12 13 -3 -4 16 -2 -14
right_child=2 4 14 -5 -6 8 7 -9 -10 10 -12 -13 17 -15 -16 -17 -18 -19
leaf_value=-0.014028940055933265 0.00062778208677361652 0.0019567174458643422 0.013177588287508117 -0.0048743930761702362 0.0051261663756538497 -0.008280066730136551 0.003360556610859931 -0.0069521604240804476 -0.0086810528918997275 0.001095642961748155 -0.005794286757262181 -0.0054747579217541455 0.00083954009674109371 -0.0043200212452456218 0.0056695378043223176 0.0089153862298343503 0.0054853362298605069 0.0040252777326497289
leaf_weight=45 41 74 40 44 59 41 50 69 45 221 46 51 98 107 50 71 54 63
leaf_count=45 41 74 40 44 59 41 50 69 45 221 46 51 98 107 50 71 54 63
internal_value=-8.25875e-05 -0.00170882 0.00517016 0.00352603 9.21536e-05 -0.00328337 -0.00574984 -0.00261909 -0.00213748 -0.00118144 -9.13861e-05 -0.000663589 5.38662e-05 -0.00175384 0.00900645 0.00575265 0.00338892 0.00208613
internal_weight=1269 969 300 210 452 517 164 119 353 308 267 393 342 181 90 166 95 161
internal_count=1269 969 300 210 452 517 164 119 353 308 267 393 342 181 90 166 95 161
is_linear=0
shrinkage=0.05


Tree=41
num_leaves=18
num_cat=1
split_feature=1 9 9 10 9 7 6 6 3 1 9 6 6 6 6 6 10
split_gain=3.52774 1.16272 1.52146 1.39767 1.09626 1.19052 1.00269 0.682232 0.649622 0.624413 0.552272 0.644023 0.569327 0.369647 1.28406 0.329116 0.176357
threshold=951927.9020734959 1923.5000000000002 1953.5000000000002 358.70000000000005 1966.5000000000002 4.5000000000000009 13276.500000000002 6751.5000000000009 0 677772.907508748 1938.5000000000002 9956.5000000000018 9099.5000000000018 12960.000000000002 11241.500000000002 9009.0000000000018 869.20238095238108
decision_type=2 2 2 2 2 2 2 2 1 2 2 2 2 2 2 2 2
left_child=1 -1 3 -3 9 6 -6 -2 -7 -4 12 -12 -5 14 15 -9 -11
right_child=7 2 4 10 5 8 -8 13 -10 16 11 -13 -14 -15 -16 -17 -18
leaf_value=0.0068135144597873459 -0.00027361185460978625 -0.013567361284513028 -0.00080561079271137712 0.0027731870525112413 -0.0048462277758348753 0.0034770718140716252 0.0021871063348260665 0.0054281534282145678 -0.001626219587416341 0.0086622368136886514 -0.0099916253634289194 -0.0024277166626416151 -0.0041175893617564465 0.0092484101037760939 -0.0019764338203884188 0.01121789560402653 0.0039957898373647431
leaf_weight=41 49 40 50 53 259 127 63 54 108 40 53 60 69 70 47 45 41
leaf_count=41 49 40 50 53 259 127 63 54 108 40 53 60 69 70 47 45 41
internal_value=-7.84581e-05 -0.00143285 -0.00178394 -0.00492745 -0.000527448 -0.00149537 -0.00347014 0.00505289 0.00121049 0.00358806 -0.00345683 -0.00597539 -0.00112406 0.00626121 0.00482899 0.00805985 0.00630021
internal_weight=1269 1004 963 275 688 557 322 265 235 131 235 113 122 216 146 99 81
internal_count=1269 1004 963 275 688 557 322 265 235 131 235 113 122 216 146 99 81
cat_boundaries=0 1
cat_threshold=9
is_linear=0
shrinkage=0.05


Tree=42
num_leaves=19
num_cat=0
split_feature=11 11 5 5 11 6 0 6 6 9 10 1 11 5 6 5 1 6
split_gain=3.60679 0.964171 0.830548 0.696067 0.583024 0.741244 0.542204 0.5384 0.486269 0.470223 1.4399 1.09812 0.783534 0.87445 0.94667 0.362946 0.332776 0.24434
threshold=3709499993.3399191 2126144680.6708434 3657.5000000000005 3924.5000000000005 9586173994.8102627 12852.500000000002 578820.51469827525 10386.000000000002 9376.5000000000018 1953.5000000000002 346.05000000000007 673270.56667703239 1901074252.3503838 3060.5000000000005 12337.500000000002 5216.0000000000009 674719.12140738976 9009.0000000000018
decision_type=2 2 2 2 2 2 2 2 2 2 2 2 2 2 2 2 2 2
left_child=1 9 -2 17 5 7 8 -4 16 10 -1 -12 13 14 -11 -10 -5 -3
right_child=2 3 4 6 -6 -7 -8 -9 15 12 11 -13 -14 -15 -16 -17 -18 -19
leaf_value=-0.012862721257325677 0.0096705934512570056 0.0013172288863536191 0.0021458135558558365 -3.8349969616653971e-05 0.0073440402878734937 0.0064757527001867337 -0.0052129721253743912 -0.0049626955299551584 -0.0042895991888750968 -0.00085169023734237178 0.003279374349629507 -0.0064516514586959632 -0.0081667512727694371 0.0057925385975977411 -0.0090261287892644763 0.00020079968555364758 0.005819158036805069 0.0062116076247584005
leaf_weight=45 66 51 70 49 65 56 61 43 72 226 50 69 45 40 42 120 48 51
leaf_count=45 66 51 70 49 65 56 61 43 72 226 50 69 45 40 42 120 48 51
internal_value=-7.3806e-05 -0.001557 0.00471692 0.000129789 0.00331973 0.00177191 -0.000929446 -0.000559194 -2.53105e-05 -0.00303172 -0.00524401 -0.00236299 -0.00200391 -0.0011035 -0.00213276 -0.0014831 0.00286021 0.00376442
internal_weight=1269 969 300 452 234 169 350 113 289 517 164 119 353 308 268 192 97 102
internal_count=1269 969 300 452 234 169 350 113 289 517 164 119 353 308 268 192 97 102
is_linear=0
shrinkage=0.05


Tree=43
num_leaves=19
num_cat=1
split_feature=11 11 2 8 9 9 9 2 11 9 9 10 4 8 2 9 11 9
split_gain=3.25513 0.870164 0.571682 0.531596 0.647428 0.573988 1.14418 0.435154 0.662327 0.695708 1.17787 0.689476 0.313092 0.449903 0.373096 0.236609 0.179737 0.128779
threshold=3709499993.3399191 2126144680.6708434 811997.56703822489 2.2500000000000004 1961.5000000000002 1979.5000000000002 1958.5000000000002 617762.19423717959 1901074252.3503838 1948.5000000000002 1930.5000000000002 900.21428571428589 0 4.2500000000000009 648851.45573604852 1984.5000000000002 3125487845.8042316 1999.5000000000002
decision_type=2 2 2 2 2 2 2 2 2 2 2 2 1 2 2 2 2 2
left_child=1 7 12 4 -2 6 -5 -1 9 10 -9 -11 13 16 -14 -16 -3 -7
right_child=3 2 -4 5 -6 17 -8 8 -10 11 -12 -13 14 -15 15 -17 -18 -19
leaf_value=-0.0064293506731455397 0.0053463976485309782 -0.00181184953707073 0.0047126175153021851 0.0043955277206430979 -0.0025912079860323243 0.00088298377348110073 0.014891794428694994 0.0013077769088946905 -0.0072194988586766241 0.00099498763426931385 -0.0096476187175771194 -0.0051189031540255607 -0.0028985525226913568 -0.006180352209459828 0.0045420232863927429 0.00010158997918055816 0.001462433234286996 0.0047428584147363589
leaf_weight=74 54 118 59 68 49 40 42 42 59 225 59 58 43 46 66 55 65 47
leaf_count=74 54 118 59 68 49 40 42 42 59 225 59 58 43 46 66 55 65 47
internal_value=-7.01157e-05 -0.00147915 0.000123299 0.00448107 0.00157026 0.00600297 0.00840319 -0.00288013 -0.00228726 -0.00152945 -0.00509191 -0.000258036 -0.000565682 -0.00175998 0.00110197 0.00252364 -0.000648853 0.0029682
internal_weight=1269 969 452 300 103 197 110 517 443 384 101 283 393 229 164 121 183 87
internal_count=1269 969 452 300 103 197 110 517 443 384 101 283 393 229 164 121 183 87
cat_boundaries=0 1
cat_threshold=2
is_linear=0
shrinkage=0.05


Tree=44
num_leaves=17
num_cat=0
split_feature=11 12 12 10 12 12 11 0 6 12 6 11 8 5 1 10
split_gain=2.99397 1.0098 1.28824 1.2088 1.03793 0.80268 0.8619 0.65632 1.18584 0.723322 0.645858 0.639098 0.768493 0.575566 0.508878 0.430765
threshold=5072645352.3642015 100.50000000000001 70.500000000000014 346.05000000000007 57.500000000000007 49.500000000000007 2126144680.6708434 552027.01918202371 7931.0000000000009 86.500000000000014 13276.500000000002 6802506717.9460115 2.2500000000000004 5197.5000000000009 677772.907508748 830.90000000000009
decision_type=2 2 2 2 2 2 2 2 2 2 2 2 2 2 2 2
left_child=1 2 4 -4 5 10 -7 9 -9 -5 -1 -2 -13 -14 -6 -16
right_child=11 -3 3 7 14 6 -8 8 -10 -11 -12 12 13 -15 15 -17
leaf_value=-0.0013447918944776331 0.010029170545102615 0.0062545587075874213 -0.01226178530444641 -0.011469489398878069 -0.00050978373503312473 -0.011109397355467081 -0.0010739043122157455 0.0050583300503114102 -0.004040610428976083 -0.0019607982545858252 0.0033760569705257449 -0.00079542245810567324 0.003003350803295949 0.010597479775961904 0.0093918703929629435 0.0024308601940941556
leaf_weight=410 54 44 41 40 50 40 46 52 115 40 88 59 56 45 43 46
leaf_count=410 54 44 41 40 50 40 46 52 115 40 88 59 56 45 43 46
internal_value=-6.66099e-05 -0.00116042 -0.00148313 -0.00431105 -0.000356662 -0.0012809 -0.00574158 -0.00299129 -0.00120741 -0.00671514 -0.000510586 0.00532579 0.0037384 0.00638687 0.00352648 0.00579404
internal_weight=1269 1055 1011 288 723 584 86 247 167 80 498 214 160 101 139 89
internal_count=1269 1055 1011 288 723 584 86 247 167 80 498 214 160 101 139 89
is_linear=0
shrinkage=0.05


Tree=45
num_leaves=14
num_cat=1
split_feature=11 5 9 11 9 9 3 11 11 5 11 7 7
split_gain=2.74466 0.63133 0.58465 0.518902 0.450165 1.05519 0.461371 0.895986 0.419519 0.363465 0.500654 0.417984 0.0724364
threshold=4499531530.9756517 4508.0000000000009 1970.5000000000002 8822105962.0074253 2017.5000000000002 2011.5000000000002 0 1077893788.7742887 1397501906.7196772 1557.5000000000002 1770012295.4695528 3.5000000000000004 3.5000000000000004
decision_type=2 2 2 2 2 2 1 2 2 2 2 2 2
left_child=4 2 -2 -3 5 6 9 -8 -9 11 -11 -1 -5
right_child=1 3 -4 12 -6 -7 7 8 -10 10 -12 -13 -14
leaf_value=0.0052356027191112226 0.0037137745501240717 -0.0011590063596015861 0.011402066333182886 0.0035479065682739023 -0.0054758571373719365 0.0060673720697511221 -0.0093212281982414432 0.0026565785656069837 -0.0029534602176978157 -0.0036804791243166372 -0.00026846758177289629 -0.0013758049030891725 0.0065569843328557907
leaf_weight=51 48 58 51 40 62 49 50 41 178 148 393 45 40
leaf_count=51 48 58 51 40 62 49 50 41 178 148 393 45 40
internal_value=-0.000218049 0.00462759 0.00767441 0.00244184 -0.00134727 -0.00107924 -0.00146575 -0.00316436 -0.00190318 -0.000687966 -0.00120188 0.00213651 0.00505245
internal_weight=1254 237 99 138 1017 955 906 269 219 637 541 96 80
internal_count=1254 237 99 138 1017 955 906 269 219 637 541 96 80
cat_boundaries=0 1
cat_threshold=5
is_linear=0
shrinkage=0.05


Tree=46
num_leaves=17
num_cat=1
split_feature=1 5 10 5 1 5 10 5 0 5 10 5 10 7 10 4
split_gain=2.55861 0.705307 0.646498 0.700029 0.982677 0.78468 0.677398 1.06995 0.664326 0.490165 1.47464 0.477105 0.358314 0.764269 0.267774 0.243975
threshold=1039118.2229434258 2758.0000000000005 1446.1666666666667 1619.0000000000002 704990.47259519773 1800.5000000000002 788.64285714285722 3624.5000000000005 578820.51469827525 4374.0000000000009 2291.7500000000005 5403.0000000000009 1705.5000000000002 4.5000000000000009 2079.2500000000005 0
decision_type=2 2 2 2 2 2 2 2 2 2 2 2 2 2 2 1
left_child=2 -2 3 4 15 -5 8 -8 -7 10 -4 -11 13 -3 -13 -1
right_child=1 12 9 5 -6 6 7 -9 -10 11 -12 14 -14 -15 -16 -17
leaf_value=0.00024303616480711774 -0.0015521365014137701 -0.0011964190105738289 0.0094906546686794255 -0.0094144508497612106 0.0058900720615428495 -0.0024127455009147528 -0.0096411678473183812 -0.0023301757236038321 0.0026700575124123135 -0.0041489964150465452 -0.0030022659339010715 0.0043336981474313627 0.0084771880225555322 0.0070642307007612731 -0.00076808392404927874 -0.0047992940526455641
leaf_weight=49 40 44 51 42 61 180 66 207 100 65 44 43 74 77 64 47
leaf_count=49 40 44 51 42 61 180 66 207 100 65 44 43 74 77 64 47
internal_value=-0.000207147 0.00449587 -0.00129175 -0.00204218 0.00092762 -0.00282581 -0.00232541 -0.00409767 -0.000597459 0.000821837 0.00370446 -0.000770309 0.00573649 0.00406036 0.00128216 -0.0022256
internal_weight=1254 235 1019 752 157 595 553 273 280 267 95 172 195 121 107 96
internal_count=1254 235 1019 752 157 595 553 273 280 267 95 172 195 121 107 96
cat_boundaries=0 1
cat_threshold=2
is_linear=0
shrinkage=0.05


Tree=47
num_leaves=20
num_cat=1
split_feature=1 6 10 10 2 1 11 10 6 9 4 9 9 6 10 7 2 10 10
split_gain=2.30915 0.657241 0.583465 0.61339 1.20026 1.16333 1.38308 1.09287 0.790549 0.71959 0.512032 0.494159 0.447341 0.914877 0.40163 0.906268 0.37066 0.296547 0.188185
threshold=1039118.2229434258 8315.0000000000018 1446.1666666666667 945.62500000000011 695322.11860512674 688091.77602969261 1330165967.3837106 334.29761904761909 10019.000000000002 1948.5000000000002 0 1981.5000000000002 1940.5000000000002 11815.500000000002 2129.7500000000005 2.5000000000000004 659749.2343736469 3467.0000000000005 1135.8250000000003
decision_type=2 2 2 2 2 2 2 2 2 2 1 2 2 2 2 2 2 2 2
left_child=2 -2 3 5 18 7 11 -1 -6 -8 -9 -7 -3 -14 15 -4 -16 -18 -5
right_child=1 12 14 4 8 6 9 10 -10 -11 -12 -13 13 -15 16 -17 17 -19 -20
leaf_value=-0.0099121818757759265 0.00048332563964287182 0.0016955509410417154 0.008746860499851147 -0.0030657353784607831 -0.013530758361137192 0.0081308121733920848 -0.0065559800541870154 0.00023671487366618026 -0.0040501681549681553 0.00054163675522431729 -0.0046102962529403161 0.0012519617986288809 0.01247584498487413 0.0035738462026441292 -0.0050616834923857823 -0.00035802554401258632 -0.0018351160937928107 0.0033987026690738276 0.0010229927860200406
leaf_weight=52 77 42 43 53 43 69 52 126 45 114 96 42 54 62 40 75 59 50 60
leaf_count=52 77 42 43 53 43 69 52 126 45 114 96 42 54 62 40 75 59 50 60
internal_value=-0.000196789 0.00427108 -0.00122716 -0.00194007 -0.0043044 -0.00107759 0.00120738 -0.00338758 -0.00868273 -0.00168171 -0.00185929 0.005528 0.00611701 0.00771788 0.000780745 0.00295986 -0.000944994 0.000565718 -0.000894729
internal_weight=1254 235 1019 752 201 551 277 274 88 166 222 111 158 116 267 118 149 109 113
internal_count=1254 235 1019 752 201 551 277 274 88 166 222 111 158 116 267 118 149 109 113
cat_boundaries=0 1
cat_threshold=2
is_linear=0
shrinkage=0.05


Tree=48
num_leaves=19
num_cat=1
split_feature=1 9 10 3 11 10 9 8 11 9 10 9 1 10 10 7 10 1
split_gain=2.08401 0.580023 0.526577 0.724659 0.882773 1.39292 0.585192 0.564619 0.614935 0.448723 0.453526 0.478601 0.428232 0.371804 0.362471 0.817907 0.284217 0.153736
threshold=1039118.2229434258 1935.5000000000002 1446.1666666666667 0 1095969037.1806588 788.64285714285722 2015.5000000000002 1.2500000000000002 1033991313.6455656 1955.5000000000002 989.62500000000011 1987.5000000000002 698334.10713997215 520.41666666666686 2129.7500000000005 2.5000000000000004 3467.0000000000005 686100.41438497638
decision_type=2 2 2 1 2 2 2 2 2 2 2 2 2 2 2 2 2 2
left_child=2 -2 3 6 -5 13 7 -1 -9 -3 11 -11 -7 -6 15 -4 17 -16
right_child=1 9 14 4 5 12 -8 8 -10 10 -12 -13 -14 -15 16 -17 -18 -19
leaf_value=-0.0047534870404389602 -0.0013458816763354331 0.0096394272140142602 0.0083095175096681243 -0.010361080442089589 -0.001513250030953675 -0.0039458388811908661 -0.0064472565092035528 0.0035336348558692929 -0.00078352372887640666 0.0025434722029604017 0.00091828111613142323 0.010230833934279294 -0.011093975338153542 0.0048822230151431131 -0.005090103793772869 -0.00034012419482072197 0.001518114813196876 -0.00075889043593113984
leaf_weight=62 41 44 43 48 47 44 42 112 313 40 69 41 40 44 40 75 67 42
leaf_count=62 41 44 43 48 47 44 42 112 313 40 69 41 40 44 40 75 67 42
internal_value=-0.00018695 0.00405752 -0.0011658 -0.00184307 -0.00416744 -0.00270675 -0.000769901 -0.000296082 0.000354175 0.00519948 0.0038971 0.00643461 -0.00734971 0.00157907 0.000741708 0.00281186 -0.000897744 -0.00287168
internal_weight=1254 235 1019 752 223 175 529 487 425 194 150 81 84 91 267 118 149 82
internal_count=1254 235 1019 752 223 175 529 487 425 194 150 81 84 91 267 118 149 82
cat_boundaries=0 1
cat_threshold=5
is_linear=0
shrinkage=0.05


Tree=49
num_leaves=14
num_cat=1
split_feature=11 6 5 9 9 9 3 11 2 11 9 11 6
split_gain=1.90743 0.538376 0.88496 0.488953 0.379843 0.971681 0.389783 0.766265 0.376571 0.8205 0.607387 0.368986 0.171453
threshold=4499531530.9756517 8763.5000000000018 4950.0000000000009 1972.5000000000002 2017.5000000000002 2011.5000000000002 0 1077893788.7742887 659749.2343736469 1077893788.7742887 1940.5000000000002 1397501906.7196772 12507.000000000002
decision_type=2 2 2 2 2 2 1 2 2 2 2 2 2
left_child=4 -2 12 -4 5 6 8 -8 10 -10 -1 -9 -3
right_child=1 2 3 -5 -6 -7 7 11 9 -11 -12 -13 -14
leaf_value=0.0025504392045347588 0.00025436942750174137 0.011494059124961495 0.005477574191437188 -0.0021605556143913418 -0.0049113990827238246 0.0059852221695592209 -0.0084922077808878386 0.0026441922195528343 0.0050532282978639235 -0.00070529366325863721 -0.0040719742372415822 -0.002617134534941357 0.0068929448178628606
leaf_weight=46 72 40 44 40 62 49 50 41 74 377 140 178 41
leaf_count=46 72 40 44 40 62 49 50 41 74 377 140 178 41
internal_value=-0.000177603 0.00386194 0.00543615 0.00184037 -0.00111897 -0.00087276 -0.00124367 -0.00280304 -0.000532787 0.000239564 -0.00243417 -0.00163214 0.0091651
internal_weight=1254 237 165 84 1017 955 906 269 637 451 186 219 81
internal_count=1254 237 165 84 1017 955 906 269 637 451 186 219 81
cat_boundaries=0 1
cat_threshold=5
is_linear=0
shrinkage=0.05


Tree=50
num_leaves=21
num_cat=0
split_feature=11 11 1 9 8 1 7 9 9 1 11 11 6 7 0 6 9 6 0 9
split_gain=2.25347 0.742799 0.562123 0.559066 1.02572 1.08009 0.831732 0.55633 1.05496 0.425836 0.309899 0.623855 0.405202 0.650176 0.470458 0.4434 0.303789 0.277911 0.263871 0.132248
threshold=3599007488.9019399 1846896323.5723817 717980.47789738665 1978.5000000000002 2.2500000000000004 1187518.3577207474 4.5000000000000009 1941.5000000000002 1961.5000000000002 692237.45421809389 2884191781.5777311 3095457222.089829 9322.5000000000018 3.5000000000000004 559558.65844934701 12148.500000000002 1970.5000000000002 14085.000000000002 560101.17611787876 1970.5000000000002
decision_type=2 2 2 2 2 2 2 2 2 2 2 2 2 2 2 2 2 2 2 2
left_child=1 2 7 4 -2 -6 -5 -1 -9 -10 12 -12 14 -14 -3 -15 -4 18 -13 -16
right_child=3 10 16 6 5 -7 -8 8 9 -11 11 17 13 15 19 -17 -18 -19 -20 -21
leaf_value=0.00029213709600246177 0.00083469221341040214 -0.00012735809901479021 -0.0019386723699083308 -0.0031321800713314967 0.0026277920577761739 0.012940302235825409 0.0051657589056366493 -0.010845022325936173 -0.0018242359491465968 -0.0070034760193249104 -0.0052485603327587461 0.0018238126817951971 0.002845859361191591 -0.0069041777872885374 0.0075850206258473917 -3.4567976642089591e-05 0.003681857942667028 0.0040276251194882205 -0.0033222924381986541 0.0035191801656037566
leaf_weight=69 68 67 53 58 43 62 63 56 158 53 71 47 75 46 40 48 44 40 53 40
leaf_count=69 68 67 53 58 43 62 63 56 158 53 71 47 75 46 40 48 44 40 53 40
internal_value=-3.47512e-05 -0.00120772 -0.00274209 0.00379534 0.0056188 0.00871708 0.00118823 -0.00371005 -0.00474432 -0.00312518 5.29753e-05 -0.00143083 0.00104374 -0.000626106 0.0029635 -0.00339629 0.000610847 0.000505305 -0.000903623 0.0055521
internal_weight=1254 960 433 294 173 105 121 336 267 211 527 211 316 169 147 94 97 140 100 80
internal_count=1254 960 433 294 173 105 121 336 267 211 527 211 316 169 147 94 97 140 100 80
is_linear=0
shrinkage=0.05


Tree=51
num_leaves=14
num_cat=0
split_feature=11 5 7 5 7 9 2 11 11 6 9 5 9
split_gain=2.03375 0.843621 0.88854 0.782579 0.781914 0.414984 0.53762 0.569622 1.05941 0.531275 0.477531 0.737081 0.219496
threshold=3599007488.9019399 5007.5000000000009 4.5000000000000009 971.00000000000011 2.5000000000000004 1923.5000000000002 696594.67995976855 1718228825.2549708 772098445.15512359 10070.500000000002 2003.5000000000002 1417.0000000000002 1978.5000000000002
decision_type=2 2 2 2 2 2 2 2 2 2 2 2 2
left_child=3 4 -3 -1 -2 -5 7 8 -7 -9 11 -8 -6
right_child=1 2 -4 5 12 6 10 9 -10 -11 -12 -13 -14
leaf_value=-0.0074392742185080615 0.011657846850626496 -0.0027917200137026511 0.0050824880912733175 0.0041565477894619108 0.0057195468189855736 0.0032388624083250759 -0.0066635915719926719 0.001677824737139004 -0.0058000337700545258 -0.0025610319139169799 0.0042331651258004357 0.00056127584083317454 0.001038110741813268
leaf_weight=47 46 77 67 40 62 40 41 132 171 168 67 254 42
leaf_count=47 46 77 67 40 62 40 41 132 171 168 67 254 42
internal_value=-3.30136e-05 0.00360557 0.000871974 -0.00114733 0.00622982 -0.000823429 -0.00105161 -0.00209595 -0.0040865 -0.000695935 0.000422594 -0.000442858 0.00382897
internal_weight=1254 294 144 960 150 913 873 511 211 300 362 295 104
internal_count=1254 294 144 960 150 913 873 511 211 300 362 295 104
is_linear=0
shrinkage=0.05


Tree=52
num_leaves=15
num_cat=1
split_feature=11 5 5 5 7 7 12 2 3 11 7 12 12 12
split_gain=1.83546 0.761368 0.879614 0.706277 0.705678 0.441999 0.374523 0.485202 0.715941 0.91486 0.52701 0.430972 0.677653 0.198095
threshold=3599007488.9019399 5007.5000000000009 5470.0000000000009 971.00000000000011 2.5000000000000004 4.5000000000000009 100.50000000000001 696594.67995976855 0 1809031076.1557069 4.5000000000000009 20.500000000000004 42.500000000000007 46.500000000000007
decision_type=2 2 2 2 2 2 2 2 1 2 2 2 2 2
left_child=3 4 -3 -1 -2 -4 7 8 9 -5 -10 -9 -13 -6
right_child=1 2 5 6 13 -7 -8 11 10 -11 -12 12 -14 -15
leaf_value=-0.0070673105079046596 0.01107495455710349 -0.0048754841595402233 0.00021564275212585925 -0.0033904947341556464 0.00098620518554179458 0.0069328373365957919 0.0039487203117460016 0.0040215069169192508 -0.0019870851476556594 0.0027477086525508985 -0.0065123101910152907 -0.0041261110476207459 0.0011291377022714117 0.0054335693948932241
leaf_weight=47 46 46 50 109 42 48 40 67 155 137 110 87 208 62
leaf_count=47 46 46 50 109 42 48 40 67 155 137 110 87 208 62
internal_value=-3.13629e-05 0.00342529 0.000828375 -0.00108996 0.00591833 0.0035057 -0.000782258 -0.000999027 -0.00199115 2.68444e-05 -0.00372492 0.000401464 -0.000420715 0.00363752
internal_weight=1254 294 144 960 150 98 913 873 511 246 265 362 295 104
internal_count=1254 294 144 960 150 98 913 873 511 246 265 362 295 104
cat_boundaries=0 1
cat_threshold=9
is_linear=0
shrinkage=0.05


Tree=53
num_leaves=13
num_cat=0
split_feature=11 5 10 5 5 7 11 11 9 9 2 6
split_gain=1.65651 0.687135 0.887035 0.793851 0.637415 0.398904 0.360335 0.871163 0.848433 0.635755 0.501164 0.259596
threshold=3599007488.9019399 5007.5000000000009 1705.5000000000002 5470.0000000000009 971.00000000000011 4.5000000000000009 719813326.64049304 979976411.40589082 2017.5000000000002 2004.5000000000002 681908.35680202011 9254.0000000000018
decision_type=2 2 2 2 2 2 2 2 2 2 2 2
left_child=4 2 11 -3 -1 -5 -6 10 9 -9 -8 -2
right_child=1 3 -4 5 6 -7 7 8 -10 -11 -12 -13
leaf_value=-0.0067139449504580589 9.0978115728897299e-05 -0.004631709933037991 0.011788109551361274 0.00020486061740666628 0.0032581367415709878 0.0065861954836388282 -0.009800394015704714 -0.00065728082663496945 -0.0072996004582057865 0.0036318730728235101 -0.0019826249344410693 0.0051422631465343404
leaf_weight=47 41 46 42 50 53 48 41 635 43 100 41 67
leaf_count=47 41 46 42 50 53 48 41 635 43 100 41 67
internal_value=-2.97948e-05 0.00325403 0.00562242 0.000786957 -0.00103547 0.00333041 -0.000743145 -0.000989736 -0.000473096 -7.37225e-05 -0.00589151 0.00322465
internal_weight=1254 294 150 144 960 98 913 860 778 735 82 108
internal_count=1254 294 150 144 960 98 913 860 778 735 82 108
is_linear=0
shrinkage=0.05


Tree=54
num_leaves=16
num_cat=0
split_feature=11 5 6 6 5 9 9 11 5 10 6 11 6 11 5
split_gain=1.495 0.629219 0.679834 0.61198 0.575267 0.57341 0.337608 0.443271 0.644232 0.920395 0.485121 0.445466 0.67641 0.660423 0.207545
threshold=3599007488.9019399 4508.0000000000009 12561.500000000002 10795.000000000002 971.00000000000011 1978.5000000000002 1923.5000000000002 2126144680.6708434 1645.5000000000002 1052.1666666666667 9274.5000000000018 2884191781.5777311 9322.5000000000018 3095457222.089829 5470.0000000000009
decision_type=2 2 2 2 2 2 2 2 2 2 2 2 2 2 2
left_child=4 5 3 14 -1 -2 -6 8 10 -10 -8 12 -9 -13 -3
right_child=1 2 -4 -5 6 -7 7 11 9 -11 -12 13 -14 -15 -16
leaf_value=-0.0063782477305528336 0.0090885437699034823 -0.00096654506283812237 0.0055336989521507238 -0.0059326022781897338 0.0037857888033613566 0.0016970402852166445 0.0032506557345756398 0.0046508292655055806 -0.0046801844500317579 0.0016150319062274464 -0.0033439128809342428 -0.0054295558428418813 -0.00084982238765646766 0.00059890471214141445 0.0040658956593168641
leaf_weight=47 65 40 63 40 40 44 83 107 246 76 42 69 117 133 42
leaf_count=47 65 40 63 40 40 44 83 107 246 76 42 69 117 133 42
internal_value=-2.83051e-05 0.00309133 0.00131581 -0.000862281 -0.000983692 0.00610482 -0.000705988 -0.000911797 -0.00201168 -0.00319436 0.00103488 0.000242311 0.00177772 -0.00146032 0.00161105
internal_weight=1254 294 185 122 960 109 913 873 447 322 125 426 224 202 82
internal_count=1254 294 185 122 960 109 913 873 447 322 125 426 224 202 82
is_linear=0
shrinkage=0.05


Tree=55
num_leaves=19
num_cat=1
split_feature=1 11 6 9 7 9 5 6 3 11 1 11 6 6 9 0 6 9
split_gain=1.33116 0.80037 0.753725 0.957949 1.10358 0.791785 0.654871 0.58753 0.530323 0.838648 0.996015 0.461168 0.443257 0.938092 0.515518 0.615972 0.402179 0.164595
threshold=1442340.2555717255 2126144680.6708434 8096.5000000000009 1951.5000000000002 5.5000000000000009 1981.5000000000002 4654.0000000000009 6880.5000000000009 0 1077893788.7742887 701797.52207137598 2802995668.3329062 10878.000000000002 12852.500000000002 1949.5000000000002 578820.51469827525 12455.000000000002 1936.5000000000002
decision_type=2 2 2 2 2 2 2 2 1 2 2 2 2 2 2 2 2 2
left_child=1 8 7 6 5 -5 -4 11 12 -10 -11 -3 14 -14 -1 -16 -6 -8
right_child=-2 2 3 4 16 -7 17 -9 9 10 -12 -13 13 -15 15 -17 -18 -19
leaf_value=-0.0054711458877241921 0.0074967768910158029 0.0053424233107679442 -0.0071303151804359925 0.0028167706904932855 0.0026969950875175785 -0.0029193980244623611 0.0012918884770906703 0.0073086551111191519 -0.0092839021233662045 0.0020585154742575745 -0.0077208369874888164 -0.0012082768391574856 0.0070104780777984739 -0.0030474793187088589 -0.0020428033178073487 0.004681788429669622 0.0088149662255697578 -0.0029211447108536959
leaf_weight=69 56 44 69 100 61 151 49 65 57 66 43 69 49 44 140 45 48 44
leaf_count=69 56 44 69 100 61 151 49 65 57 66 43 69 49 44 140 45 48 44
internal_value=-4.00883e-05 -0.000388039 0.000711459 -0.000246622 0.00119023 -0.000634072 -0.00343963 0.00352111 -0.00188833 -0.00412112 -0.00179939 0.00134244 -0.000681784 0.00225187 -0.00178276 -0.000407092 0.00539115 -0.000701375
internal_weight=1269 1213 700 522 360 251 162 178 513 166 109 113 347 93 254 185 109 93
internal_count=1269 1213 700 522 360 251 162 178 513 166 109 113 347 93 254 185 109 93
cat_boundaries=0 1
cat_threshold=5
is_linear=0
shrinkage=0.05


Tree=56
num_leaves=14
num_cat=0
split_feature=1 5 2 8 9 5 2 8 2 10 10 5 10
split_gain=1.20137 0.601319 0.61138 1.75535 0.559393 0.782116 1.0071 0.704663 0.629269 0.660356 0.491773 0.368359 0.206693
threshold=1442340.2555717255 1417.0000000000002 671350.45176759572 3.2500000000000004 1948.5000000000002 2449.0000000000005 647728.45187070419 4.7500000000000009 677772.907508748 945.62500000000011 1296.0000000000002 2500.0000000000005 1125.6250000000002
decision_type=2 2 2 2 2 2 2 2 2 2 2 2 2
left_child=1 2 -1 -4 5 -3 -7 8 11 -10 -8 -6 -9
right_child=-2 4 3 -5 7 6 10 12 9 -11 -12 -13 -14
leaf_value=0.0015521421952736239 0.0071219379454435378 -0.0070707552874330103 -0.011917858220672664 0.0014148682707603626 0.0025050345318520378 0.0059232666234796255 -0.0043162455133694622 -0.0060294664176624452 0.0043916197573949291 0.00061032355479969118 0.00079797425502796241 -0.0021347111061021137 -0.0011256857245991177
leaf_weight=43 56 57 52 47 58 48 112 42 211 255 81 163 44
leaf_count=43 56 57 52 47 58 48 112 42 211 255 81 163 44
internal_value=-3.80839e-05 -0.000368637 -0.00342597 -0.00558818 3.67234e-05 -0.00180369 -0.000557953 0.000746223 0.00128035 0.00232246 -0.00216986 -0.00091704 -0.00352056
internal_weight=1269 1213 142 99 1071 298 241 773 687 466 193 221 86
internal_count=1269 1213 142 99 1071 298 241 773 687 466 193 221 86
is_linear=0
shrinkage=0.05


Tree=57
num_leaves=17
num_cat=1
split_feature=1 11 9 5 9 1 3 11 2 11 0 5 7 1 1 8
split_gain=1.08424 0.693266 0.598304 1.00844 0.68944 0.619111 0.480948 0.730363 0.982345 0.399966 0.519584 0.453488 0.324434 1.11091 0.811797 0.249465
threshold=1442340.2555717255 2126144680.6708434 1954.5000000000002 3540.0000000000005 1965.5000000000002 1221920.3879032058 0 1077893788.7742887 701797.52207137598 3390041951.2266011 552027.01918202371 4654.0000000000009 4.5000000000000009 669203.61322633584 686100.41438497638 3.2500000000000004
decision_type=2 2 2 2 2 2 1 2 2 2 2 2 2 2 2 2
left_child=1 6 9 -4 -5 -6 12 -8 -9 10 -3 -11 13 -1 -14 -15
right_child=-2 2 3 4 5 -7 7 8 -10 11 -12 -13 14 15 -16 -17
leaf_value=0.005658575677726832 0.0067658410569752707 -0.0038262544178657913 0.0075290376757038762 0.0057239814019218712 0.00070425569270140078 -0.00577210331601756 -0.0086912153827908793 0.0019074563284580044 -0.0079408292256994174 -0.0075470297301018785 0.0029534453549717047 -0.00093175135700712143 -0.0065147183948394034 -0.0039877260858948169 0.0010198048174900648 0.00041332903988005828
leaf_weight=72 56 44 64 60 304 42 57 69 40 44 79 63 66 74 78 57
leaf_count=72 56 44 64 60 304 42 57 69 40 44 79 63 66 74 78 57
internal_value=-3.61797e-05 -0.000350205 0.000673086 0.00169567 0.000776119 -8.18919e-05 -0.00174651 -0.00387169 -0.00170659 -0.00141653 0.000528187 -0.00365205 -0.000600956 0.000669387 -0.00243352 -0.00207276
internal_weight=1269 1213 700 470 406 346 513 166 109 230 123 107 347 203 144 131
internal_count=1269 1213 700 470 406 346 513 166 109 230 123 107 347 203 144 131
cat_boundaries=0 1
cat_threshold=5
is_linear=0
shrinkage=0.05


Tree=58
num_leaves=13
num_cat=0
split_feature=1 11 9 8 1 9 6 6 0 11 10 0
split_gain=0.978525 0.628669 0.526766 1.18574 0.855711 0.645055 0.629226 1.66332 0.603297 0.44937 0.385048 0.244222
threshold=1442340.2555717255 9391147975.2217484 1948.5000000000002 1.7500000000000002 707133.77038150944 2017.5000000000002 7371.5000000000009 10386.000000000002 532330.19436014059 2414723728.0977664 966.16666666666686 552027.01918202371
decision_type=2 2 2 2 2 2 2 2 2 2 2 2
left_child=1 2 3 9 11 6 8 -8 -4 -1 -6 -5
right_child=-2 -3 5 4 10 -7 7 -9 -10 -11 -12 -13
leaf_value=-0.011120542277377554 0.0064275490411091598 0.0052152101311604589 -0.0070432368595542945 0.00014374471793416889 -0.0062582065031396242 -0.0048204270574534617 0.0050383697428042079 -0.0006835777318204122 -0.00048793382828089739 -0.0038450396704402842 -0.00020252631149358219 0.0045290912056641123
leaf_weight=41 56 49 43 64 63 62 200 348 191 44 45 63
leaf_count=41 56 49 43 64 63 62 200 348 191 44 45 63
internal_value=-3.43706e-05 -0.000332695 -0.000566241 -0.00229366 -0.000463184 8.8706e-05 0.000477921 0.00140472 -0.00169254 -0.0073544 -0.00373501 0.00231915
internal_weight=1269 1213 1164 320 235 844 782 548 234 85 108 127
internal_count=1269 1213 1164 320 235 844 782 548 234 85 108 127
is_linear=0
shrinkage=0.05


Tree=59
num_leaves=11
num_cat=0
split_feature=1 7 1 10 10 6 1 1 8 9
split_gain=0.883119 0.53255 0.873789 0.8227 0.611582 0.571333 0.516584 0.608868 0.502904 0.636543
threshold=1442340.2555717255 6.5000000000000009 688091.77602969261 249.95833333333334 1974.4166666666667 8438.5000000000018 1250500.3859040069 1074979.9535577933 3.7500000000000004 1992.5000000000002
decision_type=2 2 2 2 2 2 2 2 2 2
left_child=1 3 -3 -1 6 -4 7 -5 9 -6
right_child=-2 2 5 4 8 -7 -8 -9 -10 -11
leaf_value=-0.0077877305808942768 0.006106171592338277 -0.0026572003998162766 9.7515183733776217e-05 -0.0011300637929384867 -0.0019095487295857914 0.0072397719368689347 -0.005892706506024554 0.0052170754212420437 0.0053296969459116668 0.0054568376903217745
leaf_weight=40 56 62 44 682 103 77 53 40 71 41
leaf_count=40 56 62 44 682 103 77 53 40 71 41
internal_value=-3.26521e-05 -0.00031606 0.00216944 -0.000757658 -0.000473615 0.00464259 -0.00112817 -0.000778422 0.00188584 0.000187825
internal_weight=1269 1213 183 1030 990 121 775 722 215 144
internal_count=1269 1213 183 1030 990 121 775 722 215 144
is_linear=0
shrinkage=0.05


Tree=60
num_leaves=21
num_cat=0
split_feature=11 2 7 1 6 6 11 6 2 11 11 6 9 9 2 2 6 6 2 9
split_gain=1.27694 0.705796 0.978543 1.05424 0.74191 1.01488 0.69747 0.691689 0.576192 0.831964 0.83559 0.469903 0.728062 0.566798 0.416631 0.417496 0.340827 0.314219 0.16013 0.0782648
threshold=2286096279.5773158 633691.85660366749 6.5000000000000009 677772.907508748 4048.0000000000005 12113.000000000002 1499386101.7055066 9929.5000000000018 866108.93924456649 2884191781.5777311 3095457222.089829 12917.500000000002 1992.5000000000002 1967.5000000000002 760862.6221296686 706590.53824524849 9322.5000000000018 8438.5000000000018 680412.83644405415 1972.5000000000002
decision_type=2 2 2 2 2 2 2 2 2 2 2 2 2 2 2 2 2 2 2 2
left_child=1 6 3 7 -5 -6 -1 -3 9 16 -11 12 13 17 15 -12 19 -10 -18 -2
right_child=8 2 -4 4 5 -7 -8 -9 11 10 14 -13 -14 -15 -16 -17 18 -19 -20 -21
leaf_value=-0.0014097748412691717 0.0064154251012951136 0.0028361303530432085 0.0025254151913994814 -0.012024801964985163 -0.0029229052690228066 -0.011707395071478948 0.0066276703166162094 -0.00477651148615405 -0.00091671089346452453 -0.0065614818399007532 -0.00043572690523920835 0.0063196181588481481 0.0070071021768640974 -0.0044449358079582451 -0.0038077123484712237 0.0055317833232471636 0.002628383066357029 0.0051344337324715321 -0.001687851579238971 0.0033757554413750765
leaf_weight=79 45 74 68 41 166 41 41 50 41 67 97 76 47 50 54 42 44 45 42 40
leaf_count=79 45 74 68 41 166 41 41 50 41 67 97 76 47 50 54 42 44 45 42 40
internal_value=-0.000288739 -0.00206265 -0.00298965 -0.00399778 -0.00587993 -0.00466283 0.00133635 -0.000233483 0.00115096 3.08981e-05 -0.00175064 0.00301484 0.00164236 -0.000211635 -8.05548e-05 0.00136741 0.00273967 0.00224959 0.000520455 0.00498499
internal_weight=1250 560 440 372 248 207 120 124 690 431 260 259 183 136 193 139 171 86 86 85
internal_count=1250 560 440 372 248 207 120 124 690 431 260 259 183 136 193 139 171 86 86 85
is_linear=0
shrinkage=0.05


Tree=61
num_leaves=16
num_cat=0
split_feature=6 0 6 6 8 6 0 0 5 9 9 8 6 9 6
split_gain=1.02693 0.796807 1.01536 0.679526 0.572982 0.685194 0.602031 0.30728 0.593381 0.845418 0.582048 0.277989 0.483889 0.179001 0.0929551
threshold=3809.0000000000005 841881.29408001842 4774.0000000000009 12917.500000000002 1.7500000000000002 7545.0000000000009 1803305.4158322734 556708.52547526488 3244.5000000000005 1963.5000000000002 1971.5000000000002 3.2500000000000004 8916.5000000000018 1980.5000000000002 14720.500000000002
decision_type=2 2 2 2 2 2 2 2 2 2 2 2 2 2 2
left_child=-1 2 -2 4 -3 -6 -7 11 9 -9 -10 12 -4 -13 -5
right_child=1 3 7 14 5 6 -8 8 10 -11 -12 13 -14 -15 -16
leaf_value=-0.0060288582784952978 0.0061001599936459502 -0.003830679439008236 -0.0046792142834696593 0.0079600717552239086 -0.0019200741238291224 0.0013029863663270311 0.0088439131805595639 -0.0093057284750485501 0.00163878611308503 -0.001754644769793025 -0.0028803942788188991 7.7038408894820702e-05 0.00039089684047409012 0.0034459682404185121 0.0045513499109074472
leaf_weight=73 52 50 69 40 62 59 48 57 143 106 142 92 148 69 40
leaf_count=73 52 50 69 40 62 59 48 57 143 106 142 92 148 69 40
internal_value=-0.000274303 8.2607e-05 -0.000676576 0.00231191 0.000871258 0.00226236 0.00468583 -0.0011032 -0.00198904 -0.00439521 -0.000612876 -5.33167e-05 -0.00122126 0.00152087 0.00625571
internal_weight=1250 1177 878 299 219 169 107 826 448 163 285 378 217 161 80
internal_count=1250 1177 878 299 219 169 107 826 448 163 285 378 217 161 80
is_linear=0
shrinkage=0.05


Tree=62
num_leaves=23
num_cat=1
split_feature=11 8 2 4 0 6 0 2 11 11 8 1 7 6 6 5 2 2 6 6 2 6
split_gain=1.05896 0.717339 0.702562 0.793291 0.869386 0.51563 0.755417 0.471823 0.748591 0.753536 0.497102 0.478914 0.647214 0.433167 0.692916 0.50588 0.377279 0.377314 0.365157 0.316395 0.301267 0.0530037
threshold=2286096279.5773158 2.2500000000000004 676077.05414205592 0 527730.26579940575 6406.0000000000009 567990.61134559743 866108.93924456649 2884191781.5777311 3095457222.089829 4.2500000000000009 1162692.8781822992 4.5000000000000009 11530.500000000002 9424.5000000000018 2135.0000000000005 760862.6221296686 706590.53824524849 10070.500000000002 7969.5000000000009 686100.41438497638 10386.000000000002
decision_type=2 2 2 1 2 2 2 2 2 2 2 2 2 2 2 2 2 2 2 2 2 2
left_child=1 5 3 4 -3 -1 18 8 19 -10 11 -9 21 14 15 -4 17 -11 -7 -2 -21 -13
right_child=7 2 13 -5 -6 6 -8 10 9 16 -12 12 -14 -15 -16 -17 -18 -19 -20 20 -22 -23
leaf_value=-0.008661867384387947 0.0059521457566879691 -0.00030344436513032858 -0.00036252835658020697 -0.001911914403478333 0.0096107831341214478 -0.0034287288655028788 -0.0077324478756636388 0.0056245892994890093 -0.0062215214112161929 -0.00040330532554191419 0.0073893604383982242 -0.0039917309605516501 0.0038249186519533395 -0.0070083106109915779 0.0041596000955905765 -0.0069442614464897594 -0.0036137959462831971 0.0052697675657414258 0.002915453965154787 0.003212166112545576 -0.0019067019243982246 -0.001490255680885942
leaf_weight=51 50 41 65 76 48 43 50 57 67 97 47 40 70 43 42 53 54 42 48 74 47 45
leaf_count=51 50 41 65 76 48 43 50 57 67 97 47 40 70 43 42 53 54 42 48 74 47 45
internal_value=-0.000260587 -0.00187601 -0.000583406 0.00183982 0.00504355 -0.0043535 -0.00279515 0.00105048 3.69264e-05 -0.00165299 0.00273712 0.00170573 0.000264604 -0.00255303 -0.00135567 -0.00331873 -6.70226e-05 0.00131086 -8.23467e-05 0.00260639 0.00122385 -0.00266742
internal_weight=1250 560 368 165 89 192 141 690 431 260 259 212 155 203 160 118 193 139 91 171 121 85
internal_count=1250 560 368 165 89 192 141 690 431 260 259 212 155 203 160 118 193 139 91 171 121 85
cat_boundaries=0 1
cat_threshold=2
is_linear=0
shrinkage=0.05


Tree=63
num_leaves=24
num_cat=0
split_feature=11 8 12 12 10 1 12 12 1 11 11 8 1 7 10 10 10 10 12 0 1 11 5
split_gain=0.955713 0.647398 0.799848 0.738509 0.707051 0.960275 0.785057 1.25619 0.422109 0.679258 0.680066 0.449438 0.433297 0.58411 0.288878 0.277695 0.460572 0.226761 0.193835 0.216369 0.19833 0.176722 0.512142
threshold=2286096279.5773158 2.2500000000000004 76.500000000000014 45.500000000000007 445.71428571428578 701797.52207137598 76.500000000000014 49.500000000000007 866108.93924456649 2884191781.5777311 3095457222.089829 4.2500000000000009 1162692.8781822992 4.5000000000000009 1947.5833333333337 2677.5000000000005 1114.9750000000001 578.40000000000009 49.500000000000007 559558.65844934701 680412.83644405415 657163286.02279592 1683.5000000000002
decision_type=2 2 2 2 2 2 2 2 2 2 2 2 2 2 2 2 2 2 2 2 2 2 2
left_child=1 2 3 17 21 6 7 -6 9 18 -11 12 -10 14 -14 16 -12 -1 20 -20 -2 -3 -23
right_child=8 4 -4 -5 5 -7 -8 -9 11 10 15 -13 13 -15 -16 -17 -18 -19 19 -21 -22 22 -24
leaf_value=-0.0025605388562239353 0.0031445477984096042 -0.00064512723824009302 -0.0095743598490953454 0.0021824335066699669 0.0017289528144976579 -0.0075448954389208851 0.0057095869928428045 -0.0087929477829121715 0.005382869130698964 -0.0059104452945236401 -0.0021426575403893366 0.0070198925897513743 -0.0052822037991912419 0.0036336727726406282 0.00055762456264346844 -0.003360063115057225 0.0035324016493963606 -0.007725946869441243 0.0013710657696852961 0.0062712415587157016 -0.0018040858488529922 0.0077037428191397339 0.00049164064275828421
leaf_weight=42 41 40 50 57 74 63 41 46 56 67 64 47 45 70 40 48 81 43 41 50 40 40 64
leaf_count=42 41 40 50 57 74 63 41 46 56 67 64 47 45 70 40 48 81 43 41 50 40 40 64
internal_value=-0.000247558 -0.00178221 -0.00413582 -0.00222084 -0.000554236 -0.00231147 -0.000263603 -0.00230444 0.000997955 4.22463e-05 -0.00157034 0.00259821 0.00161329 0.000251374 -0.00253405 -6.36714e-05 0.00102755 -0.00517363 0.00247988 0.00406347 0.000700778 0.00217923 0.00326553
internal_weight=1250 560 192 142 368 224 161 120 690 432 260 258 211 155 85 193 145 85 172 91 81 144 104
internal_count=1250 560 192 142 368 224 161 120 690 432 260 258 211 155 85 193 145 85 172 91 81 144 104
is_linear=0
shrinkage=0.05


Tree=64
num_leaves=23
num_cat=0
split_feature=11 8 9 9 10 1 9 9 2 11 11 8 9 5 9 2 2 2 10 2 2 10
split_gain=0.862531 0.584277 0.721863 0.666505 0.638113 0.866648 0.708514 1.13372 0.384474 0.609569 0.61376 0.404827 0.39067 0.553844 0.89774 0.340116 0.339298 0.308879 0.292265 0.217463 0.326487 0.204652
threshold=2286096279.5773158 2.2500000000000004 1947.5000000000002 1979.5000000000002 445.71428571428578 701797.52207137598 1947.5000000000002 1974.5000000000002 866108.93924456649 2884191781.5777311 3095457222.089829 4.2500000000000009 1992.5000000000002 3683.0000000000005 1950.5000000000002 760862.6221296686 706590.53824524849 675224.47328238969 312.53571428571433 686100.41438497638 647728.45187070419 578.40000000000009
decision_type=2 2 2 2 2 2 2 2 2 2 2 2 2 2 2 2 2 2 2 2 2 2
left_child=1 2 -1 -4 17 6 -6 -8 9 19 -11 12 13 -10 -15 16 -12 -3 -19 20 -2 -5
right_child=8 4 3 21 5 -7 7 -9 11 10 15 -13 -14 14 -16 -17 -18 18 -20 -21 -22 -23
leaf_value=-0.0090956418067216875 0.00052733062842716687 0.0053970176112303073 0.002073311915196348 -0.0024325118045366947 0.0054241077406736518 -0.0071676506187825922 -0.0083533003420123587 0.0016425052462649102 0.0045694297044537964 -0.0056149230839045196 -0.00037774560161741433 0.0066688977806095744 0.0050792854246601727 0.0037272856332534968 -0.0056744894827716053 -0.0034280495933705461 0.0050019486119881988 0.003231342767685419 -0.0022580639611245418 0.00026093488785489978 0.0063370943182299178 -0.007339649506692969
leaf_weight=50 42 47 57 42 41 63 46 74 50 67 97 47 57 43 62 54 42 48 49 72 57 43
leaf_count=50 42 47 57 42 41 63 46 74 50 67 97 47 57 43 62 54 42 48 49 72 57 43
internal_value=-0.00023518 -0.0016931 -0.00392903 -0.0021098 -0.000526524 -0.00219589 -0.000250422 -0.00218922 0.000948057 3.3122e-05 -0.00149182 0.00247059 0.00153984 0.000238235 -0.00182424 -6.04879e-05 0.00124777 0.00207027 0.000458343 0.00235175 0.00387235 -0.00491495
internal_weight=1250 560 192 142 368 224 161 120 690 431 260 259 212 155 105 193 139 144 97 171 99 85
internal_count=1250 560 192 142 368 224 161 120 690 431 260 259 212 155 105 193 139 144 97 171 99 85
is_linear=0
shrinkage=0.05


Tree=65
num_leaves=17
num_cat=0
split_feature=1 7 1 10 1 10 2 10 10 2 1 9 10 9 9 9
split_gain=0.784547 0.931586 0.751319 0.815464 1.0694 0.87988 0.808422 0.693215 0.814052 1.02149 0.637816 1.0214 0.373794 0.319308 0.298754 0.217609
threshold=717980.47789738665 6.5000000000000009 707133.77038150944 351.95000000000005 671350.45176759572 441.00000000000006 698334.10713997215 1974.4166666666667 788.64285714285722 748446.88527358708 1340804.1441143008 1952.5000000000002 534.21428571428589 1938.5000000000002 1956.5000000000002 1974.5000000000002
decision_type=2 2 2 2 2 2 2 2 2 2 2 2 2 2 2 2
left_child=2 7 3 4 -1 -5 13 8 9 -2 11 -10 -11 -7 -9 -3
right_child=1 15 -4 5 -6 6 -8 14 10 12 -12 -13 -14 -15 -16 -17
leaf_value=-0.011368345187568083 0.008008601740205094 0.0033604638260919932 -0.0070633999596942561 0.0061889889553034061 -0.00042447623367925002 0.0011859685632357882 0.0049766566621947967 0.0070483034919016059 -0.010913989245891572 -0.0043064356741050018 0.0023179990299002722 -0.0019837407047046465 0.0018811112744375491 -0.0021499925174812795 0.0015399241114209873 0.0080411069539629617
leaf_weight=41 46 57 55 48 49 88 53 40 45 46 43 111 52 388 64 44
leaf_count=41 46 57 55 48 49 88 53 40 45 46 43 111 52 388 64 44
internal_value=-0.00036384 0.00106261 -0.00144652 -0.000983357 -0.00541002 -0.00029289 -0.000881038 8.2671e-05 -0.00100155 0.00186193 -0.00307362 -0.00455977 -0.00102325 -0.00153326 0.00365853 0.00539956
internal_weight=1270 548 722 667 90 577 529 447 343 144 199 156 98 476 104 101
internal_count=1270 548 722 667 90 577 529 447 343 144 199 156 98 476 104 101
is_linear=0
shrinkage=0.05


Tree=66
num_leaves=16
num_cat=0
split_feature=1 7 1 10 1 10 2 10 10 5 5 0 10 9 9
split_gain=0.708054 0.840756 0.678066 0.735956 0.965131 0.794091 0.729601 0.625626 0.777271 0.689532 0.820264 0.43494 0.295073 0.269626 0.196392
threshold=717980.47789738665 6.5000000000000009 707133.77038150944 351.95000000000005 671350.45176759572 441.00000000000006 698334.10713997215 1974.4166666666667 1311.5000000000002 3430.0000000000005 1732.5000000000002 819663.42659956194 1023.9833333333335 1956.5000000000002 1974.5000000000002
decision_type=2 2 2 2 2 2 2 2 2 2 2 2 2 2 2
left_child=2 7 3 4 -1 -5 12 8 9 10 -2 -11 -7 -9 -3
right_child=1 14 -4 5 -6 6 -8 13 -10 11 -12 -13 -14 -15 -16
leaf_value=-0.010799928018880054 -0.0024301840406325131 0.003192440732259696 -0.006710229851305486 0.0058795394584497751 -0.00040325232361543132 -0.0027440615667981786 0.0047278237898113595 0.0066958881627942907 -0.0058738534546528874 0.0016016164480513611 0.0052728156971321976 -0.0045692482108578968 -0.00025287047366903171 0.0014629277487983928 0.0076390517827927733
leaf_weight=41 54 57 55 48 49 230 53 40 65 43 96 85 246 64 44
leaf_count=41 54 57 55 48 49 230 53 40 65 43 96 85 246 64 44
internal_value=-0.000345648 0.00100948 -0.00137419 -0.000934189 -0.00513952 -0.000278246 -0.000836986 7.85374e-05 -0.000951477 0.000199438 0.00249974 -0.00249622 -0.0014566 0.0034756 0.00512958
internal_weight=1270 548 722 667 90 577 529 447 343 278 150 128 476 104 101
internal_count=1270 548 722 667 90 577 529 447 343 278 150 128 476 104 101
is_linear=0
shrinkage=0.05


Tree=67
num_leaves=15
num_cat=0
split_feature=1 7 9 1 10 10 2 1 10 10 2 1 9 9
split_gain=0.639018 0.758782 0.658946 0.708202 0.815143 0.842674 0.741274 0.665026 0.564628 0.701487 0.547785 0.633202 0.243337 0.177244
threshold=717980.47789738665 6.5000000000000009 1925.5000000000002 707133.77038150944 351.95000000000005 435.60000000000008 698334.10713997215 673270.56667703239 1974.4166666666667 1311.5000000000002 745781.66807709564 1369665.2667794463 1956.5000000000002 1974.5000000000002
decision_type=2 2 2 2 2 2 2 2 2 2 2 2 2 2
left_child=2 8 -1 4 7 -6 -7 -4 9 10 -2 -12 -10 -3
right_child=1 13 3 -5 5 6 -8 -9 12 -11 11 -13 -14 -15
leaf_value=0.0045533965476271176 0.0038409550885359447 0.003032818626563408 -0.010382923099961951 -0.0073014307561187226 0.0062717352940429311 -0.0017610179948007829 0.0044914326630532747 -0.0013212190416010119 0.0063610941404476764 -0.0055801608477934056 -0.0025644483934386553 0.0043912343544567503 0.0013897813681978733 0.0072570991456318143
leaf_weight=45 75 57 41 52 42 449 53 40 40 65 162 41 64 44
leaf_count=45 75 57 41 52 42 449 53 40 40 65 162 41 64 44
internal_value=-0.000328366 0.000959004 -0.00130548 -0.00169492 -0.00122846 -0.000531688 -0.0011009 -0.00590801 7.46106e-05 -0.000903903 0.000189466 -0.00115961 0.00330182 0.0048731
internal_weight=1270 548 722 677 625 544 502 81 447 343 278 203 104 101
internal_count=1270 548 722 677 625 544 502 81 447 343 278 203 104 101
is_linear=0
shrinkage=0.05


Tree=68
num_leaves=18
num_cat=0
split_feature=6 6 10 0 9 9 10 0 6 10 2 6 6 6 6 8 9
split_gain=0.565817 0.779404 0.806419 0.831671 0.588157 0.823927 0.547949 1.08562 2.4061 1.07227 0.993151 0.511806 0.5353 0.344036 0.347438 0.341217 0.235637
threshold=13317.000000000002 11724.500000000002 1974.4166666666667 789839.57885184966 1983.5000000000002 1966.5000000000002 945.62500000000011 552027.01918202371 7498.5000000000009 1046.2500000000002 701797.52207137598 15289.000000000002 15997.000000000002 14615.500000000002 13747.500000000002 3.7500000000000004 1979.5000000000002
decision_type=2 2 2 2 2 2 2 2 2 2 2 2 2 2 2 2 2
left_child=1 2 6 16 5 -3 7 8 -1 -8 -11 13 -13 14 -2 -9 -4
right_child=11 4 3 -5 -6 -7 9 15 -10 10 -12 12 -14 -15 -16 -17 -18
leaf_value=-0.010049647348604992 0.0056820234016901477 -0.0028288957425514115 0.0032164905015833497 0.0089613093083931346 -3.9447540663840138e-05 -0.01160330835548116 -0.0098554617174985738 0.0026447218203005229 0.0032643969180599719 0.0025120205292731282 -0.0048150127212847442 -0.0052404136830591606 0.0021785426238972332 0.0078588680247776207 -0.0005558988024784746 -0.00062984163743764674 -0.0021121260615819619
leaf_weight=71 41 77 41 45 68 41 44 240 65 92 93 40 62 40 49 119 42
leaf_count=71 41 77 41 45 68 41 44 240 65 92 93 40 62 40 49 119 42
internal_value=-0.000311947 -0.000810891 -0.00017073 0.0034877 -0.00374324 -0.00587763 -0.000817524 0.000118067 -0.00368632 -0.00283987 -0.0011713 0.0019204 -0.000730852 0.0040006 0.00228582 0.00155928 0.000520082
internal_weight=1270 1038 852 128 186 118 724 495 136 229 185 232 102 130 90 359 83
internal_count=1270 1038 852 128 186 118 724 495 136 229 185 232 102 130 90 359 83
is_linear=0
shrinkage=0.05


Tree=69
num_leaves=18
num_cat=1
split_feature=1 7 6 6 1 2 7 5 3 11 7 11 5 0 6 11 5
split_gain=0.563855 0.685195 1.01331 1.48721 0.536118 0.542612 0.499854 0.619072 0.414364 0.879429 0.767193 1.32553 0.909047 0.403282 0.381082 0.155085 0.0652816
threshold=717980.47789738665 6.5000000000000009 12802.500000000002 11724.500000000002 707133.77038150944 696594.67995976855 1.5000000000000002 4508.0000000000009 0 1008452499.9505237 4.5000000000000009 1008452499.9505237 3990.5000000000005 1745126.0284832132 10336.000000000002 3265626035.8893399 3409.0000000000005
decision_type=2 2 2 2 2 2 2 2 1 2 2 2 2 2 2 2 2
left_child=4 2 3 6 5 8 -2 -8 9 -1 11 -10 -12 -4 -11 -3 -7
right_child=1 15 13 -5 -6 16 7 -9 10 14 12 -13 -14 -15 -16 -17 -18
leaf_value=-0.0055673559187977978 0.0050029659621594925 0.0024023973684630952 0.0072454972658306362 -0.010319188933353872 -0.0059589536589655014 0.0016117482676054351 0.00073335223158614506 -0.0045995921093540696 0.0071215607307114921 0.0034741319919192938 -0.0095093826587865325 -0.0030556693699560129 -0.0012021699110933003 0.0010995717783111568 -0.00058786512798287421 0.006353802237202201 0.0044683556939708073
leaf_weight=56 42 44 56 40 55 40 180 78 43 114 69 125 63 51 117 57 40
leaf_count=56 42 44 56 40 55 40 180 78 43 114 69 125 63 51 117 57 40
internal_value=-0.00029635 0.000912939 7.2524e-05 -0.00126296 -0.0012142 -0.000822957 -5.54674e-05 -0.000878933 -0.00134943 5.21848e-05 -0.00260521 -0.000450783 -0.00554458 0.00431613 0.00141676 0.0046324 0.00304005
internal_weight=1270 548 447 340 722 667 300 258 587 287 300 168 132 107 231 101 80
internal_count=1270 548 447 340 722 667 300 258 587 287 300 168 132 107 231 101 80
cat_boundaries=0 1
cat_threshold=9
is_linear=0
shrinkage=0.05


Tree=70
num_leaves=25
num_cat=0
split_feature=10 10 6 2 1 8 5 9 6 9 0 10 1 2 10 6 9 5 5 2 10 10 5 5
split_gain=0.457174 1.55103 1.24399 1.66511 0.744601 0.543934 0.539503 1.71376 0.827309 0.824151 0.603888 0.55776 0.455393 0.443877 0.513872 0.600779 0.447765 0.84261 0.823496 0.442916 0.352536 0.342034 0.274145 0.0576978
threshold=1241.3000000000002 945.62500000000011 12708.000000000002 696594.67995976855 696594.67995976855 2.2500000000000004 2805.0000000000005 1971.5000000000002 11002.500000000002 1967.5000000000002 819663.42659956194 346.05000000000007 675224.47328238969 696594.67995976855 2291.7500000000005 12507.000000000002 1948.5000000000002 4406.5000000000009 5470.0000000000009 647728.45187070419 387.32142857142861 499.33333333333343 2670.5000000000005 5123.0000000000009
decision_type=2 2 2 2 2 2 2 2 2 2 2 2 2 2 2 2 2 2 2 2 2 2 2 2
left_child=1 4 3 -3 5 22 9 10 -9 20 -8 -11 19 14 15 -2 -15 -18 -19 -7 -6 -14 -1 -16
right_child=13 2 -4 -5 6 12 7 8 -10 11 -12 -13 21 16 23 -17 17 18 -20 -21 -22 -23 -24 -25
leaf_value=-0.0067607854527455789 0.0045621687894045202 -0.00071655531064607203 0.0013532277446409518 -0.012955721847317886 0.0043612945138011136 9.4375037855800536e-07 -0.0006116807810030878 0.00079036682692109326 0.010481418295530603 0.0054045111339655711 -0.0086286950228816797 -0.002325948966400964 -0.0059889955218972238 0.0065400043826230108 -0.004676825071801431 -0.0030434389528818432 0.0058936019322242249 -0.0060391574399545796 0.0034307925654998559 0.0063044792793623024 0.010920085565053993 0.00029148973990231756 -0.0012994717410765588 -0.0019912673591170461
leaf_weight=54 74 48 55 66 40 87 48 49 40 40 46 56 41 64 40 40 66 48 44 41 42 46 40 40
leaf_count=54 74 48 55 66 40 87 48 49 40 40 46 56 41 64 40 40 66 48 44 41 42 46 40 40
internal_value=0.00012972 -0.000542257 -0.00482275 -0.00780239 0.000537449 -0.00126419 0.00207958 0.000173246 0.0051459 0.00403945 -0.0045349 0.000895076 0.000122909 0.00148498 -0.000262169 0.00189353 0.00301177 0.00158261 -0.00151005 0.00202004 0.00772068 -0.00266828 -0.00443682 -0.00333405
internal_weight=1255 839 169 114 670 309 361 183 89 178 94 96 215 416 194 114 222 158 92 128 82 87 94 80
internal_count=1255 839 169 114 670 309 361 183 89 178 94 96 215 416 194 114 222 158 92 128 82 87 94 80
is_linear=0
shrinkage=0.05


Tree=71
num_leaves=12
num_cat=0
split_feature=1 6 10 12 10 1 10 1 8 10 12
split_gain=0.429355 0.763469 0.876603 1.22597 0.677654 0.935307 0.622918 0.647087 1.12648 0.500422 0.493237
threshold=1039118.2229434258 12878.500000000002 2129.7500000000005 47.500000000000007 284.00000000000006 701797.52207137598 351.95000000000005 625043.21099097666 2.7500000000000004 402.25000000000006 6.5000000000000009
decision_type=2 2 2 2 2 2 2 2 2 2 2
left_child=4 2 3 -2 5 -1 -6 8 -8 -9 -11
right_child=1 -3 -4 -5 6 -7 7 9 -10 10 -12
leaf_value=-0.0014052213591978302 0.0033316750523226801 0.0064657740062102681 0.0064000583253800876 -0.0065084239544430343 -0.0059345482072482511 0.0089069007337093369 -0.0021858688285150986 0.0044335716494881524 0.0076072551694417768 -0.0065710515556175533 -0.00092260571725553226
leaf_weight=43 60 69 43 67 54 45 55 41 63 41 674
leaf_count=43 60 69 43 67 54 45 55 41 63 41 674
internal_value=0.000123234 0.00203003 0.000229639 -0.00185956 -0.000325313 0.00386802 -0.000722957 -0.00040096 0.00304266 -0.000938456 -0.0012465
internal_weight=1255 239 170 127 1016 88 928 874 118 756 715
internal_count=1255 239 170 127 1016 88 928 874 118 756 715
is_linear=0
shrinkage=0.05


Tree=72
num_leaves=12
num_cat=0
split_feature=11 5 11 2 6 10 9 11 2 10 6
split_gain=0.536015 1.11242 0.768289 0.493033 0.625739 0.770735 1.0048 0.466011 0.357729 0.500401 0.425086
threshold=719813326.64049304 1417.0000000000002 514679084.38839298 1039118.2229434258 12878.500000000002 2129.7500000000005 1976.5000000000002 3986102777.647181 717191.12107633066 362.50000000000006 9558.0000000000018
decision_type=2 2 2 2 2 2 2 2 2 2 2
left_child=2 -2 -1 7 5 6 -5 8 9 -3 -10
right_child=1 3 -4 4 -6 -7 -8 -9 10 -11 -12
leaf_value=-0.001624571210704744 -0.0083749594260825698 -0.005932676047086716 0.0074150581795134054 -0.0056156320086516 0.0061424853930593997 0.0061832333088122221 0.00338500463199524 -0.0048485535629359741 -0.00053338134491171397 -0.00034217548160833861 0.0040560005290899426
leaf_weight=40 40 43 57 68 69 44 57 56 104 579 98
leaf_count=40 40 43 57 68 69 44 57 56 104 579 98
internal_value=0.000117072 -0.000181994 0.00368738 0.000111135 0.00213015 0.00049198 -0.00151134 -0.000434917 -0.000134962 -0.000728657 0.00169315
internal_weight=1255 1158 97 1118 238 169 125 880 824 622 202
internal_count=1255 1158 97 1118 238 169 125 880 824 622 202
is_linear=0
shrinkage=0.05


Tree=73
num_leaves=21
num_cat=1
split_feature=3 1 5 6 6 6 6 9 1 9 9 7 5 9 9 7 9 0 5 7
split_gain=0.387109 0.557171 0.763411 0.49942 1.45756 0.65616 0.982932 0.595007 0.47186 0.466738 0.563895 0.495078 0.43173 0.500984 0.734066 0.410197 1.10234 0.501089 0.396729 0.239748
threshold=0 696594.67995976855 5984.5000000000009 9376.5000000000018 8096.5000000000009 11048.000000000002 12802.500000000002 1950.5000000000002 625043.21099097666 1962.5000000000002 2009.5000000000002 4.5000000000000009 1645.5000000000002 1939.5000000000002 1954.5000000000002 4.5000000000000009 1983.5000000000002 577666.63225903024 2805.0000000000005 2.5000000000000004
decision_type=1 2 2 2 2 2 2 2 2 2 2 2 2 2 2 2 2 2 2 2
left_child=12 8 3 4 7 -5 -7 -3 18 11 19 -10 -1 -14 -15 16 -16 -17 -2 -11
right_child=1 2 -4 5 -6 6 -8 -9 9 10 -12 -13 13 14 15 17 -18 -19 -20 -21
leaf_value=0.0054337573863951303 -0.0025955808884464207 0.0070452123240102088 -0.0059295709989964961 0.0071752039661917557 -0.008321419200333564 -0.0038287973233188197 0.0043129955056560301 6.5304264209644733e-05 -0.0025829541667211635 -0.002885433200704442 -0.0062576935457235028 -0.0092767588625800746 0.0043843677458799864 -0.0065310044609941543 0.0041718208639583785 -0.00010031196003665729 -0.0056489090315036232 0.0072955516768012972 0.0039241317876498481 0.0015302430655538047
leaf_weight=58 40 40 40 65 46 60 97 129 67 44 44 47 73 40 53 49 62 43 56 102
leaf_count=58 40 40 40 65 46 60 97 129 67 44 44 47 73 40 53 49 62 43 56 102
internal_value=0.000111219 -0.000466815 0.00068194 0.00128711 -0.000430477 0.00295054 0.00120148 0.00171735 -0.00184838 -0.00281342 -0.00129586 -0.00534268 0.00142692 0.00074527 -0.000330253 0.000867959 -0.00112283 0.00335645 0.00120758 0.000199491
internal_weight=1255 877 477 437 215 222 157 169 400 304 190 114 378 320 247 207 115 92 96 146
internal_count=1255 877 477 437 215 222 157 169 400 304 190 114 378 320 247 207 115 92 96 146
cat_boundaries=0 1
cat_threshold=1
is_linear=0
shrinkage=0.05


Tree=74
num_leaves=12
num_cat=0
split_feature=11 5 11 1 6 9 9 11 1 1 6
split_gain=0.469245 1.00784 0.677621 0.478658 0.49309 0.646303 1.09186 0.417948 0.358623 0.419618 0.38958
threshold=719813326.64049304 1417.0000000000002 534164373.05656093 1039118.2229434258 12878.500000000002 1992.5000000000002 1948.5000000000002 3986102777.647181 717980.47789738665 625043.21099097666 9558.0000000000018
decision_type=2 2 2 2 2 2 2 2 2 2 2
left_child=2 -2 -1 7 5 6 -5 8 9 -3 -10
right_child=1 3 -4 4 -6 -7 -8 -9 10 -11 -12
leaf_value=-0.001236978290212709 -0.0079725217452505607 0.001947323307514382 0.0071753871972086262 0.0047459154038075758 0.0056717938379101133 0.0060499134269065974 -0.0049990845756051512 -0.0046040742612344079 -0.00048976090701871393 -0.0013777205443767594 0.0037972010596699656
leaf_weight=43 40 117 54 47 69 41 74 56 107 502 105
leaf_count=43 40 117 54 47 69 41 74 56 107 502 105
internal_value=0.000105658 -0.000174163 0.00344619 0.000104849 0.00213215 0.00062452 -0.00121384 -0.000423118 -0.000141368 -0.000749239 0.0016335
internal_weight=1255 1158 97 1118 231 162 121 887 831 619 212
internal_count=1255 1158 97 1118 231 162 121 887 831 619 212
is_linear=0
shrinkage=0.05


Tree=75
num_leaves=13
num_cat=0
split_feature=1 9 9 10 11 10 10 10 9 11 9 1
split_gain=0.49432 0.613955 0.392915 0.540511 0.381656 0.34881 0.64134 0.762702 0.69038 0.493612 0.310083 0.395854
threshold=1074979.9535577933 2000.5000000000002 1936.5000000000002 1081.0000000000002 4596060177.9315615 616.19642857142867 543.37500000000011 460.58333333333343 1961.5000000000002 1077893788.7742887 1928.5000000000002 659749.2343736469
decision_type=2 2 2 2 2 2 2 2 2 2 2 2
left_child=4 2 -2 -4 5 6 7 8 -1 -7 -11 -12
right_child=1 -3 3 -5 -6 9 -8 -9 -10 10 11 -13
leaf_value=-0.0054119386794222405 -0.00063783208183436227 -0.0033443619415629657 0.0078048586282723894 0.0016120037198930548 -0.0047170842294284006 0.0052700709549215472 -0.0068003958743550657 0.0058420513861346989 0.00040469372793773399 -0.0038448090706434514 -0.0018846109882681905 0.0012093941066825692
leaf_weight=79 44 40 72 69 47 51 48 40 144 45 136 431
leaf_count=79 44 40 72 69 47 51 48 40 144 45 136 431
internal_value=0.000151148 0.00227262 0.0034871 0.00477431 -0.000316365 -0.000104009 -0.00148554 -0.000515533 -0.00165591 0.000544041 0.000150205 0.000467269
internal_weight=1246 225 185 141 1021 974 311 263 223 663 612 567
internal_count=1246 225 185 141 1021 974 311 263 223 663 612 567
is_linear=0
shrinkage=0.05


Tree=76
num_leaves=12
num_cat=0
split_feature=6 6 0 10 11 12 12 1 7 6 6
split_gain=0.86009 0.632039 0.433323 0.432617 1.80413 0.990271 0.680568 0.717198 0.538729 0.427946 0.165889
threshold=4225.5000000000009 4774.0000000000009 567990.61134559743 460.58333333333343 1077893788.7742887 62.500000000000007 13.500000000000002 1074979.9535577933 3.5000000000000004 10973.500000000002 7969.5000000000009
decision_type=2 2 2 2 2 2 2 2 2 2 2
left_child=2 -2 -1 5 -5 9 8 -8 -6 10 -3
right_child=1 3 -4 4 6 -7 7 -9 -10 -11 -12
leaf_value=-0.007441052812467909 0.0064665169000279084 0.0007824434402763196 -0.00059547905310443263 0.010625684695233676 0.00059300968694219066 -0.0065077624581236816 -6.2698858836509751e-05 0.0036183836146750875 -0.0068198107231996555 -0.0034297299385070801 0.0051851455587893728
leaf_weight=53 43 46 41 44 43 72 597 170 57 40 40
leaf_count=53 43 46 41 44 43 72 597 170 57 40 40
internal_value=0.000143591 0.000518841 -0.00445522 0.000288228 0.000748622 -0.00183005 0.000247364 0.000753186 -0.0036323 0.000842929 0.00283021
internal_weight=1246 1152 94 1109 911 198 867 767 100 126 86
internal_count=1246 1152 94 1109 911 198 867 767 100 126 86
is_linear=0
shrinkage=0.05


Tree=77
num_leaves=12
num_cat=1
split_feature=6 6 0 10 11 12 12 1 4 6 6
split_gain=0.776231 0.570415 0.391074 0.390437 1.62823 0.89372 0.614212 0.647271 0.462129 0.386221 0.149715
threshold=4225.5000000000009 4774.0000000000009 567990.61134559743 460.58333333333343 1077893788.7742887 62.500000000000007 13.500000000000002 1074979.9535577933 0 10973.500000000002 7969.5000000000009
decision_type=2 2 2 2 2 2 2 2 1 2 2
left_child=2 -2 -1 5 -5 9 8 -8 -6 10 -3
right_child=1 3 -4 4 6 -7 7 -9 -10 -11 -12
leaf_value=-0.0070690001150206577 0.0061431908850059953 0.00074332121597683952 -0.00056570517580683643 0.010094400277541188 -0.00037616762015121907 -0.0061823743041410735 -5.9563884475709902e-05 0.0034374645478366054 -0.0072084242684973612 -0.0032582433102652433 0.0049258882348658523
leaf_weight=53 43 46 41 44 55 72 597 170 45 40 40
leaf_count=53 43 46 41 44 55 72 597 170 45 40 40
internal_value=0.000136411 0.000492899 -0.00423246 0.000273816 0.000711191 -0.00173855 0.000234995 0.000715527 -0.00345068 0.000800782 0.0026887
internal_weight=1246 1152 94 1109 911 198 867 767 100 126 86
internal_count=1246 1152 94 1109 911 198 867 767 100 126 86
cat_boundaries=0 1
cat_threshold=2
is_linear=0
shrinkage=0.05


Tree=78
num_leaves=13
num_cat=0
split_feature=6 6 7 10 11 9 9 0 8 6 8 0
split_gain=0.700549 0.5148 0.398696 0.634813 1.57598 1.02508 0.714817 0.489002 0.436174 0.425567 0.368605 0.144174
threshold=4225.5000000000009 4774.0000000000009 6.5000000000000009 460.58333333333343 1077893788.7742887 1961.5000000000002 1992.5000000000002 623747.9242224826 4.7500000000000009 9376.5000000000018 2.7500000000000004 552027.01918202371
decision_type=2 2 2 2 2 2 2 2 2 2 2 2
left_child=10 -2 3 5 -5 -3 -7 11 -6 -9 -1 -4
right_child=1 2 7 4 8 6 -8 9 -10 -11 -12 -13
leaf_value=-0.00088980780973871982 0.0058360315426144492 -0.008907513451926849 0.0020333383011166008 0.0095896803676044917 0.0002818791595701542 0.0045828747693016083 -0.0046445572612489145 0.0016427112649017501 -0.003518660922589548 0.0087604886022399162 -0.0071518594555140648 -0.0020710996468551457
leaf_weight=47 43 51 40 44 675 43 41 42 85 42 47 46
leaf_count=47 43 51 40 44 675 43 41 42 85 42 47 46
internal_value=0.000129591 0.000468254 0.000260125 -0.000143257 0.000389463 -0.0033159 7.90091e-05 0.00248822 -0.000143181 0.0052016 -0.00402083 -0.000162059
internal_weight=1246 1152 1109 939 804 135 84 170 760 84 94 86
internal_count=1246 1152 1109 939 804 135 84 170 760 84 94 86
is_linear=0
shrinkage=0.05


Tree=79
num_leaves=11
num_cat=0
split_feature=6 6 0 6 6 11 11 0 8 5
split_gain=0.632245 0.464607 0.352171 0.35175 0.881202 0.386968 0.331062 0.43426 0.37831 0.275708
threshold=4225.5000000000009 4774.0000000000009 567990.61134559743 14085.000000000002 15232.500000000002 3209584788.3931065 7696745264.9080744 1803305.4158322734 3.2500000000000004 5145.0000000000009
decision_type=2 2 2 2 2 2 2 2 2 2
left_child=2 -2 -1 6 -5 -6 7 8 -3 -8
right_child=1 3 -4 4 5 -7 9 -9 -10 -11
leaf_value=-0.0065115545428235016 0.0055442298047764359 0.00078544422682267571 -0.0003401965087438684 0.0072108075323437035 -0.0039590726336675951 0.0021928508132390799 0.0058532328600995245 -0.0055153938592411578 -0.0013836699347230426 0.00028392353653907776
leaf_weight=53 43 452 41 60 44 61 40 40 362 50
leaf_count=53 43 452 41 60 44 61 40 40 362 50
internal_value=0.000123111 0.000444841 -0.00381979 0.000247119 0.00237705 -0.000385098 -0.000125167 -0.000429138 -0.000179199 0.00275917
internal_weight=1246 1152 94 1109 165 105 944 854 814 90
internal_count=1246 1152 94 1109 165 105 944 854 814 90
is_linear=0
shrinkage=0.05


Tree=80
num_leaves=17
num_cat=1
split_feature=1 3 11 2 11 1 11 6 8 0 12 1 6 11 6 10
split_gain=0.660568 0.60088 0.994605 0.722125 0.826658 1.142 0.620625 0.62014 0.564251 0.427198 0.366344 0.3311 0.314955 0.587271 0.29705 0.294426
threshold=1442340.2555717255 0 8313619937.4681358 806015.1151934301 1330165967.3837106 688091.77602969261 2043872259.8021994 11530.500000000002 4.2500000000000009 1745126.0284832132 57.500000000000007 708849.74897787033 5882.0000000000009 1119547608.6569624 14085.000000000002 1034.3000000000002
decision_type=2 1 2 2 2 2 2 2 2 2 2 2 2 2 2 2
left_child=1 3 8 4 10 6 -6 -7 12 -5 -1 15 13 -3 -14 -10
right_child=-2 2 -4 9 5 7 -8 -9 11 -11 -12 -13 14 -15 -16 -17
leaf_value=0.0008338173034346917 0.0057327633908123912 -0.0019166529178619386 -0.008082229586111175 0.0076941214160372827 -0.0036118425269861046 -0.0088433851712736589 0.003736972534291757 -0.00091969727235304769 -0.0077470252203056594 0.0019446003889398917 0.0065296695676054159 -0.00013346584687328519 -0.00085994571148476908 0.0057251079984080907 0.0025965651538378248 -0.001938730367983226
leaf_weight=55 53 41 45 60 41 58 96 43 48 70 58 54 363 65 75 40
leaf_count=55 53 41 45 60 41 58 96 43 48 70 58 54 363 65 75 40
internal_value=0.000268936 3.00066e-05 -0.000869342 0.00138605 0.000235844 -0.00143613 0.00153769 -0.00546993 -0.000408866 0.00459823 0.00375735 -0.00321559 0.000323771 0.00276933 -0.000268077 -0.00510689
internal_weight=1265 1212 731 481 351 238 137 101 686 130 113 142 544 106 438 88
internal_count=1265 1212 731 481 351 238 137 101 686 130 113 142 544 106 438 88
cat_boundaries=0 1
cat_threshold=3
is_linear=0
shrinkage=0.05


Tree=81
num_leaves=14
num_cat=1
split_feature=1 3 11 9 8 9 9 6 9 11 5 1 1
split_gain=0.596163 0.542295 0.897631 0.637258 0.724189 0.598577 0.538933 0.423745 0.389338 0.300746 1.26224 0.280989 0.767738
threshold=1442340.2555717255 0 8313619937.4681358 1981.5000000000002 4.2500000000000009 1972.5000000000002 2017.5000000000002 13079.500000000002 1935.5000000000002 719813326.64049304 1683.5000000000002 748446.88527358708 676077.05414205592
decision_type=2 1 2 2 2 2 2 2 2 2 2 2 2
left_child=1 3 6 5 11 7 9 8 -1 -3 -11 12 -5
right_child=-2 2 -4 4 -6 -7 -8 -9 -10 10 -12 -13 -14
leaf_value=-0.00025473200189678565 0.0054461252194706287 0.0038652925428165046 -0.0076781178969475969 0.00058595541546620981 0.0043568164506491199 0.0080790360473717258 -0.00587616227123709 -0.0024083836280624385 0.0043508232966316934 -0.0084813448124226518 0.00031717763151969285 0.00037644922371125883 -0.0086867791065965237
leaf_weight=69 53 46 45 41 47 45 42 48 137 44 554 45 49
leaf_count=69 53 46 45 41 47 45 42 48 137 44 554 45 49
internal_value=0.00025549 2.85063e-05 -0.000825875 0.00131675 -0.000988557 0.00276402 -0.000388423 0.00182238 0.00280819 -3.05269e-05 -0.000330205 -0.00284954 -0.00446253
internal_weight=1265 1212 731 481 182 299 686 254 206 644 598 135 90
internal_count=1265 1212 731 481 182 299 686 254 206 644 598 135 90
cat_boundaries=0 1
cat_threshold=3
is_linear=0
shrinkage=0.05


Tree=82
num_leaves=14
num_cat=0
split_feature=1 11 12 7 12 12 12 5 6 10 10 12 5
split_gain=0.538037 0.426938 0.380908 1.20211 0.580102 0.564149 0.689408 0.662299 0.488019 0.473789 1.2455 0.714464 0.409495
threshold=1442340.2555717255 603051885.43523991 42.500000000000007 5.5000000000000009 48.500000000000007 57.500000000000007 70.500000000000014 3755.5000000000005 11609.500000000002 1446.1666666666667 1834.5000000000002 12.500000000000002 3540.0000000000005
decision_type=2 2 2 2 2 2 2 2 2 2 2 2 2
left_child=1 -1 3 9 -4 7 -7 -6 12 11 -11 -3 -5
right_child=-2 2 4 8 5 6 -8 -9 -10 10 -12 -13 -14
leaf_value=0.0042513790924363489 0.005173819167715199 -0.0094266597181558616 0.0049908374459656487 0.0040049557256080755 -0.0073852667491883048 0.0037172805958854875 -0.00036774450847443734 0.00019524829849080347 0.0068195318225965215 0.0066066650363306211 -0.0037167157026184818 -0.0026312107411490767 -0.0030617579738268768
leaf_weight=57 53 52 67 41 50 146 353 68 48 42 96 151 41
leaf_count=57 53 52 67 41 50 146 353 68 48 42 96 151 41
internal_value=0.000242715 2.7081e-05 -0.000181391 -0.00127562 0.000572089 9.22572e-05 0.000827473 -0.00301683 0.00281545 -0.00283526 -0.000574817 -0.00437192 0.000471599
internal_weight=1265 1212 1155 471 684 617 499 118 130 341 138 203 82
internal_count=1265 1212 1155 471 684 617 499 118 130 341 138 203 82
is_linear=0
shrinkage=0.05


Tree=83
num_leaves=16
num_cat=1
split_feature=1 3 11 9 7 7 11 6 8 7 9 7 6 6 1
split_gain=0.485578 0.485411 0.814413 0.542446 1.444 0.910538 0.573937 0.540534 0.496254 0.997768 0.424229 0.32201 0.292911 0.556117 0.302059
threshold=1442340.2555717255 0 8313619937.4681358 1981.5000000000002 5.5000000000000009 2.5000000000000004 4853303116.4993992 13079.500000000002 4.2500000000000009 3.5000000000000004 1935.5000000000002 5.5000000000000009 5882.0000000000009 4225.5000000000009 726762.73051669926
decision_type=2 1 2 2 2 2 2 2 2 2 2 2 2 2 2
left_child=1 3 8 6 5 -5 7 10 12 -10 -1 -11 13 -3 -14
right_child=-2 2 -4 4 -6 -7 -8 -9 9 11 -12 -13 14 -15 -16
leaf_value=-0.0010833866823956653 0.004915128201949147 -0.0014565009907211946 -0.0073094160606463751 0.0014926785994321108 0.005975126842342973 -0.0071508616597081229 0.0077849162887367943 -0.0031199598374466106 0.0025158921558893505 -0.0089814564174351599 0.0041072413313135601 -0.0029865713568315621 -0.0012309966824276836 0.0058507097050702825 0.0015071059176757647
leaf_weight=53 53 46 45 50 54 78 45 48 52 48 153 42 281 60 157
leaf_count=53 53 46 45 50 54 78 45 48 52 48 153 42 281 60 157
internal_value=0.000230579 2.57269e-05 -0.000782583 0.00124455 -0.000881739 -0.00377448 0.00258044 0.00165839 -0.000365846 -0.00299802 0.00277179 -0.00618384 0.00032123 0.00267966 -0.000249531
internal_weight=1265 1212 731 481 182 128 299 254 686 142 206 90 544 106 438
internal_count=1265 1212 731 481 182 128 299 254 686 142 206 90 544 106 438
cat_boundaries=0 1
cat_threshold=3
is_linear=0
shrinkage=0.05


Tree=84
num_leaves=12
num_cat=0
split_feature=1 11 12 7 10 12 10 2 7 5 5
split_gain=0.438234 0.379846 0.315488 1.01542 0.5508 0.828549 0.482598 0.420636 0.371303 0.369336 0.167869
threshold=1442340.2555717255 603051885.43523991 42.500000000000007 5.5000000000000009 351.95000000000005 48.500000000000007 509.75000000000006 671350.45176759572 4.5000000000000009 3595.5000000000005 4117.0000000000009
decision_type=2 2 2 2 2 2 2 2 2 2 2
left_child=1 -1 3 7 -4 -6 -7 9 -9 -3 -5
right_child=-2 2 4 10 5 6 -8 8 -10 -11 -12
leaf_value=0.0040089586112452185 0.0046693716253118833 0.0039304453239310533 -0.0035913247777761455 0.0041549735570427133 0.0066358270573477129 0.0048018786482446436 -9.4751207995702111e-05 -0.0046458862525542658 -3.4571896373693436e-05 -0.0026063012041552787 0.00052656205267079975
leaf_weight=57 53 40 73 74 59 56 496 198 56 47 56
leaf_count=57 53 40 73 74 59 56 496 198 56 47 56
internal_value=0.00021905 2.44406e-05 -0.000172198 -0.00116803 0.000513532 0.00100396 0.000402008 -0.00260147 -0.00362922 0.000399099 0.00259197
internal_weight=1265 1212 1155 471 684 611 552 341 254 87 130
internal_count=1265 1212 1155 471 684 611 552 341 254 87 130
is_linear=0
shrinkage=0.05


Tree=85
num_leaves=14
num_cat=0
split_feature=6 10 11 10 9 2 11 7 2 6 11 11 2
split_gain=0.556634 0.407871 1.01109 0.722347 0.486399 0.902347 0.701354 0.661202 0.65374 0.33802 0.262893 0.193607 0.52724
threshold=3809.0000000000005 1687.4166666666667 9137401362.0006218 2466.7500000000005 1962.5000000000002 617762.19423717959 3378026867.4241185 5.5000000000000009 810769.61929734773 12455.000000000002 3451929491.8076205 4596060177.9315615 696594.67995976855
decision_type=2 2 2 2 2 2 2 2 2 2 2 2 2
left_child=-1 2 4 10 5 -2 -7 8 -6 -9 -3 12 -5
right_child=1 3 -4 11 7 6 -8 9 -10 -11 -12 -13 -14
leaf_value=-0.0045549621469237736 -0.0090694004712118352 0.0027242627722444015 0.0070263868208885905 -0.0020457813024363468 -0.00019345069785605816 0.00013665871620963476 -0.0052618873604972456 0.0011362963885094236 -0.0057434514248326648 0.0059315580565824505 0.0076797522118558061 -0.0028999398357041602 0.0046569616465712898
leaf_weight=72 44 64 42 71 255 212 84 147 67 49 46 53 50
leaf_count=72 44 64 42 71 255 212 84 147 67 49 46 53 50
internal_value=-0.000286518 -2.69504e-05 -0.000548257 0.00162508 -0.000919044 -0.00238847 -0.00139536 4.54454e-05 -0.00134826 0.00233511 0.00479656 -0.00037988 0.000723947
internal_weight=1256 1184 900 284 858 340 296 518 322 196 110 174 121
internal_count=1256 1184 900 284 858 340 296 518 322 196 110 174 121
is_linear=0
shrinkage=0.05


Tree=86
num_leaves=13
num_cat=0
split_feature=6 1 10 12 2 12 12 10 1 6 2 5
split_gain=0.502362 0.534041 0.336854 0.427935 0.853882 0.616319 0.601809 0.387484 0.364364 0.19831 0.15096 0.267467
threshold=3809.0000000000005 1442340.2555717255 1687.4166666666667 61.500000000000007 617762.19423717959 57.500000000000007 51.500000000000007 2466.7500000000005 818708.30222684063 10581.500000000002 696594.67995976855 5007.5000000000009
decision_type=2 2 2 2 2 2 2 2 2 2 2 2
left_child=-1 2 3 5 -5 6 -2 9 -6 -4 -9 -12
right_child=1 -3 7 4 8 -7 -8 10 -10 -11 11 -13
leaf_value=-0.0043272140861113769 0.00019852948722870481 0.0048320203217574291 0.0013319804957334666 -0.0086159303170544183 -8.9102703989105212e-05 0.0058247075891069309 -0.0060020805163265665 -0.0019434921827141038 -0.0040367740375222639 0.0057549282281913541 0.0037781869001845096 -0.0015560370681688507
leaf_weight=72 435 54 47 44 217 44 43 71 80 55 47 47
leaf_count=72 435 54 47 44 217 44 43 71 80 55 47 47
internal_value=-0.000272192 -2.56029e-05 -0.000257737 -0.000737914 -0.00211548 0.000161989 -0.000359266 0.0012943 -0.00115245 0.0037169 -0.000203315 0.00111107
internal_weight=1256 1184 1130 863 341 522 478 267 297 102 165 94
internal_count=1256 1184 1130 863 341 522 478 267 297 102 165 94
is_linear=0
shrinkage=0.05


Tree=87
num_leaves=14
num_cat=0
split_feature=6 1 10 11 10 10 1 11 1 10 9 10 1
split_gain=0.454059 0.480256 0.295575 0.473106 0.802612 0.393963 0.699635 0.73658 0.680177 1.61008 0.73495 0.418908 0.313311
threshold=3861.5000000000005 1442340.2555717255 1687.4166666666667 7083782421.2840281 2129.7500000000005 812.78571428571433 811997.56703822489 6889770124.1537228 675981.14024048846 346.05000000000007 1948.5000000000002 1046.2500000000002 696594.67995976855
decision_type=2 2 2 2 2 2 2 2 2 2 2 2 2
left_child=-1 2 5 4 -4 8 11 -8 9 -2 -10 -7 -6
right_child=1 -3 3 -5 12 6 7 -9 10 -11 -12 -13 -14
leaf_value=-0.0039785820825249205 -0.010850468051752875 0.0045904193784938093 0.0068562935048248619 -0.0037200931732247512 -0.0019550269305775012 -0.0029502194632645235 -0.010179636009928326 -0.00096308060967158985 -0.0023205099147642137 0.00065738869565062821 0.0029475208851911221 0.0009230507712918827 0.0024564410692255478
leaf_weight=77 42 54 64 41 81 121 46 41 91 110 243 165 80
leaf_count=77 42 54 64 41 81 121 46 41 91 110 243 165 80
internal_value=-0.000258582 -1.56308e-05 -0.000236721 0.00121969 0.00211983 -0.000687716 -0.00190998 -0.0058362 0.000250359 -0.00252241 0.00151222 -0.00071564 0.000237007
internal_weight=1256 1179 1125 266 225 859 373 87 486 152 334 286 161
internal_count=1256 1179 1125 266 225 859 373 87 486 152 334 286 161
is_linear=0
shrinkage=0.05


Tree=88
num_leaves=13
num_cat=1
split_feature=5 5 5 3 5 5 2 10 9 2 9 5
split_gain=0.420006 0.318792 0.65674 0.589771 0.493865 0.480214 0.41018 0.649214 0.401581 0.457184 0.579732 0.29667
threshold=928.00000000000011 4685.0000000000009 4508.0000000000009 0 4330.5000000000009 5594.0000000000009 617762.19423717959 788.64285714285722 2007.5000000000002 1187518.3577207474 1954.5000000000002 5197.5000000000009
decision_type=2 2 2 1 2 2 2 2 2 2 2 2
left_child=-1 2 4 5 6 11 -2 -8 9 10 -5 -3
right_child=1 3 -4 8 -6 -7 7 -9 -10 -11 -12 -13
leaf_value=-0.0050444036679850382 -0.0043134730224889039 -0.0016978852373237413 -0.0068883897923296897 -0.0030984395527495789 0.0045399893768968023 -0.0042644897336916376 0.0010183945069796297 -0.002204325418363318 0.0072514938088716011 0.0063473459993770645 0.0030296485915191867 0.0042811225429631589
leaf_weight=44 69 42 40 65 49 75 394 259 40 43 95 41
leaf_count=44 69 42 40 65 49 75 394 259 40 43 95 41
internal_value=-0.000245653 -7.14413e-05 -0.000641651 0.00108178 -0.000317566 -0.00128346 -0.000647233 -0.000259836 0.00256685 0.00177022 0.000540113 0.0012556
internal_weight=1256 1212 811 401 771 158 722 653 243 203 160 83
internal_count=1256 1212 811 401 771 158 722 653 243 203 160 83
cat_boundaries=0 1
cat_threshold=4
is_linear=0
shrinkage=0.05


Tree=89
num_leaves=13
num_cat=0
split_feature=5 11 10 10 10 5 5 5 10 11 11 1
split_gain=0.379056 0.312175 0.278617 0.679558 0.574894 0.449304 0.400438 0.398331 0.588133 0.376054 0.363278 0.342975
threshold=928.00000000000011 10047114270.463522 1687.4166666666667 2466.7500000000005 812.78571428571433 2218.5000000000005 3211.0000000000005 1230.5000000000002 351.95000000000005 4596060177.9315615 3195248590.6646457 706590.53824524849
decision_type=2 2 2 2 2 2 2 2 2 2 2 2
left_child=-1 2 4 10 7 -6 -7 -2 -9 11 -4 -5
right_child=1 -3 3 9 5 6 -8 8 -10 -11 -12 -13
leaf_value=-0.0047921834852207796 0.00500106415393847 0.0039272681683638786 0.0014650951812250747 -0.0012567463835627523 -0.0070522241884978815 0.0025281347137374377 -0.0022305818504340142 -0.0040304531293610729 0.00080627491748675752 -0.0048429510599478738 0.0073494950448637648 0.0043905986391473565
leaf_weight=44 44 47 54 82 41 52 295 75 388 43 51 40
leaf_count=44 44 47 54 82 41 52 295 75 388 43 51 40
internal_value=-0.000233371 -6.78692e-05 -0.000229046 0.00117875 -0.000653746 -0.00210232 -0.00151746 0.000454827 2.27877e-05 -0.00082228 0.00432323 0.000594842
internal_weight=1256 1212 1165 270 895 388 347 507 463 165 105 122
internal_count=1256 1212 1165 270 895 388 347 507 463 165 105 122
is_linear=0
shrinkage=0.05


Tree=90
num_leaves=11
num_cat=0
split_feature=7 9 10 11 5 8 7 10 9 9
split_gain=0.447362 0.601014 0.54827 0.397801 0.733678 0.443733 0.458611 0.430991 0.257644 0.353898
threshold=6.5000000000000009 1940.5000000000002 249.95833333333334 740646198.06205821 1732.5000000000002 4.7500000000000009 3.5000000000000004 642.91666666666686 1964.5000000000002 1986.5000000000002
decision_type=2 2 2 2 2 2 2 2 2 2
left_child=2 -2 -1 -4 -5 7 -7 -6 -3 -10
right_child=1 8 3 4 5 6 -8 -9 9 -11
leaf_value=-0.0056965475369776999 -0.0027131072949573756 0.0072211948026799496 0.0039489599264925348 -0.00505113056889968 0.0033793465318101485 0.00041006472322395915 -0.0063992592894161751 0.00015938607513817262 -0.00069018149356865751 0.005302048800513149
leaf_weight=42 42 45 64 70 123 51 48 670 44 56
leaf_count=42 42 45 64 70 123 51 48 670 44 56
internal_value=0.000297726 0.00255374 -9.7288e-05 0.000131921 -0.000122019 0.000264795 -0.00289143 0.000658825 0.00407931 0.00266547
internal_weight=1255 187 1068 1026 962 892 99 793 145 100
internal_count=1255 187 1068 1026 962 892 99 793 145 100
is_linear=0
shrinkage=0.05


Tree=91
num_leaves=11
num_cat=0
split_feature=7 9 10 11 5 0 10 11 9 9
split_gain=0.403744 0.542415 0.494814 0.359015 0.662145 0.464828 1.07286 0.784898 0.232524 0.319393
threshold=6.5000000000000009 1940.5000000000002 249.95833333333334 740646198.06205821 1732.5000000000002 564023.5249507291 597.51190476190493 1754974690.8422458 1964.5000000000002 1986.5000000000002
decision_type=2 2 2 2 2 2 2 2 2 2
left_child=2 -2 -1 -4 -5 7 -7 -6 -3 -10
right_child=1 8 3 4 5 6 -8 -9 9 -11
leaf_value=-0.0054117202581394283 -0.0025774518909331945 0.006860135024309987 0.0037515119467570915 -0.0047985741100274029 -0.0043197017909087955 0.0072111930073746906 0.00036136593784786024 0.00047195765278725465 -0.00065567264312200925 0.0050369463012819851
leaf_weight=42 42 45 64 70 124 66 427 275 44 56
leaf_count=42 42 45 64 70 124 66 427 275 44 56
internal_value=0.00028284 0.00242606 -9.24235e-05 0.000125325 -0.000115918 0.000251555 0.00127838 -0.00101718 0.00387535 0.00253219
internal_weight=1255 187 1068 1026 962 892 493 399 145 100
internal_count=1255 187 1068 1026 962 892 493 399 145 100
is_linear=0
shrinkage=0.05


Tree=92
num_leaves=22
num_cat=2
split_feature=7 9 11 1 4 5 9 5 9 9 4 9 9 5 2 0 9 5 1 9 9
split_gain=0.364379 0.48953 0.391713 0.793967 1.13694 1.42693 0.862804 0.445371 0.487874 0.997546 0.401806 0.965438 0.622538 0.59572 0.585631 0.483484 0.351729 0.350472 0.247825 0.209853 0.288252
threshold=6.5000000000000009 1940.5000000000002 2043872259.8021994 707133.77038150944 0 1994.5000000000002 1966.5000000000002 3805.5000000000005 1961.5000000000002 1994.5000000000002 1 1981.5000000000002 2007.5000000000002 4282.0000000000009 701797.52207137598 567990.61134559743 1994.5000000000002 1619.0000000000002 671350.45176759572 1964.5000000000002 1986.5000000000002
decision_type=2 2 2 2 1 2 2 2 2 2 1 2 2 2 2 2 2 2 2 2 2
left_child=2 -2 3 4 6 -6 18 8 -4 -10 12 14 13 -9 -12 -13 -8 -5 -1 -3 -21
right_child=1 19 7 17 5 -7 16 10 9 -11 11 15 -14 -15 -16 -17 -18 -19 -20 20 -22
leaf_value=0.008392683821264655 -0.0024485794228634667 0.0065171282576759254 -0.00056381849064068357 -0.0085030966926188702 0.0013306156583670259 -0.0092124172647406032 -0.0042843334053120604 -0.0075907976765717785 0.010901231618820105 0.00030824914169700252 0.0010762890463001003 0.0015098763103394406 0.0040050400335493747 -0.0010753116532701108 0.0084824809106066826 -0.0058213608445261021 0.0019089676887513356 -0.002710024920710619 0.0031124985741917046 -0.00062288884073495869 0.0047850989545362875
leaf_weight=50 42 45 55 42 69 60 41 42 43 46 51 46 49 213 56 44 52 69 40 44 56
leaf_count=50 42 45 55 42 69 60 41 42 43 46 51 46 49 213 56 44 52 69 40 44 56
internal_value=0.000268698 0.00230475 -8.78024e-05 -0.00127024 2.18277e-05 -0.00357312 0.00255597 0.000687657 0.00313835 0.00542621 -1.67342e-05 0.00174225 -0.00115661 -0.00214845 0.00495243 -0.00207428 -0.000821412 -0.004902 0.00604593 0.00368158 0.00240558
internal_weight=1255 187 1068 423 312 129 183 645 144 89 501 197 304 255 107 90 93 111 90 145 100
internal_count=1255 187 1068 423 312 129 183 645 144 89 501 197 304 255 107 90 93 111 90 145 100
cat_boundaries=0 1 2
cat_threshold=2 2
is_linear=0
shrinkage=0.05


Tree=93
num_leaves=11
num_cat=0
split_feature=7 12 10 11 5 0 10 11 12 12
split_gain=0.328852 0.441801 0.430863 0.319523 0.58311 0.403881 0.96212 0.687763 0.189392 0.260147
threshold=6.5000000000000009 83.500000000000014 249.95833333333334 740646198.06205821 1732.5000000000002 564023.5249507291 597.51190476190493 1754974690.8422458 59.500000000000007 37.500000000000007
decision_type=2 2 2 2 2 2 2 2 2 2
left_child=2 8 -1 -4 -5 7 -7 -6 9 -2
right_child=1 -3 3 4 5 6 -8 -9 -10 -11
leaf_value=-0.0050470843312463596 0.0045458440519204101 -0.0023261503227764652 0.003540712964604609 -0.0045021239594955527 -0.0040370252166476639 0.0068124578757719559 0.0003257819237100262 0.00044835022407245235 0.0061912717954773046 -0.00059174440525980169
leaf_weight=42 56 42 64 70 124 66 427 275 45 44
leaf_count=42 56 42 64 70 124 66 427 275 45 44
internal_value=0.000255263 0.00218952 -8.34123e-05 0.000119779 -0.000107809 0.000237036 0.00119418 -0.000945601 0.0034975 0.00228531
internal_weight=1255 187 1068 1026 962 892 493 399 145 100
internal_count=1255 187 1068 1026 962 892 493 399 145 100
is_linear=0
shrinkage=0.05


Tree=94
num_leaves=14
num_cat=0
split_feature=6 7 6 6 10 10 11 1 6 1 11 6 10
split_gain=0.302307 0.318693 0.416504 0.793144 0.685533 0.93462 0.417993 0.864655 0.511508 0.335678 0.549165 0.243544 0.136035
threshold=14085.000000000002 6.5000000000000009 11724.500000000002 11291.500000000002 875.25000000000011 1769.7500000000002 1916696999.7866015 701797.52207137598 5548.0000000000009 688091.77602969261 2083805166.6401646 15289.000000000002 1086.6000000000001
decision_type=2 2 2 2 2 2 2 2 2 2 2 2 2
left_child=1 2 3 6 -4 -6 7 -1 -8 -3 -11 -2 -13
right_child=11 9 4 -5 5 -7 8 -9 -10 10 -12 12 -14
leaf_value=0.00026706904006171879 0.004540691511886223 -0.0015230741455873594 -0.0062539693691792929 0.0069921439071185896 0.0033994880609067254 -0.0049878032278206398 0.0053129536946388807 -0.0054131484672595466 9.313259161899624e-05 0.0081986369914375246 0.00085453285436545108 0.0028297870409336283 -0.000793400475393153
leaf_weight=199 67 47 74 40 76 59 55 101 320 40 70 44 63
leaf_count=199 67 47 74 40 76 59 55 101 320 40 70 44 63
internal_value=0.0002425 -6.88394e-05 -0.00042272 0.000151216 -0.00238619 -0.000266069 -0.000254172 -0.00164527 0.000858706 0.00201387 0.00352512 0.00217674 0.000696508
internal_weight=1255 1081 924 715 209 135 675 300 375 157 110 174 107
internal_count=1255 1081 924 715 209 135 675 300 375 157 110 174 107
is_linear=0
shrinkage=0.05


Tree=95
num_leaves=19
num_cat=0
split_feature=1 9 9 2 0 7 7 7 2 6 7 11 6 11 0 6 6 9
split_gain=0.636078 0.53809 0.491373 0.730307 0.638954 1.68781 0.948599 0.698927 0.611919 0.468022 0.431083 0.395048 0.383658 0.535762 0.761181 0.524725 0.425949 0.163584
threshold=617762.19423717959 1955.5000000000002 1990.5000000000002 647728.45187070419 577666.63225903024 4.5000000000000009 2.5000000000000004 2.5000000000000004 698334.10713997215 4774.0000000000009 1.5000000000000002 6802506717.9460115 12507.000000000002 3265626035.8893399 564023.5249507291 14720.500000000002 9376.5000000000018 2007.5000000000002
decision_type=2 2 2 2 2 2 2 2 2 2 2 2 2 2 2 2 2 2
left_child=-1 9 3 -3 7 6 -6 -4 -9 -2 -5 -12 13 14 -11 -14 -15 -7
right_child=1 2 4 10 5 17 -8 8 -10 12 11 -13 15 16 -16 -17 -18 -19
leaf_value=-0.0044265004734381965 0.0067172930764389186 -0.0072124301811750495 0.007959469121747784 -0.0050467835894475385 -0.0013450072658348032 0.0054739702447299289 -0.011035337764769794 0.0031366349275922406 -0.0041166485440576588 -0.0013694819859365987 0.00050176110248172426 -0.0047709184221741627 0.00689523543982783 0.00010090476910894116 0.0056713052612862415 -0.00024095463041374661 -0.0068852730409707883 0.0013130324935032563
leaf_weight=79 42 53 49 54 56 51 46 100 41 85 266 41 57 48 70 47 40 44
leaf_count=79 42 53 49 54 56 51 46 100 41 85 266 41 57 48 70 47 40 44
internal_value=-8.1856e-05 0.00020657 -0.000534369 -0.0017317 0.000746498 -0.00124873 -0.00571516 0.00281524 0.00102752 0.00173226 -0.000927051 -0.000202408 0.00112888 4.1226e-05 0.00181023 0.00367023 -0.00307463 0.0035468
internal_weight=1269 1190 801 414 387 197 102 190 141 389 361 307 347 243 155 104 88 95
internal_count=1269 1190 801 414 387 197 102 190 141 389 361 307 347 243 155 104 88 95
is_linear=0
shrinkage=0.05


Tree=96
num_leaves=16
num_cat=0
split_feature=2 11 9 9 6 9 9 6 11 10 10 11 10 6 6
split_gain=0.54426 0.79175 0.531848 0.769124 0.596575 0.509312 0.492949 0.898942 0.577793 0.394629 0.631034 0.391402 0.334009 0.50554 0.494361
threshold=617762.19423717959 1680051505.3366768 1965.5000000000002 1974.5000000000002 4774.0000000000009 1978.5000000000002 1990.5000000000002 9009.0000000000018 908288178.88251531 1817.0000000000002 2499.0000000000005 2136183865.4298332 872.00000000000011 12708.000000000002 12214.500000000002
decision_type=2 2 2 2 2 2 2 2 2 2 2 2 2 2 2
left_child=1 -1 4 11 -2 -5 7 -7 -8 12 -11 -4 14 -14 -6
right_child=2 -3 3 5 9 6 8 -9 -10 10 -12 -13 13 -15 -16
leaf_value=-0.0076990597779777918 0.0067267801370471713 0.00017704386784891157 -0.0081662945958330888 0.0052876354660838848 0.002819382217844803 -0.0073423124429199006 0.0058815375193143676 0.00070101972669363028 -0.00010337684405341017 0.0080685140896174633 0.00041322470503622923 -0.0020715682548196877 -0.0044939836568358409 0.0023947876645252111 -0.0030105195321826913
leaf_weight=55 50 76 43 44 141 62 46 79 327 45 67 68 76 41 49
leaf_count=55 50 76 43 44 141 62 46 79 327 45 67 68 76 41 49
internal_value=-7.77632e-05 -0.00312972 0.00027356 -0.000631476 0.00156454 0.000124659 -0.000317308 -0.00283576 0.000634709 0.000948521 0.00348901 -0.00443259 2.1697e-05 -0.00207997 0.00131588
internal_weight=1269 131 1138 669 469 558 514 141 373 419 112 111 307 117 190
internal_count=1269 131 1138 669 469 558 514 141 373 419 112 111 307 117 190
is_linear=0
shrinkage=0.05


Tree=97
num_leaves=15
num_cat=0
split_feature=1 12 5 10 1 2 12 10 10 12 5 12 2 8
split_gain=0.527292 0.44781 0.516629 0.431862 0.456984 0.68012 0.537255 0.415141 0.383811 0.97488 0.317474 0.247604 0.550364 0.305866
threshold=617762.19423717959 68.500000000000014 1645.5000000000002 812.78571428571433 1221920.3879032058 839126.14605876885 32.500000000000007 738.42857142857144 573.40000000000009 79.500000000000014 3463.5000000000005 49.500000000000007 680412.83644405415 3.2500000000000004
decision_type=2 2 2 2 2 2 2 2 2 2 2 2 2 2
left_child=-1 3 -3 7 5 6 -5 11 -4 -10 -11 12 -2 -13
right_child=1 2 8 4 -6 -7 -8 -9 9 10 -12 13 -14 -15
leaf_value=-0.0040295871835249143 0.0042556898291444501 0.006325154211372138 -0.0026066624428494837 0.00037718115282414882 -0.0053765065875543798 0.0039657216030554695 -0.0037779503965483436 0.0054650466068692158 0.0065987672065258842 -0.0041006050445139405 0.00087652716826161622 0.00086377388465085211 -0.00078731559731654444 -0.0051705174604735693
leaf_weight=79 84 50 64 148 66 61 164 42 74 40 161 42 152 42
leaf_count=79 84 50 64 148 66 61 164 42 74 40 161 42 152 42
internal_value=-7.3875e-05 0.000188731 0.00158056 -0.000487199 -0.00154146 -0.000862874 -0.00180693 0.000791311 0.000880764 0.00169238 -0.000113947 0.000177884 0.00100765 -0.00215337
internal_weight=1269 1190 389 801 439 373 312 362 339 275 201 320 236 84
internal_count=1269 1190 389 801 439 373 312 362 339 275 201 320 236 84
is_linear=0
shrinkage=0.05


Tree=98
num_leaves=20
num_cat=1
split_feature=1 9 0 8 7 9 6 1 6 6 6 6 9 6 7 4 0 6 10
split_gain=0.475881 0.404149 0.41718 0.823064 0.507107 0.751414 0.732588 0.973161 0.387794 0.385309 0.341096 0.483108 0.476831 0.457227 0.302448 0.406943 0.344965 0.190869 0.179514
threshold=617762.19423717959 1955.5000000000002 564023.5249507291 1.7500000000000002 4.5000000000000009 1988.5000000000002 12148.500000000002 811997.56703822489 9009.0000000000018 4774.0000000000009 12507.000000000002 14720.500000000002 1948.5000000000002 9099.5000000000018 3.5000000000000004 0 525001.94806865673 9558.0000000000018 578.40000000000009
decision_type=2 2 2 2 2 2 2 2 2 2 2 2 2 2 2 1 2 2 2
left_child=-1 9 3 17 6 8 7 -4 -6 -2 12 -12 13 -11 15 -5 -16 -3 -7
right_child=1 2 4 14 5 18 -8 -9 -10 10 11 -13 -14 -15 16 -17 -18 -19 -20
leaf_value=-0.0038281078462170655 0.0060246678645766924 0.0028333540381182258 -0.0042248128118584508 -0.0013750075398605657 -0.0066982864901968617 0.0050808700855891663 -0.0069268987290089642 0.0033371708646882329 -0.00016716783957592416 0.0010858946539666675 0.006444772522439037 -0.00040257262125452788 0.004705229037722876 -0.0037149408496738793 -0.0058930035760035608 0.0049608671581967082 -0.00047014830549229475 0.0076579458637464019 0.0012578599244254093
leaf_weight=79 42 41 104 55 41 53 79 72 51 109 57 47 43 91 41 47 103 41 73
leaf_count=79 42 41 104 55 41 53 79 72 51 109 57 47 43 91 41 47 103 41 73
internal_value=-7.01813e-05 0.000179295 -0.000462839 0.00090744 -0.00141305 0.00035759 -0.00292678 -0.00113127 -0.00307778 0.00150153 0.00095406 0.0033503 -7.14907e-05 -0.00109849 -0.00053863 0.00154446 -0.00201416 0.00524565 0.00286595
internal_weight=1269 1190 801 328 473 218 255 176 92 389 347 104 243 200 246 102 144 82 126
internal_count=1269 1190 801 328 473 218 255 176 92 389 347 104 243 200 246 102 144 82 126
cat_boundaries=0 1
cat_threshold=2
is_linear=0
shrinkage=0.05


Tree=99
num_leaves=15
num_cat=1
split_feature=1 10 11 10 11 10 8 6 6 11 4 6 6 10
split_gain=0.429483 0.371063 1.01546 1.2816 0.564846 0.497975 0.434962 0.816551 0.518695 0.49656 0.460683 0.413701 0.467439 0.240812
threshold=617762.19423717959 837.30000000000007 2043872259.8021994 1301.1250000000002 719813326.64049304 255.30000000000004 3.2500000000000004 12708.000000000002 12639.000000000002 1156969962.7335804 0 6439.5000000000009 7453.0000000000009 966.16666666666686
decision_type=2 2 2 2 2 2 2 2 2 2 1 2 2 2
left_child=-1 4 3 -3 5 -2 7 9 10 -6 -8 -4 -13 -14
right_child=1 2 11 -5 6 -7 8 -9 -10 -11 -12 12 13 -15
leaf_value=-0.0036367024507232104 0.0011040904968068368 -0.010041199617040487 0.0042481917085061818 0.00072542446074434211 -0.0014960979820107636 0.0089455009414814417 -0.00033811079939250312 -0.0040971208771225067 0.003295637383901825 0.0043596083851640717 -0.0057886378257535403 -0.0053975555743090813 -0.0027126750664122532 0.00072695015879297581
leaf_weight=79 41 59 58 52 46 40 92 48 48 170 67 40 59 370
leaf_count=79 41 59 58 52 46 40 92 48 48 170 67 40 59 370
internal_value=-6.66722e-05 0.00017033 -0.000650928 -0.00499738 0.00111954 0.00497639 0.000456256 0.00180171 -0.00125968 0.00311256 -0.00263487 0.000264548 -0.000228099 0.000253901
internal_weight=1269 1190 638 111 552 81 471 264 207 216 159 527 469 429
internal_count=1269 1190 638 111 552 81 471 264 207 216 159 527 469 429
cat_boundaries=0 1
cat_threshold=2
is_linear=0
shrinkage=0.05


Tree=100
num_leaves=11
num_cat=0
split_feature=11 6 6 8 0 6 11 11 0 10
split_gain=0.363555 0.626962 0.338572 0.324831 0.857274 0.375268 0.25224 0.529056 0.4707 0.264036
threshold=683611074.48692858 7219.0000000000009 3517.5000000000005 4.7500000000000009 559558.65844934701 9558.0000000000018 956396363.62225044 1365574114.5564468 559558.65844934701 916.80000000000007
decision_type=2 2 2 2 2 2 2 2 2 2
left_child=1 -1 -2 6 -5 -6 -4 8 -8 -9
right_child=2 -3 3 4 5 -7 7 9 -10 -11
leaf_value=-0.0068675687354381974 0.0050323889288119974 0.0014808982578952883 -0.0022062332559586832 0.0032863652044907211 -0.0084889459644909952 -0.0018999130524536398 0.0011001864277513035 -0.00064131906720334142 0.0076590290311358729 0.0011911790713947845
leaf_weight=46 40 44 71 50 40 47 59 331 51 484
leaf_count=46 40 44 71 50 40 47 59 331 51 484
internal_value=0.000276441 -0.0027861 0.000511418 0.000351807 -0.00193092 -0.00492935 0.000665796 0.000886244 0.0041411 0.000446937
internal_weight=1263 90 1173 1133 137 87 996 925 110 815
internal_count=1263 90 1173 1133 137 87 996 925 110 815
is_linear=0
shrinkage=0.05


Tree=101
num_leaves=14
num_cat=0
split_feature=11 2 6 6 7 6 6 9 9 10 2 1 10
split_gain=0.328109 0.605368 0.305562 0.272497 0.391469 0.897996 0.781173 0.917939 0.495363 0.323082 0.87204 0.540347 0.133568
threshold=683611074.48692858 680412.83644405415 3517.5000000000005 13450.500000000002 6.5000000000000009 8367.5000000000018 11724.500000000002 1993.5000000000002 1981.5000000000002 1007.8333333333334 708849.74897787033 712108.83043039031 578.40000000000009
decision_type=2 2 2 2 2 2 2 2 2 2 2 2 2
left_child=1 -1 -2 4 6 -6 8 -8 -4 11 -11 -5 -7
right_child=2 -3 3 9 5 12 7 -9 -10 10 -12 -13 -14
leaf_value=0.0010209916904568674 0.0047807695157825944 -0.0072315196716226634 0.0014979014980905029 0.0036349980055820201 -0.0022162268807733201 0.0074791841364155219 -0.0062391018358779688 0.0025711983658100773 -0.0013717639051891576 -0.00061309013159616902 0.0073653778385209014 -0.004438860349216347 0.0035586085015287005
leaf_weight=50 40 40 353 40 64 45 106 41 262 68 69 43 42
leaf_count=50 40 40 353 40 64 45 106 41 262 68 69 43 42
internal_value=0.000262619 -0.00264679 0.000485847 0.000334217 -4.64209e-05 0.00227938 -0.000507308 -0.00378181 0.000275377 0.00191386 0.00340526 -0.000547844 0.00558649
internal_weight=1263 90 1173 1133 913 151 762 147 615 220 137 83 87
internal_count=1263 90 1173 1133 913 151 762 147 615 220 137 83 87
is_linear=0
shrinkage=0.05


Tree=102
num_leaves=10
num_cat=0
split_feature=5 5 5 10 8 12 10 10 5
split_gain=0.319607 0.524296 0.638272 0.561872 0.430486 0.330051 0.275018 0.532036 0.444788
threshold=1275.0000000000002 1619.0000000000002 1783.5000000000002 469.14285714285717 3.2500000000000004 45.500000000000007 979.29166666666686 812.78571428571433 4508.0000000000009
decision_type=2 2 2 2 2 2 2 2 2
left_child=4 -2 -3 5 -1 -4 7 -5 -8
right_child=1 2 3 6 -6 -7 8 -9 -10
leaf_value=-0.0050983149866243044 0.0047628556241226553 -0.0054621820786393237 0.0012076509215951186 0.00033246210975330752 0.00094952949938098248 0.006924424555152655 0.0024778986264877897 -0.0037108799493950555 -0.00039996142977745175
leaf_weight=62 68 47 51 262 56 50 234 118 315
leaf_count=62 68 47 51 262 56 50 234 118 315
internal_value=0.000249488 0.000504825 0.00023598 0.000495993 -0.00222815 0.00403774 0.000110938 -0.000923102 0.000826667
internal_weight=1263 1145 1077 1030 118 101 929 380 549
internal_count=1263 1145 1077 1030 118 101 929 380 549
is_linear=0
shrinkage=0.05


Tree=103
num_leaves=13
num_cat=0
split_feature=10 10 7 8 0 9 9 2 9 9 10 9
split_gain=0.226873 0.316386 0.301923 0.181412 0.808141 0.233128 0.516413 0.402992 0.387753 0.598796 0.591348 0.0961025
threshold=255.30000000000004 319.26785714285717 6.5000000000000009 4.7500000000000009 559558.65844934701 1992.5000000000002 2000.5000000000002 653356.44379716844 1981.5000000000002 1975.5000000000002 830.90000000000009 1976.5000000000002
decision_type=2 2 2 2 2 2 2 2 2 2 2 2
left_child=2 -2 -1 5 -5 8 -7 -8 9 -3 -10 -6
right_child=1 3 -4 4 11 6 7 -9 10 -11 -12 -13
leaf_value=-0.0048313246033753138 0.0046321788499521658 1.1640603227520002e-05 0.00098366748836890968 0.0034299984962742128 -0.0027554856103961358 0.0053913974358936329 0.0049076333242867682 -0.00052870546920399974 0.0021778076213377065 0.0055828130136261573 -0.0054045506326171264 -0.0061604474346305046
leaf_weight=49 43 536 41 52 40 71 42 181 40 53 72 43
leaf_count=49 43 536 41 52 40 71 42 181 40 53 72 43
internal_value=0.000237013 0.000422636 -0.00218227 0.00026245 -0.00145747 0.000495806 0.0016776 0.000495179 1.61359e-07 0.000512952 -0.00269657 -0.0045195
internal_weight=1263 1173 90 1130 135 995 294 223 701 589 112 83
internal_count=1263 1173 90 1130 135 995 294 223 701 589 112 83
is_linear=0
shrinkage=0.05


Tree=104
num_leaves=10
num_cat=0
split_feature=5 5 5 5 11 8 10 7 5
split_gain=0.271461 0.465354 0.581289 0.504832 0.879098 0.379923 0.270221 0.574415 0.42778
threshold=1275.0000000000002 1619.0000000000002 1783.5000000000002 2368.0000000000005 1237461708.7759407 3.2500000000000004 979.29166666666686 4.5000000000000009 4508.0000000000009
decision_type=2 2 2 2 2 2 2 2 2
left_child=5 -2 -3 4 -4 -1 7 -5 -8
right_child=1 2 3 6 -6 -7 8 -9 -10
leaf_value=-0.0047545883278813095 0.0044720343451070434 -0.0052306577513747399 0.00026180863265611541 -0.0048686422035098082 0.0093410930152805077 0.00092699268716387459 0.002536629269669439 3.2312967390500414e-06 -0.00036847878750117998
leaf_weight=62 68 47 73 75 42 56 212 313 315
leaf_count=62 68 47 73 75 42 56 212 313 315
internal_value=0.000225163 0.000460483 0.0002072 0.000455336 0.00357772 -0.00205824 6.29047e-05 -0.000938497 0.000800179
internal_weight=1263 1145 1077 1030 115 118 915 388 527
internal_count=1263 1145 1077 1030 115 118 915 388 527
is_linear=0
shrinkage=0.05


Tree=105
num_leaves=14
num_cat=2
split_feature=1 1 7 9 10 10 9 3 9 9 10 4 5
split_gain=0.265268 0.244428 1.66007 0.408684 0.416527 1.41394 0.425372 0.3573 0.886653 0.376237 0.331665 0.433058 0.238433
threshold=604586.97028495732 647728.45187070419 4.5000000000000009 1938.5000000000002 1125.6250000000002 1228.3000000000002 1971.5000000000002 0 1972.5000000000002 1957.5000000000002 1222.2666666666669 1 3564.5000000000005
decision_type=2 2 2 2 2 2 2 1 2 2 2 1 2
left_child=-1 2 -2 10 7 -6 -7 9 -9 -5 11 12 -3
right_child=1 3 -4 4 5 6 -8 8 -10 -11 -12 -13 -14
leaf_value=0.0035439289023363311 0.0026032350789238182 0.0010174263051140303 -0.0087097345472518673 0.0061058449571613563 -0.0099495076879975389 0.0027399253820991048 -0.0012775147326058959 -0.0038987754061749649 0.002045184010682639 0.0014905684291859093 0.00043066132379925416 -0.0078773015498205326 -0.0043427052048389762
leaf_weight=43 72 41 59 55 40 99 197 102 163 224 73 43 42
leaf_count=43 72 41 59 55 40 99 197 102 163 224 73 43 42
internal_value=-0.000315257 -0.000452401 -0.00249192 -0.000204786 0.000257955 -0.00112618 6.61561e-05 0.00111287 -0.000233855 0.00231733 -0.00225108 -0.00380479 -0.00169493
internal_weight=1253 1210 131 1079 880 336 296 544 265 279 199 126 83
internal_count=1253 1210 131 1079 880 336 296 544 265 279 199 126 83
cat_boundaries=0 1 2
cat_threshold=6 2
is_linear=0
shrinkage=0.05


Tree=106
num_leaves=10
num_cat=1
split_feature=6 6 6 8 6 9 3 10 10
split_gain=0.363085 0.307203 0.618492 0.379146 0.782982 0.991756 0.390366 0.450187 0.399447
threshold=15697.000000000002 15133.500000000002 14274.000000000002 1.7500000000000002 11150.500000000002 1950.5000000000002 0 445.71428571428578 1650.1666666666667
decision_type=2 2 2 2 2 2 1 2 2
left_child=1 2 3 4 5 -1 8 -8 -5
right_child=-2 -3 -4 6 -6 -7 7 -9 -10
leaf_value=-0.0057315600153958523 0.0030267729841221076 -0.0047164279657105606 0.0053171645217251198 0.00039532719131411733 -0.0065446688321811192 0.0022423660151822413 0.0021544093584373552 -0.0017219392746961654 0.0047491182136134465
leaf_weight=59 77 42 46 278 76 115 92 403 65
leaf_count=59 77 42 46 278 76 115 92 403 65
internal_value=-0.000299494 -0.000517285 -0.000361761 -0.000601863 -0.00231074 -0.000461436 -9.20552e-05 -0.000981655 0.00118582
internal_weight=1253 1176 1134 1088 250 174 838 495 343
internal_count=1253 1176 1134 1088 250 174 838 495 343
cat_boundaries=0 1
cat_threshold=3
is_linear=0
shrinkage=0.05


Tree=107
num_leaves=14
num_cat=0
split_feature=1 1 7 9 8 10 10 11 11 1 9 10 1
split_gain=0.234627 0.224135 1.48727 0.352185 0.462366 0.380294 1.26085 0.481816 0.786097 0.749319 0.390095 0.268777 0.169693
threshold=604586.97028495732 647728.45187070419 4.5000000000000009 1938.5000000000002 1.7500000000000002 1125.6250000000002 1228.3000000000002 1211680667.6610169 1770012295.4695528 717980.47789738665 1971.5000000000002 1222.2666666666669 710202.25717015762
decision_type=2 2 2 2 2 2 2 2 2 2 2 2 2
left_child=-1 2 -2 4 -3 7 -7 9 -9 -5 -8 12 -6
right_child=1 3 -4 5 11 6 10 8 -10 -11 -12 -13 -14
leaf_value=0.0033449425367465205 0.0024561629333119429 -0.0062364668957889079 -0.0082518312717014455 0.0012964478952952805 0.00012882096976365735 -0.0094013514276593928 0.0026170516341943485 -0.0044626171809310717 0.0012314463572877261 0.0091372954060456573 -0.0012301972212132805 0.0024485764331481558 -0.0039697213595250753
leaf_weight=43 72 50 59 111 46 40 99 75 316 42 197 47 56
leaf_count=43 72 50 59 111 46 40 99 75 316 42 197 47 56
internal_value=-0.000284519 -0.0004135 -0.00236652 -0.000176386 -0.00207597 0.00025318 -0.00106939 0.00107006 0.000139235 0.00344884 5.65516e-05 -0.000679836 -0.00212136
internal_weight=1253 1210 131 1079 199 880 336 544 391 153 296 149 102
internal_count=1253 1210 131 1079 199 880 336 544 391 153 296 149 102
is_linear=0
shrinkage=0.05


Tree=108
num_leaves=9
num_cat=0
split_feature=6 6 6 2 6 0 11 6
split_gain=0.336278 0.276777 0.551745 0.350869 0.503423 1.07656 0.821683 0.0968179
threshold=15697.000000000002 15133.500000000002 14274.000000000002 604586.97028495732 11724.500000000002 552027.01918202371 7696745264.9080744 9631.0000000000018
decision_type=2 2 2 2 2 2 2 2
left_child=1 2 3 7 6 -6 -5 -1
right_child=-2 -3 -4 4 5 -7 -8 -9
leaf_value=0.00088877081405371429 0.0029308279069116365 -0.0044656678640638435 0.0050314749044406675 -0.00068154131611739943 0.0030337756800722202 -0.0048377169029668755 0.0053189082993119361 0.004367597880773246
leaf_weight=40 77 42 46 715 58 173 62 40
leaf_count=40 77 42 46 715 58 173 62 40
internal_value=-0.000270293 -0.00047989 -0.000332269 -0.000559045 -0.000812 -0.00286132 -0.000202741 0.00262818
internal_weight=1253 1176 1134 1088 1008 231 777 80
internal_count=1253 1176 1134 1088 1008 231 777 80
is_linear=0
shrinkage=0.05


Tree=109
num_leaves=20
num_cat=0
split_feature=6 0 6 6 6 11 10 6 5 6 0 6 0 11 0 10 5 5 10
split_gain=0.303491 0.253661 0.581145 0.945818 0.723952 0.689305 0.863064 0.695566 0.589663 0.457932 1.08985 1.10677 0.819601 0.547205 0.342761 0.615177 0.332431 0.299845 0.214489
threshold=15697.000000000002 560101.17611787876 10973.500000000002 12561.500000000002 11724.500000000002 7461141753.983779 1081.0000000000002 8862.0000000000018 4537.0000000000009 10661.000000000002 548453.68116028118 7250.0000000000009 552027.01918202371 1960791503.8430998 1803305.4158322734 1037.7500000000002 2218.5000000000005 3043.0000000000005 1114.9750000000001
decision_type=2 2 2 2 2 2 2 2 2 2 2 2 2 2 2 2 2 2 2
left_child=1 9 5 4 -4 6 7 -3 -8 10 13 -12 17 16 15 -5 -1 -11 -19
right_child=-2 2 3 14 -6 -7 8 -9 -10 12 11 -13 -14 -15 -16 -17 -18 18 -20
leaf_value=-0.0031202258641419354 0.0027842864873456204 -0.00067946352165234474 -0.0027553302692776582 -0.0023083450057758735 -0.011279221604320598 0.0054390145577669427 -0.0071730435320309233 0.0051292653897331217 2.2166526954000198e-05 0.0081036967868428865 0.007192374443385139 -0.0018622999221513644 -0.002617664305476605 0.00014507778400582247 -0.0044988340535201139 0.0051110398604021397 -0.0087154641752428524 0.00028381460811942815 0.0053706415896412245
leaf_weight=61 77 188 53 65 47 52 70 71 48 42 67 68 56 69 40 49 47 40 43
leaf_count=61 77 188 53 65 47 52 70 71 48 42 67 68 56 69 40 49 47 40 43
internal_value=-0.000256779 -0.000455896 -0.00107978 -0.00297524 -0.00676156 4.24671e-05 -0.000701884 0.000912891 -0.00424618 0.000408436 -0.000752236 0.0026315 0.00240915 -0.00333305 -0.00051659 0.000880689 -0.00555519 0.00466116 0.00291916
internal_weight=1253 1176 683 254 100 429 377 259 118 493 312 135 181 177 154 114 108 125 83
internal_count=1253 1176 683 254 100 429 377 259 118 493 312 135 181 177 154 114 108 125 83
is_linear=0
shrinkage=0.05


Tree=110
num_leaves=14
num_cat=0
split_feature=10 11 9 7 7 10 7 10 11 9 1 5 11
split_gain=0.433155 0.403284 0.331927 0.673571 1.31032 0.565244 0.336139 0.411293 0.662109 0.339425 0.266294 0.253928 0.191315
threshold=319.26785714285717 893374518.47858465 2000.5000000000002 1.5000000000000002 4.5000000000000009 1446.1666666666667 1.5000000000000002 460.58333333333343 1290364715.6761122 1992.5000000000002 727504.08309914952 4268.0000000000009 1156969962.7335804
decision_type=2 2 2 2 2 2 2 2 2 2 2 2 2
left_child=1 -1 6 -4 5 -5 11 12 -9 -10 -6 -2 -8
right_child=2 -3 3 4 10 -7 7 8 9 -11 -12 -13 -14
leaf_value=0.0053655280822972095 -0.0039001032538515962 -0.00062784691766390335 0.0040331446887215692 -0.0098707025249799088 0.0030287264991784471 -0.0023277295548923133 -0.0049754634743738105 0.0064528437391682368 0.00030903783664030848 0.0045736536001284404 -0.0020589380156855251 0.0006878442238084973 -0.00034659085272602285
leaf_weight=72 76 46 42 63 64 41 41 54 548 51 43 50 49
leaf_count=72 76 46 42 63 64 41 41 54 548 51 43 50 49
internal_value=0.00014751 0.00302913 -0.000155548 -0.00174939 -0.00290041 -0.00689703 0.000308481 0.00071344 0.00115017 0.000672135 0.000984151 -0.00207949 -0.0024553
internal_weight=1240 118 1122 253 211 104 869 743 653 599 107 126 90
internal_count=1240 118 1122 253 211 104 869 743 653 599 107 126 90
is_linear=0
shrinkage=0.05


Tree=111
num_leaves=13
num_cat=0
split_feature=5 5 0 5 9 10 8 11 2 11 5 6
split_gain=0.406997 0.703667 0.595973 0.549696 0.376512 0.329858 0.431841 0.786692 0.394593 0.658071 0.377688 0.326665
threshold=1619.0000000000002 1800.5000000000002 560101.17611787876 1208.0000000000002 2017.5000000000002 677.53333333333342 4.7500000000000009 2913261586.1681685 675224.47328238969 1439639600.1146455 3174.0000000000005 6439.5000000000009
decision_type=2 2 2 2 2 2 2 2 2 2 2 2
left_child=2 -2 11 -4 5 8 10 -8 -3 -10 -7 -1
right_child=1 4 3 -5 -6 6 7 -9 9 -11 -12 -13
leaf_value=0.0086037172368023454 -0.0066478401257815531 0.0052877295809420979 -0.0040115981356820514 0.0038878793027834037 -0.0038456270329149094 0.002896927560409792 0.0011613383135270505 -0.0085749826126940622 -0.0048629450271042386 0.0024088926512257076 -0.00035271760042472606 0.0023658733909711419
leaf_weight=41 41 63 49 40 59 107 42 41 41 129 544 43
leaf_count=41 41 63 49 40 59 107 42 41 41 129 544 43
internal_value=0.000140134 -0.000224616 0.00238978 -0.000461271 3.20625e-05 0.000268654 -0.000251642 -0.00364817 0.0019077 0.000655097 0.000181402 0.00541054
internal_weight=1240 1067 173 89 1026 967 734 83 233 170 651 84
internal_count=1240 1067 173 89 1026 967 734 83 233 170 651 84
is_linear=0
shrinkage=0.05


Tree=112
num_leaves=15
num_cat=0
split_feature=10 11 9 7 7 0 2 7 10 11 10 11 11 1
split_gain=0.382086 0.339162 0.283755 0.606146 1.1759 0.715876 0.37501 0.304109 0.371341 0.572041 0.318695 0.250622 0.167959 0.0750915
threshold=319.26785714285717 893374518.47858465 2000.5000000000002 1.5000000000000002 4.5000000000000009 577666.63225903024 728598.1774898424 1.5000000000000002 460.58333333333343 1290364715.6761122 916.80000000000007 1861490305.1663954 1156969962.7335804 748446.88527358708
decision_type=2 2 2 2 2 2 2 2 2 2 2 2 2 2
left_child=1 -1 7 -4 5 -5 -6 11 12 -10 -11 -2 -9 -13
right_child=2 -3 3 4 6 -7 -8 8 9 10 -12 13 -14 -15
leaf_value=0.0049821693581179717 -0.0052635614993050694 -0.00051411882488299973 0.003860325976053164 -0.0027362264962376734 0.0032958890875857891 -0.011071489784034327 -0.0027927394502046633 -0.0047095231155342455 0.006006522759519242 -0.00068355460637786357 0.0016433824802224131 0.0010044580043921637 -0.00037238879975083535 -0.0019504655298755267
leaf_weight=72 40 46 42 57 66 47 41 41 54 260 339 43 49 43
leaf_count=72 40 46 42 57 66 47 41 41 54 260 339 43 49 43
internal_value=0.000133128 0.00283955 -0.000151505 -0.00162516 -0.00271705 -0.00650312 0.000962863 0.000277533 0.000662715 0.00107769 0.00063336 -0.00199382 -0.00234819 -0.000473004
internal_weight=1240 118 1122 253 211 104 107 869 743 653 599 126 90 86
internal_count=1240 118 1122 253 211 104 107 869 743 653 599 126 90 86
is_linear=0
shrinkage=0.05


Tree=113
num_leaves=13
num_cat=1
split_feature=5 5 0 5 1 8 8 3 9 9 9 11
split_gain=0.346966 0.622878 0.523155 0.500693 0.364996 0.938861 0.501432 0.419598 0.741142 0.675765 0.306898 0.194171
threshold=1619.0000000000002 1800.5000000000002 560101.17611787876 1208.0000000000002 625043.21099097666 2.7500000000000004 4.7500000000000009 0 2010.5000000000002 1980.5000000000002 1966.5000000000002 2913261586.1681685
decision_type=2 2 2 2 2 2 2 1 2 2 2 2
left_child=2 -2 10 -4 5 -3 7 9 -9 -6 -1 -8
right_child=1 4 3 -5 6 -7 11 8 -10 -11 -12 -13
leaf_value=0.0079849007582768455 -0.0062535635757873347 -0.0023481979556179244 -0.0038559972325206866 0.0036831622819590848 -0.00035350408822720509 0.0073724444054446558 -0.0015991369924846699 0.00013777546864605092 -0.0051757112708622341 0.005990510738479931 0.0019387302238766742 -0.0060012657448406462
leaf_weight=43 41 46 49 40 97 54 55 580 74 74 41 46
leaf_count=43 41 46 49 40 97 54 55 580 74 74 41 46
internal_value=0.000126471 -0.000210306 0.00220359 -0.000467611 3.11883e-05 0.00290095 -0.000278721 0.000128382 -0.000456465 0.00225971 0.00503379 -0.00360407
internal_weight=1240 1067 173 89 1026 100 926 825 654 171 84 101
internal_count=1240 1067 173 89 1026 100 926 825 654 171 84 101
cat_boundaries=0 1
cat_threshold=8
is_linear=0
shrinkage=0.05


Tree=114
num_leaves=11
num_cat=1
split_feature=10 8 5 1 8 8 3 12 12 11
split_gain=0.334631 0.397609 0.278491 0.393515 1.07856 0.445322 0.396415 0.679694 0.619413 0.181249
threshold=319.26785714285717 2.7500000000000004 1417.0000000000002 625043.21099097666 2.7500000000000004 4.7500000000000009 0 13.500000000000002 43.500000000000007 2913261586.1681685
decision_type=2 2 2 2 2 2 1 2 2 2
left_child=1 -1 -2 4 -4 6 8 -8 -5 -7
right_child=2 -3 3 5 -6 9 7 -9 -10 -11
leaf_value=0.005867149588159936 -0.0035201516074674396 3.2102238709250322e-05 -0.0027584779621200994 0.0055503456045790942 0.0073563620533483726 -0.001529565234280502 -0.0049557746814486263 9.2841840320033963e-05 -0.00041337114681979433 -0.005701202460888611
leaf_weight=53 58 65 47 79 60 60 75 600 97 46
leaf_count=53 58 65 47 79 60 60 75 600 97 46
internal_value=0.000120148 0.00265293 -0.000146223 3.76939e-05 0.00291339 -0.000283832 9.683e-05 -0.000461282 0.00214183 -0.0033399
internal_weight=1240 118 1122 1064 107 957 851 675 176 106
internal_count=1240 118 1122 1064 107 957 851 675 176 106
cat_boundaries=0 1
cat_threshold=8
is_linear=0
shrinkage=0.05


Tree=115
num_leaves=12
num_cat=1
split_feature=11 9 9 6 6 5 9 4 8 11 5
split_gain=0.326946 0.284031 0.339946 0.590073 0.363278 0.46846 0.36085 0.762726 0.434605 0.657322 0.19275
threshold=9137401362.0006218 2019.5000000000002 1974.5000000000002 13276.500000000002 12248.000000000002 3881.0000000000005 1966.5000000000002 0 1.2500000000000002 772098445.15512359 4654.0000000000009
decision_type=2 2 2 2 2 2 2 1 2 2 2
left_child=1 2 6 4 5 -4 8 -8 -1 -10 -5
right_child=-2 -3 3 10 -6 -7 7 -9 9 -11 -12
leaf_value=-0.0035779295536433014 0.003662991514174293 -0.0038232427023883377 0.0024616734008304775 0.0072377118064050981 -0.0034526679641567175 -0.0012574502260862058 -0.0065459472186390373 0.0022822611033916475 0.0063473074714673443 4.3193299097320964e-05 0.0025466862702515068
leaf_weight=69 73 42 230 47 50 134 63 40 46 409 41
leaf_count=69 73 42 230 47 50 134 63 40 46 409 41
internal_value=0.000416497 0.000214111 0.000364305 0.00133394 0.000543607 0.00109255 -0.000412024 -0.00311752 0.000119781 0.000680532 0.00505212
internal_weight=1244 1171 1129 502 414 364 627 103 524 455 88
internal_count=1244 1171 1129 502 414 364 627 103 524 455 88
cat_boundaries=0 1
cat_threshold=2
is_linear=0
shrinkage=0.05


Tree=116
num_leaves=7
num_cat=0
split_feature=11 11 5 11 11 8
split_gain=0.295068 0.278402 0.22468 0.568561 0.355567 0.44149
threshold=9137401362.0006218 6612581740.7254963 971.00000000000011 719813326.64049304 979976411.40589082 4.7500000000000009
decision_type=2 2 2 2 2 2
left_child=1 2 -1 -4 -5 -6
right_child=-2 -3 3 4 5 -7
leaf_value=-0.0027336694576122144 0.0034798419020100405 -0.002662920031130691 0.005619106959235275 -0.0030061375834047797 0.00097123396272508775 -0.0024902878856384912
leaf_weight=54 73 79 53 75 806 104
leaf_count=54 73 79 53 75 806 104
internal_value=0.000395673 0.000203406 0.000410768 0.000574352 0.000302908 0.000575631
internal_weight=1244 1171 1092 1038 985 910
internal_count=1244 1171 1092 1038 985 910
is_linear=0
shrinkage=0.05


Tree=117
num_leaves=16
num_cat=2
split_feature=6 6 10 3 8 6 8 6 3 6 6 5 6 8 10
split_gain=0.262832 0.216079 0.28368 0.376489 0.783875 0.598219 0.516276 0.452539 0.317478 0.876286 0.518292 0.648158 0.508766 0.294924 0.178883
threshold=15697.000000000002 3237.0000000000005 616.19642857142867 0 3.7500000000000004 9099.5000000000018 1.7500000000000002 10478.500000000002 1 9478.5000000000018 9631.0000000000018 3341.0000000000005 7783.0000000000009 3.2500000000000004 1267.2333333333336
decision_type=2 2 2 1 2 2 2 2 1 2 2 2 2 2 2
left_child=1 -1 3 4 6 -6 -3 -5 9 12 13 -12 -4 -10 -11
right_child=-2 2 8 7 5 -7 -8 -9 10 14 11 -13 -14 -15 -16
leaf_value=0.0035478557510625411 0.0032052521194730491 -0.0015378003904841981 0.0018155751411210409 -0.0011767725940885474 -0.0076765849731034704 0.00067273637268510538 0.004708764511319301 -0.0078159373564024772 0.00015935854871985977 0.0073639472832188156 0.0039726427688987721 -0.0025538977741914977 -0.0051737635277298299 0.0035029105465098735 0.0033306529913615019
leaf_weight=46 77 53 66 66 45 41 88 42 167 56 45 246 43 109 54
leaf_count=46 77 53 66 66 45 41 88 42 167 56 45 246 43 109 54
internal_value=0.000375889 0.000189204 5.13827e-05 -0.00116696 6.33069e-05 -0.00369609 0.00236076 -0.00344014 0.000570652 0.00213796 -7.11608e-05 -0.00154464 -0.000941687 0.00147982 0.00538397
internal_weight=1244 1167 1121 335 227 86 141 108 786 219 567 291 109 276 110
internal_count=1244 1167 1121 335 227 86 141 108 786 219 567 291 109 276 110
cat_boundaries=0 1 2
cat_threshold=5 10
is_linear=0
shrinkage=0.05


Tree=118
num_leaves=13
num_cat=0
split_feature=11 0 8 12 6 6 12 11 6 12 5 5
split_gain=0.270817 0.568581 0.558271 0.215869 0.569433 0.361564 0.322639 0.778414 0.358519 0.446906 0.312924 0.100373
threshold=7792839864.1760426 1803305.4158322734 3.2500000000000004 48.500000000000007 13276.500000000002 12248.000000000002 57.500000000000007 2126144680.6708434 4493.5000000000009 61.500000000000007 2050.5000000000005 4537.0000000000009
decision_type=2 2 2 2 2 2 2 2 2 2 2 2
left_child=1 3 -2 4 5 10 7 -5 -8 -10 -1 -6
right_child=2 -3 -4 6 11 -7 8 -9 9 -11 -12 -13
leaf_value=0.0031476317837157036 6.6383290044092508e-05 -0.0051512667942526088 0.0071785795697292612 -0.0081842007467568655 0.0067621194641105838 -0.0036515068286573707 0.0041872356713821106 0.00056277357125237811 0.0041351599545473268 -0.00081027260887222327 -5.6487459064115798e-05 0.0032199985976330936
leaf_weight=110 77 49 43 41 40 49 52 67 52 376 248 40
leaf_count=110 77 49 43 41 40 49 52 67 52 376 248 40
internal_value=0.000357094 0.000116045 0.00261492 0.000356137 0.00113468 0.000376675 -0.000288681 -0.00275784 0.000266879 -0.000209426 0.000928018 0.00499106
internal_weight=1244 1124 120 1075 487 407 588 108 480 428 358 80
internal_count=1244 1124 120 1075 487 407 588 108 480 428 358 80
is_linear=0
shrinkage=0.05


Tree=119
num_leaves=11
num_cat=0
split_feature=11 12 12 7 10 6 6 6 5 5
split_gain=0.249223 0.261145 0.279907 0.539167 0.839495 0.633297 0.482517 0.294649 0.402903 0.171398
threshold=9137401362.0006218 4.5000000000000009 49.500000000000007 1.5000000000000002 1749.3333333333337 4774.0000000000009 13276.500000000002 12248.000000000002 3881.0000000000005 4654.0000000000009
decision_type=2 2 2 2 2 2 2 2 2 2
left_child=1 -1 6 -4 5 -5 7 8 -3 -8
right_child=-2 2 3 4 -6 -7 9 -9 -10 -11
leaf_value=-0.0037087438716774898 0.0031737031210979372 0.0022358202727248326 -0.004437055132887645 0.0041105500924459191 0.0058261643958695498 -0.0012189017328334256 0.0066096694079881661 -0.0031273231810191649 -0.001213269216727827 0.0021860989776053808
leaf_weight=42 73 230 73 64 58 432 47 50 134 41
leaf_count=42 73 230 73 64 58 432 47 50 134 41
internal_value=0.00033924 0.00016254 0.000306555 -0.000397891 0.000134345 -0.000531231 0.00118641 0.000471726 0.000966101 0.00454869
internal_weight=1244 1171 1129 627 554 496 502 414 364 88
internal_count=1244 1171 1129 627 554 496 502 414 364 88
is_linear=0
shrinkage=0.05


Tree=120
num_leaves=21
num_cat=2
split_feature=3 11 6 11 9 11 7 2 5 5 3 5 6 5 1 11 5 7 6 1
split_gain=0.295383 0.334884 0.454042 0.448605 0.347956 0.669441 0.520541 0.352799 0.342464 0.329026 0.302153 0.42099 0.347398 0.286294 0.495105 0.409095 0.358718 0.252851 0.22685 0.035549
threshold=0 2366164510.1733351 6587.0000000000009 740646198.06205821 1964.5000000000002 1156969962.7335804 3.5000000000000004 726762.73051669926 2245.5000000000005 3667.5000000000005 1 5818.5000000000009 12734.000000000002 3341.0000000000005 696594.67995976855 3151076015.2598825 2563.5000000000005 3.5000000000000004 8367.5000000000018 673270.56667703239
decision_type=1 2 2 2 2 2 2 2 2 2 1 2 2 2 2 2 2 2 2 2
left_child=13 3 -3 -2 5 -5 -7 8 -6 -4 11 -11 -12 16 19 -16 18 -17 -1 -15
right_child=1 2 9 4 7 6 -8 -9 -10 10 12 -13 -14 14 15 17 -18 -19 -20 -21
leaf_value=0.0027104268008021314 0.0017695874261500486 0.003959592876070347 0.0029274852474389431 -0.0099237406958958933 -0.0033199458130790541 0.0015176830266642831 -0.0056606659000473366 -0.0053269824095898213 0.0014406287826383122 -0.0011051652773928185 -0.0042168751564501889 0.0048773138392035195 -2.3714468971523179e-05 0.0015983497304841877 -0.006479198551486905 -0.0031427890363493528 0.0062998729802313308 0.0020448152616154404 -0.0018659118914769756 0.0037063405266962949
leaf_weight=68 66 61 55 42 60 46 56 45 102 104 122 41 83 40 41 46 42 48 45 40
leaf_count=68 66 61 55 42 60 46 56 45 102 104 122 41 83 40 41 46 42 48 45 40
internal_value=-0.000481198 -0.000972007 -6.19046e-05 -0.00201236 -0.0027235 -0.00461098 -0.00242337 -0.00141047 -0.000322547 -0.000667612 -0.00123256 0.000548598 -0.00240199 0.000697529 -0.000464543 -0.00231159 0.00235444 -0.0004938 0.000887991 0.00265235
internal_weight=1253 883 466 417 351 144 102 207 162 405 350 145 205 370 215 135 155 94 113 80
internal_count=1253 883 466 417 351 144 102 207 162 405 350 145 205 370 215 135 155 94 113 80
cat_boundaries=0 1 2
cat_threshold=1 10
is_linear=0
shrinkage=0.05


Tree=121
num_leaves=22
num_cat=2
split_feature=3 0 11 11 5 9 11 10 2 5 5 10 2 2 2 10 10 2 4 11 5
split_gain=0.266583 0.314999 0.302233 0.404866 0.390425 0.31403 0.60417 0.643774 0.318401 0.309074 0.245234 0.859113 0.290884 0.487447 0.244914 0.236683 0.573615 0.568566 0.230739 0.19748 0.181208
threshold=0 1452022.7428291682 2366164510.1733351 740646198.06205821 3667.5000000000005 1964.5000000000002 1156969962.7335804 960.41666666666674 726762.73051669926 2245.5000000000005 3305.5000000000005 639.45833333333337 696594.67995976855 733826.43988539872 688091.77602969261 924.60000000000014 1786.7500000000002 717191.12107633066 1 3709499993.3399191 5403.0000000000009
decision_type=1 2 2 2 2 2 2 2 2 2 2 2 2 2 2 2 2 2 1 2 2
left_child=1 10 3 -2 -4 6 -5 -8 9 -7 11 14 18 -14 -1 19 17 -17 -12 -6 -18
right_child=2 -3 4 5 15 8 7 -9 -10 -11 12 -13 13 -15 -16 16 20 -19 -20 -21 -22
leaf_value=-0.0023008075212904563 0.0016811079208061777 -0.0026029466823140374 0.0032721778761746513 -0.0094275534482828049 -0.0004890473038236153 -0.0031539485095224036 -0.0055587978835110784 0.002542975401823841 -0.0050606333381599854 0.0013685972234431093 0.004403355547886653 0.0086629852885380387 -0.0057556817603167587 0.0019127831538207831 0.0028047308285275231 -0.00057677607498286918 -0.0011613870176651905 -0.006905111949225622 -0.00073851600755006077 0.003765513345032283 0.0024919727838908635
leaf_weight=48 66 61 74 42 67 60 61 41 45 102 48 44 43 40 46 72 62 70 40 46 75
leaf_count=48 66 61 74 42 67 60 61 41 45 102 48 44 43 40 46 72 62 70 40 46 75
internal_value=-0.000457138 0.000662652 -0.000923407 -0.00191174 -5.88093e-05 -0.00258732 -0.00438043 -0.0023022 -0.00133994 -0.00030642 0.00132876 0.00289674 6.33768e-05 -0.00206004 0.000197647 -0.000687618 -0.00146951 -0.00369638 0.00206614 0.0012429 0.000838627
internal_weight=1253 370 883 417 466 351 144 102 207 162 309 138 171 83 94 392 279 142 88 113 137
internal_count=1253 370 883 417 466 351 144 102 207 162 309 138 171 83 94 392 279 142 88 113 137
cat_boundaries=0 1 2
cat_threshold=1 2
is_linear=0
shrinkage=0.05


Tree=122
num_leaves=18
num_cat=2
split_feature=6 6 4 4 0 2 6 10 6 6 2 9 9 9 0 10 10
split_gain=0.26704 0.638358 0.561848 0.534333 0.525849 0.684751 0.447968 0.438892 0.429231 0.396198 0.387477 0.378392 0.515531 0.370066 0.336952 0.237932 0.371184
threshold=12734.000000000002 11724.500000000002 0 1 548453.68116028118 675591.77005089482 7219.0000000000009 837.30000000000007 4728.5000000000009 3809.0000000000005 708849.74897787033 1937.5000000000002 1929.5000000000002 1983.5000000000002 552027.01918202371 1532.5000000000002 890.75000000000011
decision_type=2 2 1 1 2 2 2 2 2 2 2 2 2 2 2 2 2
left_child=1 4 14 -3 5 6 -1 -8 9 -6 -4 12 -10 -13 -2 16 -16
right_child=2 3 10 -5 8 -7 7 -9 11 -11 -12 13 -14 -15 15 -17 -18
leaf_value=-0.0040063859620732408 0.0026121643500849972 -0.0015771626557965401 0.00098709371559380088 -0.009008349977978846 0.00055241602800648528 -0.0071510962257950996 0.0051336070652617969 -0.002052591397382674 0.00049816963922542825 0.0070274225147884525 0.0067978178616613155 0.0016733298369690898 -0.0069091628892752142 -0.0011843585194999055 -0.003552239389106069 -0.0053929738543229177 0.0027835242478631258
leaf_weight=62 51 59 64 41 54 59 43 42 48 42 52 246 46 210 53 40 41
leaf_count=62 51 59 64 41 54 59 43 42 48 42 52 246 46 210 53 40 41
internal_value=-0.000434282 -0.000844719 0.000863846 -0.00462395 -0.000401147 -0.00260085 -0.000774556 0.00158278 0.000300305 0.00338523 0.0035919 -0.000238155 -0.0031267 0.000357289 -0.000846718 -0.00216316 -0.000788768
internal_weight=1253 952 301 100 852 206 147 85 646 96 116 550 94 456 185 134 94
internal_count=1253 952 301 100 852 206 147 85 646 96 116 550 94 456 185 134 94
cat_boundaries=0 1 2
cat_threshold=2 2
is_linear=0
shrinkage=0.05


Tree=123
num_leaves=18
num_cat=2
split_feature=6 6 4 4 0 2 1 7 6 6 2 9 9 9 0 11 9
split_gain=0.241003 0.576118 0.507068 0.482236 0.474578 0.617987 0.443148 0.732987 0.387381 0.357569 0.349698 0.341499 0.465267 0.337339 0.3041 0.233575 0.202456
threshold=12734.000000000002 11724.500000000002 0 1 548453.68116028118 675591.77005089482 659749.2343736469 3.5000000000000004 4728.5000000000009 3809.0000000000005 708849.74897787033 1937.5000000000002 1929.5000000000002 1965.5000000000002 552027.01918202371 3217596206.2221994 1972.5000000000002
decision_type=2 2 1 1 2 2 2 2 2 2 2 2 2 2 2 2 2
left_child=1 4 14 -3 5 6 7 -1 9 -6 -4 12 -10 -13 -2 -16 -17
right_child=2 3 10 -5 8 -7 -8 -9 11 -11 -12 13 -14 -15 15 16 -18
leaf_value=0.002405621449403508 0.0024815561587684882 -0.0014983045687046598 0.00093773897751816551 -0.0085579323559636013 0.00052479522871888345 -0.006793541331002015 0.0033973087846404975 -0.0061777507733865407 0.00047326098235013589 0.0066760514131081958 0.0064579270009954394 0.0022722039482747486 -0.006563704641049971 -0.00061745950121997449 -0.0048492119870691876 0.0018202067518399822 -0.003037002759349601
leaf_weight=43 51 59 64 41 54 59 45 59 48 42 52 151 46 305 48 45 41
leaf_count=43 51 59 64 41 54 59 45 59 48 42 52 151 46 305 48 45 41
internal_value=-0.000412567 -0.000802483 0.000820654 -0.00439275 -0.00038109 -0.0024708 -0.000735828 -0.00255927 0.000285289 0.00321597 0.00341231 -0.000226248 -0.00297036 0.000339425 -0.000804382 -0.002055 -0.00049544
internal_weight=1253 952 301 100 852 206 147 102 646 96 116 550 94 456 185 134 86
internal_count=1253 952 301 100 852 206 147 102 646 96 116 550 94 456 185 134 86
cat_boundaries=0 1 2
cat_threshold=2 2
is_linear=0
shrinkage=0.05


Tree=124
num_leaves=23
num_cat=1
split_feature=3 8 9 9 10 8 11 6 6 5 1 6 11 9 1 10 9 11 9 10 5 1
split_gain=0.239626 0.395883 0.646393 0.570468 0.430412 0.355358 0.269691 0.405689 0.73897 0.685856 0.531304 0.474648 0.366227 0.27692 0.551345 0.605217 0.2657 0.417775 0.2623 0.226624 0.226172 0.180937
threshold=0 1.7500000000000002 1963.5000000000002 1964.5000000000002 1560.6666666666667 4.2500000000000009 2366164510.1733351 7931.0000000000009 8822.0000000000018 4999.5000000000009 810769.61929734773 11724.500000000002 740646198.06205821 1964.5000000000002 714688.47652307793 880.66666666666686 1986.5000000000002 1868468150.49173 1935.5000000000002 578.40000000000009 4999.5000000000009 706590.53824524849
decision_type=1 2 2 2 2 2 2 2 2 2 2 2 2 2 2 2 2 2 2 2 2 2
left_child=1 2 -1 18 5 21 12 20 -9 11 -11 -10 -2 14 15 -14 19 -18 -3 -15 -8 -5
right_child=6 3 -4 4 -6 -7 7 8 9 10 -12 -13 13 16 -16 -17 17 -19 -20 -21 -22 -23
leaf_value=-0.0068293209028680154 0.0016495162324810572 0.0013657366369097005 0.0017611837564432558 -0.0027517518433539767 -0.0045801443164236845 0.0049634811966571702 0.0006586223407166786 -0.0063237907964951148 0.0063535919353704569 -8.3908292472804503e-05 -0.006034252029758963 0.00034976719868676058 -0.0093121562059968726 0.0035680910169215104 0.00064767239815663805 -0.0014304762592584623 -0.00063870478114938436 -0.0068592187619154771 0.0064203054785276908 -0.0015441512618132908 0.0053533760992729154 0.0017596914996068148
leaf_weight=41 66 42 47 46 42 43 58 52 55 118 55 82 60 41 43 41 79 41 66 46 46 43
leaf_count=41 66 42 47 46 42 43 58 52 55 118 55 82 60 41 43 41 79 41 66 46 46 43
internal_value=-0.000391939 0.000668485 -0.00224121 0.00160018 -0.000171553 0.00123118 -0.000834405 -1.72496e-05 -0.000807994 0.000117237 -0.00197564 0.00276006 -0.00176759 -0.00241012 -0.00409395 -0.00611266 -0.00123877 -0.00276405 0.00445464 0.000865066 0.00273515 -0.000572066
internal_weight=1253 370 88 282 174 132 883 466 362 310 173 137 417 351 144 101 207 120 108 87 104 89
internal_count=1253 370 88 282 174 132 883 466 362 310 173 137 417 351 144 101 207 120 108 87 104 89
cat_boundaries=0 1
cat_threshold=1
is_linear=0
shrinkage=0.05


Tree=125
num_leaves=10
num_cat=0
split_feature=9 10 6 10 10 11 6 6 10
split_gain=0.425305 0.235033 0.36287 0.343154 0.809717 0.401776 0.410456 0.352144 0.278271
threshold=2019.5000000000002 255.30000000000004 3747.0000000000005 616.19642857142867 560.04761904761915 1953751065.0983562 10661.000000000002 7250.0000000000009 351.95000000000005
decision_type=2 2 2 2 2 2 2 2 2
left_child=1 -1 -3 4 8 6 -5 -7 -4
right_child=-2 2 3 5 -6 7 -8 -9 -10
leaf_value=-0.0026880045560813558 -0.0051767387620468702 0.0042234265722141092 -0.0032610502844708494 0.00098267514036375699 -0.0081876359763555229 -0.0024618435795197174 0.0064093607117755198 0.00047112766809231785 0.00088456106101121037
leaf_weight=76 41 53 58 110 40 126 51 545 134
leaf_count=76 41 53 58 110 40 126 51 545 134
internal_value=-0.000169582 2.49961e-06 0.00018556 -1.55745e-05 -0.00171601 0.000458586 0.00270169 -7.9624e-05 -0.000367759
internal_weight=1234 1193 1117 1064 232 832 161 671 192
internal_count=1234 1193 1117 1064 232 832 161 671 192
is_linear=0
shrinkage=0.05


Tree=126
num_leaves=13
num_cat=0
split_feature=12 11 6 12 11 10 5 5 5 10 11 5
split_gain=0.383838 0.225938 0.346511 0.420459 0.63713 0.366126 0.997329 0.547273 0.327426 0.283347 0.224361 0.220445
threshold=4.5000000000000009 8532879060.3654881 8822.0000000000018 95.500000000000014 4499531530.9756517 255.30000000000004 1783.5000000000002 4302.5000000000009 3938.5000000000005 1392.3333333333337 6612581740.7254963 1364.0000000000002
decision_type=2 2 2 2 2 2 2 2 2 2 2 2
left_child=-1 2 5 4 8 -2 11 -8 -4 -3 -6 -7
right_child=1 9 3 -5 10 6 7 -9 -10 -11 -12 -13
leaf_value=-0.0049179017180349775 -0.0051632675194096846 0.0002178123346917952 0.001911865626518592 -0.0033344746925509892 0.0074370408819522714 0.0019965297951153953 -0.0030268452636256259 0.0012285773844285086 -0.00069224087775386243 -0.005405670317954251 0.0024799413912530459 0.0069330153033314718
leaf_weight=41 44 48 246 52 50 49 228 113 237 42 42 42
leaf_count=41 44 48 246 52 50 49 228 113 237 42 42 42
internal_value=-0.000161103 2.37464e-06 0.000198927 0.000971092 0.00136047 -0.00081819 -0.000375636 -0.00161669 0.000634074 -0.00240648 0.00517402 0.00427491
internal_weight=1234 1193 1103 627 575 476 432 341 483 90 92 91
internal_count=1234 1193 1103 627 575 476 432 341 483 90 92 91
is_linear=0
shrinkage=0.05


Tree=127
num_leaves=13
num_cat=0
split_feature=9 11 6 9 11 10 5 5 10 10 11 5
split_gain=0.346414 0.203909 0.312726 0.379464 0.57501 0.330429 0.900089 0.493914 0.311275 0.255721 0.202486 0.198951
threshold=2019.5000000000002 8532879060.3654881 8822.0000000000018 1928.5000000000002 4499531530.9756517 255.30000000000004 1783.5000000000002 4302.5000000000009 616.19642857142867 1392.3333333333337 6612581740.7254963 1364.0000000000002
decision_type=2 2 2 2 2 2 2 2 2 2 2 2
left_child=1 2 5 -4 8 -1 11 -8 -5 -3 -6 -7
right_child=-2 9 3 4 10 6 7 -9 -10 -11 -12 -13
leaf_value=-0.0049051040667109193 -0.0046720067084562488 0.00020692164155965053 -0.0031677508010314066 -0.0014783032444654076 0.0070651887822896255 0.0018967032936230606 -0.0028755029941844681 0.0011671484643758267 0.0013767122167006496 -0.0051353867653579945 0.0023559442571630435 0.0065863643775671901
leaf_weight=44 41 48 52 131 50 49 228 113 352 42 42 42
leaf_count=44 41 48 52 131 50 49 228 113 352 42 42 42
internal_value=-0.000153048 2.25591e-06 0.00018898 0.000922538 0.00129244 -0.000777281 -0.000356854 -0.00153586 0.000602371 -0.00228616 0.00491532 0.00406116
internal_weight=1234 1193 1103 627 575 476 432 341 483 90 92 91
internal_count=1234 1193 1103 627 575 476 432 341 483 90 92 91
is_linear=0
shrinkage=0.05


Tree=128
num_leaves=13
num_cat=1
split_feature=9 0 9 8 2 2 11 10 2 0 5 4
split_gain=0.312639 0.206275 0.454476 0.719816 0.38979 0.372982 0.311149 0.570612 0.270959 0.315272 0.25118 0.179186
threshold=2019.5000000000002 527730.26579940575 1936.5000000000002 2.2500000000000004 647728.45187070419 710202.25717015762 1718228825.2549708 564.07142857142867 1393513.8717971111 1803305.4158322734 3595.5000000000005 0
decision_type=2 2 2 2 2 2 2 2 2 2 2 1
left_child=1 6 3 -3 10 -5 7 -1 9 -6 -4 -8
right_child=-2 2 4 5 8 -7 11 -9 -10 -11 -12 -13
leaf_value=0.0032725116693311271 -0.0044384063971115327 -0.006770189402338405 -0.00027523771161213517 0.0033659588835305634 0.00039876297597883116 -0.0026140752511339322 0.0052821323900532572 -0.0048309259662692927 -0.0033470475181405037 0.0036434171840836133 -0.0058443081996789794 0.00094796173251801878
leaf_weight=45 41 65 40 45 628 62 57 42 42 85 41 41
leaf_count=45 41 65 40 45 628 62 57 42 42 85 41 41
internal_value=-0.000145395 2.14313e-06 -0.000279519 -0.00262016 0.000202047 -9.91076e-05 0.00153682 -0.000639493 0.000555679 0.000785573 -0.00309415 0.00346886
internal_weight=1234 1193 1008 172 836 107 185 87 755 713 81 98
internal_count=1234 1193 1008 172 836 107 185 87 755 713 81 98
cat_boundaries=0 1
cat_threshold=2
is_linear=0
shrinkage=0.05


Tree=129
num_leaves=11
num_cat=0
split_feature=9 10 9 5 10 10 10 10 5 5
split_gain=0.282156 0.18617 0.6272 0.565253 0.481667 0.439039 0.488324 0.360363 0.277219 0.265007
threshold=2019.5000000000002 351.95000000000005 1949.5000000000002 1275.0000000000002 441.00000000000006 616.19642857142867 543.37500000000011 837.30000000000007 2635.0000000000005 2840.0000000000005
decision_type=2 2 2 2 2 2 2 2 2 2
left_child=1 2 -1 -4 -3 6 -6 8 -7 -9
right_child=-2 4 3 -5 5 7 -8 9 -10 -11
leaf_value=-0.0068262006937792261 -0.0042164860940651925 0.0043352523914176912 0.0037408828980436456 -0.0037554357045640552 2.0039039116133661e-05 0.0055958927730503294 -0.0062849775218637664 -0.0027573279794462528 0.0011946530586830015 0.00017914554618756384
leaf_weight=42 41 67 57 45 68 46 56 89 161 562
leaf_count=42 41 67 57 45 68 46 56 89 161 562
internal_value=-0.000138126 2.03598e-06 -0.00168378 0.000433684 0.000233454 -4.64035e-05 -0.00282739 0.00035551 0.00217271 -0.000222308
internal_weight=1234 1193 144 102 1049 982 124 858 207 651
internal_count=1234 1193 144 102 1049 982 124 858 207 651
is_linear=0
shrinkage=0.05


Tree=130
num_leaves=21
num_cat=2
split_feature=3 5 10 5 5 9 9 10 6 5 5 11 1 10 6 6 9 6 4 5
split_gain=0.405547 0.694764 0.552483 0.607776 0.812159 0.489977 0.424567 0.43062 0.663062 0.497802 0.422883 0.396065 0.369089 0.346417 0.734564 0.721587 0.74013 0.389672 0.367153 0.300034
threshold=0 1417.0000000000002 677.53333333333342 4268.0000000000009 3341.0000000000005 1989.5000000000002 1949.5000000000002 960.41666666666674 10766.000000000002 2840.0000000000005 1158.5000000000002 3599007488.9019399 686100.41438497638 1216.2 8822.0000000000018 11937.500000000002 1998.5000000000002 14274.000000000002 1 2563.5000000000005
decision_type=1 2 2 2 2 2 2 2 2 2 2 2 2 2 2 2 2 2 1 2
left_child=2 10 12 4 -4 11 7 9 -9 -3 -2 -5 -1 14 18 16 -15 -17 -8 -16
right_child=1 6 3 5 -6 -7 13 8 -10 -11 -12 -13 -14 15 19 17 -18 -19 -20 -21
leaf_value=0.00096384093440214148 -0.0016400814602652994 5.3921555986673375e-05 0.0012749036916588643 0.0011655085162739411 -0.0079249105750622741 -0.0026794712362421115 0.0011842478564358318 -0.0036948754900897095 0.0041048990847128959 -0.0069409704628164209 -0.0083002897847274503 0.0072897358405911786 0.0062011649511599298 0.0040198133655768983 0.0070453077678394038 -0.0081834938103565943 -0.0042280142684467141 -0.0013647717296738516 -0.0038536922415281002 0.0024644223008570927
leaf_weight=61 52 41 49 66 47 43 80 55 54 67 44 44 75 85 48 40 40 44 66 140
leaf_count=61 52 41 49 66 47 43 80 55 54 67 44 44 75 85 48 40 40 44 66 140
internal_value=-7.2349e-05 -0.000676814 0.00125655 -0.000110626 -0.00322917 0.00184611 -0.000178453 -0.00204787 0.000169233 -0.0042855 -0.00469268 0.0036152 0.00385207 0.000568626 0.00156763 -0.00102788 0.00138051 -0.00461178 -0.00109318 0.00363401
internal_weight=1241 856 385 249 96 153 760 217 109 108 96 110 136 543 334 209 125 84 146 188
internal_count=1241 856 385 249 96 153 760 217 109 108 96 110 136 543 334 209 125 84 146 188
cat_boundaries=0 1 2
cat_threshold=1 2
is_linear=0
shrinkage=0.05


Tree=131
num_leaves=22
num_cat=2
split_feature=3 5 10 5 5 6 6 9 0 6 6 5 1 10 6 6 9 6 4 10 5
split_gain=0.366006 0.627025 0.498616 0.548518 0.732973 0.457447 0.536754 0.383172 0.401449 0.725221 0.586102 0.381652 0.333103 0.312641 0.662944 0.651232 0.667967 0.351679 0.331356 0.288737 0.270781
threshold=0 1417.0000000000002 677.53333333333342 4268.0000000000009 3341.0000000000005 9150.5000000000018 12053.000000000002 1949.5000000000002 564023.5249507291 8183.0000000000009 9956.5000000000018 1158.5000000000002 686100.41438497638 1216.2 8822.0000000000018 11937.500000000002 1998.5000000000002 14274.000000000002 1 966.16666666666686 2563.5000000000005
decision_type=1 2 2 2 2 2 2 2 2 2 2 2 2 2 2 2 2 2 1 2 2
left_child=2 11 12 4 -4 -5 -7 8 10 -10 -3 -2 -1 14 18 16 -15 -17 -9 -11 -16
right_child=1 7 3 5 -6 6 -8 13 9 19 -12 -13 -14 15 20 17 -18 -19 -20 -21 -22
leaf_value=0.00091564875080815114 -0.0015580774186393963 -0.0090364393661730002 0.0012111584256802286 0.0059235329152611295 -0.007528664995519881 -0.0046220385440392418 0.0026974771001529118 0.0011250354319054167 0.0053782868990674623 -0.005433044309648586 -0.00057958578580014758 -0.0078852752922102809 0.0058911066787938277 0.0038188227298943441 0.0066930422986236707 -0.0077743191960325938 -0.0040166135277831935 -0.0012965331362052397 -0.0036610076075124782 8.0277809077718617e-05 0.0023412011640279421
leaf_weight=61 52 40 49 46 47 40 67 80 40 47 42 44 75 85 48 40 40 44 66 48 140
leaf_count=61 52 40 49 46 47 40 67 80 40 47 42 44 75 85 48 40 40 44 66 48 140
internal_value=-6.87316e-05 -0.000642973 0.00119372 -0.000105095 -0.00306771 0.0017538 -3.87904e-05 -0.00016953 -0.00194548 -0.000269395 -0.00470488 -0.00445804 0.00365947 0.000540195 0.00148925 -0.000976482 0.00131148 -0.00438119 -0.00103852 -0.00264737 0.00345231
internal_weight=1241 856 385 249 96 153 107 760 217 135 82 96 136 543 334 209 125 84 146 95 188
internal_count=1241 856 385 249 96 153 107 760 217 135 82 96 136 543 334 209 125 84 146 95 188
cat_boundaries=0 1 2
cat_threshold=1 2
is_linear=0
shrinkage=0.05


Tree=132
num_leaves=18
num_cat=1
split_feature=3 5 10 5 5 9 11 9 8 10 10 6 10 6 5 5 1
split_gain=0.330321 0.56589 0.450001 0.495037 0.666898 0.435704 0.36465 0.345812 0.41488 0.397335 0.601723 0.476769 0.370362 0.587337 0.447769 0.344441 0.300625
threshold=0 1417.0000000000002 677.53333333333342 4268.0000000000009 3244.5000000000005 1989.5000000000002 3599007488.9019399 1949.5000000000002 4.7500000000000009 1216.2 1446.1666666666667 8822.0000000000018 960.41666666666674 10581.500000000002 2840.0000000000005 1158.5000000000002 686100.41438497638
decision_type=1 2 2 2 2 2 2 2 2 2 2 2 2 2 2 2 2
left_child=2 15 16 4 -4 6 -5 12 9 11 -11 -9 14 -14 -3 -2 -1
right_child=1 7 3 5 -6 -7 -8 8 -10 10 -12 -13 13 -15 -16 -17 -18
leaf_value=0.00086986635139853262 -0.0014801735615107576 0.00019219729569513444 0.0016161006594881079 0.00098381840507499874 -0.0067477672461581486 -0.0026014716266979311 0.0068601499213731256 -0.00018832320591088297 -0.0036036163155751472 -0.006181294695905796 0.00066880059403170945 0.0038378442848667677 -0.0037061448601604092 0.0036496231958655454 -0.0064418637179839075 -0.0074910113873722208 0.0055965513444195189
leaf_weight=61 52 41 44 66 52 43 44 129 55 41 147 171 51 58 67 44 75
leaf_count=61 52 41 44 66 52 43 44 129 55 41 147 171 51 58 67 44 75
internal_value=-6.5295e-05 -0.000610825 0.00113403 -9.98399e-05 -0.00291433 0.00166611 0.00333435 -0.000161053 0.000513185 0.000977169 -0.000825103 0.00210659 -0.0018482 0.000207934 -0.00392338 -0.00423514 0.00347649
internal_weight=1241 856 385 249 96 153 110 760 543 488 188 300 217 109 108 96 136
internal_count=1241 856 385 249 96 153 110 760 543 488 188 300 217 109 108 96 136
cat_boundaries=0 1
cat_threshold=1
is_linear=0
shrinkage=0.05


Tree=133
num_leaves=19
num_cat=2
split_feature=3 5 1 6 9 11 11 2 11 3 10 10 10 9 2 1 9 5
split_gain=0.314747 1.02491 0.537378 0.321441 0.316439 0.295799 0.962607 0.759255 0.333013 0.353715 0.448721 0.843995 0.361353 0.342374 0.263653 0.352634 0.388108 0.213781
threshold=0 1853.0000000000002 745781.66807709564 10478.500000000002 1980.5000000000002 1077893788.7742887 698778025.18448842 675981.14024048846 3151076015.2598825 1 913.75000000000011 1728.0000000000002 890.75000000000011 1979.5000000000002 625043.21099097666 659749.2343736469 2002.5000000000002 3938.5000000000005
decision_type=1 2 2 2 2 2 2 2 2 1 2 2 2 2 2 2 2 2
left_child=1 -1 4 -4 -3 6 -2 -8 14 12 -11 -12 -10 -14 17 -16 -17 -7
right_child=5 2 3 -5 -6 8 7 -9 9 10 11 -13 13 -15 15 16 -18 -19
leaf_value=-0.0090068248042371127 -0.001792362604814853 -0.00056672345060666189 -0.0065638616999111532 -0.0003760964705792884 0.0043981647974578666 0.0042314970811897119 0.00081827930546188277 0.0099796817648671182 -0.00087746564298868185 0.0029739263016612285 -0.0064909814809591092 0.0019309527384272465 0.0063717418858734737 0.00065679042018018663 -0.0050381290413246587 7.9522529761909354e-06 -0.0043195924654355622 -0.00090627830433732026
leaf_weight=40 79 69 41 43 60 41 42 49 45 63 59 60 76 40 58 272 64 40
leaf_count=40 79 69 41 43 60 41 42 49 45 63 59 60 76 40 58 272 64 40
internal_value=-6.20302e-05 -0.00159991 -0.000284059 -0.00339632 0.00174253 0.000344487 0.00224574 0.00575134 -4.64272e-05 0.00114077 -0.000415382 -0.00224463 0.00275461 0.00440107 -0.00090371 -0.00143782 -0.000816342 0.00169432
internal_weight=1241 253 213 84 129 988 170 91 818 343 182 119 161 116 475 394 336 81
internal_count=1241 253 213 84 129 988 170 91 818 343 182 119 161 116 475 394 336 81
cat_boundaries=0 1 2
cat_threshold=8 3
is_linear=0
shrinkage=0.05


Tree=134
num_leaves=17
num_cat=0
split_feature=5 9 9 10 0 8 2 1 0 2 9 5 5 8 1 2
split_gain=0.297638 0.502775 0.486566 0.486983 0.409675 0.36708 0.502366 0.362513 0.323164 0.479727 0.299038 0.308664 0.282355 0.304395 0.215155 0.366824
threshold=5470.0000000000009 1928.5000000000002 1953.5000000000002 445.71428571428578 548453.68116028118 1.2500000000000002 839126.14605876885 712108.83043039031 556708.52547526488 752063.0238109919 1936.5000000000002 2840.0000000000005 5666.5000000000009 1.7500000000000002 810769.61929734773 689208.6917161406
decision_type=2 2 2 2 2 2 2 2 2 2 2 2 2 2 2 2
left_child=1 7 4 8 -3 -5 -7 -1 -4 -10 -6 -12 -2 -14 15 -15
right_child=12 2 3 5 10 6 -8 -9 9 -11 11 -13 13 14 -16 -17
leaf_value=0.0063954727223476358 0.0052254263712309817 -0.0072197033301996455 -0.0004431463811280472 0.0027929850255942815 -0.0046475770165685755 -0.0022882393709467135 0.0013780462641079794 -2.2832450287585909e-05 0.0072051859807900414 8.7491236627101908e-06 0.0026257505708296475 -0.0023766145716086987 -0.0027972452312141011 0.0003620910798557676 -0.0010855039193605385 0.0065651576009589582
leaf_weight=44 43 42 63 62 61 346 128 44 55 40 51 78 46 52 42 44
leaf_count=44 43 42 63 62 61 346 128 44 55 40 51 78 46 52 42 44
internal_value=-5.89287e-05 -0.000425301 -0.000768522 -0.000105848 -0.00275083 -0.000824955 -0.00129819 0.00318632 0.00233365 0.00417511 -0.00176297 -0.000398935 0.00157764 0.00072517 0.00189931 0.00320516
internal_weight=1241 1014 926 694 232 536 474 88 158 95 190 129 227 184 138 96
internal_count=1241 1014 926 694 232 536 474 88 158 95 190 129 227 184 138 96
is_linear=0
shrinkage=0.05


Tree=135
num_leaves=13
num_cat=0
split_feature=10 11 11 8 2 11 0 0 9 11 6 6
split_gain=0.287523 0.424975 0.511724 0.417338 0.900155 0.441545 0.390192 0.639454 0.278241 0.273528 0.256088 0.157531
threshold=255.30000000000004 1033991313.6455656 1188660476.8867829 2.2500000000000004 1162692.8781822992 2166723025.988843 560101.17611787876 532330.19436014059 1933.5000000000002 7461141753.983779 9274.5000000000018 10336.000000000002
decision_type=2 2 2 2 2 2 2 2 2 2 2 2
left_child=10 6 -3 4 5 -4 7 -2 11 -10 -1 -5
right_child=1 2 3 8 -6 -7 -8 -9 9 -11 -12 -13
leaf_value=-0.0056523759593255819 0.00090488464389320308 -0.004997545103688026 -0.0025964802482654576 0.0055313570266391368 -0.0062200584619397856 0.0015607671506909862 -0.00090803102045969742 0.009548892187885941 8.7893130195629187e-05 0.0034408945084682535 5.4543733131140469e-06 0.0013684301848777315
leaf_weight=40 46 50 99 47 71 180 43 40 464 70 40 44
leaf_count=40 46 50 99 47 71 180 43 40 464 70 40 44
internal_value=7.52618e-05 0.000276213 -6.41806e-05 0.000188812 -0.00119354 8.56148e-05 0.00298089 0.00492535 0.000962928 0.000527425 -0.00282346 0.00351851
internal_weight=1234 1154 1025 975 350 279 129 86 625 534 80 91
internal_count=1234 1154 1025 975 350 279 129 86 625 534 80 91
is_linear=0
shrinkage=0.05


Tree=136
num_leaves=12
num_cat=0
split_feature=10 11 11 8 2 2 0 0 1 1 6
split_gain=0.25949 0.38354 0.461831 0.376647 0.81239 0.426774 0.352148 0.577108 0.276503 0.350547 0.23112
threshold=255.30000000000004 1033991313.6455656 1188660476.8867829 2.2500000000000004 1162692.8781822992 647728.45187070419 560101.17611787876 532330.19436014059 625043.21099097666 659749.2343736469 9274.5000000000018
decision_type=2 2 2 2 2 2 2 2 2 2 2
left_child=10 6 -3 4 5 -4 7 -2 -5 -10 -1
right_child=1 2 3 8 -6 -7 -8 -9 9 -11 -12
leaf_value=-0.0053697571688098838 0.00085964046631251351 -0.0047476679002866149 -0.0041554132793621369 0.0043345830809644039 -0.0059090555271684711 0.00098394546860262107 -0.00086262944360198681 0.0090714475861750545 -0.0034979905836128944 0.00096668125954714836 5.1816774066537623e-06
leaf_weight=40 46 50 49 54 71 230 43 40 48 523 40
leaf_count=40 46 50 49 54 71 230 43 40 48 523 40
internal_value=7.14987e-05 0.000262402 -6.09716e-05 0.000179372 -0.00113386 8.13341e-05 0.00283185 0.00467909 0.000914781 0.000591367 -0.00268229
internal_weight=1234 1154 1025 975 350 279 129 86 625 571 80
internal_count=1234 1154 1025 975 350 279 129 86 625 571 80
is_linear=0
shrinkage=0.05


Tree=137
num_leaves=12
num_cat=0
split_feature=10 9 0 11 11 11 8 2 2 9 0
split_gain=0.238519 1.0496 0.727754 0.430545 0.39864 0.225404 0.33021 0.841998 0.408222 0.294435 0.269787
threshold=351.95000000000005 1985.5000000000002 578820.51469827525 1033991313.6455656 799731815.64095652 1188660476.8867829 2.2500000000000004 1162692.8781822992 647728.45187070419 1931.5000000000002 819663.42659956194
decision_type=2 2 2 2 2 2 2 2 2 2 2
left_child=1 2 -1 4 -2 -5 7 8 -7 -8 -11
right_child=3 -3 -4 5 -6 6 9 -9 -10 10 -12
leaf_value=-0.0081476604286581291 0.00037472012175365972 0.0046250459801575007 0.00043381520720556314 -0.0036569444078486412 0.0069588651140737867 -0.0039476427736654116 0.0037182380250784792 -0.0059604185969302703 0.0010905804578214885 -0.0003603536590725815 0.0020107129848738726
leaf_weight=60 47 44 42 40 45 49 79 70 224 352 182
leaf_count=60 47 44 42 40 45 49 79 70 224 352 182
internal_value=6.79238e-05 -0.00182971 -0.00461411 0.000322569 0.00359523 2.02756e-05 0.000174134 -0.00106815 0.000186284 0.000869243 0.000447763
internal_weight=1234 146 102 1088 92 996 956 343 273 613 534
internal_count=1234 146 102 1088 92 996 956 343 273 613 534
is_linear=0
shrinkage=0.05


Tree=138
num_leaves=14
num_cat=0
split_feature=10 11 11 0 0 8 6 0 6 5 5 10 6
split_gain=0.216916 0.322353 0.382972 0.322531 0.508598 0.307256 0.441788 1.00451 0.433365 0.261999 0.728303 0.49543 0.209912
threshold=255.30000000000004 1033991313.6455656 1188660476.8867829 560101.17611787876 532330.19436014059 2.2500000000000004 11150.500000000002 567990.61134559743 6104.5000000000009 4043.5000000000005 4282.0000000000009 1446.1666666666667 9274.5000000000018
decision_type=2 2 2 2 2 2 2 2 2 2 2 2 2
left_child=12 3 -3 4 -2 6 8 -8 -4 11 -11 -7 -1
right_child=1 2 5 -5 -6 9 7 -9 -10 10 -12 -13 -14
leaf_value=-0.0050144478568108757 0.00077693377236795176 -0.0043252385193482045 -0.0035719714678671896 -0.00094104051443769836 0.0084859264094848189 0.00099284966310829318 0.0016672265184752178 -0.0066055905046807821 0.0018396229446807411 -0.0061795317343176278 0.00077121648499952082 0.0065344526679540164 0.00010795876965858042
leaf_weight=40 46 50 49 43 40 228 64 86 151 43 305 49 40
leaf_count=40 46 50 49 43 40 228 64 86 151 43 305 49 40
internal_value=6.45276e-05 0.00023907 -5.73899e-05 0.00259466 0.00436251 0.000161474 -0.00102463 -0.00307586 0.000513782 0.000825695 -8.76403e-05 0.00197313 -0.00245324
internal_weight=1234 1154 1025 129 86 975 350 150 200 625 348 277 80
internal_count=1234 1154 1025 129 86 975 350 150 200 625 348 277 80
is_linear=0
shrinkage=0.05


Tree=139
num_leaves=10
num_cat=1
split_feature=3 10 11 11 11 11 9 9 9
split_gain=0.254441 0.594304 0.17325 0.319256 0.216464 0.330016 0.399197 0.327545 0.233869
threshold=0 667.83333333333337 8532879060.3654881 10296873943.737831 5743931077.3095913 4596060177.9315615 2008.5000000000002 1923.5000000000002 2016.5000000000002
decision_type=1 2 2 2 2 2 2 2 2
left_child=1 -1 4 -4 5 6 7 -2 -8
right_child=2 -3 3 -5 -6 -7 8 -9 -10
leaf_value=-0.0069032588239954134 0.0042022245522174567 0.00079837852802787292 -0.0047729135708262527 0.0013662985991686584 0.0030893781503075609 -0.0036488859391515605 0.005072944206596517 -0.00019033669650769388 0.00084463063034317682
leaf_weight=43 45 60 45 40 73 51 68 746 63
leaf_count=43 45 60 45 40 73 51 68 746 63
internal_value=6.13012e-05 -0.00220299 0.000284472 -0.00188387 0.000463396 0.00026638 0.000482951 5.95562e-05 0.00303948
internal_weight=1234 103 1131 85 1046 973 922 791 131
internal_count=1234 103 1131 85 1046 973 922 791 131
cat_boundaries=0 1
cat_threshold=2
is_linear=0
shrinkage=0.05


Tree=140
num_leaves=13
num_cat=0
split_feature=10 5 8 6 5 6 6 5 10 5 1 2
split_gain=0.316762 0.630047 0.538334 0.294229 0.865235 1.01133 0.468772 0.410013 0.491622 0.382292 0.761125 0.625353
threshold=299.75000000000006 1417.0000000000002 2.7500000000000004 11724.500000000002 2891.5000000000005 12390.500000000002 15232.500000000002 2218.5000000000005 809.25000000000011 4282.0000000000009 1187518.3577207474 1250500.3859040069
decision_type=2 2 2 2 2 2 2 2 2 2 2 2
left_child=2 -2 -1 7 -5 -6 -7 8 -3 11 -11 -9
right_child=1 3 -4 4 5 6 -8 9 -10 10 -12 -13
leaf_value=0.0070970543753923615 -0.0051460809607599533 0.0059473919885521627 -0.000264174799390492 -0.0068634188743519862 -0.0066833189807366583 0.0026203681102671319 -0.0014645694843583726 -0.00018394407666868197 -0.00098348134895786632 0.00033496336192296623 0.0076109574901936363 -0.0068195188003478627
leaf_weight=41 62 71 63 55 50 178 116 265 40 219 43 41
leaf_count=41 62 71 63 55 50 178 116 265 40 219 43 41
internal_value=-3.72271e-06 -0.000244708 0.00263785 3.7189e-05 -0.0010404 -0.000109391 0.00100862 0.00067041 0.00344978 0.000127258 0.00152912 -0.00107302
internal_weight=1244 1140 104 1078 399 344 294 679 111 568 262 306
internal_count=1244 1140 104 1078 399 344 294 679 111 568 262 306
is_linear=0
shrinkage=0.05


Tree=141
num_leaves=13
num_cat=0
split_feature=2 11 9 9 1 9 8 11 0 11 11 0
split_gain=0.229352 0.940142 0.319448 0.277738 0.38895 0.503623 0.444089 0.741324 0.441742 0.265053 0.495833 0.259511
threshold=1296072.9129802992 6072994606.1645918 1967.5000000000002 1925.5000000000002 647728.45187070419 1937.5000000000002 2.2500000000000004 1188660476.8867829 711056.75921601092 1166107343.3407009 1960791503.8430998 567990.61134559743
decision_type=2 2 2 2 2 2 2 2 2 2 2 2
left_child=3 -2 -3 -1 9 11 7 -7 -8 -5 -11 -6
right_child=1 2 -4 4 5 6 8 -9 -10 10 -12 -13
leaf_value=0.0033599911553006791 -0.0082802705796117468 0.0035940537789874542 -0.0020323555513571661 -0.0049687138775230521 -0.0058161730878055103 0.0086648702111449989 -0.00091012878715728885 0.0014209309719746246 0.0023908992089301637 0.00346387247698785 -0.0033578434929118629 -0.00075808584324477124
leaf_weight=67 41 49 52 56 42 42 354 222 142 43 70 64
leaf_count=67 41 49 52 56 42 42 354 222 142 43 70 64
internal_value=-3.53657e-06 -0.00189482 0.000697289 0.000240168 3.82087e-05 0.000466393 0.000916702 0.00257338 3.49236e-05 -0.00215592 -0.000761969 -0.00276223
internal_weight=1244 142 101 1102 1035 866 760 264 496 169 113 106
internal_count=1244 142 101 1102 1035 866 760 264 496 169 113 106
is_linear=0
shrinkage=0.05


Tree=142
num_leaves=8
num_cat=0
split_feature=10 5 8 5 9 10 10
split_gain=0.277975 0.57422 0.467179 0.193075 0.28307 0.315119 0.642161
threshold=299.75000000000006 1417.0000000000002 2.7500000000000004 1830.5000000000002 2017.5000000000002 405.60000000000008 564.07142857142867
decision_type=2 2 2 2 2 2 2
left_child=2 -2 -1 -3 5 -5 -7
right_child=1 3 -4 4 -6 6 -8
leaf_value=0.0066252697651024636 -0.0049082965928039721 0.0027487927041346988 -0.00023223411232706104 -0.0040146627597924733 -0.0036827953216589035 0.0044652009158428893 -0.0001461787506712121
leaf_weight=41 62 62 63 45 53 83 835
leaf_count=41 62 62 63 45 53 83 835
internal_value=-3.35972e-06 -0.000229109 0.0024712 4.00089e-05 -0.000125291 7.05011e-05 0.000270754
internal_weight=1244 1140 104 1078 1016 963 918
internal_count=1244 1140 104 1078 1016 963 918
is_linear=0
shrinkage=0.05


Tree=143
num_leaves=13
num_cat=0
split_feature=10 5 8 6 5 6 6 5 9 5 1 6
split_gain=0.250873 0.518234 0.421629 0.260558 0.776045 0.914875 0.416271 0.353026 0.473266 0.348297 0.674661 0.414332
threshold=299.75000000000006 1417.0000000000002 2.7500000000000004 11724.500000000002 2891.5000000000005 12390.500000000002 13747.500000000002 2218.5000000000005 1963.5000000000002 4282.0000000000009 1216430.5288398459 10109.500000000002
decision_type=2 2 2 2 2 2 2 2 2 2 2 2
left_child=2 -2 -1 7 -5 -6 -7 8 -3 11 -11 -9
right_child=1 3 -4 4 5 6 -8 9 -10 10 -12 -13
leaf_value=0.006294006137631653 -0.0046628818141236424 -0.00039323277346557005 -0.0002206223022695335 -0.0064907841800595639 -0.006346925193211065 0.0035698114368732611 -0.00039198782486199295 -0.0019149819907434435 0.0061687392062415962 0.0003751332555029423 0.0073586699416542936 0.0027487174801181184
leaf_weight=41 62 50 63 55 50 101 193 247 61 221 41 59
leaf_count=41 62 50 63 55 50 101 193 247 61 221 41 59
internal_value=-3.19177e-06 -0.000217654 0.00234764 3.80084e-05 -0.000976045 -9.43284e-05 0.000969038 0.000633896 0.0032129 0.000129901 0.00146798 -0.00101577
internal_weight=1244 1140 104 1078 399 344 294 679 111 568 262 306
internal_count=1244 1140 104 1078 399 344 294 679 111 568 262 306
is_linear=0
shrinkage=0.05


Tree=144
num_leaves=10
num_cat=1
split_feature=10 5 0 11 5 6 5 4 11
split_gain=0.226413 0.467706 0.37384 0.348752 0.322195 1.05514 0.451458 0.416688 0.201793
threshold=299.75000000000006 1417.0000000000002 572600.24644636794 1033991313.6455656 2891.5000000000005 12113.000000000002 3174.0000000000005 0 10296873943.737831
decision_type=2 2 2 2 2 2 2 1 2
left_child=2 -2 -1 -3 5 7 -6 -5 -8
right_child=1 3 -4 4 6 -7 8 -9 -10
leaf_value=-0.00038778015207183565 -0.00442973779244048 0.0039147143404592169 0.0056628072290267383 0.0019629195171874019 0.0047414391231283826 -0.0087040873702305052 -0.00023871192904215355 -0.003155755512698582 0.0031780935418994532
leaf_weight=59 62 55 45 100 53 45 713 66 46
leaf_count=59 62 55 45 100 53 45 713 66 46
internal_value=-3.03218e-06 -0.000206771 0.00223026 3.6108e-05 -0.000172419 -0.00191314 0.00027991 -7.22163e-05 -3.16328e-05
internal_weight=1244 1140 104 1078 1023 211 812 166 759
internal_count=1244 1140 104 1078 1023 211 812 166 759
cat_boundaries=0 1
cat_threshold=2
is_linear=0
shrinkage=0.05


Tree=145
num_leaves=9
num_cat=0
split_feature=11 6 6 10 11 9 10 6
split_gain=0.535229 0.32047 0.475984 0.444002 0.311229 0.416474 0.274821 0.207047
threshold=8532879060.3654881 4225.5000000000009 4774.0000000000009 477.27142857142866 6889770124.1537228 1923.5000000000002 1296.0000000000002 13138.500000000002
decision_type=2 2 2 2 2 2 2 2
left_child=1 3 -3 -1 5 -4 -2 -7
right_child=6 2 4 -5 -6 7 -8 -9
leaf_value=0.0014048781700778841 -0.00079076159745454793 0.0057569621494267045 0.0050494557584170249 -0.0052755158806961598 0.0038546048652119283 0.00023543007162036276 -0.0062422721497714523 -0.0015600405419833091
leaf_weight=43 43 41 40 59 57 728 50 206
leaf_count=43 43 41 40 59 57 728 50 206
internal_value=-7.04113e-05 0.000218829 0.000473648 -0.00245927 0.000263546 5.33911e-05 -0.00372168 -0.000160573
internal_weight=1267 1174 1072 102 1031 974 93 934
internal_count=1267 1174 1072 102 1031 974 93 934
is_linear=0
shrinkage=0.05


Tree=146
num_leaves=10
num_cat=0
split_feature=6 6 10 6 6 6 9 9 10
split_gain=0.228528 0.484226 0.400711 0.20475 0.432887 0.426621 0.276019 0.467833 0.390098
threshold=4225.5000000000009 4774.0000000000009 477.27142857142866 15232.500000000002 15892.000000000002 14274.000000000002 2004.5000000000002 2000.5000000000002 711.2261904761906
decision_type=2 2 2 2 2 2 2 2 2
left_child=2 -2 -1 5 -5 6 7 -3 -8
right_child=1 3 -4 4 -6 -7 8 -9 -10
leaf_value=0.00133463425865007 0.0054691141380406013 -0.00017028836864289799 -0.005011740110033208 -0.0062621205492177983 0.00020938458384416538 0.0047632625646656379 -0.001387560363077829 -0.0055926952505528579 0.0035968325061671367
leaf_weight=43 41 752 59 40 73 48 62 42 107
leaf_count=43 41 752 59 40 73 48 62 42 107
internal_value=-6.68907e-05 0.000131805 -0.00233631 -6.28833e-05 -0.00208141 0.000162729 -6.65812e-05 -0.000457116 0.00176824
internal_weight=1267 1165 102 1124 113 1011 963 794 169
internal_count=1267 1165 102 1124 113 1011 963 794 169
is_linear=0
shrinkage=0.05


Tree=147
num_leaves=17
num_cat=0
split_feature=11 0 9 9 11 7 10 10 1 11 9 7 9 9 11 11
split_gain=0.488134 0.267077 0.510124 0.852566 0.513441 0.49488 0.247059 0.192642 0.19126 0.226946 0.262831 0.439808 0.28952 0.181267 0.483391 0.235006
threshold=8532879060.3654881 548453.68116028118 1938.5000000000002 1959.5000000000002 2043872259.8021994 4.5000000000000009 1296.0000000000002 1125.6250000000002 1340804.1441143008 2848346485.9881806 1958.5000000000002 4.5000000000000009 1976.5000000000002 1951.5000000000002 4499531530.9756517 3472987958.518189
decision_type=2 2 2 2 2 2 2 2 2 2 2 2 2 2 2 2
left_child=1 2 -1 -4 5 -5 -2 -6 9 10 11 -3 -12 15 -15 -11
right_child=6 8 3 4 7 -7 -8 -9 -10 13 12 -13 -14 14 -16 -17
leaf_value=0.0031727484708394984 -0.00077153855263320525 0.0050500389680762413 -0.0080218874335211392 -0.00032882234958958801 0.0046995339120124904 -0.0072646762187615404 -0.0059403728898614651 9.6310529853308613e-05 0.003249423743038664 0.00034872515709139407 -0.002150793587142188 6.1369750251555273e-05 0.001198354067578054 -0.0015882773803908836 0.0033710692568044913 -0.0047930860444175783
leaf_weight=58 43 92 48 69 41 41 50 51 66 40 90 85 228 139 76 50
leaf_count=58 43 92 48 69 41 41 50 51 66 40 90 85 228 139 76 50
internal_value=-6.35462e-05 0.000212676 -0.00105188 -0.00203199 -0.000608652 -0.002914 -0.00355048 0.00214775 0.000662426 0.000448998 0.00111005 0.00265435 0.000250482 -0.000623851 0.000164794 -0.00250784
internal_weight=1267 1174 308 250 202 110 93 92 866 800 495 177 318 305 215 90
internal_count=1267 1174 308 250 202 110 93 92 866 800 495 177 318 305 215 90
is_linear=0
shrinkage=0.05


Tree=148
num_leaves=13
num_cat=0
split_feature=11 8 9 7 6 6 8 11 9 9 1 11
split_gain=0.440541 0.333279 0.43305 0.259616 0.40033 0.344005 0.236587 0.217671 0.250603 0.323016 0.320196 0.215239
threshold=8532879060.3654881 3.7500000000000004 1931.5000000000002 2.5000000000000004 8395.0000000000018 6025.0000000000009 2.7500000000000004 6191527696.0917082 1924.5000000000002 1931.5000000000002 1098350.07572271 3485122491.9175296
decision_type=2 2 2 2 2 2 2 2 2 2 2 2
left_child=1 7 -3 4 -4 -5 -2 8 -1 -10 -11 -7
right_child=6 2 3 5 -6 11 -8 -9 9 10 -12 -13
leaf_value=0.0043491283387300517 -0.0058678608348077914 0.0036420591559079996 0.0043147408566992021 -0.0057647554797987492 -0.0023376405405412829 -0.00050483166750592105 -0.0008238175175274197 0.004219966046565043 -0.0032690324837208861 0.0003859332704647916 0.0048071817590177738 -0.0043646551351597977
leaf_weight=42 47 45 42 58 49 156 46 44 56 591 44 47
leaf_count=42 47 45 42 58 49 156 46 44 56 591 44 47
internal_value=-6.03689e-05 0.000202042 -0.000976526 -0.00156697 0.000732689 -0.00236877 -0.00337296 0.00080422 0.000599182 0.000371254 0.000692287 -0.00139849
internal_weight=1267 1174 397 352 91 261 93 777 733 691 635 203
internal_count=1267 1174 397 352 91 261 93 777 733 691 635 203
is_linear=0
shrinkage=0.05


Tree=149
num_leaves=17
num_cat=1
split_feature=11 8 9 5 9 11 10 10 10 11 10 9 2 5 9 4
split_gain=0.397588 0.300784 0.390828 0.255554 0.713195 0.502513 0.226167 0.356838 0.221259 0.196448 0.235862 0.566627 0.489913 0.346795 0.352591 0.177715
threshold=8532879060.3654881 3.7500000000000004 1931.5000000000002 3938.5000000000005 1976.5000000000002 1347269420.9811726 1216.2 1974.4166666666667 1296.0000000000002 6191527696.0917082 543.37500000000011 1993.5000000000002 671350.45176759572 2078.0000000000005 2005.5000000000002 0
decision_type=2 2 2 2 2 2 2 2 2 2 2 2 2 2 2 1
left_child=1 9 -3 4 5 -4 -5 -8 -2 10 11 12 -1 -12 -15 -6
right_child=8 2 3 6 15 -7 7 -9 -10 -11 13 -13 -14 14 -16 -17
leaf_value=0.0080902217724902001 -0.00057446746383035601 0.0034599562724017437 -0.0023384137700001402 0.0021592302352486962 0.0020230350372466175 -0.0098970678201768299 -0.0051450665318407123 0.0012801309127330861 -0.0054659742969088258 0.0040089677315501664 -0.0032474054961598347 -0.0027550151247693147 0.0017269708787424343 -0.00010277453210736173 0.0035041549463086285 -0.0020341453537836953
leaf_weight=43 43 45 45 69 55 43 40 47 50 44 70 46 102 390 82 53
leaf_count=43 43 45 45 69 55 43 40 47 50 44 70 46 102 390 82 53
internal_value=-5.73504e-05 0.00019194 -0.0009277 -0.00148862 -0.00269054 -0.00603185 2.14768e-05 -0.00167398 -0.00320431 0.000764009 0.000569223 0.0020801 0.003614 3.67901e-05 0.000523853 3.20113e-05
internal_weight=1267 1174 397 352 196 88 156 87 93 777 733 191 145 542 472 108
internal_count=1267 1174 397 352 196 88 156 87 93 777 733 191 145 542 472 108
cat_boundaries=0 1
cat_threshold=2
is_linear=0
shrinkage=0.05


Tree=150
num_leaves=8
num_cat=0
split_feature=5 11 11 11 6 9 9
split_gain=0.595948 0.41033 0.295664 0.561914 0.263171 0.41886 0.331901
threshold=971.00000000000011 719813326.64049304 967347857.04005706 1166107343.3407009 10920.000000000002 1933.5000000000002 1934.5000000000002
decision_type=2 2 2 2 2 2 2
left_child=-1 -2 -3 -4 6 -6 -5
right_child=1 2 3 4 5 -7 -8
leaf_value=-0.0053732421895375058 0.0045536618416180032 -0.0030030458523715672 0.0049246152252203131 0.0038146582472993922 -0.0049391192808878014 -0.00034035387453907207 0.00022213429814841297
leaf_weight=49 53 74 61 74 57 377 490
leaf_count=49 53 74 61 74 57 377 490
internal_value=3.03795e-05 0.000253632 5.24832e-05 0.000265995 -1.87502e-05 -0.000944339 0.000693494
internal_weight=1235 1186 1133 1059 998 434 564
internal_count=1235 1186 1133 1059 998 434 564
is_linear=0
shrinkage=0.05


Tree=151
num_leaves=7
num_cat=0
split_feature=5 11 11 11 12 5
split_gain=0.537843 0.370323 0.266837 0.507127 0.238426 0.191302
threshold=971.00000000000011 719813326.64049304 967347857.04005706 1166107343.3407009 100.50000000000001 2177.0000000000005
decision_type=2 2 2 2 2 2
left_child=-1 -2 -3 -4 5 -5
right_child=1 2 3 4 -6 -7
leaf_value=-0.0051045799893992289 0.004325978813763216 -0.0028528935488351193 0.0046783843138789539 -0.0024301282484640381 -0.0036598908216800802 0.00034055946289135881
leaf_weight=49 53 74 61 67 43 888
leaf_count=49 53 74 61 67 43 888
internal_value=2.88605e-05 0.00024095 4.9859e-05 0.000252695 -1.78127e-05 0.000146176
internal_weight=1235 1186 1133 1059 998 955
internal_count=1235 1186 1133 1059 998 955
is_linear=0
shrinkage=0.05


Tree=152
num_leaves=21
num_cat=0
split_feature=12 2 1 8 7 1 12 0 12 0 0 7 11 6 8 12 12 12 12 1
split_gain=0.206249 0.546626 0.399565 0.574817 0.257547 0.54301 0.54809 0.455668 0.570378 0.59242 0.613634 0.500433 0.445183 0.428084 0.586365 0.446504 1.11067 0.221363 0.219502 0.198471
threshold=20.500000000000004 737853.27408856654 695322.11860512674 3.2500000000000004 4.5000000000000009 648851.45573604852 71.500000000000014 578820.51469827525 35.500000000000007 746678.92179829499 1745126.0284832132 5.5000000000000009 1188660476.8867829 9525.5000000000018 1.7500000000000002 85.500000000000014 58.500000000000007 43.500000000000007 66.500000000000014 676077.05414205592
decision_type=2 2 2 2 2 2 2 2 2 2 2 2 2 2 2 2 2 2 2 2
left_child=1 2 3 -1 5 6 -2 11 -9 -10 -11 19 -13 14 -7 16 -15 -16 -14 -6
right_child=4 -3 -4 -5 7 13 -8 8 9 10 -12 12 18 15 17 -17 -18 -19 -20 -21
leaf_value=-0.001926248831579746 0.00052009896996120617 -0.0021820490120922869 0.006973285011380264 0.005360554469283671 -0.0082798147551351921 -0.00326719086582738 0.0083382056280970583 0.0055557983842763033 0.0037751724955796817 -0.0064994822256267074 0.00090363758446818055 -0.0053328653502209885 0.0029803015334023673 -0.0035123045520213921 -6.3618787456876967e-05 -0.0059102914920076731 0.0041409450564778563 0.0038138225349405456 -0.001672973258648702 -0.0034446651751006193
leaf_weight=59 51 73 46 50 41 54 40 44 48 57 55 41 55 126 52 50 76 126 47 44
leaf_count=59 51 73 46 50 41 54 40 44 48 57 55 41 55 126 52 50 76 126 47 44
internal_value=2.74175e-05 0.00138535 0.00306548 0.00141632 -0.00028004 0.000413053 0.00395663 -0.00120256 0.000514181 -0.000872263 -0.00286402 -0.00273859 -0.000932592 -0.000253198 0.00129657 -0.00167997 -0.000632864 0.00268109 0.000836146 -0.00577691
internal_weight=1235 228 155 109 1007 575 91 432 204 160 112 228 143 484 232 252 202 178 102 85
internal_count=1235 228 155 109 1007 575 91 432 204 160 112 228 143 484 232 252 202 178 102 85
is_linear=0
shrinkage=0.05


Tree=153
num_leaves=8
num_cat=0
split_feature=5 11 11 11 6 10 6
split_gain=0.482983 0.337008 0.23755 0.489504 0.204497 0.375034 0.239311
threshold=971.00000000000011 719813326.64049304 956396363.62225044 1077893788.7742887 10920.000000000002 616.19642857142867 10109.500000000002
decision_type=2 2 2 2 2 2 2
left_child=-1 -2 -3 -4 6 -6 -5
right_child=1 2 3 4 5 -7 -8
leaf_value=-0.0048385482737604455 0.0041239764989476719 -0.002820450281347696 0.005653997759654885 0.00025557267936782965 -0.0041544871704120726 -0.0001634843645513536 0.0033714246922837837
leaf_weight=49 53 68 40 515 70 370 70
leaf_count=49 53 68 40 515 70 370 70
internal_value=2.60466e-05 0.000227029 4.47358e-05 0.000227677 1.59184e-05 -0.000798417 0.00062841
internal_weight=1235 1186 1133 1065 1025 440 585
internal_count=1235 1186 1133 1065 1025 440 585
is_linear=0
shrinkage=0.05


Tree=154
num_leaves=9
num_cat=0
split_feature=5 10 1 8 8 12 5 6
split_gain=0.435892 0.302037 0.367845 0.60905 0.471583 0.336149 0.363909 0.203029
threshold=971.00000000000011 299.75000000000006 644066.59999089956 2.2500000000000004 3.7500000000000004 99.500000000000014 1732.5000000000002 11724.500000000002
decision_type=2 2 2 2 2 2 2 2
left_child=-1 -2 3 -3 -5 6 -4 -8
right_child=1 2 5 4 -6 -7 7 -9
leaf_value=-0.0045966209881767939 0.0032025578233123835 -0.0026041874589975041 -0.0035830223860717578 0.008505394307593275 0.0014582633181422387 -0.0047165527019561049 0.0007282072312155192 -0.00086958922435022344
leaf_weight=49 79 42 71 43 53 42 542 314
leaf_count=49 79 42 71 43 53 42 542 314
internal_value=2.47443e-05 0.000215678 2.52171e-06 0.00241771 0.00461479 -0.000341437 -0.000143212 0.0001421
internal_weight=1235 1186 1107 138 96 969 927 856
internal_count=1235 1186 1107 138 96 969 927 856
is_linear=0
shrinkage=0.05


Tree=155
num_leaves=18
num_cat=0
split_feature=9 9 8 9 7 10 1 10 7 10 10 10 10 6 10 7 10
split_gain=0.288412 0.751814 0.74988 0.435319 0.43334 0.817097 0.548065 0.479168 0.464274 0.374228 0.353729 0.48897 0.513953 0.371283 0.347017 0.25691 0.196733
threshold=1965.5000000000002 1972.5000000000002 2.7500000000000004 1962.5000000000002 4.5000000000000009 778.58333333333337 692237.45421809389 1817.0000000000002 3.5000000000000004 560.04761904761915 1884.1666666666667 1446.1666666666667 1216.2 10146.000000000002 2563.2500000000005 1.5000000000000002 573.40000000000009
decision_type=2 2 2 2 2 2 2 2 2 2 2 2 2 2 2 2 2
left_child=3 2 -2 4 5 -1 16 8 -7 -8 11 12 13 -3 -9 -12 -6
right_child=1 10 -4 -5 6 7 9 14 -10 -11 15 -13 -14 -15 -16 -17 -18
leaf_value=0.0073506570451341013 -0.0094274571455187275 -0.00055291827649095167 -7.9497463274292831e-05 0.0057725850601009166 -0.0066035767678510066 -0.0039840241612914898 0.0041672816652303128 0.0065375762344224431 0.0026025715113685626 -0.0013086863251094028 -0.00059166259980932077 0.0053478303592573084 -0.0045870628001956409 0.0025450162092269758 0.00068059978869066317 -0.0052944710275079033 -0.0017896447412345967
leaf_weight=54 45 240 41 43 44 77 52 41 41 78 76 49 52 162 66 47 41
leaf_count=54 45 240 41 43 44 77 52 41 41 78 76 49 52 162 66 47 41
internal_value=7.24963e-05 -0.000587349 -0.00497087 0.000947376 0.000527368 0.00182735 -0.00115959 0.000501759 -0.00169546 0.000881701 1.48597e-05 0.000602602 9.04515e-05 0.000695503 0.00292486 -0.00238867 -0.00428156
internal_weight=1249 712 86 537 494 279 215 225 118 130 626 503 454 402 107 123 85
internal_count=1249 712 86 537 494 279 215 225 118 130 626 503 454 402 107 123 85
is_linear=0
shrinkage=0.05


Tree=156
num_leaves=18
num_cat=1
split_feature=12 12 0 7 1 5 5 5 0 4 7 6 12 11 1 1 2
split_gain=0.260292 0.678512 0.411201 0.532606 0.994732 0.419385 0.385288 0.354534 0.483985 0.623275 0.256373 0.669263 0.40276 0.710978 0.689008 0.258815 0.0826339
threshold=58.500000000000007 51.500000000000007 525001.94806865673 4.5000000000000009 692237.45421809389 3667.5000000000005 6020.5000000000009 5264.0000000000009 1452022.7428291682 0 5.5000000000000009 11609.500000000002 42.500000000000007 918129016.78743184 706590.53824524849 706083.45514864044 696594.67995976855
decision_type=2 2 2 2 2 2 2 2 2 1 2 2 2 2 2 2 2
left_child=1 6 -2 7 -5 -6 10 8 9 -4 12 15 13 -1 -14 -12 -3
right_child=2 16 3 4 5 -7 -8 -9 -10 -11 11 -13 14 -15 -16 -17 -18
leaf_value=0.0047366755670341463 0.0044161808331813924 -0.003060259963385761 0.0068643500782795009 -0.0064421906345186464 0.0041976595967354478 -0.0014446750293315676 -0.0041071396016587429 -0.0017148056799884547 -0.0013139536065040684 0.00036396562204425855 -0.0028033293451395977 0.0070289988580043428 -0.0015375360673250155 -0.0019574866002434041 0.0075795665138866757 0.0021045352744518734 -0.0061676049240581366
leaf_weight=46 72 40 91 69 57 78 52 55 53 62 48 48 43 288 40 61 46
leaf_count=46 72 40 91 69 57 78 52 55 53 62 48 48 43 288 40 61 46
internal_value=6.88715e-05 -0.000557982 0.000900007 0.000355567 -0.00155848 0.000937644 1.41167e-05 0.0018516 0.0028038 0.00423021 0.000387471 0.00210961 -0.000260912 -0.00103554 0.00285625 -5.67262e-05 -0.00472233
internal_weight=1249 712 537 465 204 135 626 261 206 153 574 157 417 334 83 109 86
internal_count=1249 712 537 465 204 135 626 261 206 153 574 157 417 334 83 109 86
cat_boundaries=0 1
cat_threshold=2
is_linear=0
shrinkage=0.05


Tree=157
num_leaves=19
num_cat=0
split_feature=10 11 6 11 6 10 6 2 6 6 9 6 2 5 10 9 6 11
split_gain=0.237483 0.341894 0.700732 0.437072 0.657584 0.662773 0.446752 0.360957 0.305087 0.5696 0.420782 0.61491 0.780928 0.874506 0.292497 0.242515 0.457639 0.188323
threshold=837.30000000000007 1754974690.8422458 6439.5000000000009 3378026867.4241185 10295.500000000002 1424.5833333333337 8487.5000000000018 728598.1774898424 12214.500000000002 13317.000000000002 1928.5000000000002 6751.5000000000009 698334.10713997215 2168.5000000000005 1192.2333333333336 1993.5000000000002 10336.000000000002 3151076015.2598825
decision_type=2 2 2 2 2 2 2 2 2 2 2 2 2 2 2 2 2 2
left_child=8 14 -3 7 6 -6 -5 17 10 -10 -1 12 -12 -14 -2 16 -13 -4
right_child=1 2 3 4 5 -7 -8 -9 9 -11 11 15 13 -15 -16 -17 -18 -19
leaf_value=0.0059857689009772405 -0.0065665387673439785 0.0045558338954911704 -0.00086443558207742802 -0.0023321510179013741 -0.0042477612439265006 0.0022898585642510821 -0.0097593290545046341 0.0047978087694202773 -0.0048824166910101975 0.0020071893146572017 -0.0057082038196368205 0.0052583991724532101 0.0065108799798922106 -0.0032479610381415114 -0.00078782179328474276 6.2283706796875638e-05 -5.4958465719415294e-05 0.0028755388427071458
leaf_weight=45 41 70 188 41 67 92 40 43 60 60 66 117 44 48 47 77 62 41
leaf_count=45 41 70 188 41 67 92 40 43 60 60 66 117 44 48 47 77 62 41
internal_value=6.54279e-05 -0.000575497 -0.000136301 -0.000777803 -0.00233302 -0.000464988 -0.00599989 0.000594445 0.000807085 -0.00143761 0.00139393 0.000894822 -0.00155801 0.00141931 -0.00348018 0.00240868 0.00341802 -0.000194833
internal_weight=1249 670 582 512 240 159 81 272 579 120 459 414 158 92 88 256 179 229
internal_count=1249 670 582 512 240 159 81 272 579 120 459 414 158 92 88 256 179 229
is_linear=0
shrinkage=0.05


Tree=158
num_leaves=17
num_cat=0
split_feature=9 9 9 7 10 5 0 9 5 0 0 10 5 7 0 5
split_gain=0.223724 0.605619 0.38803 0.369572 0.680103 0.767062 0.624654 0.403281 0.380042 0.346052 0.340771 0.402883 0.343303 0.299562 0.167597 0.0794515
threshold=1965.5000000000002 1972.5000000000002 1962.5000000000002 4.5000000000000009 778.58333333333337 3506.0000000000005 841881.29408001842 1940.5000000000002 5264.0000000000009 1803305.4158322734 841881.29408001842 1001.4333333333335 1230.5000000000002 5.5000000000000009 559558.65844934701 4117.0000000000009
decision_type=2 2 2 2 2 2 2 2 2 2 2 2 2 2 2 2
left_child=2 15 3 4 -1 -6 7 -5 -7 10 12 -12 -3 -14 -9 -2
right_child=1 9 -4 6 5 8 -8 14 -10 -11 11 -13 13 -15 -16 -17
leaf_value=0.0066757525325994247 -0.0059039333648979661 0.0040287192000753504 0.0053882941776929906 -2.6227638148997405e-05 -0.0039168936470274016 0.0044655124846190875 0.0037741078883409503 -0.0071310062749861654 -0.00056301377553609206 -0.0037663333359788257 0.005850391179722335 -0.00054311189927499397 -0.0013994799813972639 0.0016111877042151589 -0.002715294082771011 -0.0028611432352080579
leaf_weight=54 45 44 43 79 70 91 50 44 64 55 56 44 315 112 42 41
leaf_count=54 45 44 43 79 70 91 50 44 64 55 56 44 315 112 42 41
internal_value=6.21565e-05 -0.000518998 0.000832701 0.000436161 0.00163669 0.000427316 -0.00112174 -0.00260532 0.00238922 2.1497e-05 0.000386349 0.00303725 -0.000176475 -0.000609797 -0.0049745 -0.0044533
internal_weight=1249 712 537 494 279 225 215 165 155 626 571 100 471 427 86 86
internal_count=1249 712 537 494 279 225 215 165 155 626 571 100 471 427 86 86
is_linear=0
shrinkage=0.05


Tree=159
num_leaves=20
num_cat=1
split_feature=4 6 6 0 7 8 7 6 5 7 2 0 12 7 12 12 7 8 1
split_gain=0.210737 0.502035 0.962812 0.85265 0.526294 0.463481 0.493856 0.446465 0.439568 0.337371 0.30578 0.808567 0.622411 0.445297 0.358135 0.708856 0.459175 0.227801 0.0610277
threshold=0 8096.5000000000009 9376.5000000000018 572600.24644636794 3.5000000000000004 2.2500000000000004 4.5000000000000009 12455.000000000002 6077.0000000000009 3.5000000000000004 1250500.3859040069 841881.29408001842 61.500000000000007 4.5000000000000009 58.500000000000007 49.500000000000007 4.5000000000000009 3.7500000000000004 810769.61929734773
decision_type=1 2 2 2 2 2 2 2 2 2 2 2 2 2 2 2 2 2 2
left_child=8 3 -3 4 -2 9 17 -8 10 -4 11 14 -13 -12 15 -1 -16 -7 -5
right_child=1 2 5 18 -6 6 7 -9 -10 -11 13 12 -14 -15 16 -17 -18 -19 -20
leaf_value=0.00059073878160156943 0.0017672333469595379 -0.0083055382743477818 -0.00064001213759183888 0.0063421229121226261 -0.0055991032316039004 -0.0044832355338836677 9.5123711313741907e-05 0.0072475653188303112 -0.003588941280633725 -0.007094238312892253 -0.0052184347103795279 0.0095309257678383476 0.0011251953575992957 0.0017387105729025994 0.0041718276692862231 -0.0058581909737907929 -0.00041973137029510167 0.00034354671327905227 0.0036892136558890343
leaf_weight=236 49 50 40 41 48 44 48 40 58 41 46 49 40 46 121 52 99 55 46
leaf_count=236 49 50 40 41 48 44 48 40 58 41 46 49 40 46 121 52 99 55 46
internal_value=5.90487e-05 -0.00073321 -0.00193597 0.00134548 -0.00187796 -0.000747623 0.000620862 0.00334623 0.000591464 -0.00390697 0.00094337 0.00135687 0.00575307 -0.00173986 0.000586666 -0.000573651 0.00210563 -0.00180169 0.00493944
internal_weight=1249 502 318 184 97 268 187 88 747 81 689 597 89 92 508 288 220 99 87
internal_count=1249 502 318 184 97 268 187 88 747 81 689 597 89 92 508 288 220 99 87
cat_boundaries=0 1
cat_threshold=2
is_linear=0
shrinkage=0.05


Tree=160
num_leaves=21
num_cat=1
split_feature=5 10 0 8 6 10 4 1 1 5 10 1 12 6 6 2 1 2 5 0
split_gain=0.221354 0.31421 0.381704 0.767836 0.641884 0.573143 0.324849 0.515234 0.527654 0.304513 0.609436 0.268516 0.434459 0.266172 0.242565 0.239053 0.219046 0.447168 0.413548 0.159495
threshold=5934.5000000000009 945.62500000000011 567990.61134559743 3.7500000000000004 12708.000000000002 1455.5000000000002 0 675591.77005089482 707133.77038150944 1749.5000000000002 284.00000000000006 673270.56667703239 70.500000000000014 9376.5000000000018 10336.000000000002 784289.86309009197 675224.47328238969 647728.45187070419 3729.5000000000005 556708.52547526488
decision_type=2 2 2 2 2 2 1 2 2 2 2 2 2 2 2 2 2 2 2 2
left_child=1 6 16 4 5 -4 9 -8 -9 10 -1 -11 -13 -10 -2 -5 17 -3 -18 -20
right_child=14 2 3 15 -6 -7 7 8 13 11 -12 12 -14 -15 -16 -17 18 -19 19 -21
leaf_value=0.0029401440730354952 0.0047973928773509603 0.00087127873831538156 -0.010726865528005303 -0.0018618548288941385 0.00030751454540424878 -0.0037989462290877584 -0.0046551557107207672 0.0037283921705396927 -0.0043195580987429082 0.004832715617152504 -0.0044940681130780534 0.0028136990437654759 -0.0019896084035281093 0.00039011465286779585 5.1463033383091286e-05 0.0033368991222232584 -0.0029684924311004579 -0.0055538810137659312 0.0012289949782335989 0.0053449398621396964
leaf_weight=51 42 68 51 41 45 72 75 69 55 65 60 136 72 66 75 48 40 45 52 43
leaf_count=51 42 68 51 41 45 72 75 69 55 65 60 136 72 66 75 48 40 45 52 43
internal_value=-0.000317162 -0.000527264 -0.00146257 -0.00281292 -0.00480212 -0.0066715 0.000200517 -0.00114606 0.00023911 0.00112979 -0.00107835 0.00202761 0.00115102 -0.00175065 0.00175513 0.000941968 -6.32147e-05 -0.00168741 0.0012963 0.003092
internal_weight=1271 1154 505 257 168 123 649 265 190 384 111 273 208 121 117 89 248 113 135 95
internal_count=1271 1154 505 257 168 123 649 265 190 384 111 273 208 121 117 89 248 113 135 95
cat_boundaries=0 1
cat_threshold=2
is_linear=0
shrinkage=0.05


Tree=161
num_leaves=18
num_cat=2
split_feature=7 6 1 3 11 11 11 6 4 6 9 7 9 6 6 9 6
split_gain=0.225584 0.335686 0.442112 0.245595 0.52866 0.525061 0.745967 0.550747 0.541632 0.363173 0.347914 0.36633 0.244519 0.329881 0.391322 0.321105 0.278125
threshold=6.5000000000000009 11652.000000000002 706083.45514864044 0 8313619937.4681358 1412435949.4265859 1662849694.6577392 5747.5000000000009 1 6801.5000000000009 1993.5000000000002 2.5000000000000004 1972.5000000000002 9099.5000000000018 7158.0000000000009 1939.5000000000002 9376.5000000000018
decision_type=2 2 2 1 2 2 2 2 1 2 2 2 2 2 2 2 2
left_child=3 2 -2 4 5 8 -7 -8 9 -1 12 -12 13 14 -5 -15 -14
right_child=1 -3 -4 10 -6 6 7 -9 -10 -11 11 -13 16 15 -16 -17 -18
leaf_value=-0.0040658031772004399 -0.0036416493839461286 0.0044203864414465886 0.0022920333090927694 -0.00010420210116232436 -0.0061900672217716978 0.0066102578747086228 0.0046038506825899946 -0.0012071024218553413 -0.0064205376294199125 0.0023420019162585961 0.0017374511721522309 -0.0040512691033072774 0.0006053054316264646 0.0017649208621967737 0.0061884991181570858 -0.0034676357593438397 0.0063610787037760019
leaf_weight=41 53 59 77 60 49 40 46 359 73 48 43 75 41 49 42 73 43
leaf_count=41 53 59 77 60 49 40 46 359 73 48 43 75 41 49 42 73 43
internal_value=-0.000301304 0.0012925 -0.000127083 -0.000579703 -0.00117636 -0.000791011 9.62644e-05 -0.000547093 -0.00322828 -0.000609908 0.000358297 -0.00194182 0.00125114 0.000388431 0.00248691 -0.00136604 0.00355171
internal_weight=1271 189 130 1082 656 607 445 405 162 89 426 118 308 224 102 122 84
internal_count=1271 189 130 1082 656 607 445 405 162 89 426 118 308 224 102 122 84
cat_boundaries=0 1 2
cat_threshold=12 2
is_linear=0
shrinkage=0.05


Tree=162
num_leaves=17
num_cat=0
split_feature=5 6 8 10 5 1 2 5 5 5 1 6 6 6 2 9
split_gain=0.206173 0.517322 0.481431 0.261942 0.420921 0.498923 0.582375 0.440234 0.463808 0.428203 0.35924 0.369262 0.564068 0.274262 0.244173 0.19313
threshold=5470.0000000000009 8395.0000000000018 2.2500000000000004 677.53333333333342 1783.5000000000002 675981.14024048846 741016.75041127799 3577.0000000000005 2606.0000000000005 2135.0000000000005 623959.94523397705 15232.500000000002 13450.500000000002 11724.500000000002 689208.6917161406 1975.5000000000002
decision_type=2 2 2 2 2 2 2 2 2 2 2 2 2 2 2 2
left_child=3 -2 -3 4 5 -1 -7 8 9 -6 -5 12 13 -12 -4 -10
right_child=1 2 14 10 7 6 -8 -9 15 -11 11 -13 -14 -15 -16 -17
leaf_value=-0.0054580466297920798 0.0062428402322984768 -0.0036646132059700667 -0.00076518017082923548 0.0032712931105889744 0.0039539450078826541 0.0030094545665229414 -0.0045151547080604362 -0.0018493593413976654 0.0080171520730889425 -0.0022694706094009264 -0.0012630083184726585 -0.0060296092111076539 0.0032689759282455329 -0.0045129555444686836 0.003709726952282446 0.0032977843970951183
leaf_weight=56 40 61 54 41 52 72 40 69 41 59 387 43 62 78 70 46
leaf_count=56 40 61 54 41 52 72 40 69 41 59 387 43 62 78 70 46
internal_value=-0.000286239 0.00108681 -2.80013e-05 -0.000581589 0.000356151 -0.00160462 0.000322094 0.00158989 0.00278842 0.000646003 -0.00124921 -0.00157437 -0.00121085 -0.00180816 0.00176098 0.00552185
internal_weight=1271 225 185 1046 435 168 112 267 198 111 611 570 527 465 124 87
internal_count=1271 225 185 1046 435 168 112 267 198 111 611 570 527 465 124 87
is_linear=0
shrinkage=0.05


Tree=163
num_leaves=13
num_cat=0
split_feature=7 5 11 1 11 0 10 5 2 10 0 1
split_gain=0.194028 0.240983 0.371527 0.226808 0.374005 0.234082 0.143584 0.869953 0.664572 0.292398 0.163089 0.0371466
threshold=6.5000000000000009 6101.5000000000009 8532879060.3654881 675591.77005089482 2350914006.6785159 1745126.0284832132 677.53333333333342 2606.0000000000005 673725.02180245274 753.75000000000011 841881.29408001842 707133.77038150944
decision_type=2 2 2 2 2 2 2 2 2 2 2 2
left_child=1 2 6 -2 -5 -6 7 8 -1 -8 -11 -9
right_child=3 -3 -4 4 5 -7 9 11 -10 10 -12 -13
leaf_value=0.0028289303522963656 -0.0020342263260057997 0.0023975622582700896 -0.0045710794753947501 0.0056448194850236182 -0.0019636038843040856 0.0029616876050002046 -0.0049394469735922208 0.0059122255231003938 -0.0030063580540650621 -0.0010324747092753154 0.0010254140077449847 0.003770566480234265
leaf_weight=71 42 66 59 50 52 45 42 41 156 487 120 40
leaf_count=71 42 66 59 50 52 45 42 41 156 487 120 40
internal_value=-0.000271927 -0.000530121 -0.000720305 0.0012062 0.00213204 0.000321325 -0.000482901 0.000406124 -0.00118122 -0.000904811 -0.000625643 0.00485462
internal_weight=1271 1082 1016 189 147 97 957 308 227 649 607 81
internal_count=1271 1082 1016 189 147 97 957 308 227 649 607 81
is_linear=0
shrinkage=0.05


Tree=164
num_leaves=16
num_cat=0
split_feature=7 6 1 8 0 6 9 9 10 0 9 10 6 10 11
split_gain=0.17511 0.30984 0.377252 0.215093 0.59864 0.473226 0.399492 0.44212 0.417174 0.355785 0.343371 0.543611 0.472021 0.324112 0.392664
threshold=6.5000000000000009 11652.000000000002 706083.45514864044 1.7500000000000002 567990.61134559743 10551.500000000002 1941.5000000000002 1961.5000000000002 973.75000000000011 548453.68116028118 1993.5000000000002 875.25000000000011 7010.0000000000009 706.13095238095252 3000398075.9394231
decision_type=2 2 2 2 2 2 2 2 2 2 2 2 2 2 2
left_child=3 2 -2 4 9 -6 13 8 -8 -1 11 -9 -12 -5 -15
right_child=1 -3 -4 6 5 -7 7 10 -10 -11 12 -13 -14 14 -16
leaf_value=-0.0022890971430266898 -0.0034644914228679998 0.004150952993087092 0.0020166911983064244 0.0050564405532927126 -0.0015529485657212458 -0.0077826770117368415 -0.0065049117960530069 0.0038413941601612733 -0.00076153815009067174 0.0029079006034370566 -0.0050400848127901557 -0.00070646616421153499 -8.3476083945361497e-05 -0.0026050914049317894 0.0031351882244388648
leaf_weight=60 53 59 77 58 70 54 57 113 71 73 65 157 184 55 65
leaf_count=60 53 59 77 58 70 54 57 113 71 73 65 157 184 55 65
internal_value=-0.00025833 0.00114589 -0.000217945 -0.000503615 -0.00176669 -0.00426589 -0.000110147 -0.000687252 -0.00331913 0.00056339 -3.81556e-05 0.0011969 -0.00137737 0.00198753 0.000504227
internal_weight=1271 189 130 1082 257 124 825 647 128 133 519 270 249 178 120
internal_count=1271 189 130 1082 257 124 825 647 128 133 519 270 249 178 120
is_linear=0
shrinkage=0.05


Tree=165
num_leaves=7
num_cat=0
split_feature=11 11 1 1 1 11
split_gain=0.24947 0.199372 0.151904 0.209586 0.184436 0.192245
threshold=10296873943.737831 8532879060.3654881 1393513.8717971111 1296072.9129802992 1074979.9535577933 4305681603.701848
decision_type=2 2 2 2 2 2
left_child=1 2 3 4 5 -1
right_child=-2 -3 -4 -5 -6 -7
leaf_value=0.00034625378066927871 0.0040104562062252729 -0.0028723030134569852 0.0030480119991116231 -0.0030014614477598418 0.0028385979730084963 -0.0030687890751937104
leaf_weight=990 45 50 50 48 71 43
leaf_count=990 45 50 50 48 71 43
internal_value=0.000352783 0.000221317 0.000350004 0.000232902 0.000373527 0.000204098
internal_weight=1297 1252 1202 1152 1104 1033
internal_count=1297 1252 1202 1152 1104 1033
is_linear=0
shrinkage=0.05


Tree=166
num_leaves=20
num_cat=0
split_feature=11 6 0 6 0 6 9 9 6 8 6 0 0 0 1 6 11 6 1
split_gain=0.225146 0.28713 0.524679 0.419619 0.412064 0.587222 0.417158 0.35619 0.351107 0.632637 0.604903 0.540574 0.413022 0.31412 0.272888 0.48731 0.267189 0.23412 0.196024
threshold=10296873943.737831 11883.000000000002 552027.01918202371 4699.5000000000009 559558.65844934701 14615.500000000002 1966.5000000000002 1979.5000000000002 8862.0000000000018 2.2500000000000004 7931.0000000000009 560101.17611787876 598799.44123857131 598799.44123857131 704990.47259519773 7219.0000000000009 3295201420.6928525 15503.500000000002 659749.2343736469
decision_type=2 2 2 2 2 2 2 2 2 2 2 2 2 2 2 2 2 2 2
left_child=1 2 3 -1 7 6 -6 18 10 -10 11 -4 -11 -12 15 -5 -8 -7 -3
right_child=-2 4 8 14 5 17 16 -9 9 12 13 -13 -14 -15 -16 -17 -18 -19 -20
leaf_value=-0.0059374830115120868 0.0038099334525435961 -0.0036403588141547521 0.0058257318595157119 -0.0035059373287691011 -0.0010106868867296726 0.0039053577368486007 -0.0092658096515550858 0.0037232421005942993 0.0068896117747748557 -0.0020922401723259226 -0.00026087916974740276 0.000575930007128045 0.003262350728343192 -0.0063829877506941558 -0.0032943918752217933 0.0027594883536221464 -0.0037427505458447531 -0.0014395680422672915 0.0011455567006993554
leaf_weight=40 45 40 61 45 64 40 41 70 73 58 44 250 95 40 56 100 47 42 46
leaf_count=40 45 40 61 45 64 40 41 70 73 58 44 250 95 40 56 100 47 42 46
internal_value=0.000335144 0.000210251 0.000719565 -0.0012606 -0.000915464 -0.00224247 -0.00408218 0.00107505 0.00148803 0.0030598 0.000588744 0.00160563 0.00123251 -0.00317617 -0.000329872 0.000815046 -0.00631599 0.00116771 -0.00108045
internal_weight=1297 1252 862 241 390 234 152 156 621 226 395 311 153 84 201 145 88 82 86
internal_count=1297 1252 862 241 390 234 152 156 621 226 395 311 153 84 201 145 88 82 86
is_linear=0
shrinkage=0.05


Tree=167
num_leaves=18
num_cat=0
split_feature=11 6 0 11 6 1 10 7 10 6 5 10 6 0 0 1 6
split_gain=0.203195 0.259135 0.473523 0.390977 0.378706 0.376289 0.76496 0.63409 0.326349 0.316874 0.686096 0.994454 0.545925 0.487868 0.283493 0.246282 0.439798
threshold=10296873943.737831 11883.000000000002 552027.01918202371 6612581740.7254963 4699.5000000000009 708849.74897787033 966.16666666666686 5.5000000000000009 1151.7500000000002 8862.0000000000018 2106.0000000000005 1125.6250000000002 7931.0000000000009 560101.17611787876 598799.44123857131 704990.47259519773 7219.0000000000009
decision_type=2 2 2 2 2 2 2 2 2 2 2 2 2 2 2 2 2
left_child=1 2 4 5 -1 7 -7 8 -3 12 -11 -12 13 -4 -14 16 -6
right_child=-2 3 9 -5 15 6 -8 -9 -10 10 11 -13 14 -15 -16 -17 -18
leaf_value=-0.0056406089756637816 0.0036194368084478709 -0.006538711005237465 0.0055344453689090715 -0.0048616872757743556 -0.0033306403515032598 -0.0024378817348743153 0.005559498031359556 0.0025916983069195834 -0.0016154383156316903 -0.002329153334721923 0.0079587105894461281 0.00045725229045595313 -0.00024783530309584672 0.00054713346869102685 -0.0060638383403420447 -0.0031296722374723426 0.0026215140148997309
leaf_weight=40 45 51 61 53 45 54 67 66 99 49 92 85 44 250 40 56 100
leaf_count=40 45 51 61 53 45 54 67 66 99 49 92 85 44 250 40 56 100
internal_value=0.000318387 0.000199739 0.000683587 -0.00086969 -0.00119757 -0.000241869 0.00199042 -0.00149236 -0.00328935 0.00141363 0.00290681 0.00435632 0.000559307 0.00152535 -0.00301736 -0.000313378 0.000774294
internal_weight=1297 1252 862 390 241 337 121 216 150 621 226 177 395 311 84 201 145
internal_count=1297 1252 862 390 241 337 121 216 150 621 226 177 395 311 84 201 145
is_linear=0
shrinkage=0.05


Tree=168
num_leaves=17
num_cat=0
split_feature=6 6 0 7 7 6 1 8 1 6 9 9 1 1 2 6
split_gain=0.180453 0.456985 0.576119 0.414306 0.590278 0.363856 0.323813 0.316561 0.316723 0.257191 0.328166 0.502627 0.206158 0.320333 0.460678 0.181167
threshold=11724.500000000002 11291.500000000002 552027.01918202371 5.5000000000000009 3.5000000000000004 12708.000000000002 714688.47652307793 3.7500000000000004 696594.67995976855 4699.5000000000009 1960.5000000000002 1981.5000000000002 671350.45176759572 675981.14024048846 679627.29004813975 13416.500000000002
decision_type=2 2 2 2 2 2 2 2 2 2 2 2 2 2 2 2
left_child=1 2 9 4 5 -2 -7 8 -5 -1 -11 -12 -4 -14 -15 -6
right_child=3 -3 12 7 15 6 -8 -9 -10 10 11 -13 13 14 -16 -17
leaf_value=-0.0053585783892776823 -0.0033875832874327898 0.0054074353405407505 0.0041960090418191008 0.0031447307615563636 -0.0065234556008933811 -0.00087010617646614491 0.0040642835466545629 0.0052944448391103426 -0.0030701475530272217 -0.0037920023830464254 0.0051923943497240548 -0.0016865684129548247 -0.0031843989460761551 0.0063244650888788917 0.00085208602780639613 -0.0025934766795810151
leaf_weight=40 50 49 54 41 51 66 67 44 41 65 40 79 43 42 456 69
leaf_count=40 50 49 54 41 51 66 67 44 41 65 40 79 43 42 456 69
internal_value=0.000302467 0.000717088 0.000436468 -0.000536438 -0.00153843 0.000248638 0.00161564 0.00187312 3.72916e-05 -0.00172485 -0.000934909 0.000625688 0.00125014 0.000956099 0.00131361 -0.00426372
internal_weight=1297 868 819 429 303 183 133 126 82 224 184 119 595 541 498 120
internal_count=1297 868 819 429 303 183 133 126 82 224 184 119 595 541 498 120
is_linear=0
shrinkage=0.05


Tree=169
num_leaves=17
num_cat=0
split_feature=11 6 11 10 2 10 6 1 8 11 10 2 11 6 5 10
split_gain=0.180695 0.219442 0.407926 0.48342 0.352996 0.368862 0.257234 0.830328 0.533472 0.469476 0.358941 0.343163 0.262963 0.224197 0.21734 0.111153
threshold=10296873943.737831 12148.500000000002 6612581740.7254963 767.42857142857156 706590.53824524849 1081.0000000000002 8862.0000000000018 1074979.9535577933 2.2500000000000004 3265626035.8893399 1052.1666666666667 1296072.9129802992 3709499993.3399191 13416.500000000002 2135.0000000000005 1373.3333333333337
decision_type=2 2 2 2 2 2 2 2 2 2 2 2 2 2 2 2
left_child=1 6 3 13 5 -5 11 8 10 -10 -8 12 14 -3 -1 -6
right_child=-2 2 -4 4 15 -7 7 -9 9 -11 -12 -13 -14 -15 -16 -17
leaf_value=0.0013444376605828959 0.0034002713709034857 -0.0054293284064852732 -0.0049552874650824101 0.0034240443996774654 0.0019191111510412561 -0.0022029399378592838 0.0067861130500727514 0.0071866624449428767 0.00037960340238672187 -0.0056410204505593312 0.0003846059871337763 -0.0037790677655721084 0.0039087211574487237 -0.00049626131076365711 -0.00092269166796520518 0.005541574936360121
leaf_weight=175 45 51 52 42 45 95 47 57 154 41 41 56 47 42 267 40
leaf_count=175 45 51 52 42 45 95 47 57 154 41 41 56 47 42 267 40
internal_value=0.000287344 0.000175458 -0.00085248 -0.000175191 0.00109258 -0.000477879 0.000601732 0.00168098 0.000572061 -0.000886271 0.00380359 -7.15596e-05 0.000353022 -0.00320149 -2.50726e-05 0.0036238
internal_weight=1297 1252 367 315 222 137 885 340 283 195 88 545 489 93 442 85
internal_count=1297 1252 367 315 222 137 885 340 283 195 88 545 489 93 442 85
is_linear=0
shrinkage=0.05


Tree=170
num_leaves=17
num_cat=0
split_feature=9 9 10 0 2 11 11 2 7 5 6 1 9 11 5 7
split_gain=0.274198 0.382594 0.654287 0.540717 0.49253 0.487567 0.593472 0.466684 0.345866 0.443623 0.323143 0.308004 0.279304 0.230526 0.335587 0.228548
threshold=2007.5000000000002 1966.5000000000002 1769.7500000000002 564023.5249507291 673725.02180245274 8313619937.4681358 4721791564.2934942 696594.67995976855 6.5000000000000009 2078.0000000000005 11609.500000000002 683814.34909850836 1940.5000000000002 1330165967.3837106 3700.5000000000005 4.5000000000000009
decision_type=2 2 2 2 2 2 2 2 2 2 2 2 2 2 2 2
left_child=1 2 4 -4 12 6 7 11 9 -6 -9 -3 -1 -2 -15 -16
right_child=13 5 3 -5 8 -7 -8 10 -10 -11 -12 -13 -14 14 15 -17
leaf_value=0.0047602270068901201 0.0051524940915987829 -0.00086965807832968534 0.00025432204548269511 0.0073216807272806139 -0.0056238531798083824 -0.0065788472630083561 0.0040559550803366375 -0.0045164337332530965 0.001671096887061926 -0.00087819204582469969 0.00012355334235026556 0.0036394385234551859 0.00018198061540412408 -0.0025863689380361044 0.000321541341705894 0.0053808390526328149
leaf_weight=62 40 195 50 59 69 40 55 142 74 172 51 47 72 47 49 41
leaf_count=62 40 195 50 59 69 40 55 142 74 172 51 47 72 47 49 41
internal_value=-1.20394e-05 -0.000308952 0.000604836 0.00407977 -0.000238746 -0.00127102 -0.000837724 -0.00145646 -0.00131884 -0.00223691 -0.00329032 6.07556e-06 0.00230027 0.00181305 0.000838033 0.00262633
internal_weight=1265 1088 558 109 449 530 490 435 315 241 193 242 134 177 137 90
internal_count=1265 1088 558 109 449 530 490 435 315 241 193 242 134 177 137 90
is_linear=0
shrinkage=0.05


Tree=171
num_leaves=16
num_cat=0
split_feature=9 9 10 11 11 1 9 7 5 9 10 11 11 11 10
split_gain=0.247464 0.345332 0.498927 0.426944 0.470394 0.390813 0.407936 0.401997 0.355531 0.561734 0.350428 0.284924 0.20805 0.310401 0.322316
threshold=2007.5000000000002 1967.5000000000002 1769.7500000000002 8213358149.8099108 4721791564.2934942 673270.56667703239 1940.5000000000002 6.5000000000000009 5864.5000000000009 1972.5000000000002 597.51190476190493 3781066798.123095 1330165967.3837106 2627545622.9535737 1228.3000000000002
decision_type=2 2 2 2 2 2 2 2 2 2 2 2 2 2 2
left_child=1 2 5 4 8 6 -1 10 9 -3 -7 -4 -2 -14 -15
right_child=12 3 11 -5 -6 7 -8 -9 -10 -11 -12 -13 13 14 -16
leaf_value=0.0055570443811000523 0.0048948693822603679 -0.0072799177263819046 0.0015540050103000421 -0.0060538786559066341 0.0037429993113904611 -0.0047212327045049341 -0.0003331463918033423 0.0020984886249957179 0.0029226366959681565 -0.0011546492654434949 -0.00074714781754168646 0.0067540553717895654 -0.002023411217031249 0.0059787570801563567 -0.00036864482972305269
leaf_weight=53 40 42 68 42 51 81 66 78 44 344 176 43 57 40 40
leaf_count=53 40 42 68 42 51 81 66 78 44 344 176 43 57 40 40
internal_value=-1.14374e-05 -0.000293505 0.000563534 -0.00121937 -0.000797229 -0.000171146 0.00229022 -0.00104548 -0.00133572 -0.00182113 -0.00199968 0.00356844 0.0017224 0.000796132 0.00280506
internal_weight=1265 1088 565 523 481 454 119 335 430 386 257 111 177 137 80
internal_count=1265 1088 565 523 481 454 119 335 430 386 257 111 177 137 80
is_linear=0
shrinkage=0.05


Tree=172
num_leaves=16
num_cat=0
split_feature=9 9 11 11 11 1 6 0 1 6 9 9 11 5 5
split_gain=0.223336 0.3125 0.401214 0.496141 0.379889 0.313503 0.339067 0.311256 0.287346 0.386227 0.287976 0.391621 0.187765 0.292957 0.0291867
threshold=2007.5000000000002 1966.5000000000002 8313619937.4681358 5576971583.2042608 8213358149.8099108 696594.67995976855 11212.500000000002 548453.68116028118 811997.56703822489 8438.5000000000018 1923.5000000000002 1952.5000000000002 1330165967.3837106 3853.0000000000005 4999.5000000000009
decision_type=2 2 2 2 2 2 2 2 2 2 2 2 2 2 2
left_child=1 4 3 5 8 7 -7 -3 10 -10 -1 -12 -2 -14 -15
right_child=12 2 -4 -5 -6 6 -8 -9 9 -11 11 -13 13 14 -16
leaf_value=0.0045433999949388883 0.0046501260122749953 -0.0020714906692737714 -0.0059632208454422657 0.0045098324192733297 0.0046604145320565766 -0.003965460938689787 0.00028324390329636525 0.0016206751707101002 -0.0057737331432607874 0.00048622179061307436 -0.00092996322508791794 0.0025263498623389752 -0.0022461234391027807 0.0015940564573698102 0.0034367836419154302
leaf_weight=44 40 100 40 41 51 147 69 133 44 56 238 125 51 42 44
leaf_count=44 40 100 40 41 51 147 69 133 44 56 238 125 51 42 44
internal_value=-1.08655e-05 -0.00027883 -0.00114831 -0.000755255 0.00054702 -0.00123603 -0.00260824 3.60546e-05 0.000133247 -0.00226816 0.000723273 0.000260227 0.00163628 0.000756325 0.00253685
internal_weight=1265 1088 530 490 558 449 216 233 507 100 407 363 177 137 86
internal_count=1265 1088 530 490 558 449 216 233 507 100 407 363 177 137 86
is_linear=0
shrinkage=0.05


Tree=173
num_leaves=16
num_cat=0
split_feature=10 6 9 0 6 0 0 10 6 0 11 6 10 10 1
split_gain=0.218577 0.400611 0.800811 0.562378 0.477011 0.576209 0.401361 0.390775 0.488067 0.239922 0.43757 0.341738 0.237358 0.656549 0.576978
threshold=1241.3000000000002 10581.500000000002 1971.5000000000002 567990.61134559743 6406.0000000000009 578820.51469827525 564023.5249507291 1081.0000000000002 9047.5000000000018 1745126.0284832132 3378026867.4241185 9009.0000000000018 616.19642857142867 564.07142857142867 728291.78914264136
decision_type=2 2 2 2 2 2 2 2 2 2 2 2 2 2 2
left_child=7 4 6 -4 -2 -6 -3 9 -9 10 12 -11 13 -1 -14
right_child=1 2 3 -5 5 -7 -8 8 -10 11 -12 -13 14 -15 -16
leaf_value=-6.8385232648603172e-05 0.003744621381528028 0.0022863343228087872 0.0032261851294474171 -0.0038610073713291637 0.00078186462220700484 -0.0055474754712177502 0.0088155858612690985 0.00048830057153614566 -0.006871289408765734 -0.0012628218154125709 -0.0041382935454344584 0.0042816734465304764 -4.9506676270325177e-05 -0.0068960641021840272 0.0058964217045143546
leaf_weight=294 46 43 55 57 79 66 52 41 50 47 72 68 204 40 51
leaf_count=294 46 43 55 57 79 66 52 41 50 47 72 68 204 40 51
internal_value=-1.03223e-05 0.000959729 0.00248351 -0.00038069 -0.000691694 -0.00209908 0.00586024 -0.000455628 -0.00355543 -9.21207e-05 -0.00045883 0.00201566 -9.04869e-06 -0.000886071 0.00113968
internal_weight=1265 398 207 112 191 145 95 867 91 776 661 115 589 334 255
internal_count=1265 398 207 112 191 145 95 867 91 776 661 115 589 334 255
is_linear=0
shrinkage=0.05


Tree=174
num_leaves=19
num_cat=0
split_feature=9 7 10 9 10 1 6 1 9 9 9 6 2 10 5 6 5 10
split_gain=0.211143 0.358515 0.362914 0.310077 0.401348 0.354182 0.385842 0.546258 0.374221 0.319718 0.334786 0.483009 0.360502 0.499032 0.450163 0.313715 0.278591 0.225162
threshold=2003.5000000000002 4.5000000000000009 1446.1666666666667 1967.5000000000002 1769.7500000000002 673270.56667703239 11291.500000000002 689208.6917161406 1940.5000000000002 1972.5000000000002 1978.5000000000002 11150.500000000002 696594.67995976855 657.33333333333337 2500.0000000000005 10478.500000000002 3657.5000000000005 616.19642857142867
decision_type=2 2 2 2 2 2 2 2 2 2 2 2 2 2 2 2 2 2
left_child=3 2 -2 4 5 8 7 -7 -1 -5 11 -11 14 -14 -12 -6 -8 -3
right_child=1 17 -4 9 15 6 16 -9 -10 10 12 -13 13 -15 -16 -17 -18 -19
leaf_value=0.005294505327518257 -0.0031971568735049216 0.001274653339589184 0.0023270027369264802 -0.0045691657220087358 0.00024042606540024283 -0.0072197485334155242 0.0042971973545215232 -0.00099104491918379522 -0.00034703427756374534 0.0055298411783397845 0.0037955127100934068 -0.0018864263392363986 -0.0070953355469512494 -0.0012547915271617536 -0.0018140344456090435 0.0055829872110034111 -0.00070889820545904942 0.0058868084278633354
leaf_weight=53 61 55 58 63 50 44 47 176 66 46 57 42 53 118 96 61 68 51
leaf_count=53 61 55 58 63 50 44 47 176 66 46 57 42 53 118 96 61 68 51
internal_value=-9.80614e-06 0.00137899 -0.000504709 -0.000310267 0.000481342 -0.000177588 -0.00100994 -0.00223679 0.00216558 -0.00125187 -0.000744608 0.00199026 -0.00148741 -0.00306502 0.000275797 0.00317643 0.00133707 0.00349371
internal_weight=1265 225 119 1040 565 454 335 220 119 475 412 88 324 171 153 111 115 106
internal_count=1265 225 119 1040 565 454 335 220 119 475 412 88 324 171 153 111 115 106
is_linear=0
shrinkage=0.05


Tree=175
num_leaves=17
num_cat=0
split_feature=10 10 10 8 8 2 1 0 7 6 10 6 9 6 2 8
split_gain=0.242383 0.4887 0.395865 0.288627 0.480555 0.31363 0.35458 0.392823 0.287629 0.255701 0.518434 0.365501 0.430314 0.373035 0.255439 0.244726
threshold=690.00000000000011 642.91666666666686 825.62500000000011 2.7500000000000004 1.2500000000000002 647728.45187070419 825342.42637254205 578820.51469827525 5.5000000000000009 5966.0000000000009 1222.2666666666669 7701.5000000000009 1968.5000000000002 8763.5000000000018 728598.1774898424 4.7500000000000009
decision_type=2 2 2 2 2 2 2 2 2 2 2 2 2 2 2 2
left_child=1 3 14 4 -1 -5 7 -7 -6 10 -4 12 -11 -13 -2 -15
right_child=2 -3 9 5 8 6 -8 -9 -10 11 -12 13 -14 15 -16 -17
leaf_value=-0.0029422411532682735 0.0014445872485844627 -0.0053115024418551844 -0.0061705613703748521 -0.0052537652105093006 0.0063127413958958961 -0.0010099748119510249 -0.0042598525434732436 0.0045202909124782307 0.0011781123480690062 -0.00011731012206938532 0.0014266586763427612 -0.0038170522923960735 0.0065606012832946509 0.0010547418762308857 0.0060696167304116651 -0.0024616598233319167
leaf_weight=43 72 51 43 40 46 97 45 48 67 45 47 54 52 375 51 57
leaf_count=43 72 51 43 40 46 97 45 48 67 45 47 54 52 375 51 57
internal_value=0.00023465 -0.00071149 0.000754076 -0.000103716 0.00155643 -0.00122973 -0.000382563 0.000820734 0.00326832 0.000277391 -0.00220312 0.000660317 0.0034626 0.000101014 0.00336228 0.000590772
internal_weight=1233 437 796 386 156 230 190 145 113 673 90 583 97 486 123 432
internal_count=1233 437 796 386 156 230 190 145 113 673 90 583 97 486 123 432
is_linear=0
shrinkage=0.05


Tree=176
num_leaves=14
num_cat=0
split_feature=11 10 10 12 1 1 11 11 10 11 6 11 11
split_gain=0.31634 0.330777 0.511698 0.904231 0.407967 0.301404 0.486999 0.258123 0.178429 0.41803 0.320197 0.277063 0.244428
threshold=1439639600.1146455 441.00000000000006 351.95000000000005 38.500000000000007 688091.77602969261 671350.45176759572 1052239439.868956 1632486842.755831 657.33333333333337 2208440005.6152601 5548.0000000000009 2043872259.8021994 2223857120.8654647
decision_type=2 2 2 2 2 2 2 2 2 2 2 2 2
left_child=1 2 3 -1 -5 -3 -7 -2 9 -9 -10 -12 -13
right_child=7 5 -4 4 -6 6 -8 8 10 -11 11 12 -14
leaf_value=0.0045230204133655536 0.0043674802427868488 0.00025086668451791103 0.0043400204401612954 -0.0073720266305220619 -0.00062428114303786841 -0.0082705920538865031 -0.0012569053860550577 0.0020931930859284156 0.0047406113430933684 -0.0034967363169534672 -0.0028804084027392999 0.0044908145994900965 0.00057927096759985116
leaf_weight=44 46 53 56 48 42 45 55 58 49 79 54 43 561
leaf_count=44 46 53 56 48 42 45 55 58 49 79 54 43 561
internal_value=0.000222918 -0.00106715 0.000326195 -0.00135123 -0.00422308 -0.00279745 -0.00441306 0.000720102 0.000521312 -0.0011302 0.000841335 0.000550964 0.000857742
internal_weight=1233 343 190 134 90 153 100 890 844 137 707 658 604
internal_count=1233 343 190 134 90 153 100 890 844 137 707 658 604
is_linear=0
shrinkage=0.05


Tree=177
num_leaves=15
num_cat=0
split_feature=11 5 11 10 6 10 5 11 11 11 0 0 7 10
split_gain=0.285497 0.317912 0.876773 0.501381 0.404509 0.310329 0.271834 0.232956 0.174042 0.339675 0.525244 0.206534 0.438558 0.23545
threshold=1439639600.1146455 1619.0000000000002 799731815.64095652 423.26666666666671 5153.5000000000009 217.97619047619051 2106.0000000000005 1632486842.755831 10296873943.737831 7083782421.2840281 1803305.4158322734 819663.42659956194 3.5000000000000004 597.51190476190493
decision_type=2 2 2 2 2 2 2 2 2 2 2 2 2 2
left_child=1 2 3 5 -3 -1 -6 -2 9 11 -11 13 -13 -9
right_child=7 4 -4 -5 6 -7 -8 8 -10 10 -12 12 -14 -15
leaf_value=-0.0023544569847650737 0.0041491062957388558 -0.0067830125756916555 0.0067961397758197224 -0.006006137483442823 -0.0032350141406317966 0.0037236921888376983 0.0013014379526167866 -0.0032030710120401953 0.003520716398747431 -0.0066588865637424444 0.00065689166550035203 0.0049037738602585451 -6.8493194554989438e-05 0.00054401679557155474
leaf_weight=42 46 42 42 42 72 42 61 46 45 42 59 81 98 473
leaf_count=42 46 42 42 42 72 42 61 46 45 42 59 81 98 473
internal_value=0.000211772 -0.0010138 0.000539809 -0.00154563 -0.00250526 0.000684618 -0.00115439 0.000684097 0.000495246 0.00032485 -0.00238531 0.000717009 0.00218153 0.000211905
internal_weight=1233 343 168 126 175 84 133 890 844 799 101 698 179 519
internal_count=1233 343 168 126 175 84 133 890 844 799 101 698 179 519
is_linear=0
shrinkage=0.05


Tree=178
num_leaves=14
num_cat=1
split_feature=5 10 5 1 8 7 7 6 4 9 8 0 0
split_gain=0.260812 0.61091 0.389797 0.369294 0.308088 0.363818 0.264482 0.607272 0.510919 0.421937 0.479837 0.412819 0.293549
threshold=1417.0000000000002 441.00000000000006 1645.5000000000002 712108.83043039031 4.7500000000000009 3.5000000000000004 5.5000000000000009 8315.0000000000018 0 1982.5000000000002 3.7500000000000004 564023.5249507291 841881.29408001842
decision_type=2 2 2 2 2 2 2 2 1 2 2 2 2
left_child=1 3 -2 -1 6 -6 9 8 -8 11 -11 -4 -9
right_child=2 -3 4 -5 5 -7 7 12 -10 10 -12 -13 -14
leaf_value=0.002800188698068572 0.0050747299543052746 -0.006874393884624754 0.00032734221111272458 -0.0033565254153672427 0.00075332093334649344 -0.0050547015212941918 -0.0073211214446928354 -0.00032654923988492603 0.00019525017371051947 -0.0015764653444199301 0.0035405408156940995 0.0035950837258172975 0.004055615702538558
leaf_weight=60 44 42 173 41 52 56 52 137 40 205 59 219 53
leaf_count=60 44 42 173 41 52 56 52 137 40 205 59 219 53
internal_value=0.000201183 -0.00180651 0.000464578 0.000300929 0.000270652 -0.00225825 0.000561825 -0.000718716 -0.00405313 0.0011123 -0.000432892 0.00215294 0.000895844
internal_weight=1233 143 1090 101 1046 108 938 282 92 656 264 392 190
internal_count=1233 143 1090 101 1046 108 938 282 92 656 264 392 190
cat_boundaries=0 1
cat_threshold=2
is_linear=0
shrinkage=0.05


Tree=179
num_leaves=14
num_cat=0
split_feature=11 10 9 10 0 6 11 11 11 10 5 5 11
split_gain=0.249819 0.289717 0.347666 0.735366 0.706262 0.220863 0.217538 0.20385 0.294691 0.487135 0.283696 0.247145 0.203343
threshold=1439639600.1146455 890.75000000000011 1977.5000000000002 351.95000000000005 541721.52379552484 9009.0000000000018 1699728414.6997728 1942926389.2199247 2208440005.6152601 690.00000000000011 3805.5000000000005 3657.5000000000005 2083805166.6401646
decision_type=2 2 2 2 2 2 2 2 2 2 2 2 2
left_child=1 2 3 -1 -4 -6 -2 -8 12 11 -11 -10 -9
right_child=6 -3 4 -5 5 -7 7 8 9 10 -12 -13 -14
leaf_value=-0.0021292648003556026 0.0034412485809298234 -0.0042450174730869813 -0.0076479130742571708 0.004758765258071884 0.0024372348050568618 -0.0025256881071254612 -0.002186351234390252 0.00095185617295404285 -5.7537844631730064e-05 0.0037870834439268546 0.00043182459420576286 -0.0051862470687113029 0.0058432809163837937
leaf_weight=78 64 56 41 77 51 40 69 42 41 72 504 55 43
leaf_count=78 64 56 41 77 51 40 69 42 41 72 504 55 43
internal_value=0.000191124 -0.000955311 -0.000313417 0.00129253 -0.00219919 0.00025573 0.000632952 0.00041536 0.000652505 0.000301647 0.000851232 -0.00299586 0.00342634
internal_weight=1233 343 287 155 132 91 890 826 757 672 576 96 85
internal_count=1233 343 287 155 132 91 890 826 757 672 576 96 85
is_linear=0
shrinkage=0.05


Tree=180
num_leaves=17
num_cat=0
split_feature=6 6 0 1 8 1 11 6 9 9 6 10 6 9 2 2
split_gain=0.294095 0.570269 0.485331 0.67185 0.483748 0.37324 0.574912 0.258348 0.236888 0.427822 0.400665 0.755734 0.350011 0.294304 0.0820323 0.0596588
threshold=8096.5000000000009 6751.5000000000009 541721.52379552484 680412.83644405415 2.2500000000000004 706083.45514864044 1953751065.0983562 15697.000000000002 2010.5000000000002 2003.5000000000002 11815.500000000002 441.00000000000006 11212.500000000002 1966.5000000000002 712108.83043039031 705434.07794821961
decision_type=2 2 2 2 2 2 2 2 2 2 2 2 2 2 2 2
left_child=1 2 -1 -4 -3 -5 -7 8 9 10 11 -2 -10 -12 -6 -9
right_child=7 4 3 5 14 6 -8 15 12 -11 13 -13 -14 -15 -16 -17
leaf_value=-0.0039240327133945587 -0.0048169231622816897 0.0078302563613523619 0.0062668982080852052 -0.0043878950659469096 0.0029182095682093252 0.0046505313583424896 -0.0017330806267758213 0.00067487496213288986 -0.0068316480144858362 0.0036715694114495562 -0.00086958773246106631 0.0013263518401296238 -0.00029638054381523818 -0.0042960065653670802 -0.00012719524362715098 0.0034056896861875429
leaf_weight=69 62 46 46 46 48 58 90 40 40 53 130 260 42 121 41 40
leaf_count=69 62 46 46 46 48 58 90 40 40 53 130 260 42 121 41 40
internal_value=-7.31159e-05 0.000956037 -0.000228384 0.000834115 0.00366704 -0.00045407 0.000768605 -0.000652994 -0.000957319 -0.000626306 -0.00102384 0.000143485 -0.00348432 -0.00252137 0.00151527 0.00204028
internal_weight=1232 444 309 240 135 194 148 788 708 626 573 322 82 251 89 80
internal_count=1232 444 309 240 135 194 148 788 708 626 573 322 82 251 89 80
is_linear=0
shrinkage=0.05


Tree=181
num_leaves=13
num_cat=0
split_feature=2 11 9 8 7 11 2 7 9 9 9 1
split_gain=0.261731 0.241866 0.382109 0.167862 0.488143 0.421752 0.477652 0.31722 0.308546 0.24152 0.253819 0.183443
threshold=589891.85173506057 893374518.47858465 1966.5000000000002 3.7500000000000004 2.5000000000000004 1188660476.8867829 723410.77324754675 4.5000000000000009 2005.5000000000002 1941.5000000000002 1976.5000000000002 706590.53824524849
decision_type=2 2 2 2 2 2 2 2 2 2 2 2
left_child=-1 2 -2 5 11 -3 8 -8 -7 -6 -11 -5
right_child=1 3 -4 4 9 6 7 -9 -10 10 -12 -13
leaf_value=-0.0037287986277620569 0.0049992551820993922 -0.0045553756690013313 -0.00029851049789554113 0.0015503269131295384 0.0025045684422366323 0.00040223877313181613 -0.0028813409076368164 0.00020498048132412184 0.0043873392216240365 -0.0034699502869778758 0.00026039772191117601 0.0062039716433112818
leaf_weight=47 61 62 77 40 56 255 192 147 60 76 114 45
leaf_count=47 61 62 77 40 56 255 192 147 60 76 114 45
internal_value=-6.94601e-05 7.56782e-05 0.00204326 -0.000183659 0.000747483 -0.000614116 -0.00024048 -0.00154302 0.00116131 -0.000381199 -0.00123174 0.00401402
internal_weight=1232 1185 138 1047 331 716 654 339 315 246 190 85
internal_count=1232 1185 138 1047 331 716 654 339 315 246 190 85
is_linear=0
shrinkage=0.05


Tree=182
num_leaves=14
num_cat=1
split_feature=2 5 9 9 11 11 2 3 1 2 9 5 0
split_gain=0.236212 0.225414 0.518154 0.74136 0.297765 0.320338 0.317212 0.363562 0.409264 0.349047 0.300814 0.264908 0.235432
threshold=589891.85173506057 1619.0000000000002 1966.5000000000002 1995.5000000000002 1237461708.7759407 1077893788.7742887 723410.77324754675 0 696594.67995976855 1039118.2229434258 1950.5000000000002 3294.0000000000005 577666.63225903024
decision_type=2 2 2 2 2 2 2 1 2 2 2 2 2
left_child=-1 2 -2 -4 5 -3 7 12 -9 11 -11 -8 -6
right_child=1 4 3 -5 6 -7 9 8 -10 10 -12 -13 -14
leaf_value=-0.0035423586486858574 0.0050518550280997136 -0.00019985432557475112 -0.0047322561233943588 0.0040727335752712354 0.001599641002298249 -0.0059965638454410842 0.00050138512662110414 -0.001563877671093397 0.0039262523853852019 0.0032094977951298157 -0.00068217831234505864 -0.0032546136617244113 0.0054888591141801103
leaf_weight=47 70 52 51 45 189 44 65 177 42 72 160 169 49
leaf_count=47 70 52 51 45 189 44 65 177 42 72 160 169 49
internal_value=-6.59871e-05 7.18943e-05 0.00178047 -0.000604917 -0.000206441 -0.00285668 6.92071e-05 0.00100521 -0.000488663 -0.000848722 0.000525583 -0.00221128 0.00230357
internal_weight=1232 1185 166 96 1019 96 923 457 219 466 232 234 238
internal_count=1232 1185 166 96 1019 96 923 457 219 466 232 234 238
cat_boundaries=0 1
cat_threshold=9
is_linear=0
shrinkage=0.05


Tree=183
num_leaves=11
num_cat=0
split_feature=2 5 9 9 11 5 11 5 5 5
split_gain=0.213182 0.203436 0.473942 0.79155 0.268733 0.291926 0.289105 0.204333 0.235082 0.188994
threshold=589891.85173506057 1619.0000000000002 1971.5000000000002 1995.5000000000002 1237461708.7759407 2404.5000000000005 1077893788.7742887 4559.5000000000009 3805.5000000000005 4950.0000000000009
decision_type=2 2 2 2 2 2 2 2 2 2
left_child=-1 2 -2 -4 6 -6 -3 8 -7 -9
right_child=1 4 3 -5 5 7 -8 9 -10 -11
leaf_value=-0.0033652406740695877 0.0045637354297055439 -0.00018986161046016675 -0.0055622062815183946 0.0038690968727072084 0.0032964145411880546 -6.6870329568960848e-06 -0.0056967358231883158 0.0027997477544920036 -0.0023427641264362527 9.780688941990668e-05
leaf_weight=47 77 52 44 45 65 280 44 81 175 322
leaf_count=47 77 52 44 45 65 280 44 81 175 322
internal_value=-6.26878e-05 6.82996e-05 0.00169145 -0.00079357 -0.000196119 6.57467e-05 -0.00271385 -0.000179001 -0.000905178 0.000640877
internal_weight=1232 1185 166 89 1019 923 96 858 455 403
internal_count=1232 1185 166 89 1019 923 96 858 455 403
is_linear=0
shrinkage=0.05


Tree=184
num_leaves=13
num_cat=2
split_feature=2 11 9 4 9 11 2 9 3 11 9 9
split_gain=0.192396 0.186025 0.341997 0.516441 0.363598 0.23397 0.354003 0.349632 0.288318 0.282635 0.312411 0.273218
threshold=589891.85173506057 1077893788.7742887 1966.5000000000002 0 1948.5000000000002 1237461708.7759407 723410.77324754675 2004.5000000000002 1 9137401362.0006218 2007.5000000000002 2012.5000000000002
decision_type=2 2 2 1 2 2 2 2 1 2 2 2
left_child=-1 2 4 -4 -2 -3 7 8 -7 10 -8 -9
right_child=1 5 3 -5 -6 6 9 11 -10 -11 -12 -13
leaf_value=-0.0031969785848830613 0.00087526608210969348 -0.0035831214209681595 -0.0034015221701514339 0.0035907354843600289 0.0072998929489403973 0.0015826725595606825 -0.00096018590943357501 0.0063673880600192134 -0.0011674631562552111 0.0019529763165129614 -0.0051061844623361066 0.0010042784134081254
leaf_weight=47 49 49 62 46 40 185 360 47 177 70 52 48
leaf_count=47 49 49 62 46 40 185 360 47 177 70 52 48
internal_value=-5.95534e-05 6.48846e-05 0.00146783 -0.000423338 0.00376274 -0.000214853 -3.90863e-05 0.000957939 0.000249463 -0.000984399 -0.00148347 0.00365761
internal_weight=1232 1185 197 108 89 988 939 457 362 482 412 95
internal_count=1232 1185 197 108 89 988 939 457 362 482 412 95
cat_boundaries=0 1 2
cat_threshold=2 9
is_linear=0
shrinkage=0.05


Tree=185
num_leaves=20
num_cat=0
split_feature=0 5 6 8 5 7 9 6 8 0 9 1 7 2 9 1 9 8 8
split_gain=0.273747 0.444951 0.463025 0.394341 0.389936 0.519216 0.580108 0.538003 0.405881 0.341724 0.579832 0.312795 0.532959 0.29139 0.25278 0.235756 0.211013 0.190907 0.253757
threshold=789839.57885184966 1619.0000000000002 6880.5000000000009 2.2500000000000004 1770.5000000000002 5.5000000000000009 1985.5000000000002 11652.000000000002 2.7500000000000004 560101.17611787876 1967.5000000000002 647728.45187070419 3.5000000000000004 644066.59999089956 2010.5000000000002 1216430.5288398459 1973.5000000000002 2.7500000000000004 4.2500000000000009
decision_type=2 2 2 2 2 2 2 2 2 2 2 2 2 2 2 2 2 2 2
left_child=1 9 17 11 -2 7 -7 8 -6 10 -1 -4 -13 16 -15 -9 -5 -3 -19
right_child=4 2 3 13 5 6 -8 15 -10 -11 -12 12 -14 14 -16 -17 -18 18 -20
leaf_value=0.0086363136302679781 -0.0031196211430307651 -0.005189551865709398 -0.0022436455619044421 -0.001060431802823664 0.007842563382599135 -0.0039845396679083931 0.0036912179319188001 0.0025699178397189828 0.0023519952070273579 -0.00080185169100084087 0.00036271924424606067 -0.00060968546595956607 0.0052216963799999972 -0.0012865835504370614 -0.0055360015936014133 -0.0025450767449489457 0.0036775185350090903 0.000565186139407023 -0.0047101806825958197
leaf_weight=40 44 68 41 47 71 64 40 50 64 55 45 70 89 239 41 41 47 53 40
leaf_count=40 44 68 41 47 71 64 40 50 64 55 45 70 89 239 41 41 47 53 40
internal_value=0.000169576 -0.000314368 -0.000806456 -0.000141817 0.0013018 0.00189132 -0.00103233 0.00323671 0.00523963 0.00226909 0.00425618 0.00165032 0.00265442 -0.00110018 -0.00190882 0.00026536 0.00130854 -0.00317604 -0.00170379
internal_weight=1249 875 735 574 374 330 104 226 135 140 85 200 159 374 280 91 94 161 93
internal_count=1249 875 735 574 374 330 104 226 135 140 85 200 159 374 280 91 94 161 93
is_linear=0
shrinkage=0.05


Tree=186
num_leaves=13
num_cat=0
split_feature=11 9 2 1 10 5 8 9 5 2 2 10
split_gain=0.267641 0.62684 0.33852 0.342348 0.65439 0.455882 0.368267 0.292344 0.265878 0.223387 0.127614 0.0304048
threshold=7696745264.9080744 1950.5000000000002 1250500.3859040069 784289.86309009197 924.60000000000014 1619.0000000000002 1.2500000000000002 1976.5000000000002 5743.5000000000009 671350.45176759572 679627.29004813975 319.26785714285717
decision_type=2 2 2 2 2 2 2 2 2 2 2 2
left_child=2 -2 3 5 7 9 10 -5 -8 -1 -7 -11
right_child=1 -3 -4 4 -6 6 8 -9 -10 11 -12 -13
leaf_value=0.0047623366673003164 0.0072419289802742566 -0.00029438910310386452 -0.0033466055663617178 -0.0024947874493205526 0.0056283000754585562 0.00043237979213396713 -0.0016138697606767742 0.0026650435958761091 0.0013057145667467063 0.001657466476317495 0.0041828405144516126 -0.00028012379345188781
leaf_weight=57 43 77 74 66 77 48 545 47 91 40 43 41
leaf_count=57 43 77 74 66 77 48 545 47 91 40 43 41
internal_value=0.000161097 0.00240612 -7.75239e-05 0.000151777 0.00207358 -0.000270354 -0.000770458 -0.000348663 -0.00119613 0.00236425 0.00220458 0.000676711
internal_weight=1249 120 1129 1055 190 865 727 113 636 138 91 81
internal_count=1249 120 1129 1055 190 865 727 113 636 138 91 81
is_linear=0
shrinkage=0.05


Tree=187
num_leaves=10
num_cat=0
split_feature=11 9 2 2 10 6 0 9 9
split_gain=0.241546 0.565723 0.305515 0.312232 0.286388 0.362017 0.372836 0.338424 0.267268
threshold=7696745264.9080744 1950.5000000000002 1250500.3859040069 1074979.9535577933 2418.0000000000005 6935.5000000000009 548453.68116028118 1928.5000000000002 1975.5000000000002
decision_type=2 2 2 2 2 2 2 2 2
left_child=2 -2 3 4 5 6 -1 -7 -6
right_child=1 -3 -4 -5 8 7 -8 -9 -10
leaf_value=-0.0046977599891233112 0.0068798325262790505 -0.00027966958488785215 -0.0031792753551476262 0.0041276802606088053 -0.0049762590318250498 -0.0030359467309899629 -0.00022656081889587594 0.0012503589362989932 -0.00029789565160172061
leaf_weight=62 43 77 74 47 53 50 188 583 72
leaf_count=62 43 77 74 47 53 50 188 583 72
internal_value=0.000153042 0.00228582 -7.36477e-05 0.000144188 -4.15504e-05 0.000275546 -0.00133542 0.000911788 -0.00228152
internal_weight=1249 120 1129 1055 1008 883 250 633 125
internal_count=1249 120 1129 1055 1008 883 250 633 125
is_linear=0
shrinkage=0.05


Tree=188
num_leaves=16
num_cat=2
split_feature=3 6 12 6 2 11 7 4 0 5 5 1 2 11 5
split_gain=0.251482 0.683745 0.833271 0.640499 0.36359 0.458567 0.510674 0.669218 0.330832 0.336806 0.521719 0.29556 0.259423 0.339535 0.277262
threshold=0 6974.0000000000009 43.500000000000007 11815.500000000002 1358861.9073826324 1077893788.7742887 4.5000000000000009 1 789839.57885184966 4950.0000000000009 4169.0000000000009 692237.45421809389 623959.94523397705 2308922915.3708797 5232.5000000000009
decision_type=1 2 2 2 2 2 2 1 2 2 2 2 2 2 2
left_child=1 -1 3 -3 5 6 7 -2 12 10 -10 -4 13 -7 -14
right_child=4 2 11 -5 -6 8 -8 -9 9 -11 -12 -13 14 -15 -16
leaf_value=-0.0062108872437172322 0.0012064374966063987 0.0070717191452988326 6.1200166794847936e-05 -0.0012759710801765324 0.0039080488670949045 0.0048944137990474708 -0.00058804284685533758 0.0095134260217574519 0.00086234759207295833 -0.0018531671878843584 0.0073817845161368205 -0.0052146289898387967 -0.0022424549907645998 -0.0012329659771729406 0.00064804765352164404
leaf_weight=55 54 54 47 40 73 40 73 44 122 61 41 61 320 52 112
leaf_count=55 54 54 47 40 73 40 73 44 122 61 41 61 320 52 112
internal_value=0.00014539 -0.0012209 7.7317e-05 0.00351951 0.00050656 0.000241878 0.00257784 0.00493611 -0.000292146 0.00131614 0.00250221 -0.00291867 -0.00097966 0.00143111 -0.00149307
internal_weight=1249 257 202 94 992 919 171 98 748 224 163 108 524 92 432
internal_count=1249 257 202 94 992 919 171 98 748 224 163 108 524 92 432
cat_boundaries=0 1 2
cat_threshold=8 2
is_linear=0
shrinkage=0.05


Tree=189
num_leaves=13
num_cat=0
split_feature=11 9 2 0 6 5 6 8 0 9 8 0
split_gain=0.196261 0.522271 0.28764 0.284387 0.391875 0.376235 0.406357 0.359466 0.339061 0.44038 0.242029 0.219194
threshold=7696745264.9080744 1950.5000000000002 1250500.3859040069 789839.57885184966 10478.500000000002 1619.0000000000002 6880.5000000000009 2.2500000000000004 560101.17611787876 1967.5000000000002 2.7500000000000004 552027.01918202371
decision_type=2 2 2 2 2 2 2 2 2 2 2 2
left_child=2 -2 3 5 10 8 11 -8 9 -1 -5 -7
right_child=1 -3 -4 4 -6 6 7 -9 -10 -11 -12 -13
leaf_value=0.00794746857136488 0.0064746649416033619 -0.00040439528280070852 -0.0030796238803304735 0.0063799545206129557 -0.00082427257655534711 -0.0054115744265768552 0.0016509858421002975 -0.00098862476390471836 -0.00089074702552435076 0.00065862628804563101 0.0017044165096576176 -0.00154037541132329
leaf_weight=40 43 77 74 50 78 57 198 370 55 43 62 102
leaf_count=40 43 77 74 50 78 57 198 370 55 43 62 102
internal_value=0.000138121 0.0020606 -6.62173e-05 0.00014515 0.00189673 -0.00023959 -0.000693912 -6.84788e-05 0.00215383 0.00417132 0.00379171 -0.00292816
internal_weight=1249 120 1129 1055 190 865 727 568 138 83 112 159
internal_count=1249 120 1129 1055 190 865 727 568 138 83 112 159
is_linear=0
shrinkage=0.05


Tree=190
num_leaves=14
num_cat=1
split_feature=11 7 9 6 6 11 6 6 0 3 10 11 10
split_gain=0.26027 0.807803 0.437618 0.303355 0.318933 0.177525 0.369676 0.462682 0.422789 0.388202 0.352791 0.322196 0.25206
threshold=1290364715.6761122 5.5000000000000009 1941.5000000000002 4048.0000000000005 7498.5000000000009 1412435949.4265859 5548.0000000000009 6880.5000000000009 578820.51469827525 0 667.83333333333337 8313619937.4681358 856.28571428571433
decision_type=2 2 2 2 2 2 2 2 2 1 2 2 2
left_child=1 2 -1 -4 -5 -2 12 8 -8 10 -9 -11 -7
right_child=5 -3 3 4 -6 6 7 9 -10 11 -12 -13 -14
leaf_value=0.0075346608285326508 -0.0038103731139563024 -0.0031395434094473526 -0.0019624908465803378 0.0060247464664280421 0.00079625385746892011 -2.8350644983177962e-05 -0.0002229915148146996 -0.0027765008923597637 -0.0069848450524556752 -0.00059963936831570325 0.0024121643772373851 -0.0043614046467253219 0.0053546091319400481
leaf_weight=40 40 78 42 50 70 43 41 40 53 458 181 65 44
leaf_count=40 40 78 42 50 70 43 41 40 53 458 181 65 44
internal_value=-0.000159761 0.00118233 0.00285117 0.00169476 0.00297479 -0.000549176 -0.000408151 -0.000730219 -0.00403553 -0.000312613 0.00140927 -0.00104714 0.00269407
internal_weight=1245 280 202 162 120 965 925 838 94 744 221 523 87
internal_count=1245 280 202 162 120 965 925 838 94 744 221 523 87
cat_boundaries=0 1
cat_threshold=10
is_linear=0
shrinkage=0.05


Tree=191
num_leaves=12
num_cat=0
split_feature=11 10 1 10 9 6 10 8 1 10 10
split_gain=0.234894 0.602951 0.588633 0.392178 1.11614 0.165942 0.226912 0.203129 0.350116 0.312995 0.44721
threshold=1290364715.6761122 346.05000000000007 689208.6917161406 890.75000000000011 1991.5000000000002 15697.000000000002 4783.5000000000009 1.2500000000000002 745781.66807709564 3222.5000000000005 2466.7500000000005
decision_type=2 2 2 2 2 2 2 2 2 2 2
left_child=1 2 -1 4 -3 6 7 8 -2 10 -9
right_child=5 3 -4 -5 -6 -7 -8 9 -10 -11 -12
leaf_value=-0.0047329566201590231 0.0037959130280292952 0.008091053645162341 0.0024190543255969595 -0.00094436500433155092 -0.0020987042725631377 0.0017702324145269415 -0.0043424821447399327 -0.00072121492600369199 -0.0021044690888829347 0.0032650300756689506 -0.0054982581123147372
leaf_weight=66 65 78 51 44 41 73 41 648 41 44 53
leaf_count=66 65 78 51 44 41 73 41 648 41 44 53
internal_value=-0.000151773 0.00112321 -0.00161541 0.00308898 0.0045803 -0.000521717 -0.000709287 -0.000534245 0.00151369 -0.000825629 -0.00108239
internal_weight=1245 280 117 163 119 965 892 851 106 745 701
internal_count=1245 280 117 163 119 965 892 851 106 745 701
is_linear=0
shrinkage=0.05


Tree=192
num_leaves=19
num_cat=1
split_feature=5 10 1 6 6 4 6 6 12 12 12 6 5 6 5 5 10 2
split_gain=0.268013 0.646057 0.426427 0.379987 0.531505 0.398977 0.226505 1.05003 0.479349 0.615801 0.429767 0.422808 0.392609 0.23352 0.380574 0.313968 0.217297 0.0986184
threshold=2368.0000000000005 346.05000000000007 689208.6917161406 7250.0000000000009 4225.5000000000009 0 12390.500000000002 11724.500000000002 45.500000000000007 53.500000000000007 31.500000000000004 8438.5000000000018 4999.5000000000009 13679.000000000002 4169.0000000000009 5254.5000000000009 1023.9833333333335 689208.6917161406
decision_type=2 2 2 2 2 1 2 2 2 2 2 2 2 2 2 2 2 2
left_child=1 2 -1 4 -3 -5 7 8 10 -10 12 -11 -2 14 -8 16 -15 -17
right_child=6 3 -4 5 -6 -7 13 -9 9 11 -12 -13 -14 15 -16 17 -18 -19
leaf_value=-0.0044963087717240511 -0.0023813842417941236 0.00076305865735301506 0.0011253297628423173 0.0033143182828401529 0.0078325451645512318 -0.0032740954420296476 0.005357059155142418 -0.0080164906824482431 0.0060661367130802673 -0.0021384244608325942 -0.0052591729643089438 0.0018946531614346897 0.0028129126028737655 -0.0045792689646111323 -0.00055208193371072414 -1.5281722351739352e-05 -2.8235470309999644e-05 0.0033136990842305954
leaf_weight=66 116 46 69 54 63 40 54 51 47 132 77 128 53 54 55 44 51 45
leaf_count=66 116 46 69 54 63 40 54 51 47 132 77 128 53 54 55 44 51 45
internal_value=-0.000144184 0.00105755 -0.00162303 0.0028402 0.00484909 0.000510738 -0.000592019 -0.00115166 -0.000518554 0.000799192 -0.00216306 -0.000152909 -0.000752404 0.000523565 0.00237538 -0.000516889 -0.00236877 0.00166791
internal_weight=1245 338 135 203 109 94 907 604 553 307 246 260 169 303 109 194 105 89
internal_count=1245 338 135 203 109 94 907 604 553 307 246 260 169 303 109 194 105 89
cat_boundaries=0 1
cat_threshold=2
is_linear=0
shrinkage=0.05


Tree=193
num_leaves=21
num_cat=0
split_feature=5 10 6 2 10 5 6 6 9 9 9 6 7 7 10 8 10 2 5 9
split_gain=0.241882 0.583066 0.407013 0.68448 0.381443 0.543281 0.204421 0.947652 0.432613 0.55576 0.387865 0.381585 0.380406 0.511108 0.654419 0.468139 0.381774 0.361752 0.175329 0.116659
threshold=2368.0000000000005 346.05000000000007 9929.5000000000018 689208.6917161406 1029.2500000000002 1732.5000000000002 12390.500000000002 11724.500000000002 1978.5000000000002 1970.5000000000002 1992.5000000000002 8438.5000000000018 5.5000000000000009 3.5000000000000004 1868.1666666666667 2.7500000000000004 1023.9833333333335 677772.907508748 2022.0000000000002 1973.5000000000002
decision_type=2 2 2 2 2 2 2 2 2 2 2 2 2 2 2 2 2 2 2 2
left_child=1 2 3 -1 5 -3 7 8 9 11 -10 -2 13 14 -8 -14 -15 -12 -7 -16
right_child=6 4 -4 -5 -6 18 12 -9 10 -11 17 -13 15 16 19 -17 -18 -19 -20 -21
leaf_value=-0.0079500250497155575 -0.0020315033484207975 0.00056671432756869868 0.0022768939906002389 0.00082023987055031798 -0.0016770371049642564 0.0084359270214918076 0.00610267635276343 -0.0076156661279645627 -0.0049962143728195076 0.0057628298965976283 -0.0040008566886951613 0.0017999204806983472 -0.00032838684123167434 -0.0069210225375109296 0.0007403858812176623 0.0071823076379099269 -0.00029622632904316893 0.00091371310481274152 0.0040123627027718444 -0.0029516837721609551
leaf_weight=44 132 73 46 45 40 48 47 51 77 47 56 128 42 43 40 41 44 113 42 46
leaf_count=44 132 73 46 45 40 48 47 51 77 47 56 128 42 43 40 41 44 113 42 46
internal_value=-0.000136975 0.00100467 -0.00154188 -0.00351562 0.00269819 0.00377186 -0.000562418 -0.00109408 -0.000492627 0.000759233 -0.00205491 -0.000145264 0.000497387 -0.000590792 0.00135837 0.00338172 -0.00357055 -0.000714783 0.0063716 -0.00123444
internal_weight=1245 338 135 89 203 163 907 604 553 307 246 260 303 220 133 83 87 169 90 86
internal_count=1245 338 135 89 203 163 907 604 553 307 246 260 303 220 133 83 87 169 90 86
is_linear=0
shrinkage=0.05


Tree=194
num_leaves=17
num_cat=0
split_feature=5 10 2 1 5 10 0 9 2 6 9 9 6 11 11 10
split_gain=0.218298 0.526217 0.371615 0.361456 0.552283 0.348635 0.18755 0.207603 0.461903 0.353185 0.408192 0.328674 0.514447 0.32309 0.463234 0.065143
threshold=2368.0000000000005 346.05000000000007 659749.2343736469 675224.47328238969 1732.5000000000002 228.72619047619051 515866.29727194307 1978.5000000000002 1221920.3879032058 12734.000000000002 2005.5000000000002 1968.5000000000002 10336.000000000002 8702913753.4405079 3309574192.4363227 1114.9750000000001
decision_type=2 2 2 2 2 2 2 2 2 2 2 2 2 2 2 2
left_child=1 2 -1 -3 -5 -4 -2 11 9 10 -9 13 -13 14 -8 -11
right_child=6 3 5 4 -6 -7 7 8 -10 15 -12 12 -14 -15 -16 -17
leaf_value=-0.0055075742607004945 -0.0034497523935547534 0.0056726096154307015 -0.0028887229886806936 -0.0022801594068369013 0.0040430526755129304 0.0031722184318136804 0.00057264896741786211 -0.0033647907766191144 -0.0052592285291757435 0.00060440165994112341 0.0010156777915027407 0.0072770798117926458 -9.3628266617527296e-05 0.0037518412048040436 -0.0032520307614634352 0.0032407525454577549
leaf_weight=40 52 64 46 64 75 49 213 130 60 42 90 40 58 43 126 53
leaf_count=40 52 64 46 64 75 49 213 130 60 42 90 40 58 43 126 53
internal_value=-0.000130126 0.000954439 -0.00146478 0.00256328 0.00113165 0.000237447 -0.000534297 -0.000356983 -0.00123846 -0.000472594 -0.00157278 0.000331667 0.00291482 -0.000331027 -0.000848913 0.00207521
internal_weight=1245 338 135 203 139 95 907 855 375 315 220 480 98 382 339 95
internal_count=1245 338 135 203 139 95 907 855 375 315 220 480 98 382 339 95
is_linear=0
shrinkage=0.05


Tree=195
num_leaves=13
num_cat=0
split_feature=11 9 9 9 6 5 9 2 6 0 0 0
split_gain=0.314104 0.282507 0.586065 0.425049 0.38829 0.532286 0.270423 0.464131 0.255192 0.294202 0.292232 0.182071
threshold=10296873943.737831 1975.5000000000002 1966.5000000000002 1962.5000000000002 4774.0000000000009 2050.5000000000005 1979.5000000000002 1296072.9129802992 6880.5000000000009 525001.94806865673 567990.61134559743 572600.24644636794
decision_type=2 2 2 2 2 2 2 2 2 2 2 2
left_child=1 2 3 4 -1 -6 -3 8 10 -10 -8 -4
right_child=-2 6 11 -5 5 -7 7 -9 9 -11 -12 -13
leaf_value=0.0034055362782326711 0.0042055248485311216 0.0044721111595789169 -0.0019853240532029305 0.0040558069970380714 -0.0045303705837303667 -0.00011306037081669566 -0.0031876442644661711 -0.0044597517227927264 0.0052749882991501721 0.0010730812060998471 0.001781125027271216 -0.0058531462214887146
leaf_weight=57 46 47 64 58 85 345 67 43 49 278 53 58
leaf_count=57 46 47 64 58 85 345 67 43 49 278 53 58
internal_value=0.000150571 -4.352e-06 -0.000691571 9.66064e-06 -0.000472221 -0.00098625 0.000849233 0.000501733 0.000979012 0.00170272 -0.000993104 -0.00382412
internal_weight=1250 1204 667 545 487 430 537 490 447 327 120 122
internal_count=1250 1204 667 545 487 430 537 490 447 327 120 122
is_linear=0
shrinkage=0.05


Tree=196
num_leaves=12
num_cat=1
split_feature=11 1 6 6 5 9 6 1 6 3 6
split_gain=0.283479 0.262032 0.449342 0.507516 0.169604 0.238343 0.673995 0.43931 0.362927 0.22925 0.220938
threshold=10296873943.737831 1162692.8781822992 8438.5000000000018 11724.500000000002 6206.5000000000009 2003.5000000000002 10878.000000000002 696594.67995976855 4774.0000000000009 0 3951.0000000000005
decision_type=2 2 2 2 2 2 2 2 2 1 2
left_child=1 4 -3 -4 5 8 7 -7 10 -10 -1
right_child=-2 2 3 -5 -6 6 -8 -9 9 -11 -12
leaf_value=0.00054836318543208631 0.0039952486004356455 -0.005261616905021374 0.0043915595105361374 -0.002704130134837229 0.0032588632919056263 -0.0031315633204084246 0.0057791884363031214 0.002940775300288257 -2.6594019457574071e-05 -0.001981043247249389 0.0050200446350301834
leaf_weight=67 46 61 42 63 46 68 67 53 479 211 47
leaf_count=67 46 61 42 63 46 68 67 53 479 211 47
internal_value=0.000143043 -4.13439e-06 -0.00184863 0.000134146 0.000290843 0.000153214 0.00175596 -0.000471779 -0.000221558 -0.000653355 0.00239195
internal_weight=1250 1204 166 105 1038 992 188 121 804 690 114
internal_count=1250 1204 166 105 1038 992 188 121 804 690 114
cat_boundaries=0 1
cat_threshold=5
is_linear=0
shrinkage=0.05


Tree=197
num_leaves=17
num_cat=0
split_feature=11 9 9 9 6 5 9 7 0 7 0 5 10 6 11 5
split_gain=0.255952 0.244213 0.528258 0.380279 0.329429 0.480394 0.24834 0.260692 0.686406 0.607439 0.541359 0.338141 0.294207 0.248857 0.185623 0.185831
threshold=10296873943.737831 1975.5000000000002 1966.5000000000002 1962.5000000000002 4774.0000000000009 2050.5000000000005 1979.5000000000002 4.5000000000000009 577666.63225903024 3.5000000000000004 560101.17611787876 3540.0000000000005 657.33333333333337 10295.500000000002 2126144680.6708434 4775.0000000000009
decision_type=2 2 2 2 2 2 2 2 2 2 2 2 2 2 2 2
left_child=1 2 3 4 -1 -6 -3 8 9 -8 13 -10 -12 -9 -4 -16
right_child=-2 6 14 -5 5 -7 7 10 11 -11 12 -13 -14 -15 15 -17
leaf_value=0.0031380091177038195 0.003795486241174133 0.0042606741829002478 -0.0063094600836241929 0.0038491760924506675 -0.0042741572709671929 -7.7688341211203652e-05 0.0033627326428540983 -0.0040140097029507165 -0.00086773991805769645 -0.0035633921309179348 0.0020255814157762982 -0.00629208851938269 0.0070106762165897119 0.001465227035805583 0.0002051979536190629 -0.0046144346008077262
leaf_weight=57 46 47 42 58 85 345 120 43 59 43 83 56 46 40 40 40
leaf_count=57 46 47 42 58 85 345 120 43 59 43 83 56 46 40 40 40
internal_value=0.000135088 -4.76142e-06 -0.000643709 2.2042e-05 -0.000433756 -0.000907223 0.000788866 0.000455856 -0.000551265 0.0015356 0.00177651 -0.00350916 0.00380321 -0.00137341 -0.00361776 -0.00220462
internal_weight=1250 1204 667 545 487 430 537 490 278 163 212 115 129 83 122 80
internal_count=1250 1204 667 545 487 430 537 490 278 163 212 115 129 83 122 80
is_linear=0
shrinkage=0.05


Tree=198
num_leaves=11
num_cat=0
split_feature=11 10 6 10 10 10 10 10 6 9
split_gain=0.230996 0.234861 0.258574 0.347398 0.350395 0.296763 0.268652 0.390733 0.177069 0.170716
threshold=10296873943.737831 3822.5000000000005 15289.000000000002 1650.1666666666667 2466.7500000000005 1974.4166666666667 1373.3333333333337 1241.3000000000002 16105.500000000002 1974.5000000000002
decision_type=2 2 2 2 2 2 2 2 2 2
left_child=1 2 3 6 5 -5 7 -1 -4 -3
right_child=-2 9 8 4 -6 -7 -8 -9 -10 -11
leaf_value=-4.7582972538376694e-05 0.0036057119480455702 -0.0049185610087806716 -0.0048971069388790058 0.0021011094971221281 -7.0575850182457971e-05 0.0077612273418344565 -0.0034210818578247672 0.0046967884824603663 -0.00024881302406789646 -0.00040530296127227225
leaf_weight=767 46 40 40 55 76 40 54 46 42 44
leaf_count=767 46 40 40 55 76 40 54 46 42 44
internal_value=0.000128333 -4.52337e-06 0.000186723 0.000400254 0.00245992 0.00448432 -5.97727e-06 0.000220856 -0.00251627 -0.00255447
internal_weight=1250 1204 1120 1038 171 95 867 813 82 84
internal_count=1250 1204 1120 1038 171 95 867 813 82 84
is_linear=0
shrinkage=0.05


Tree=199
num_leaves=15
num_cat=1
split_feature=11 2 7 9 9 7 0 7 7 7 3 5 2 2
split_gain=0.208474 0.218062 0.263236 0.188314 0.184425 0.600174 0.679282 0.485066 0.393186 0.563029 0.374584 0.371681 0.339682 0.17875
threshold=10296873943.737831 1162692.8781822992 4.5000000000000009 1971.5000000000002 1990.5000000000002 1.5000000000000002 819663.42659956194 4.5000000000000009 1.5000000000000002 4.5000000000000009 0 3564.5000000000005 644066.59999089956 1358861.9073826324
decision_type=2 2 2 2 2 2 2 2 2 2 1 2 2 2
left_child=1 4 13 -4 8 -6 7 -7 11 12 -11 -1 -10 -3
right_child=-2 2 3 -5 5 6 -8 -9 9 10 -12 -13 -14 -15
leaf_value=-0.006859760277438909 0.0034254264349684767 -0.0055174923825020697 -0.001977196220541373 0.0028448533682754584 0.0064290945420604362 -0.0029536853569289111 0.0062774072810098894 0.001682050233074558 0.0049818177693165266 0.00032583547185145397 -0.0031215768537530514 -0.00033377962293646611 0.00092285946699910231 -0.0011776137854094093
leaf_weight=40 46 49 40 41 48 117 41 109 65 178 133 48 249 46
leaf_count=40 46 49 40 41 48 117 41 109 65 178 133 48 249 46
internal_value=0.000121917 -4.29717e-06 -0.00163055 0.000463594 0.000274127 0.00128169 0.000356315 -0.000717866 -0.00017101 0.000269571 -0.00123836 -0.00330013 0.00176309 -0.00341608
internal_weight=1250 1204 176 81 1028 315 267 226 713 625 311 88 314 95
internal_count=1250 1204 176 81 1028 315 267 226 713 625 311 88 314 95
cat_boundaries=0 1
cat_threshold=12
is_linear=0
shrinkage=0.05


Tree=200
num_leaves=17
num_cat=1
split_feature=7 2 1 7 1 4 9 1 8 6 9 9 1 11 2 0
split_gain=0.199793 0.341988 0.512266 0.622095 0.695123 0.522269 0.295618 0.220751 0.198813 0.185322 0.471939 0.245999 0.911463 0.402482 0.382582 0.315942
threshold=6.5000000000000009 810769.61929734773 1442340.2555717255 3.5000000000000004 1162692.8781822992 0 2000.5000000000002 701797.52207137598 3.2500000000000004 4225.5000000000009 1971.5000000000002 1946.5000000000002 673270.56667703239 772098445.15512359 677772.907508748 564023.5249507291
decision_type=2 2 2 2 2 1 2 2 2 2 2 2 2 2 2 2
left_child=1 9 3 4 -3 -5 7 -2 -9 10 -1 12 -11 -13 -15 -14
right_child=6 2 -4 5 -6 -7 -8 8 -10 11 -12 13 15 14 -16 -17
leaf_value=0.0017872243759484265 -0.002021960555812565 0.0029807828415126187 0.0032617154619878248 -0.0027874392256370352 -0.0045073836398395626 -0.0097336926779081658 0.0050576190675370569 0.0042540688057326609 -0.00050030268598781082 0.0035174941964214671 -0.0058464452806042469 0.0055014239251613625 -0.0068727276844940347 -0.00093726207899938658 0.0018637319698615201 -0.0014328817358805932
leaf_weight=40 59 71 42 73 55 43 43 45 43 64 41 45 51 228 262 56
leaf_count=40 59 71 42 73 55 43 43 45 43 64 41 45 51 228 262 56
internal_value=-8.31787e-05 -0.000348264 -0.0018356 -0.00272026 -0.000287861 -0.00536234 0.00141106 0.000344384 0.00193091 0.000188462 -0.00207673 0.00044835 -0.00120252 0.000976011 0.000560412 -0.00402571
internal_weight=1261 1071 284 242 126 116 190 147 88 787 81 706 171 535 490 107
internal_count=1261 1071 284 242 126 116 190 147 88 787 81 706 171 535 490 107
cat_boundaries=0 1
cat_threshold=2
is_linear=0
shrinkage=0.05


Tree=201
num_leaves=15
num_cat=0
split_feature=10 1 1 11 12 12 11 11 2 2 8 11 11 0
split_gain=0.207973 0.239363 0.237196 0.48371 0.390252 0.337678 0.265136 0.263783 0.467465 0.225698 0.224797 0.205232 0.203937 0.159543
threshold=284.00000000000006 704990.47259519773 673270.56667703239 979976411.40589082 58.500000000000007 86.500000000000014 1567205604.7806945 1699728414.6997728 695322.11860512674 1136192.051893658 2.2500000000000004 2387791745.9573998 1995210395.6649454 532330.19436014059
decision_type=2 2 2 2 2 2 2 2 2 2 2 2 2 2
left_child=1 -1 4 -4 6 7 -2 8 -5 10 -7 -8 -9 -6
right_child=2 -3 3 5 13 9 11 12 -10 -11 -12 -13 -14 -15
leaf_value=-0.00072329995222389701 -0.0033905268487471499 0.0044002674107070806 -0.0051214100968648216 0.006411115267465628 0.0046065465680536965 -0.0067691581626422711 0.0032958967306532284 -0.0035152871951298868 -0.00035116212619912057 0.00057819945388473573 -0.0019301187270320951 -0.0011850344204244071 -4.5147639348283693e-05 0.0010300033916295929
leaf_weight=40 57 53 57 43 72 40 47 46 63 40 60 56 532 55
leaf_count=40 57 53 57 43 72 40 47 46 63 40 60 56 532 55
internal_value=-7.90198e-05 0.00219658 -0.000260211 -0.000666893 0.000988177 -0.000358753 -0.000654468 9.9171e-05 0.00239203 -0.00259604 -0.00386573 0.000859662 -0.000321318 0.00305765
internal_weight=1261 93 1168 881 287 824 160 684 106 140 100 103 578 127
internal_count=1261 93 1168 881 287 824 160 684 106 140 100 103 578 127
is_linear=0
shrinkage=0.05


Tree=202
num_leaves=16
num_cat=1
split_feature=7 2 1 5 4 2 5 5 0 6 5 5 5 1 2
split_gain=0.172232 0.309808 0.460142 0.621265 0.536004 0.569648 0.274814 0.363026 0.245705 0.160845 0.252049 0.20956 0.313223 0.280282 0.16454
threshold=6.5000000000000009 810769.61929734773 1442340.2555717255 5244.5000000000009 0 1162692.8781822992 4685.0000000000009 2037.5000000000002 598799.44123857131 4225.5000000000009 1208.0000000000002 2078.0000000000005 2500.0000000000005 673270.56667703239 680412.83644405415
decision_type=2 2 2 2 1 2 2 2 2 2 2 2 2 2 2
left_child=1 9 3 4 5 -3 7 -2 -9 14 -11 13 -13 -12 -1
right_child=6 2 -4 -5 -6 -7 -8 8 -10 10 11 12 -14 -15 -16
leaf_value=0.00036087539047002792 0.003961141590843909 0.0047030483337365233 0.0030942082604659455 -0.0072465904158624736 -0.00466215250082314 -0.0023056672314396565 0.0040775867556908825 0.00060010201639818905 -0.0046812307322397833 0.0042867156129796063 0.0012950178863870543 0.0044500046186537173 0.00022554048886085239 -0.0039245579098860619 -0.0041465250614082169
leaf_weight=40 40 53 42 55 70 64 61 49 40 40 43 48 511 64 41
leaf_count=40 40 53 42 55 70 64 61 49 40 40 43 48 511 64 41
internal_value=-7.50688e-05 -0.000321191 -0.00173682 -0.00257527 -0.00120135 0.000869221 0.00131229 4.66227e-06 -0.00177353 0.000189659 0.000431776 0.000200248 0.000588285 -0.00182697 -0.00192065
internal_weight=1261 1071 284 242 187 117 190 129 89 787 706 666 559 107 81
internal_count=1261 1071 284 242 187 117 190 129 89 787 706 666 559 107 81
cat_boundaries=0 1
cat_threshold=2
is_linear=0
shrinkage=0.05


Tree=203
num_leaves=11
num_cat=0
split_feature=10 5 1 9 1 9 5 10 10 10
split_gain=0.1717 0.235736 0.225304 0.233339 0.221757 0.202367 0.161811 0.374802 0.153676 0.338252
threshold=284.00000000000006 1417.0000000000002 625043.21099097666 1937.5000000000002 704990.47259519773 1965.5000000000002 5264.0000000000009 1125.6250000000002 3822.5000000000005 1705.5000000000002
decision_type=2 2 2 2 2 2 2 2 2 2
left_child=4 -2 5 6 -1 -3 7 -4 9 -5
right_child=1 2 3 8 -6 -7 -8 -9 -10 -11
leaf_value=-0.00081411190796643507 -0.0030929046914132093 0.0044823080162893101 -0.0030553348960529548 -0.00024479298247938422 0.0041174274686952388 0.00015139212055752675 -0.004435747495153919 0.0026899321089414036 -0.002134529233285009 0.0024746035793523722
leaf_weight=40 68 49 80 605 53 60 48 44 73 141
leaf_count=40 68 49 80 605 53 60 48 44 73 141
internal_value=-7.13154e-05 -0.000235948 -5.93367e-05 -0.000296657 0.00199634 0.00209832 -0.00197085 -0.00101669 5.49435e-05 0.000269195
internal_weight=1261 1168 1100 991 93 109 172 124 819 746
internal_count=1261 1168 1100 991 93 109 172 124 819 746
is_linear=0
shrinkage=0.05


Tree=204
num_leaves=14
num_cat=0
split_feature=10 5 11 8 10 10 2 6 2 5 10 6 5
split_gain=0.154959 0.212752 0.20687 0.39272 0.329415 0.547099 0.377868 0.280694 0.331023 0.279171 0.451409 0.376778 0.180004
threshold=284.00000000000006 1417.0000000000002 2884191781.5777311 4.7500000000000009 1046.2500000000002 933.29166666666686 608938.03115375049 7250.0000000000009 698334.10713997215 4450.5000000000009 837.30000000000007 9322.5000000000018 1104.0000000000002
decision_type=2 2 2 2 2 2 2 2 2 2 2 2 2
left_child=12 -2 4 9 5 6 -3 -6 -9 11 -11 -4 -1
right_child=1 2 3 -5 7 -7 -8 8 -10 10 -12 -13 -14
leaf_value=-0.00052746835724628042 -0.0029382595454294728 -0.0040357593576921978 -0.0050423768258042404 -0.0051625118967383466 0.0050301149640171253 -0.0056746727565214752 0.00096295842657957329 -0.00072667377410956155 0.0042904492360539732 0.0054156795039307336 -0.00026910568344068122 0.00028390407493081538 0.0038927429291766647
leaf_weight=42 68 43 64 47 61 42 313 96 50 40 275 69 51
leaf_count=42 68 43 64 47 61 42 313 96 50 40 275 69 51
internal_value=-6.77496e-05 -0.000224151 -5.63698e-05 -0.00081442 0.000563853 -0.000277558 0.000359181 0.00218164 0.000991519 -0.000358258 0.000452772 -0.00227912 0.00189652
internal_weight=1261 1168 1100 495 605 398 356 207 146 448 315 133 93
internal_count=1261 1168 1100 495 605 398 356 207 146 448 315 133 93
is_linear=0
shrinkage=0.05


Tree=205
num_leaves=11
num_cat=0
split_feature=2 6 6 6 6 12 8 12 11 12
split_gain=0.316076 0.191605 0.435257 0.311817 0.258911 0.272387 0.292656 0.235352 0.190531 0.0733602
threshold=589891.85173506057 5548.0000000000009 6071.5000000000009 4826.0000000000009 6587.0000000000009 70.500000000000014 1.7500000000000002 43.500000000000007 893374518.47858465 70.500000000000014
decision_type=2 2 2 2 2 2 2 2 2 2
left_child=-1 3 -3 7 -4 8 -7 -2 -6 -9
right_child=1 2 4 -5 5 6 -8 9 -10 -11
leaf_value=-0.0041025635071618612 -0.0019318642098889024 -0.004817188928524653 0.0040532584856486044 0.0053615708946664307 0.0036913222271671639 -0.0038439622572742599 -0.00026416682229407938 0.0038040774199907903 0.00037962437727782873 0.00082915981319126519
leaf_weight=43 56 45 42 45 47 78 213 40 572 43
leaf_count=43 56 45 42 45 47 78 213 40 572 43
internal_value=0.000108249 0.000261564 -1.2032e-05 0.00174404 0.000215102 3.79568e-05 -0.0012237 0.000572896 0.000631078 0.00226286
internal_weight=1224 1181 997 184 952 910 291 139 619 83
internal_count=1224 1181 997 184 952 910 291 139 619 83
is_linear=0
shrinkage=0.05


Tree=206
num_leaves=11
num_cat=0
split_feature=2 10 6 6 6 9 6 6 9 10
split_gain=0.285259 0.180359 0.185447 0.248349 0.239676 0.212405 0.201528 0.25788 0.129547 0.0965968
threshold=589891.85173506057 3467.0000000000005 5548.0000000000009 6071.5000000000009 4826.0000000000009 1980.5000000000002 6690.5000000000009 8822.0000000000018 1964.5000000000002 551.16666666666686
decision_type=2 2 2 2 2 2 2 2 2 2
left_child=-1 2 4 -4 5 9 -5 -8 -3 -2
right_child=1 8 3 6 -6 -7 7 -9 -10 -11
leaf_value=-0.003897435354545366 0.00038116519834147772 0.00023509471211582424 -0.0040241189650259915 0.0032163115259673859 0.0048945544739026669 -0.0018352709652390332 -0.00180300286362525 0.00027486111239210419 0.0040199227702732276 0.0037948724426610705
leaf_weight=43 40 40 41 45 41 56 196 627 52 43
leaf_count=43 40 40 41 45 41 56 196 627 52 43
internal_value=0.000102837 0.000248486 6.88909e-05 -0.000221458 0.00153515 0.000544251 -4.18394e-05 -0.000219989 0.00237435 0.00214971
internal_weight=1224 1181 1089 909 180 139 868 823 92 83
internal_count=1224 1181 1089 909 180 139 868 823 92 83
is_linear=0
shrinkage=0.05


Tree=207
num_leaves=15
num_cat=0
split_feature=2 10 5 5 6 6 6 1 2 10 6 6 2 9
split_gain=0.257446 0.162774 0.193004 0.589974 0.485847 0.684664 0.254588 0.430447 0.346979 0.344594 0.319097 0.300045 0.277842 0.116916
threshold=589891.85173506057 3467.0000000000005 3174.0000000000005 2910.5000000000005 12390.500000000002 10146.000000000002 12960.000000000002 741016.75041127799 653356.44379716844 1007.8333333333334 9929.5000000000018 8763.5000000000018 748446.88527358708 1964.5000000000002
decision_type=2 2 2 2 2 2 2 2 2 2 2 2 2 2
left_child=-1 2 3 4 5 -2 10 8 -8 -9 11 -4 -12 -3
right_child=1 13 6 -5 -6 -7 7 9 -10 -11 12 -13 -14 -15
leaf_value=-0.0037025636354417997 -0.00026735227008814656 0.000223339848453179 -0.0010820106746051556 0.0061478153738054511 -0.0044933959431849267 0.004981322706488398 0.0027065998541989499 0.00042140187055338173 -0.0029302970996911591 0.0069058939748044531 -0.0012598364704676989 0.002884555236244249 -0.0054757663741922726 0.0038189265890440981
leaf_weight=43 291 40 196 47 48 79 42 40 78 42 98 63 65 52
leaf_count=43 291 40 196 47 48 79 42 40 78 42 98 63 65 52
internal_value=9.76949e-05 0.000236062 6.54463e-05 0.000836536 0.000239335 0.000853311 -0.000509164 0.000950582 -0.000957383 0.00374273 -0.0012079 -0.00011717 -0.00294104 0.00225563
internal_weight=1224 1181 1089 465 418 370 624 202 120 82 422 259 163 92
internal_count=1224 1181 1089 465 418 370 624 202 120 82 422 259 163 92
is_linear=0
shrinkage=0.05


Tree=208
num_leaves=10
num_cat=0
split_feature=2 6 6 6 5 6 9 11 11
split_gain=0.232345 0.160307 0.355467 0.258148 0.236498 0.21984 0.236827 0.221165 0.197984
threshold=589891.85173506057 5548.0000000000009 6071.5000000000009 4826.0000000000009 2168.5000000000005 6587.0000000000009 1957.5000000000002 893374518.47858465 3461508487.1005769
decision_type=2 2 2 2 2 2 2 2 2
left_child=-1 3 -3 4 -2 -4 8 -8 -7
right_child=1 2 5 -5 -6 6 7 -9 -10
leaf_value=-0.0035174354889191857 0.0023385261948509978 -0.0043684375663805347 0.0037159854546189308 0.0048717813105839825 -0.0018175049948307579 -0.00018089445863020133 0.0039814076234405442 0.00033378165497341232 -0.0027951533372767949
leaf_weight=43 78 45 42 45 61 212 45 543 110
leaf_count=43 78 45 42 45 61 212 45 543 110
internal_value=9.28102e-05 0.000224259 -2.5996e-05 0.00158026 0.000514656 0.000179266 1.60333e-05 0.000612937 -0.00107396
internal_weight=1224 1181 997 184 139 952 910 588 322
internal_count=1224 1181 997 184 139 952 910 588 322
is_linear=0
shrinkage=0.05


Tree=209
num_leaves=19
num_cat=0
split_feature=0 5 9 5 5 5 5 7 5 5 0 1 7 0 9 9 11 5
split_gain=0.225054 0.29041 0.214689 0.420248 0.322301 0.195024 0.34953 0.325112 0.449863 0.440892 0.278759 0.255611 0.230376 0.307404 0.277162 0.196129 0.343119 0.0986463
threshold=548453.68116028118 5145.0000000000009 1977.5000000000002 3019.0000000000005 3043.0000000000005 3359.0000000000005 2910.5000000000005 2.5000000000000004 3755.5000000000005 5007.5000000000009 789839.57885184966 866108.93924456649 5.5000000000000009 1745126.0284832132 1987.5000000000002 1936.5000000000002 719813326.64049304 5756.5000000000009
decision_type=2 2 2 2 2 2 2 2 2 2 2 2 2 2 2 2 2 2
left_child=1 2 4 -4 -1 6 11 9 -9 10 -7 15 13 -10 -14 -2 -17 -3
right_child=5 17 3 -5 -6 7 -8 8 12 -11 -12 -13 14 -15 -16 16 -18 -19
leaf_value=-0.0011217450237689683 -0.00170394276607443 0.0032082687236834316 -0.003394900985500392 0.0032742876757269682 -0.0063483660299055002 0.0012790208926961031 0.0045168695309465486 -0.0053094711939932092 -0.00031872186974557255 -0.0011234272441918581 0.0070413493437605891 -0.0021298775210483139 -0.0032892347307462901 0.0043002243096731145 0.001389016073811403 0.0057353684302181643 0.00089930130857528157 -0.00030325292362249462
leaf_weight=65 44 40 51 44 54 41 70 51 136 71 43 67 97 49 47 47 167 40
leaf_count=65 44 40 51 44 54 41 70 51 136 71 43 67 97 49 47 47 167 40
internal_value=8.81697e-05 -0.00111767 -0.00207849 -0.000306014 -0.00349349 0.000469372 0.00131203 -0.000152777 -0.000939974 0.00177713 0.00422878 0.000621755 -0.000262636 0.000904675 -0.00176231 0.00133633 0.00196143 0.00145251
internal_weight=1224 294 214 95 119 930 395 535 380 155 84 325 329 185 144 258 214 80
internal_count=1224 294 214 95 119 930 395 535 380 155 84 325 329 185 144 258 214 80
is_linear=0
shrinkage=0.05


Tree=210
num_leaves=12
num_cat=0
split_feature=8 2 9 2 6 6 5 6 10 6 1
split_gain=0.258849 0.508962 0.449997 0.333675 0.253907 0.533919 0.398101 0.332044 0.298597 0.466698 0.341685
threshold=1.2500000000000002 810769.61929734773 1963.5000000000002 598258.52362324181 11815.500000000002 12561.500000000002 3257.0000000000005 13747.500000000002 239.82500000000002 3517.5000000000005 806015.1151934301
decision_type=2 2 2 2 2 2 2 2 2 2 2
left_child=1 2 -1 -2 8 -6 -7 -8 -5 -10 -11
right_child=3 -3 -4 4 5 6 7 -9 9 10 -12
leaf_value=-0.00035435819435258246 -0.004106751799296874 -0.0027294716844830586 0.0063473227775345245 -0.0034944991212127346 -0.0055079325174173235 -0.0044598903883105289 0.0033016827491605112 -0.00093767266330865417 0.0055724638114575432 -0.00071290681266461954 0.0018369116303109053
leaf_weight=43 65 47 60 53 68 52 68 144 41 431 189
leaf_count=43 65 47 60 53 68 52 68 144 41 431 189
internal_value=-0.000367494 0.00158211 0.00354953 -0.000630717 -0.000414711 -0.00155712 -0.000539488 0.000422121 0.000116493 0.000406028 6.43766e-05
internal_weight=1261 150 103 1111 1046 332 264 212 714 661 620
internal_count=1261 150 103 1111 1046 332 264 212 714 661 620
is_linear=0
shrinkage=0.05


Tree=211
num_leaves=13
num_cat=0
split_feature=8 2 9 2 6 6 9 5 6 10 6 6
split_gain=0.233611 0.459338 0.406123 0.301142 0.229151 0.489733 0.446504 0.428026 0.50676 0.269484 0.421195 0.334422
threshold=1.2500000000000002 810769.61929734773 1963.5000000000002 598258.52362324181 11815.500000000002 12708.000000000002 1967.5000000000002 3257.0000000000005 13747.500000000002 239.82500000000002 3517.5000000000005 11291.500000000002
decision_type=2 2 2 2 2 2 2 2 2 2 2 2
left_child=1 2 -1 -2 9 6 -6 -7 -9 -5 -11 -12
right_child=3 -3 -4 4 5 7 -8 8 -10 10 11 -13
leaf_value=-0.00033664037798379745 -0.0039014141576794478 -0.0025929980797376089 0.0060299565386958427 -0.0033197742118060872 -0.001003098085138845 -0.0045062282914295794 -0.0083424426052112911 0.0047512372659349981 -0.00089078906166832898 0.0052938405339174521 -0.00025584867491781877 0.0043149407265361314
leaf_weight=43 65 47 60 53 40 50 43 55 144 41 577 43
leaf_count=43 65 47 60 53 40 50 43 55 144 41 577 43
internal_value=-0.00034912 0.00150301 0.00337206 -0.000599182 -0.000393976 -0.00147926 -0.00480541 -0.00037055 0.000668565 0.000110668 0.000385727 6.11577e-05
internal_weight=1261 150 103 1111 1046 332 83 249 199 714 661 620
internal_count=1261 150 103 1111 1046 332 83 249 199 714 661 620
is_linear=0
shrinkage=0.05


Tree=212
num_leaves=16
num_cat=0
split_feature=8 2 9 2 6 6 9 5 6 1 6 9 1 11 9
split_gain=0.210834 0.414553 0.366526 0.27178 0.206809 0.441984 0.402969 0.386293 0.457351 0.260768 0.687544 0.924082 0.5521 0.413945 0.20757
threshold=1.2500000000000002 810769.61929734773 1963.5000000000002 598258.52362324181 11815.500000000002 12708.000000000002 1967.5000000000002 3257.0000000000005 13747.500000000002 806015.1151934301 9254.0000000000018 1989.5000000000002 712108.83043039031 756587119.99120784 1982.5000000000002
decision_type=2 2 2 2 2 2 2 2 2 2 2 2 2 2 2
left_child=1 2 -1 -2 9 6 -6 -7 -9 12 11 -11 13 -5 -14
right_child=3 -3 -4 4 5 7 -8 8 -10 10 -12 -13 14 -15 -16
leaf_value=-0.0003198083208570647 -0.0037063434977944081 -0.002463348060747252 0.0057284586716074655 0.00412959468565763 -0.00095294315571663917 -0.0042809168584644793 -0.0079253204705648471 0.0045136753274974501 -0.00084624960177784997 -0.0027834151259223706 0.0058575991358576669 0.0060563147033950906 -0.0017266010067406531 -0.00030901638018332065 -0.0059083580495789649
leaf_weight=43 65 47 60 63 40 50 43 55 144 106 65 41 73 316 50
leaf_count=43 65 47 60 63 40 50 43 55 144 106 65 41 73 316 50
internal_value=-0.000331664 0.00142786 0.00320345 -0.000569222 -0.000374277 -0.0014053 -0.00456514 -0.000352023 0.000635137 0.000105135 0.00157552 -0.000317912 -0.000515826 0.0004288 -0.0034265
internal_weight=1261 150 103 1111 1046 332 83 249 199 714 212 147 502 379 123
internal_count=1261 150 103 1111 1046 332 83 249 199 714 212 147 502 379 123
is_linear=0
shrinkage=0.05


Tree=213
num_leaves=12
num_cat=0
split_feature=8 0 9 2 5 6 6 7 1 1 6
split_gain=0.190278 0.392922 0.405075 0.245282 0.198005 0.224949 0.535573 0.331549 0.287523 0.217107 0.209361
threshold=1.2500000000000002 656916.13163539825 1972.5000000000002 598258.52362324181 6206.5000000000009 6406.0000000000009 6880.5000000000009 4.5000000000000009 706590.53824524849 707133.77038150944 11937.500000000002
decision_type=2 2 2 2 2 2 2 2 2 2 2
left_child=1 2 -1 -2 5 7 -7 8 -5 -9 -8
right_child=3 -3 -4 4 -6 6 10 9 -10 -11 -12
leaf_value=0.00039619946107268336 -0.003521026265449249 -0.0018216703852670171 0.0071009284589530486 0.0045818953682375081 0.0028889790943099395 -0.0060318030118651222 0.00014786044111105026 -0.0038769476966041584 9.670862928032877e-06 0.00081774728232116066 -0.001585827498497398
leaf_weight=50 65 59 41 73 45 48 417 46 65 53 299
leaf_count=50 65 59 41 73 45 48 417 46 65 53 299
internal_value=-0.00031508 0.00135646 0.00341701 -0.000540761 -0.000355563 -0.000501422 -0.000918889 0.000844337 0.00242831 -0.00136363 -0.000576124
internal_weight=1261 150 91 1111 1046 1001 764 237 138 99 716
internal_count=1261 150 91 1111 1046 1001 764 237 138 99 716
is_linear=0
shrinkage=0.05


Tree=214
num_leaves=16
num_cat=0
split_feature=6 1 9 10 10 2 9 5 5 9 5 6 6 6 9
split_gain=0.170575 0.292232 0.171378 0.215364 0.495752 0.285545 0.274245 0.23043 0.51282 0.349345 0.340281 0.215695 0.195801 0.190485 0.125114
threshold=4728.5000000000009 681908.35680202011 2010.5000000000002 1392.3333333333337 1183.5000000000002 647728.45187070419 1939.5000000000002 4788.0000000000009 4059.5000000000005 1971.5000000000002 3294.0000000000005 10795.000000000002 12214.500000000002 8367.5000000000018 1949.5000000000002
decision_type=2 2 2 2 2 2 2 2 2 2 2 2 2 2 2
left_child=1 -1 3 4 5 14 -7 8 10 11 -5 -9 13 -4 -2
right_child=2 -3 12 7 -6 6 -8 9 -10 -11 -12 -13 -14 -15 -16
leaf_value=0.0039835176419001075 -5.3885249653831126e-05 -0.00064510517640192582 -0.0012998415611502603 -0.0033111618402917702 0.0042280056874902132 -0.0018313703513906704 0.00095971474678566062 -0.00055317249415176258 -0.0063151805967328212 -0.0026336451500861184 0.0027109411814146573 0.0043775655616550375 0.00058081750990822921 -0.0061496158968657256 -0.0034386571021249716
leaf_weight=60 40 79 41 49 69 115 375 42 61 72 45 47 40 40 86
leaf_count=60 40 79 41 49 69 115 375 42 61 72 45 47 40 40 86
internal_value=-0.000299326 0.00135286 -0.000504009 -0.000289164 0.00020896 -0.000241225 0.000304664 -0.00136896 -0.00274504 -4.41622e-05 -0.00042824 0.0020507 -0.00228137 -0.00369479 -0.00236413
internal_weight=1261 139 1122 1001 685 616 490 316 155 161 94 89 121 81 126
internal_count=1261 139 1122 1001 685 616 490 316 155 161 94 89 121 81 126
is_linear=0
shrinkage=0.05


Tree=215
num_leaves=18
num_cat=4
split_feature=8 10 3 0 9 1 10 2 11 9 11 1 11 3 3 9 4
split_gain=0.292972 0.409469 0.354853 0.598189 0.562709 0.482352 0.339898 0.294525 0.374147 0.27942 0.238817 0.491953 0.448312 0.63105 0.414326 0.537738 0.249817
threshold=2.2500000000000004 1301.1250000000002 0 689849.01867601613 1970.5000000000002 675981.14024048846 2617.7500000000005 625043.21099097666 1680051505.3366768 1972.5000000000002 772098445.15512359 708849.74897787033 1188660476.8867829 1 2 2005.5000000000002 3
decision_type=2 2 1 2 2 2 2 2 2 2 2 2 2 1 1 2 1
left_child=1 2 3 4 -1 -4 -3 8 -2 -7 -9 12 -12 -14 16 -16 -13
right_child=7 6 5 -5 -6 9 -8 10 -10 -11 11 14 13 -15 15 -17 -18
leaf_value=0.006112897802528966 -0.00017936998584236092 0.003507261139058851 -0.0080512479125977848 -0.0051024666312150663 -0.0017962212833067912 -0.0042780824262942923 -0.0013586488732150483 0.0032476634395519097 0.0055108066055422223 0.0009603506794361316 -0.0058324406370885819 0.0016721540463290046 0.0017598359694151224 -0.0032985263775054626 0.00086670424647364525 -0.0054919672227697449 0.0058492995317141385
leaf_weight=46 52 76 47 40 44 57 68 62 65 46 51 91 123 106 197 40 59
leaf_count=46 52 76 47 40 44 57 68 62 65 46 51 91 123 106 197 40 59
internal_value=0.000115499 -0.000957214 -0.00207151 -1.38507e-05 0.00224622 -0.00361302 0.00120947 0.000653123 0.00298184 -0.00193859 0.000279378 3.46535e-06 -0.00159295 -0.000648781 0.00115849 -0.000198129 0.00310797
internal_weight=1270 424 280 130 90 150 144 846 117 103 729 667 280 229 387 237 150
internal_count=1270 424 280 130 90 150 144 846 117 103 729 667 280 229 387 237 150
cat_boundaries=0 1 2 3 4
cat_threshold=4 9 4 2
is_linear=0
shrinkage=0.05


Tree=216
num_leaves=21
num_cat=2
split_feature=8 6 9 3 0 6 2 9 9 0 3 0 6 7 7 8 9 0 1 6
split_gain=0.264093 0.277733 0.291317 0.394206 0.648977 0.548223 0.266027 0.321634 0.214986 0.195739 0.268007 0.246698 0.495944 0.387849 0.349089 0.341593 0.319536 0.190164 0.164947 0.164754
threshold=2.2500000000000004 6104.5000000000009 1935.5000000000002 0 598799.44123857131 10019.000000000002 625043.21099097666 1976.5000000000002 1985.5000000000002 711056.75921601092 1 559558.65844934701 6071.5000000000009 3.5000000000000004 6.5000000000000009 3.2500000000000004 1985.5000000000002 1876377.950518524 1318982.846616158 8438.5000000000018
decision_type=2 2 2 1 2 2 2 2 2 2 1 2 2 2 2 2 2 2 2 2
left_child=1 -1 -3 5 8 -4 7 -2 -5 11 18 12 -8 16 -15 -14 -13 19 -11 -12
right_child=6 2 3 4 -6 -7 9 -9 -10 10 17 13 15 14 -16 -17 -18 -19 -20 -21
leaf_value=-0.0035835721885160649 0.00087095794330040621 -0.0034635751779812079 0.0022907578318220813 0.006476931150038061 -0.001705039140085175 -0.0051613547830774847 0.005824261435049178 0.0063359426622766821 0.0019661757573485377 0.0018735746422823031 -0.0013210902622701655 -0.0012639942723486957 -0.0033967185323929478 0.001901869343668975 -0.0034507004226642574 0.0014445539098232986 -0.0068110405705235112 -0.0030479758424917236 0.0058778293521665947 0.002276669962547447
leaf_weight=79 75 60 41 56 76 62 41 42 50 69 52 58 58 99 44 98 47 40 41 82
leaf_count=79 75 60 41 56 76 62 41 42 50 69 52 58 58 99 44 98 47 40 41 82
internal_value=0.000109118 -0.000909353 -0.000296996 0.000369653 0.00172622 -0.00200073 0.000619557 0.00283275 0.00434922 0.000264354 0.00128993 -0.000390169 0.000930717 -0.00143942 0.000254925 -0.000355406 -0.00374696 -2.13521e-05 0.00308556 0.000880524
internal_weight=1270 424 345 285 182 103 846 117 106 729 284 445 197 248 143 156 105 174 110 134
internal_count=1270 424 345 285 182 103 846 117 106 729 284 445 197 248 143 156 105 174 110 134
cat_boundaries=0 1 2
cat_threshold=3 4
is_linear=0
shrinkage=0.05


Tree=217
num_leaves=14
num_cat=0
split_feature=8 11 11 9 10 5 5 10 1 1 1 1 5
split_gain=0.238344 0.376107 0.718333 0.30805 0.23991 0.21566 0.416479 0.455127 0.30543 0.724598 0.265563 0.192602 0.483934
threshold=2.2500000000000004 2166723025.988843 2862654389.4475484 1947.5000000000002 520.41666666666686 1158.5000000000002 1732.5000000000002 445.71428571428578 625043.21099097666 659749.2343736469 675591.77005089482 698334.10713997215 5145.0000000000009
decision_type=2 2 2 2 2 2 2 2 2 2 2 2 2
left_child=1 3 -3 -1 -5 -2 7 -7 -8 -10 -11 -4 -13
right_child=5 2 11 4 -6 6 8 -9 9 10 -12 12 -14
leaf_value=-0.0061121852513640485 0.003586978646593967 0.004631385750393055 0.0016571984914619299 0.0012336914094003778 -0.0031979253279624158 0.00044887026851164529 0.0041609424777084691 -0.0068074575252830977 -0.0047729823022867402 0.003984368286645887 0.0006160111688318854 0.00070850319511789296 -0.0052139134608510445
leaf_weight=47 56 71 42 52 74 47 61 40 60 66 516 70 68
leaf_count=47 56 71 42 52 74 47 61 40 60 66 516 70 68
internal_value=0.000103662 -0.000863885 0.00037243 -0.00265761 -0.001369 0.000588579 0.000376034 -0.00288737 0.000779898 0.000458647 0.00099799 -0.00130749 -0.00220979
internal_weight=1270 424 251 173 126 846 790 87 703 642 582 180 138
internal_count=1270 424 251 173 126 846 790 87 703 642 582 180 138
is_linear=0
shrinkage=0.05


Tree=218
num_leaves=13
num_cat=0
split_feature=8 10 5 9 6 6 0 5 5 1 1 5
split_gain=0.215105 0.372797 0.419714 0.275783 0.317626 0.607018 0.547612 0.194633 0.384445 0.334402 0.325848 0.21802
threshold=2.2500000000000004 1301.1250000000002 5175.5000000000009 1936.5000000000002 6801.5000000000009 10551.500000000002 567990.61134559743 1158.5000000000002 1417.0000000000002 625043.21099097666 659749.2343736469 2078.0000000000005
decision_type=2 2 2 2 2 2 2 2 2 2 2 2
left_child=1 3 -3 -1 -5 -6 -7 -2 -9 -10 -11 -12
right_child=7 2 -4 4 5 6 -8 8 9 10 11 -13
leaf_value=-0.0054231080914969032 0.0034076296722300222 0.0038000570573402865 -0.0016070690416681293 -0.0040078156092204151 0.0033700296618327549 0.0012448558880185541 -0.0065574447034716446 -0.0043571254863153872 0.0039318962400590168 -0.0030319138628138761 -0.0018472437315179011 0.00099800586997287667
leaf_weight=46 56 76 68 70 74 44 46 41 69 67 77 536
leaf_count=46 56 76 68 70 74 44 46 41 69 67 77 536
internal_value=9.84788e-05 -0.000820691 0.00124669 -0.00188392 -0.00118818 1.53256e-05 -0.00274299 0.00055915 0.000357233 0.000615295 0.000278758 0.000640609
internal_weight=1270 424 144 280 234 164 90 846 790 749 680 613
internal_count=1270 424 144 280 234 164 90 846 790 749 680 613
is_linear=0
shrinkage=0.05


Tree=219
num_leaves=17
num_cat=2
split_feature=8 10 5 3 1 5 12 2 12 5 1 5 5 3 10 1
split_gain=0.194132 0.336449 0.378791 0.306117 0.443541 0.314125 0.230255 0.193618 0.286675 0.25819 0.273174 0.284338 0.323228 0.192925 0.26411 0.194177
threshold=2.2500000000000004 1301.1250000000002 5175.5000000000009 0 675981.14024048846 3277.0000000000005 51.500000000000007 625043.21099097666 48.500000000000007 1158.5000000000002 784289.86309009197 5254.5000000000009 4508.0000000000009 1 706.13095238095252 723410.77324754675
decision_type=2 2 2 1 2 2 2 2 2 2 2 2 2 1 2 2
left_child=1 3 -3 5 -5 -1 -6 8 -2 -9 13 12 -12 14 -11 -15
right_child=7 2 -4 4 6 -7 -8 9 -10 10 11 -13 -14 15 -16 -17
leaf_value=0.0027651225454853072 0.0057266398732151308 0.0036100542129133828 -0.0015267156049102435 -0.0074614253781854802 0.001031720440875253 -0.0021651172757680931 -0.0037235633045304239 0.0039865692246293782 0.00056720335284868881 0.003651007143415365 0.0013375032699003918 0.0042453085740295346 -0.0036753836227580907 -0.0022145601412742969 -0.00094226107351987824 0.00096147412083065909
leaf_weight=60 42 76 68 47 46 70 57 43 75 51 164 61 40 228 81 61
leaf_count=60 42 76 68 47 46 70 57 43 75 51 164 61 40 228 81 61
internal_value=9.35549e-05 -0.000779657 0.00118436 -0.00178972 -0.00322169 0.000102494 -0.00159984 0.000531193 0.00241931 0.000228162 -7.42356e-06 0.00125018 0.000354584 -0.00079903 0.00077379 -0.00149254
internal_weight=1270 424 144 280 150 130 103 846 117 729 686 265 204 421 132 289
internal_count=1270 424 144 280 150 130 103 846 117 729 686 265 204 421 132 289
cat_boundaries=0 1 2
cat_threshold=4 1
is_linear=0
shrinkage=0.05


Tree=220
num_leaves=13
num_cat=0
split_feature=10 11 11 9 8 1 10 6 2 10 11 9
split_gain=0.353419 0.370451 0.422965 0.337289 0.635645 0.605466 0.278967 0.80065 0.468651 0.264451 0.142694 0.104814
threshold=255.30000000000004 4798386855.8258562 3709499993.3399191 1950.5000000000002 3.7500000000000004 1250500.3859040069 642.91666666666686 12351.000000000002 675224.47328238969 695.04761904761915 1699728414.6997728 1972.5000000000002
decision_type=2 2 2 2 2 2 2 2 2 2 2 2
left_child=11 2 6 -3 5 -5 7 8 -2 -8 -11 -1
right_child=1 3 -4 4 -6 -7 9 -9 -10 10 -12 -13
leaf_value=-0.0011675705784000457 0.0066383705980589862 0.0014147487737920504 0.0049557432992052355 0.0033652819826134614 -0.0079853689963264134 -0.0041838116391867018 -0.0037309939147565857 -0.0039008511761494447 0.0016487309399274858 0.0018413562732117281 -0.00010723444547831463 -0.0047650681058989796
leaf_weight=40 69 71 59 49 42 58 44 48 148 118 461 41
leaf_count=40 69 71 59 49 42 58 44 48 148 118 461 41
internal_value=0.000205223 0.000426897 0.000856271 -0.00142137 -0.0027728 -0.00072675 0.000583897 0.00194271 0.0032353 5.90887e-06 0.000289888 -0.00298853
internal_weight=1248 1167 947 220 149 107 888 265 217 623 579 81
internal_count=1248 1167 947 220 149 107 888 265 217 623 579 81
is_linear=0
shrinkage=0.05


Tree=221
num_leaves=15
num_cat=0
split_feature=10 10 6 12 6 11 7 6 11 11 7 2 10 6
split_gain=0.318961 0.337234 0.409316 0.352509 0.559554 0.291196 0.521393 0.604024 0.388145 0.321526 0.128824 0.315042 0.227166 0.100804
threshold=255.30000000000004 564.07142857142867 12351.000000000002 46.500000000000007 5548.0000000000009 4913157582.5712652 5.5000000000000009 11556.500000000002 3709499993.3399191 8213358149.8099108 5.5000000000000009 681908.35680202011 695.04761904761915 8487.5000000000018
decision_type=2 2 2 2 2 2 2 2 2 2 2 2 2 2
left_child=13 2 3 -2 -5 8 7 9 10 -7 12 -12 -3 -1
right_child=1 5 -4 4 -6 6 -8 -9 -10 -11 11 -13 -14 -15
leaf_value=-0.0045813241598718774 0.00049384405867507056 -0.0031524712314545096 -0.0021180576247507303 0.00036062042206703201 0.007660676576862379 -0.00053723695937816693 -0.0064521866452155845 -0.0037058310661937151 0.0043284641290714928 0.0057245892540710728 0.004060246033083287 -0.0010896045992379649 0.00012835166529044957 -0.0010533200646750628
leaf_weight=41 75 59 46 42 70 41 45 71 59 41 62 57 499 40
leaf_count=41 75 59 46 42 70 41 45 71 59 41 62 57 499 40
internal_value=0.000194961 0.000405552 0.0021073 0.00314669 0.00492316 -1.89744e-05 -0.00172112 -0.000329625 0.000438939 0.00259368 9.99697e-05 0.00159351 -0.000218545 -0.0028391
internal_weight=1248 1167 233 187 112 934 198 153 736 82 677 119 558 81
internal_count=1248 1167 233 187 112 934 198 153 736 82 677 119 558 81
is_linear=0
shrinkage=0.05


Tree=222
num_leaves=18
num_cat=0
split_feature=9 2 11 9 0 9 2 8 2 5 0 5 11 9 2 8 8
split_gain=0.297594 0.542914 0.406812 0.600004 0.235614 1.2111 0.230686 0.224691 0.539171 0.40498 0.526838 0.616108 0.566503 0.39032 0.29871 0.214247 0.169445
threshold=1966.5000000000002 1250500.3859040069 698778025.18448842 2018.5000000000002 572600.24644636794 2000.5000000000002 681908.35680202011 1.7500000000000002 675591.77005089482 1645.5000000000002 578820.51469827525 5232.5000000000009 3265626035.8893399 1937.5000000000002 696594.67995976855 3.7500000000000004 2.7500000000000004
decision_type=2 2 2 2 2 2 2 2 2 2 2 2 2 2 2 2 2
left_child=7 2 -2 4 6 -6 -4 8 -1 -9 11 14 -12 -10 -11 -14 -3
right_child=1 16 3 -5 5 -7 -8 9 13 10 12 -13 15 -15 -16 -17 -18
leaf_value=0.0037892235856917173 -0.0045721772313117989 -0.0066625876526813961 -0.00037865674271565547 0.0056561000502611302 0.0015486676404912914 -0.0061372945522777285 0.0024044808932572664 0.0054760258004781636 -0.0066027847479108465 -0.0038589864451724042 0.0075847712846719949 0.0044001340590925381 -0.00065631621392137974 -3.3127933252566999e-05 0.0010388529430040054 0.0037751750433412585 -0.0020884900478782449
leaf_weight=45 45 40 182 49 134 83 126 59 40 101 49 44 67 52 45 46 41
leaf_count=45 45 40 182 49 134 83 126 59 40 101 49 44 67 52 45 46 41
internal_value=0.000185213 -0.000497937 5.77707e-06 0.000364676 -0.00012919 -0.00139112 0.0007599 0.00105785 -0.000695759 0.00164239 0.000999816 -0.000786333 0.00309468 -0.0028895 -0.00234938 0.00114765 -0.0043473
internal_weight=1248 700 619 574 525 217 308 548 137 411 352 190 162 92 146 113 81
internal_count=1248 700 619 574 525 217 308 548 137 411 352 190 162 92 146 113 81
is_linear=0
shrinkage=0.05


Tree=223
num_leaves=14
num_cat=0
split_feature=10 10 1 1 9 10 2 9 10 6 6 0 6
split_gain=0.289294 0.302007 0.389046 0.529946 0.283695 0.225629 0.278679 0.47357 0.22904 0.144295 0.19712 0.0943419 0.0892374
threshold=255.30000000000004 564.07142857142867 673270.56667703239 712108.83043039031 1973.5000000000002 5209.0000000000009 1162692.8781822992 1950.5000000000002 952.37500000000011 4225.5000000000009 5710.5000000000009 564023.5249507291 8487.5000000000018
decision_type=2 2 2 2 2 2 2 2 2 2 2 2 2
left_child=12 2 -2 11 -5 6 9 -8 -9 -3 -11 -4 -1
right_child=1 5 3 4 -6 -7 7 8 -10 10 -12 -13 -14
leaf_value=-0.0043527912897932371 0.0054177019913054887 -0.0024956139427123837 -0.0037692610130068806 0.0060593824642031302 0.00039596382710264954 0.003389223405848379 0.0017328672214514682 -0.0012426869187038394 -0.0059440149445204983 0.0031857970422575379 0.00013824612907603769 -0.00039759266031224553 -0.0010333574167452754
leaf_weight=41 61 46 42 48 41 46 54 44 63 58 623 41 40
leaf_count=41 61 46 42 48 41 46 54 44 63 58 623 41 40
internal_value=0.000175953 0.00037651 0.00198693 0.000770201 0.00345039 -2.5232e-05 -0.000202107 -0.00208433 -0.00401076 0.000214725 0.000397803 -0.00210374 -0.00271356
internal_weight=1248 1167 233 172 89 934 888 161 107 727 681 83 81
internal_count=1248 1167 233 172 89 934 888 161 107 727 681 83 81
is_linear=0
shrinkage=0.05


Tree=224
num_leaves=15
num_cat=0
split_feature=10 10 1 1 9 11 7 11 9 8 5 10 0 9
split_gain=0.261088 0.272562 0.351114 0.478276 0.256035 0.22295 0.505836 0.447068 0.284748 0.401481 0.197087 0.203831 0.0851436 0.0771751
threshold=255.30000000000004 564.07142857142867 673270.56667703239 712108.83043039031 1973.5000000000002 4798386855.8258562 5.5000000000000009 3709499993.3399191 1948.5000000000002 3.2500000000000004 5864.5000000000009 1769.7500000000002 564023.5249507291 1972.5000000000002
decision_type=2 2 2 2 2 2 2 2 2 2 2 2 2 2
left_child=13 2 -2 12 -5 7 8 10 -7 -10 11 -3 -4 -1
right_child=1 5 3 4 -6 6 -8 -9 9 -11 -12 -13 -14 -15
leaf_value=-0.0010153576957964104 0.0051468168626745518 0.00024933424648260335 -0.003580797944838802 0.005756413287599571 0.00037616548787166437 0.002893862844659732 -0.0060957451027048677 0.0049506983059691267 0.00099008475829448039 -0.0051541303061758692 0.0024326918171204675 -0.00194054318758983 -0.00037771317108375269 -0.0041023045102497793
leaf_weight=40 61 462 42 48 41 52 46 50 63 46 77 138 41 41
leaf_count=40 61 462 42 48 41 52 46 50 63 46 77 138 41 41
internal_value=0.000167155 0.000357685 0.00188758 0.000731691 0.00327787 -2.39705e-05 -0.00147168 0.000388239 -0.00015052 -0.00160289 5.12773e-05 -0.000254338 -0.00199855 -0.00257789
internal_weight=1248 1167 233 172 89 934 207 727 161 109 677 600 83 81
internal_count=1248 1167 233 172 89 934 207 727 161 109 677 600 83 81
is_linear=0
shrinkage=0.05


Tree=225
num_leaves=15
num_cat=0
split_feature=5 10 10 10 10 10 0 0 8 9 6 5 11 10
split_gain=0.223907 0.373965 0.486971 0.27112 0.196735 0.39965 0.423325 0.457939 0.333885 0.212954 0.352701 0.197236 0.288142 0.398731
threshold=1732.5000000000002 299.75000000000006 706.13095238095252 187.90476190476193 677.53333333333342 616.19642857142867 578820.51469827525 548453.68116028118 3.2500000000000004 2008.5000000000002 10478.500000000002 2327.0000000000005 1699728414.6997728 775.06666666666672
decision_type=2 2 2 2 2 2 2 2 2 2 2 2 2 2
left_child=1 3 -3 -1 5 6 7 -2 -8 11 -11 -6 -13 -14
right_child=4 2 -4 -5 9 -7 8 -9 -10 10 -12 12 13 -15
leaf_value=-0.0026469713134896927 0.0013345582582252591 -0.0069255372172157314 0.00014386939583346247 0.0026673218501465663 -0.0041129546366573773 0.004826960162559556 0.0052319786570108225 -0.0049494910180189859 -0.00067307041459825157 0.004704806199479921 -0.0010187074926011918 0.0033179208221237946 -0.0049711862176011964 -0.00038424815218017646
leaf_weight=42 57 58 42 56 40 59 54 59 43 51 57 46 52 533
leaf_count=42 57 58 42 56 40 59 54 59 43 51 57 46 52 533
internal_value=-0.00026288 -0.00180526 -0.00395639 0.000389768 2.7692e-05 0.00118539 0.000176689 -0.00186164 0.00261428 -0.000376535 0.00168406 -0.000708196 -0.000492364 -0.000791976
internal_weight=1249 198 100 98 1051 272 213 116 97 779 108 671 631 585
internal_count=1249 198 100 98 1051 272 213 116 97 779 108 671 631 585
is_linear=0
shrinkage=0.05


Tree=226
num_leaves=15
num_cat=1
split_feature=9 8 7 10 5 10 9 10 7 2 5 4 10 2
split_gain=0.205144 0.288997 0.421814 0.520879 0.235911 0.373553 0.235159 0.238994 0.495299 0.454349 0.271428 0.566983 0.305792 0.0936114
threshold=2003.5000000000002 4.2500000000000009 4.5000000000000009 1484.7500000000002 1732.5000000000002 299.75000000000006 1995.5000000000002 677.53333333333342 5.5000000000000009 726762.73051669926 3506.0000000000005 0 775.06666666666672 706590.53824524849
decision_type=2 2 2 2 2 2 2 2 2 2 2 1 2 2
left_child=4 2 3 -2 5 13 7 8 -6 -10 11 -9 -12 -1
right_child=1 -3 -4 -5 6 -7 -8 10 9 -11 12 -13 -14 -15
leaf_value=0.0017802299176400992 -0.0040870162058207725 -0.0018713133217441659 0.0048063166651733311 0.0030816273011090556 0.0051954255313686436 -0.0047729173651601701 -0.0028480215502592427 0.00024010788524387087 -0.0028892789031116583 0.0031045366125589794 -0.0039209698631782978 -0.0062865942874590734 0.00056649188200233631 -0.0016195830766952074
leaf_weight=40 45 63 79 58 63 79 78 82 71 57 42 56 395 41
leaf_count=40 45 63 79 58 63 79 78 82 71 57 42 56 395 41
internal_value=-0.000249736 0.00104745 0.00205779 -5.03043e-05 -0.00056628 -0.00232659 -0.000232572 3.37529e-05 0.00156613 -0.000220158 -0.000475264 -0.00240841 0.000135203 5.93369e-05
internal_weight=1249 245 182 103 1004 160 844 766 191 128 575 138 437 81
internal_count=1249 245 182 103 1004 160 844 766 191 128 575 138 437 81
cat_boundaries=0 1
cat_threshold=2
is_linear=0
shrinkage=0.05


Tree=227
num_leaves=15
num_cat=0
split_feature=12 8 7 7 5 0 0 12 5 1 5 1 11 5
split_gain=0.185142 0.260819 0.380687 0.349269 0.21291 0.253871 0.607897 0.212231 0.160231 0.423108 0.406333 0.48688 0.354398 0.071419
threshold=20.500000000000004 4.2500000000000009 4.5000000000000009 2.5000000000000004 1732.5000000000002 564023.5249507291 548453.68116028118 28.500000000000004 5666.5000000000009 748446.88527358708 4685.0000000000009 675981.14024048846 5212542447.9076729 6101.5000000000009
decision_type=2 2 2 2 2 2 2 2 2 2 2 2 2 2
left_child=1 2 3 -1 5 6 -2 -6 10 13 12 -12 -9 -10
right_child=4 -3 -4 -5 7 -7 -8 8 9 -11 11 -13 -14 -15
leaf_value=0.0025678201513201523 -0.0045183501487901052 -0.0017777477472370106 0.0045660007833444238 -0.0032888702202952752 -0.0027056203759573878 -0.00433055189003547 0.0039390227311135581 0.0002567250938271454 -0.00089459497161442419 -0.0054187256281021182 -0.0020299508771859111 0.004444074206425422 -0.0033785241714213046 0.0020932771405205129
leaf_weight=57 43 63 79 46 78 75 42 414 40 46 40 106 80 40
leaf_count=57 43 63 79 46 78 75 42 414 40 46 40 106 80 40
internal_value=-0.000237249 0.000995076 0.0019549 -4.77891e-05 -0.000537966 -0.00221026 -0.000339413 -0.000220944 3.20653e-05 -0.00159773 0.000352931 0.00267037 -0.000331979 0.000599341
internal_weight=1249 245 182 103 1004 160 85 844 766 126 640 146 494 80
internal_count=1249 245 182 103 1004 160 85 844 766 126 640 146 494 80
is_linear=0
shrinkage=0.05


Tree=228
num_leaves=13
num_cat=0
split_feature=9 8 7 10 9 0 10 0 6 0 1 0
split_gain=0.167091 0.235389 0.34357 0.451295 0.188004 0.19522 0.436527 0.267577 0.558496 0.2279 0.154726 0.168696
threshold=2003.5000000000002 4.2500000000000009 4.5000000000000009 1484.7500000000002 2000.5000000000002 525001.94806865673 631.19642857142867 548453.68116028118 10973.500000000002 515866.29727194307 647728.45187070419 559558.65844934701
decision_type=2 2 2 2 2 2 2 2 2 2 2 2
left_child=4 2 3 -2 5 6 -1 8 -7 -8 -9 -12
right_child=1 -3 -4 -5 -6 7 9 10 -10 -11 11 -13
leaf_value=0.0056250985900294925 -0.0038028184779816208 -0.0016888603087632905 0.0043377007360723393 0.0028698391388451427 -0.0037856058583461815 -0.0057810545757798655 -0.003130694714755836 -0.0031486077984461897 0.0016852301266044379 0.0018032515076920391 0.0017527881528104786 -0.00045447253241119064
leaf_weight=42 45 63 79 58 42 67 44 45 40 50 102 572
leaf_count=42 45 63 79 58 42 67 44 45 40 50 102 572
internal_value=-0.000225387 0.000945322 0.00185715 -4.53996e-05 -0.000511068 -0.000368105 0.00138725 -0.000657122 -0.00298992 -0.000506255 -0.00030996 -0.000120436
internal_weight=1249 245 182 103 1004 962 136 826 107 94 719 674
internal_count=1249 245 182 103 1004 962 136 826 107 94 719 674
is_linear=0
shrinkage=0.05


Tree=229
num_leaves=13
num_cat=0
split_feature=5 10 10 10 5 1 5 2 1 1 1 2
split_gain=0.160297 0.28588 0.430281 0.243978 0.176429 0.452595 0.31679 0.182882 0.517273 0.425833 0.196087 0.163131
threshold=1732.5000000000002 299.75000000000006 706.13095238095252 187.90476190476193 5647.5000000000009 748446.88527358708 5448.0000000000009 625043.21099097666 659749.2343736469 675591.77005089482 608938.03115375049 647728.45187070419
decision_type=2 2 2 2 2 2 2 2 2 2 2 2
left_child=1 3 -3 -1 6 11 7 10 -9 -10 -2 -6
right_child=4 2 -4 -5 5 -7 -8 8 9 -11 -12 -13
leaf_value=-0.0024806855268599023 -0.00049851709267213242 -0.0061909258333516532 0.00045426428495418461 0.002560581097246281 -0.002164912497533894 -0.0048953431078278629 0.0043197435079182084 -0.0043287307006882178 0.0044224821392812638 -0.00013686676791679417 0.0039874476061507675 0.0017221678974537202
leaf_weight=42 42 58 42 56 41 61 47 68 56 599 58 79
leaf_count=42 42 58 42 56 41 61 47 68 56 599 58 79
internal_value=-0.000214117 -0.00151915 -0.00339995 0.000400038 3.17395e-05 -0.00138854 0.000327223 9.92179e-05 -0.000177978 0.00025294 0.00210334 0.000394082
internal_weight=1249 198 100 98 1051 181 870 823 723 655 100 120
internal_count=1249 198 100 98 1051 181 870 823 723 655 100 120
is_linear=0
shrinkage=0.05


Tree=230
num_leaves=13
num_cat=1
split_feature=6 2 5 9 9 4 5 10 5 2 5 9
split_gain=0.236696 0.260126 0.3835 0.382436 0.619288 0.363598 0.328674 0.309015 0.246529 0.507659 0.602162 0.348499
threshold=15697.000000000002 701797.52207137598 1135.0000000000002 1941.5000000000002 1951.5000000000002 0 1208.0000000000002 924.60000000000014 1853.0000000000002 1039118.2229434258 2449.0000000000005 1948.5000000000002
decision_type=2 2 2 2 2 1 2 2 2 2 2 2
left_child=1 2 -1 7 -5 -6 -3 -4 -8 10 -10 -11
right_child=-2 6 3 4 5 -7 8 -9 9 11 -12 -13
leaf_value=0.005384032194375654 0.0032739502318676499 -0.0048499320323268577 0.0059121416951968993 -0.0054933197243371978 0.0019096865158851407 -0.0012343068067971804 0.0025828777864547589 0.00048695119151559018 -0.0077276612911373376 0.004157565488938743 -0.0011148032049605103 -0.00014567942685695201
leaf_weight=44 63 42 53 48 211 163 67 52 40 67 247 158
leaf_count=44 63 42 53 48 211 163 67 52 40 67 247 158
internal_value=0.000287112 0.000129251 0.000899536 0.000525119 -0.000146748 0.000539443 -0.000579014 0.00322538 -0.000269206 -0.000642428 -0.00203646 0.00113573
internal_weight=1255 1192 571 527 422 374 621 105 579 512 287 225
internal_count=1255 1192 571 527 422 374 621 105 579 512 287 225
cat_boundaries=0 1
cat_threshold=2
is_linear=0
shrinkage=0.05


Tree=231
num_leaves=17
num_cat=1
split_feature=6 2 5 6 11 3 5 9 7 5 11 1 5 9 7 6
split_gain=0.213618 0.237787 0.323575 0.324249 0.308076 0.29278 0.594867 0.287342 0.583089 0.435455 0.275604 0.333479 0.298716 0.253147 0.375057 0.233269
threshold=15697.000000000002 707133.77038150944 1028.5000000000002 6751.5000000000009 1901074252.3503838 0 3430.0000000000005 1981.5000000000002 5.5000000000000009 4743.0000000000009 2208440005.6152601 623959.94523397705 4491.5000000000009 1933.5000000000002 5.5000000000000009 4728.5000000000009
decision_type=2 2 2 2 2 1 2 2 2 2 2 2 2 2 2 2
left_child=1 2 -1 4 15 6 -3 13 9 -9 11 -5 -12 -7 -15 -4
right_child=-2 5 3 10 -6 7 -8 8 -10 -11 12 -13 -14 14 -16 -17
leaf_value=0.0051506574475206441 0.0031102527923408956 -0.0070912653924897319 -0.00085021453130929188 -0.0017709001189359697 0.0020154084486421198 -0.0018967549179176816 0.00018749534083326581 -0.0014367084916509492 0.0025166341373206755 -0.0078818688588216911 -0.0039649731479585171 0.0032497912475288266 0.00083748927270364641 0.0031158310365647702 -0.0012981793924700469 -0.0055095762984516718
leaf_weight=40 63 50 61 40 45 61 64 76 57 40 41 191 154 154 70 48
leaf_count=40 63 50 61 40 45 61 64 76 57 40 41 191 154 154 70 48
internal_value=0.000272757 0.000122788 0.000801098 0.000501128 -0.00146513 -0.000612442 -0.00276261 -1.65664e-05 -0.00162437 -0.00365918 0.00121193 0.00238041 -0.000172259 0.000958819 0.00173645 -0.00290204
internal_weight=1255 1192 620 580 154 572 114 458 173 116 426 231 195 285 224 109
internal_count=1255 1192 620 580 154 572 114 458 173 116 426 231 195 285 224 109
cat_boundaries=0 1
cat_threshold=8
is_linear=0
shrinkage=0.05


Tree=232
num_leaves=13
num_cat=0
split_feature=6 9 2 6 6 6 11 10 10 0 9 10
split_gain=0.210009 0.234249 0.414077 0.456356 0.656159 0.26814 0.289783 0.554334 0.376103 0.335615 0.19665 0.19093
threshold=3861.5000000000005 1941.5000000000002 653356.44379716844 8183.0000000000009 10581.500000000002 15697.000000000002 870251135.98149717 597.51190476190493 662.83333333333337 577666.63225903024 1928.5000000000002 299.75000000000006
decision_type=2 2 2 2 2 2 2 2 2 2 2 2
left_child=-1 2 -2 -4 -5 6 11 9 -9 -8 -6 -3
right_child=1 5 3 4 10 -7 7 8 -10 -11 -12 -13
leaf_value=-0.0022533894936294439 0.0057492033551590381 0.0051578985195374115 0.0042357376427389687 -0.0062690369703341277 -0.0012560489010952768 0.0036941885831765831 -0.0048510921367667425 0.0045288418943528084 -8.1243894059845629e-05 -0.00051591289542024814 0.0032699183848827877 0.00033110210927025908
leaf_weight=78 52 40 64 40 42 48 98 48 565 82 56 42
leaf_count=78 52 40 64 40 42 48 98 48 565 82 56 42
internal_value=0.000259119 0.000425623 0.00177026 0.000745976 -0.000872465 5.55937e-05 -0.000144009 -0.000436608 0.000279742 -0.00287618 0.00133022 0.00268564
internal_weight=1255 1177 254 202 138 923 875 793 613 180 98 82
internal_count=1255 1177 254 202 138 923 875 793 613 180 98 82
is_linear=0
shrinkage=0.05


Tree=233
num_leaves=15
num_cat=0
split_feature=6 12 1 1 7 6 6 12 11 10 10 0 12 12
split_gain=0.189533 0.21141 0.412443 0.371598 0.886425 0.371258 0.494801 0.348152 0.327527 0.396071 0.417897 0.296042 0.224113 0.109768
threshold=3861.5000000000005 82.500000000000014 653356.44379716844 647728.45187070419 3.5000000000000004 8183.0000000000009 10581.500000000002 39.500000000000007 1033991313.6455656 597.51190476190493 677.53333333333342 577666.63225903024 95.500000000000014 40.500000000000007
decision_type=2 2 2 2 2 2 2 2 2 2 2 2 2 2
left_child=-1 3 -3 4 -2 -4 -7 -6 13 11 -11 -10 -8 -5
right_child=1 2 5 8 7 6 12 -9 9 10 -12 -13 -14 -15
leaf_value=-0.0021407199787716264 0.0029745306677127978 0.0061449018556104847 0.0037809454248813185 0.0016601406610570848 -0.0020751543482765557 -0.0053222496335099383 0.0032600267165291464 -0.0084861866084651825 -0.0051339342296289822 0.0048512674419692271 0.00022616268981042191 -0.00032932745556657516 -0.001490043162960898 0.005105469356965122
leaf_weight=78 49 43 69 50 40 41 57 45 56 54 511 75 44 43
leaf_count=78 49 43 69 50 40 41 57 45 56 54 511 75 44 43
internal_value=0.000246163 0.000404342 0.00168175 5.2814e-05 -0.00238159 0.000772193 -0.000689807 -0.00546923 0.000466261 9.3876e-05 0.000668208 -0.00238321 0.00119069 0.00325314
internal_weight=1255 1177 254 923 134 211 142 85 789 696 565 131 101 93
internal_count=1255 1177 254 923 134 211 142 85 789 696 565 131 101 93
is_linear=0
shrinkage=0.05


Tree=234
num_leaves=16
num_cat=1
split_feature=2 9 7 10 1 9 10 10 10 10 4 1 9 10 9
split_gain=0.158624 0.364253 0.714684 1.23371 0.614136 0.297727 0.268381 0.691204 0.306295 0.742533 0.297425 0.395583 0.310009 0.269907 0.170077
threshold=671350.45176759572 1939.5000000000002 3.5000000000000004 1834.5000000000002 647728.45187070419 1984.5000000000002 1424.5833333333337 1151.7500000000002 973.75000000000011 880.66666666666686 0 1162692.8781822992 1979.5000000000002 616.19642857142867 1984.5000000000002
decision_type=2 2 2 2 2 2 2 2 2 2 1 2 2 2 2
left_child=1 -1 3 -3 5 -4 7 8 9 13 11 14 -12 -2 -8
right_child=6 2 4 -5 -6 -7 10 -9 -10 -11 12 -13 -14 -15 -16
leaf_value=0.0046655797017890899 -0.0008880544809501741 0.0084757766802795228 -0.0073145740029798142 -0.0023001783741257932 0.0017151197458332092 -0.0014919755470362448 -7.4182878884578669e-05 -0.0050258685958489216 0.0030107377089330437 -0.0065328389811127084 0.0054022834212942563 -0.0042352675481937656 -5.3585250591209468e-05 0.0015511790867450831 0.0039704688094987922
leaf_weight=61 273 58 46 49 71 42 71 79 72 46 66 43 43 194 41
leaf_count=61 273 58 46 49 71 42 71 79 72 46 66 43 43 194 41
internal_value=0.000233855 0.00118082 0.000381678 0.00354099 -0.0017444 -0.00453561 -9.98265e-05 -0.000635981 -4.31583e-05 -0.000471775 0.00124868 -0.000158673 0.00324997 0.000125246 0.00140645
internal_weight=1255 327 266 107 159 88 928 664 585 513 264 155 109 467 112
internal_count=1255 327 266 107 159 88 928 664 585 513 264 155 109 467 112
cat_boundaries=0 1
cat_threshold=2
is_linear=0
shrinkage=0.05


Tree=235
num_leaves=15
num_cat=1
split_feature=3 11 1 9 11 10 5 5 2 11 6 11 5 6
split_gain=0.275134 0.418888 0.371189 0.357257 0.520892 0.318454 0.479454 0.332428 0.318025 0.286878 0.33332 0.29955 0.499335 0.213078
threshold=0 6442868026.3830194 1340804.1441143008 1990.5000000000002 1095969037.1806588 788.64285714285722 3990.5000000000005 5264.0000000000009 729326.24648517405 698778025.18448842 4048.0000000000005 1052239439.868956 2106.0000000000005 9631.0000000000018
decision_type=1 2 2 2 2 2 2 2 2 2 2 2 2 2
left_child=3 9 -3 4 -1 13 -7 -8 -5 -2 -11 -12 -13 -6
right_child=1 2 -4 8 5 6 7 -9 -10 10 11 12 -14 -15
leaf_value=-0.0054448663874063644 -0.0033660268764942889 -0.0067334033794841687 -0.0010554943023072113 0.005461593231302686 0.0057154296442777633 -0.0046213374239159749 0.0048827314854133878 -0.0012326719798147678 -0.00017885387216399356 0.0042620643218070631 0.0028372723544732885 -0.0061329165197093975 -0.00034759849707673618 0.00061635284742806112
leaf_weight=40 75 53 63 64 42 50 40 50 41 41 65 40 552 40
leaf_count=40 75 53 63 64 42 50 40 50 41 41 65 40 552 40
internal_value=-0.000367928 -0.000838534 -0.00364971 0.000773807 -0.000192686 0.000753653 -0.000695652 0.00148529 0.00325913 -0.000427524 -0.000111782 -0.000384731 -0.000738498 0.00322808
internal_weight=1256 889 116 367 262 222 140 90 105 773 698 657 592 82
internal_count=1256 889 116 367 262 222 140 90 105 773 698 657 592 82
cat_boundaries=0 1
cat_threshold=10
is_linear=0
shrinkage=0.05


Tree=236
num_leaves=16
num_cat=1
split_feature=3 11 8 12 8 11 10 8 8 11 2 6 6 2 6
split_gain=0.248309 0.378046 0.354075 0.322424 0.479023 0.470105 0.287405 0.342428 0.2715 0.411246 0.445428 0.515125 0.384015 0.226472 0.192303
threshold=0 6442868026.3830194 2.7500000000000004 33.500000000000007 3.7500000000000004 1095969037.1806588 788.64285714285722 2.7500000000000004 4.2500000000000009 698778025.18448842 604586.97028495732 6071.5000000000009 11763.000000000002 689208.6917161406 9631.0000000000018
decision_type=1 2 2 2 2 2 2 2 2 2 2 2 2 2 2
left_child=3 8 -3 4 -1 -5 14 -8 9 -2 -11 -12 13 -10 -7
right_child=1 2 -4 5 -6 6 7 -9 12 10 11 -13 -14 -15 -16
leaf_value=0.00044690169350360522 -0.0037612532963037433 -0.0063265945338311473 -0.00079848167020827535 -0.0051726228064944736 0.0074012474727351216 0.0054296581362861963 0.0019202903873954359 -0.0030298781359555482 -0.0017559839925586672 -0.0044706772376851339 0.0044463682966908958 0.00021130059686559648 0.0010700876506355903 -0.0062591934779259147 0.00058553526701871311
leaf_weight=65 62 56 60 40 40 42 67 73 59 41 87 411 60 53 40
leaf_count=65 62 56 60 40 40 42 67 73 59 41 87 411 60 53 40
internal_value=-0.000349531 -0.000796607 -0.00346723 0.000735117 0.00309618 -0.000183052 0.00071597 -0.000660869 -0.000406147 9.51466e-05 0.00053874 0.000951162 -0.00215776 -0.00388697 0.00306667
internal_weight=1256 889 116 367 105 262 222 140 773 601 539 498 172 112 82
internal_count=1256 889 116 367 105 262 222 140 773 601 539 498 172 112 82
cat_boundaries=0 1
cat_threshold=10
is_linear=0
shrinkage=0.05


Tree=237
num_leaves=14
num_cat=0
split_feature=5 11 6 6 9 5 10 9 0 6 6 9 7
split_gain=0.229384 0.204552 0.226615 0.68884 0.286179 0.29794 0.223855 0.409201 0.357919 0.540967 0.573454 0.333237 0.256393
threshold=971.00000000000011 2425377558.3578057 6439.5000000000009 7371.5000000000009 2010.5000000000002 3540.0000000000005 1236.9000000000003 1983.5000000000002 578820.51469827525 11322.500000000002 9274.5000000000018 1967.5000000000002 4.5000000000000009
decision_type=2 2 2 2 2 2 2 2 2 2 2 2 2
left_child=-1 6 -3 -4 5 -5 8 -8 9 10 -2 -11 -10
right_child=1 2 3 4 -6 -7 7 -9 12 11 -12 -13 -14
leaf_value=-0.0037591061750525965 -0.00067211316270766332 0.0017406102024803039 -0.007407695400846623 0.0033090527169406417 -0.0039822154774748052 -0.00071128899452526609 0.00020696721185231581 0.0064647369648943229 -0.00016356268897652627 0.0058307748474180701 -0.0062284177358143955 -8.0865480684501649e-05 0.0045146216412831567
leaf_weight=47 185 76 41 52 58 405 72 41 54 40 62 59 64
leaf_count=47 185 76 41 52 58 405 72 41 54 40 62 59 64
internal_value=-0.000332055 -0.000198828 -0.000820251 -0.0011703 -0.000673728 -0.000253832 0.000481831 0.00247749 -4.17997e-06 -0.000815153 -0.00206681 0.00230768 0.00237376
internal_weight=1256 1209 632 556 515 457 577 113 464 346 247 99 118
internal_count=1256 1209 632 556 515 457 577 113 464 346 247 99 118
is_linear=0
shrinkage=0.05


Tree=238
num_leaves=15
num_cat=0
split_feature=5 10 2 9 10 9 10 9 9 5 6 6 10 2
split_gain=0.207019 0.151426 0.143573 0.334886 0.330864 0.30754 0.212831 0.415726 0.435797 0.202955 0.617969 0.430423 0.181824 0.135786
threshold=971.00000000000011 312.53571428571433 673725.02180245274 1949.5000000000002 564.07142857142867 2002.5000000000002 616.19642857142867 1954.5000000000002 1979.5000000000002 4508.0000000000009 9009.0000000000018 7995.0000000000009 1099.3000000000004 706590.53824524849
decision_type=2 2 2 2 2 2 2 2 2 2 2 2 2 2
left_child=-1 13 3 12 -5 -6 7 -4 -9 10 -8 -11 -3 -2
right_child=1 2 6 4 5 -7 9 8 -10 11 -12 -13 -14 -15
leaf_value=-0.003571150755073796 -0.00022429452084640904 0.0052076882779753461 -0.0058397070420059295 0.0033781796344555916 -0.0027628756326635085 0.0018613671548664572 -0.0016260724752771097 0.0035923965235536062 -0.0027608723839438413 0.0025257441855501385 0.0028465375778781382 -0.0020533466923794924 0.00083258884210892512 0.0037750471477920656
leaf_weight=47 41 48 55 44 128 50 152 41 79 64 157 259 47 44
leaf_count=47 41 48 55 44 128 50 152 41 79 64 157 259 47 44
internal_value=-0.000315452 -0.000188886 -0.000342766 0.000558867 -0.000504233 -0.00146393 -0.00069694 -0.00224003 -0.000590172 -0.000269661 0.000646419 -0.00114603 0.00304317 0.00184595
internal_weight=1256 1209 1124 317 222 178 807 175 120 632 309 323 95 85
internal_count=1256 1209 1124 317 222 178 807 175 120 632 309 323 95 85
is_linear=0
shrinkage=0.05


Tree=239
num_leaves=16
num_cat=1
split_feature=3 11 1 9 11 2 5 10 10 10 9 10 10 10 1
split_gain=0.220154 0.332577 0.332938 0.299955 0.418684 0.281488 0.258026 0.315525 0.285789 0.223281 0.252472 0.451824 0.203999 0.797756 0.364633
threshold=0 6442868026.3830194 1340804.1441143008 1990.5000000000002 1095969037.1806588 729326.24648517405 2476.5000000000005 913.75000000000011 1404.6666666666667 217.97619047619051 1937.5000000000002 945.62500000000011 491.75000000000006 616.19642857142867 675591.77005089482
decision_type=1 2 2 2 2 2 2 2 2 2 2 2 2 2 2
left_child=3 9 -3 4 -1 -5 -6 -8 -9 -2 11 -11 14 -14 -12
right_child=1 2 -4 5 6 -7 7 8 -10 10 12 -13 13 -15 -16
leaf_value=-0.0048732357349945236 -0.0039921553530439273 -0.006146032748005863 -0.00076863027255361278 0.0050705392963209311 0.004265550325806367 -0.00023601583500460884 -0.0026959010943149527 0.0048665475040651496 -0.0004186281492687105 0.0048450306450831711 -0.0021102229543030265 -0.00092885107409933383 -0.0074855364499274981 -0.00041539854307225945 0.0034021368712807698
leaf_weight=40 40 53 63 64 41 41 72 41 68 64 50 72 44 428 75
leaf_count=40 40 53 63 64 41 41 72 41 68 64 50 72 44 428 75
internal_value=-0.000299679 -0.000720968 -0.00322555 0.00072083 -0.000164447 0.00299846 0.000683984 -0.00012731 0.00156937 -0.000354446 -0.000155935 0.00178827 -0.000598836 -0.00107448 0.00119719
internal_weight=1256 889 116 367 262 105 222 181 109 773 733 136 597 472 125
internal_count=1256 889 116 367 262 105 222 181 109 773 733 136 597 472 125
cat_boundaries=0 1
cat_threshold=10
is_linear=0
shrinkage=0.05


Tree=240
num_leaves=10
num_cat=0
split_feature=10 10 8 6 11 6 10 6 9
split_gain=0.219678 0.472181 0.438983 0.288628 0.477693 0.46198 0.246422 0.248839 0.224911
threshold=299.75000000000006 351.95000000000005 2.7500000000000004 3809.0000000000005 1290364715.6761122 7250.0000000000009 583.41666666666686 7106.0000000000009 1971.5000000000002
decision_type=2 2 2 2 2 2 2 2 2
left_child=2 -2 -1 -3 5 -5 8 -8 -6
right_child=1 3 -4 4 6 -7 7 -9 -10
leaf_value=0.0059363630738981229 -0.0053339246325421995 -0.0035034916511974116 -0.00040667210060816553 0.0070051044947942913 -0.0047646895032376051 0.00074588429635843718 -0.0015462735582355269 0.00066840931618885636 -0.00030419534645401516
leaf_weight=47 41 52 65 49 50 74 158 643 65
leaf_count=47 41 52 65 49 50 74 158 643 65
internal_value=0.000142779 -6.62174e-05 0.00225514 0.000131744 0.000313681 0.00323939 -7.91825e-05 0.000231556 -0.00224354
internal_weight=1244 1132 112 1091 1039 123 916 801 115
internal_count=1244 1132 112 1091 1039 123 916 801 115
is_linear=0
shrinkage=0.05


Tree=241
num_leaves=9
num_cat=0
split_feature=12 10 10 8 12 6 11 6
split_gain=0.202917 0.239775 0.532249 0.317227 0.299909 0.280795 0.39342 0.167652
threshold=5.5000000000000009 299.75000000000006 358.70000000000005 2.7500000000000004 96.500000000000014 4225.5000000000009 1077893788.7742887 9725.0000000000018
decision_type=2 2 2 2 2 2 2 2
left_child=-1 3 -3 -2 5 -4 -7 -6
right_child=1 2 4 -5 7 6 -8 -9
leaf_value=0.0030233066914410428 0.0054459600409285892 -0.0056823663803380591 -0.0033556707175996375 -3.2672057750460225e-05 0.0050870725962643831 0.003922867797851815 -0.00030405501598322886 0.00064562264245090096
leaf_weight=58 45 43 68 64 42 59 822 43
leaf_count=58 45 43 68 64 42 59 822 43
internal_value=0.00013564 -5.57789e-06 -0.000231748 0.00222915 -5.07815e-06 -0.000259926 -2.09807e-05 0.00284022
internal_weight=1244 1186 1077 109 1034 949 881 85
internal_count=1244 1186 1077 109 1034 949 881 85
is_linear=0
shrinkage=0.05


Tree=242
num_leaves=16
num_cat=1
split_feature=3 5 1 9 5 5 10 10 5 11 1 10 7 0 1
split_gain=0.346467 0.354885 0.294274 0.227294 0.217277 0.431307 0.393049 0.206979 0.742821 0.394722 0.682164 0.376101 0.299173 0.226758 0.155248
threshold=0 6020.5000000000009 659749.2343736469 1981.5000000000002 1683.5000000000002 2022.0000000000002 717.52380952380963 890.75000000000011 2404.5000000000005 3195248590.6646457 688091.77602969261 346.05000000000007 5.5000000000000009 1745126.0284832132 708849.74897787033
decision_type=1 2 2 2 2 2 2 2 2 2 2 2 2 2 2
left_child=7 2 3 -2 -4 -6 -7 8 11 10 -9 -1 -10 -11 -14
right_child=1 -3 4 -5 5 6 -8 9 12 13 -12 -13 14 -15 -16
leaf_value=0.00054597427271647566 -0.0040885061049809705 -0.0040479216726398036 -0.0022354133557717037 0.00011996423211795362 0.0051724537309686038 -0.0021387963389703471 0.0011455587529757571 0.0035575072694983751 -0.0061350867839064446 0.0064216975287924851 -0.0038004797899962536 0.0061428289942201588 0.0013709669676609337 0.0018705709979926447 -0.0029567375911811241
leaf_weight=71 77 66 74 55 48 129 310 72 40 62 56 52 40 49 43
leaf_count=71 77 66 74 55 48 129 310 72 40 62 56 52 40 49 43
internal_value=0.000128858 -0.000537457 -0.000210882 -0.00233498 0.000288905 0.000672477 0.000180452 0.0011588 0.00016458 0.00223061 0.000338388 0.00291212 -0.00258296 0.00441264 -0.000871097
internal_weight=1244 759 693 132 561 487 439 485 246 239 128 123 123 111 83
internal_count=1244 759 693 132 561 487 439 485 246 239 128 123 123 111 83
cat_boundaries=0 1
cat_threshold=3
is_linear=0
shrinkage=0.05


Tree=243
num_leaves=19
num_cat=2
split_feature=3 5 6 9 11 11 2 1 4 1 6 6 11 6 5 5 9 1
split_gain=0.312686 0.320284 0.324422 0.693814 0.393925 0.375806 0.725453 0.529132 0.400512 0.275884 0.210729 0.698782 0.471643 0.316903 0.568494 0.236014 0.208995 0.11863
threshold=0 6020.5000000000009 8862.0000000000018 1935.5000000000002 3809885249.7706304 1960791503.8430998 659749.2343736469 689208.6917161406 1 675981.14024048846 7106.0000000000009 9175.5000000000018 1379326819.4261198 11048.000000000002 3341.0000000000005 3755.5000000000005 1973.5000000000002 704990.47259519773
decision_type=1 2 2 2 2 2 2 2 1 2 2 2 2 2 2 2 2 2
left_child=10 2 3 -2 9 7 -7 -4 -8 -5 12 -12 -1 17 -15 -14 -16 -13
right_child=1 -3 5 4 -6 6 8 -9 -10 -11 11 13 15 14 16 -17 -18 -19
leaf_value=0.0025557957189551121 0.0041456231530359452 -0.0038455255509523508 0.0011120392314261189 -0.0041218157404930228 -0.0069555858695288979 -0.0042087093746799621 0.0014158677332077737 -0.0054937290055677296 0.005872517192808839 -0.00031775883675539698 0.006188563355964208 -5.9079418757132121e-05 -0.0056925203628474625 0.0063992021491332931 -0.0018630842702574474 -0.00029418697115033863 0.0021650125999698386 -0.0038399381983298358
leaf_weight=71 47 66 77 72 41 42 146 50 77 141 72 42 41 49 67 40 62 41
leaf_count=71 47 66 77 72 41 42 146 50 77 141 72 42 41 49 67 40 62 41
internal_value=0.000122415 -0.000510584 -0.000200338 -0.00143492 -0.00246753 0.000747641 0.00181938 -0.00148866 0.00295471 -0.00160364 0.00110086 0.0018277 -0.000419074 0.000624698 0.00181441 -0.00302668 7.29003e-05 -0.00192673
internal_weight=1244 759 693 301 254 392 265 127 223 213 485 333 152 261 178 81 129 83
internal_count=1244 759 693 301 254 392 265 127 223 213 485 333 152 261 178 81 129 83
cat_boundaries=0 1 2
cat_threshold=3 2
is_linear=0
shrinkage=0.05


Tree=244
num_leaves=18
num_cat=1
split_feature=3 6 11 5 5 5 11 0 2 5 2 5 5 11 9 2 5
split_gain=0.282421 0.391664 0.429082 0.285926 0.491923 0.176753 0.449563 0.264948 0.404927 0.231068 0.332967 0.326697 0.448196 0.304172 0.29239 0.225393 0.397393
threshold=0 8862.0000000000018 2425377558.3578057 3430.0000000000005 5264.0000000000009 2341.5000000000005 1754974690.8422458 841881.29408001842 717191.12107633066 3853.0000000000005 866108.93924456649 4282.0000000000009 4898.5000000000009 1995210395.6649454 1972.5000000000002 623959.94523397705 1309.5000000000002
decision_type=1 2 2 2 2 2 2 2 2 2 2 2 2 2 2 2 2
left_child=1 2 -1 -3 -5 7 -7 8 15 10 13 14 -13 -8 -11 -2 -17
right_child=5 3 -4 4 -6 6 9 -9 -10 11 -12 12 -14 -15 -16 16 -18
leaf_value=-0.0011851885528754323 -0.0019627632933076132 -0.0022936806243915972 -0.0078274292650166912 0.0061651015328243377 -0.0013788539361446464 -0.0035174585331545828 0.0010070051066577435 -0.0021691613947041333 0.0062738468793009372 -0.0055768370048867337 -0.00065747344062049625 0.0032385712883273225 -0.00047471322918172913 0.0066808854506519967 6.2006855125915501e-05 -0.0013146830006287649 0.0042102426168409805
leaf_weight=62 44 65 40 40 47 77 44 40 49 45 62 115 277 51 47 52 87
leaf_count=62 44 65 40 40 47 77 44 40 49 45 62 115 277 51 47 52 87
internal_value=0.000116295 -0.00134042 -0.00378999 0.000215189 0.00208963 0.000498541 9.23712e-05 0.00158904 0.002237 0.000526001 0.0021928 -1.46761e-05 0.000614643 0.00405298 -0.00269612 0.0011561 0.00214336
internal_weight=1244 254 102 152 87 990 718 272 232 641 157 484 392 95 92 183 139
internal_count=1244 254 102 152 87 990 718 272 232 641 157 484 392 95 92 183 139
cat_boundaries=0 1
cat_threshold=8
is_linear=0
shrinkage=0.05


Tree=245
num_leaves=16
num_cat=0
split_feature=7 1 10 10 2 9 7 6 10 6 9 2 9 1 9
split_gain=0.238355 0.321897 0.330382 0.29585 0.367311 0.326671 0.530459 0.507642 0.469434 0.411422 0.315338 0.448193 0.335141 0.175091 0.134319
threshold=6.5000000000000009 675591.77005089482 351.95000000000005 351.95000000000005 681908.35680202011 2000.5000000000002 2.5000000000000004 11883.000000000002 543.37500000000011 8213.0000000000018 1975.5000000000002 1358861.9073826324 1982.5000000000002 811997.56703822489 1962.5000000000002
decision_type=2 2 2 2 2 2 2 2 2 2 2 2 2 2 2
left_child=3 -2 -3 4 -1 8 -7 9 14 -8 11 -10 -12 -4 -5
right_child=1 2 13 5 -6 6 7 -9 10 -11 12 -13 -14 -15 -16
leaf_value=8.8899662452084674e-06 -0.0024808244007389724 0.0062172477463866734 -0.0006864481180767349 0.0016822924558073282 -0.0065652321704641678 0.0015118588822660968 -0.0028245786167681221 0.00011705213151539543 -0.0014533228447775092 -0.0094947375002490397 0.0049222664487566436 0.0039698700354035407 0.00026415923490253447 0.0034656444897463675 0.0055244465176340039
leaf_weight=42 41 43 62 45 43 75 50 56 410 43 51 42 159 43 46
leaf_count=42 41 43 62 45 43 75 50 56 410 43 51 42 159 43 46
internal_value=-0.000196373 0.00143963 0.00252571 -0.000487526 -0.00331684 -0.000241373 -0.00191767 -0.00364394 0.000257287 -0.00590863 -0.000205575 -0.000949398 0.00139541 0.00101393 0.00362448
internal_weight=1251 189 148 1062 85 977 224 149 753 93 662 452 210 105 91
internal_count=1251 189 148 1062 85 977 224 149 753 93 662 452 210 105 91
is_linear=0
shrinkage=0.05


Tree=246
num_leaves=17
num_cat=1
split_feature=5 9 9 9 5 0 6 10 4 5 5 10 10 11 11 9
split_gain=0.180947 0.34358 0.392885 0.31738 0.311242 0.213897 0.214327 0.743511 0.574008 0.264587 0.202541 0.195874 0.338539 0.880293 0.318863 0.344665
threshold=1417.0000000000002 1995.5000000000002 1988.5000000000002 1961.5000000000002 1075.5000000000002 819663.42659956194 9009.0000000000018 856.28571428571433 0 3823.0000000000005 4406.5000000000009 778.58333333333337 358.70000000000005 1290364715.6761122 1861490305.1663954 1960.5000000000002
decision_type=2 2 2 2 2 2 2 2 1 2 2 2 2 2 2 2
left_child=3 2 11 -1 -5 6 7 -3 9 -8 -7 12 -2 -14 -13 -16
right_child=1 5 -4 4 -6 10 8 -9 -10 -11 -12 14 13 -15 15 -17
leaf_value=-0.0054636478432194269 -0.0028353357505871029 -0.005098648867781528 0.0040321869086600041 0.0030456783535191788 -0.0028716504112817347 0.003320740295748692 0.0017891633124755965 0.0038556357760134402 -0.0078670847346074876 -0.003892902150982991 -0.001622386107784371 -0.0034026753620678761 0.008615660015216452 0.00054599994923408026 -0.0010821796918505844 0.0018584573595660789
leaf_weight=43 41 44 74 40 50 40 42 49 48 40 43 74 42 173 235 173
leaf_count=43 41 44 74 40 50 40 42 49 48 40 43 74 42 173 235 173
internal_value=-0.000186554 2.08524e-05 0.000558931 -0.00193002 -0.000241727 -0.00140699 -0.00221348 -0.0003808 -0.00352455 -0.000982576 0.000759843 0.000210664 0.00132839 0.0021224 -0.000382981 0.000164708
internal_weight=1251 1118 812 133 90 306 223 93 130 82 83 738 256 215 482 408
internal_count=1251 1118 812 133 90 306 223 93 130 82 83 738 256 215 482 408
cat_boundaries=0 1
cat_threshold=2
is_linear=0
shrinkage=0.05


Tree=247
num_leaves=13
num_cat=1
split_feature=11 8 9 9 11 6 6 5 11 4 6 2
split_gain=0.168613 0.601298 0.237158 0.445265 0.272633 0.24207 0.511877 0.413463 0.22193 0.219996 0.197394 0.157993
threshold=698778025.18448842 3.2500000000000004 1995.5000000000002 1988.5000000000002 979976411.40589082 9009.0000000000018 12734.000000000002 3823.0000000000005 1290364715.6761122 0 14720.500000000002 681908.35680202011
decision_type=2 2 2 2 2 2 2 2 2 1 2 2
left_child=1 -1 3 4 -2 11 7 -7 -6 -10 -8 -4
right_child=2 -3 5 -5 8 6 10 -9 9 -11 -12 -13
leaf_value=-0.0067971882852725686 -0.003244394536435219 0.0015849560858560323 0.0024189001549721548 0.0040164692033356868 0.0029729241315065557 -0.0016723552832798084 0.0027656678549564362 -0.0082364859723268041 -0.00071636790232076193 0.0011813723272551223 -0.0020265320870315748 -0.0010442449275451975
leaf_weight=40 58 46 57 78 71 49 44 47 390 251 42 78
leaf_count=40 58 46 57 78 71 49 44 47 390 251 42 78
internal_value=-0.000177226 -0.00231372 -1.95113e-05 0.000416661 5.20048e-05 -0.00118631 -0.00237629 -0.00488604 0.000320532 2.6741e-05 0.000425291 0.000417972
internal_weight=1251 86 1165 848 770 317 182 96 712 641 86 135
internal_count=1251 86 1165 848 770 317 182 96 712 641 86 135
cat_boundaries=0 1
cat_threshold=2
is_linear=0
shrinkage=0.05


Tree=248
num_leaves=15
num_cat=0
split_feature=7 0 0 10 2 9 7 6 5 10 11 9 2 2
split_gain=0.219955 0.25329 0.303025 0.235452 0.331947 0.249913 0.470021 0.456887 0.426877 0.396911 0.406711 0.319249 0.119168 0.0420153
threshold=6.5000000000000009 623747.9242224826 556708.52547526488 351.95000000000005 681908.35680202011 2000.5000000000002 2.5000000000000004 11883.000000000002 3781.5000000000005 543.37500000000011 1237461708.7759407 1970.5000000000002 701797.52207137598 884681.24447337526
decision_type=2 2 2 2 2 2 2 2 2 2 2 2 2 2
left_child=3 2 -2 4 -1 9 -7 8 -8 12 -11 -12 -5 -3
right_child=1 13 -4 5 -6 6 7 -9 -10 10 11 -13 -14 -15
leaf_value=0.0001894823741167784 0.0022155254636243567 0.0046381335763726389 -0.0031551339949146499 0.0050934886061282754 -0.0060601581613598174 0.0015335993551028272 -0.0086781244610949441 0.00024842231526106063 -0.0018933031581003558 -0.0039738148755322283 -0.00074712385864081127 0.001616054150410476 0.0014745125018008468 0.0023867539162639273
leaf_weight=42 58 40 48 46 43 75 49 56 44 65 360 237 45 43
leaf_count=42 58 40 48 46 43 75 49 56 44 65 360 237 45 43
internal_value=-0.000168365 0.00140323 -0.000216471 -0.000448055 -0.0029721 -0.000228461 -0.00169465 -0.00331961 -0.0054681 0.000207697 -0.000217912 0.000191022 0.00330389 0.00347176
internal_weight=1251 189 106 1062 85 977 224 149 93 753 662 597 91 83
internal_count=1251 189 106 1062 85 977 224 149 93 753 662 597 91 83
is_linear=0
shrinkage=0.05


Tree=249
num_leaves=14
num_cat=0
split_feature=7 8 1 11 10 9 9 7 7 10 11 9 9
split_gain=0.198509 0.292523 0.296096 0.485072 0.212496 0.237807 0.225546 0.424194 0.372028 0.358212 0.367056 0.288122 0.116103
threshold=6.5000000000000009 4.2500000000000009 688091.77602969261 2560104941.6836104 351.95000000000005 1977.5000000000002 2000.5000000000002 2.5000000000000004 4.5000000000000009 543.37500000000011 1237461708.7759407 1970.5000000000002 1962.5000000000002
decision_type=2 2 2 2 2 2 2 2 2 2 2 2 2
left_child=4 2 -2 -4 5 -1 9 -8 -9 12 -11 -12 -6
right_child=1 -3 3 -5 6 -7 7 8 -10 10 11 -13 -14
leaf_value=-0.0053169244258768032 -0.0030024298466742039 0.0049576740682146757 0.0060676180099835629 -0.0010647660398794639 0.0013330024128986732 -1.8387964228168134e-05 0.0014569194025049609 -0.0058078012535614631 -0.00080183053896114038 -0.0037751240480261351 -0.00070976764632279003 0.0015352514564091113 0.0049051252074802862
leaf_weight=45 47 43 40 59 45 40 75 70 79 65 360 237 46
leaf_count=45 47 43 40 59 45 40 75 70 79 65 360 237 46
internal_value=-0.000159947 0.00133307 0.000265543 0.00181701 -0.000425652 -0.0028235 -0.000217038 -0.00160992 -0.00315363 0.000197312 -0.000207016 0.000181471 0.00313869
internal_weight=1251 189 146 99 1062 85 977 224 149 753 662 597 91
internal_count=1251 189 146 99 1062 85 977 224 149 753 662 597 91
is_linear=0
shrinkage=0.05


Tree=250
num_leaves=23
num_cat=0
split_feature=6 5 5 2 8 10 2 2 6 10 6 2 10 10 10 11 11 6 9 0 10 2
split_gain=0.233406 0.454788 0.603706 0.284489 0.202167 0.322833 0.437737 0.379194 0.2818 0.484476 0.253598 0.481659 0.22607 0.174166 0.341675 0.355411 0.278287 0.22637 0.181735 0.164044 0.141996 0.110698
threshold=6545.0000000000009 4059.5000000000005 2368.0000000000005 708849.74897787033 3.2500000000000004 1135.8250000000003 727810.47144635057 866108.93924456649 13317.000000000002 573.40000000000009 13245.500000000002 723410.77324754675 2129.7500000000005 631.19642857142867 869.20238095238108 3485122491.9175296 1347269420.9811726 11530.500000000002 1990.5000000000002 552027.01918202371 1884.1666666666667 726762.73051669926
decision_type=2 2 2 2 2 2 2 2 2 2 2 2 2 2 2 2 2 2 2 2 2 2
left_child=1 2 3 19 5 6 8 -8 9 -2 11 20 -13 16 -15 18 -6 -17 -16 -1 -7 -4
right_child=4 -3 21 -5 13 10 7 -9 -10 -11 -12 12 -14 14 15 17 -18 -19 -20 -21 -22 -23
leaf_value=-0.0018018424720503393 0.0020766199792199062 0.0056181773904482937 -0.0010794896523448382 0.0050992105948624387 -0.00074133423211819984 0.0023273693444207312 0.0066783134542573765 0.0012418518363073753 0.003495397747028619 -0.0035247123366672741 0.0015643282770179214 -0.0075966244154587028 -0.0023132379981689157 0.0026988370188822351 -0.0010789329951426179 -0.006193742479378244 -0.0056273032504809556 -0.0012529548278755764 0.0027413806572763461 0.0024940854192245752 -0.0017669463227503004 -0.0045111687348640345
leaf_weight=40 66 49 47 57 68 45 54 79 40 93 60 41 40 63 101 49 51 44 45 50 40 47
leaf_count=40 66 49 47 57 68 45 54 79 40 93 60 41 40 63 101 49 51 44 45 50 40 47
internal_value=-1.89618e-05 0.00122695 0.000334127 0.00233528 -0.000388026 0.000236079 0.00122834 0.00344914 -0.000255907 -0.00119963 -0.00122158 -0.00222854 -0.00498754 -0.00121523 -0.000576844 -0.00144031 -0.00283532 -0.00385617 9.85609e-05 0.000584784 0.000400633 -0.00279533
internal_weight=1269 290 241 147 979 558 332 133 199 159 226 166 81 421 302 239 119 93 146 90 85 94
internal_count=1269 290 241 147 979 558 332 133 199 159 226 166 81 421 302 239 119 93 146 90 85 94
is_linear=0
shrinkage=0.05


Tree=251
num_leaves=17
num_cat=0
split_feature=6 5 5 5 7 1 10 2 0 0 2 1 6 0 2 6
split_gain=0.210648 0.410446 0.544844 0.275871 0.167562 0.352053 0.545693 0.387237 0.359654 0.343306 0.302073 0.335103 0.215357 0.155991 0.15419 0.104653
threshold=6545.0000000000009 4059.5000000000005 2368.0000000000005 1208.0000000000002 4.5000000000000009 1162692.8781822992 2129.7500000000005 811997.56703822489 656916.13163539825 1803305.4158322734 819559.94338626799 647728.45187070419 8646.0000000000018 578820.51469827525 741016.75041127799 4728.5000000000009
decision_type=2 2 2 2 2 2 2 2 2 2 2 2 2 2 2 2
left_child=1 2 3 -1 5 7 -7 8 12 10 11 -6 -2 -5 -13 -4
right_child=4 -3 15 13 9 6 -8 -9 -10 -11 -12 14 -14 -15 -16 -17
leaf_value=-0.0011500643106004181 -0.0026341066154844423 0.0053372684923209714 -0.00083865623184761328 0.0020804025338293287 -0.0027915350153982161 -0.0073761778434605482 0.00039062151641008403 0.0031881735638643691 -0.0049858545836973557 0.0042606113464571539 -0.0031672344769022483 0.00077662775866947208 0.00030879289607593525 0.0060607075184816494 0.0041574197413865475 -0.0041874643031726867
leaf_weight=43 82 49 43 64 62 49 42 65 49 50 68 215 257 40 40 51
leaf_count=43 82 49 43 64 62 49 42 65 49 50 68 215 257 40 40 51
internal_value=-1.80137e-05 0.0011656 0.000317421 0.00221851 -0.000368625 -0.000953565 -0.0037915 -0.000383471 -0.000981814 0.000362886 -0.000143313 0.000505352 -0.000403059 0.00361129 0.00130695 -0.00265556
internal_weight=1269 290 241 147 979 544 91 453 388 435 385 317 339 104 255 94
internal_count=1269 290 241 147 979 544 91 453 388 435 385 317 339 104 255 94
is_linear=0
shrinkage=0.05


Tree=252
num_leaves=15
num_cat=1
split_feature=10 5 10 6 0 4 11 11 0 6 8 6 11 6
split_gain=0.196931 0.44256 0.22194 0.29906 0.211073 0.621387 0.463737 0.676546 0.306637 0.1861 0.196357 0.17737 0.472645 0.330954
threshold=945.62500000000011 2078.0000000000005 877.73333333333346 3237.0000000000005 541721.52379552484 0 1290364715.6761122 994515333.43391526 1803305.4158322734 6439.5000000000009 4.7500000000000009 12708.000000000002 3209584788.3931065 9631.0000000000018
decision_type=2 2 2 2 2 1 2 2 2 2 2 2 2 2
left_child=2 -2 3 -1 5 -5 7 -6 -8 -3 11 13 -13 -11
right_child=1 9 -4 4 6 -7 8 -9 -10 10 -12 12 -14 -15
leaf_value=0.0043882950974096146 -0.0056222679160003158 0.0021928991448613958 0.0037792940940707927 0.0010102027755119313 0.00028216636364959414 -0.0066475525227656894 -0.0012857342188905205 0.0073199869028099307 0.0029858739892952148 0.00071005016589097841 -0.0033670969971792836 -0.0021460008778376506 0.0035147785005727032 -0.0026917698713886141
leaf_weight=42 42 66 50 69 96 43 263 53 50 142 58 64 87 144
leaf_count=42 42 66 50 69 96 43 263 53 50 142 58 64 87 144
internal_value=-1.7113e-05 -0.000671711 0.000575563 0.00031552 1.75124e-05 -0.00192983 0.000489595 0.00278555 -0.000603369 -0.000301081 -0.000633611 -0.000270815 0.00111551 -0.00100275
internal_weight=1269 603 666 616 574 112 462 149 313 561 495 437 151 286
internal_count=1269 603 666 616 574 112 462 149 313 561 495 437 151 286
cat_boundaries=0 1
cat_threshold=2
is_linear=0
shrinkage=0.05


Tree=253
num_leaves=20
num_cat=1
split_feature=10 5 1 5 5 9 0 10 9 1 4 9 10 1 10 10 5 1 5
split_gain=0.17773 0.39941 0.235731 0.351619 0.531229 0.53014 0.486911 0.435464 0.267225 0.212662 0.199161 0.173702 0.458829 0.497836 0.475087 0.306841 0.587451 0.535619 0.249303
threshold=945.62500000000011 2078.0000000000005 617762.19423717959 2037.5000000000002 1770.5000000000002 2010.5000000000002 689849.01867601613 583.41666666666686 1957.5000000000002 686100.41438497638 0 1981.5000000000002 1392.3333333333337 704990.47259519773 1817.0000000000002 1241.3000000000002 4395.5000000000009 710202.25717015762 4374.0000000000009
decision_type=2 2 2 2 2 2 2 2 2 2 1 2 2 2 2 2 2 2 2
left_child=2 -2 -1 4 6 7 10 9 -9 -5 -4 12 13 -3 -14 -13 -17 -18 -16
right_child=1 11 3 5 -6 -7 -8 8 -10 -11 -12 15 14 -15 18 16 17 -19 -20
leaf_value=-0.0028670135211754356 -0.0053411545342810099 -0.0010649096011659321 0.0012060824043855266 -0.0048515610268805177 0.0073754751134317287 -0.005206849993103081 -0.0028410469322412645 -0.00011909263640908258 0.0033443940257204181 -0.00038647194141958611 0.005166722057576947 -0.0041845947073133136 -0.0050235254641544692 0.0054153961179157105 -0.0023845080724533871 0.0038329541556915998 0.00089820595618722771 -0.0061635186262428768 0.0019260067578253091
leaf_weight=47 42 49 77 40 43 45 53 98 129 80 54 67 54 75 51 59 58 50 98
leaf_count=47 42 49 77 40 43 45 53 98 129 80 54 67 54 75 51 59 58 50 98
internal_value=-1.62573e-05 -0.000638125 0.000546785 0.000805991 0.00237199 -0.000100849 0.00120269 0.000561313 0.00184914 -0.00187483 0.00283871 -0.000286027 0.000458234 0.00285463 -0.00100557 -0.00132608 -0.000179256 -0.00237111 0.000450596
internal_weight=1269 603 666 619 227 392 184 347 227 120 131 561 327 124 203 234 167 108 149
internal_count=1269 603 666 619 227 392 184 347 227 120 131 561 327 124 203 234 167 108 149
cat_boundaries=0 1
cat_threshold=2
is_linear=0
shrinkage=0.05


Tree=254
num_leaves=24
num_cat=1
split_feature=6 6 9 2 9 10 8 7 9 11 2 9 6 10 3 10 11 10 8 2 0 11 11
split_gain=0.169974 0.304156 0.266044 0.260827 0.441332 0.363964 0.169444 0.482626 0.572712 0.412916 0.325339 0.286683 0.358793 0.32969 0.273665 0.338869 0.3062 0.435996 0.644762 0.622527 0.43572 0.235294 0.202449
threshold=6545.0000000000009 5934.5000000000009 1935.5000000000002 705434.07794821961 1991.5000000000002 560.04761904761915 2.7500000000000004 4.5000000000000009 1968.5000000000002 2835712194.4916158 688091.77602969261 1989.5000000000002 8916.5000000000018 1650.1666666666667 0 1560.6666666666667 3485122491.9175296 722.66666666666686 3.7500000000000004 696594.67995976855 1745126.0284832132 2950374833.9442372 3709499993.3399191
decision_type=2 2 2 2 2 2 2 2 2 2 2 2 2 2 1 2 2 2 2 2 2 2 2
left_child=1 2 -1 4 -4 -5 7 11 10 -10 -9 12 -2 -13 15 21 17 18 -16 -19 -18 -8 -14
right_child=6 -3 3 5 -6 -7 14 8 9 -11 -12 13 22 -15 16 -17 20 19 -20 -21 -22 -23 -24
leaf_value=0.0039030560269588382 -0.0035357108558528127 0.0043216322336280559 -0.0049595726593638506 0.0049781542492564768 0.0017984290583990517 -0.0013928008983687809 0.00052733535765472688 -0.0037963120266795158 0.0019148677728086146 0.0083892994003532378 0.0020477909992702983 -0.0066551736022186711 0.0027288651215317456 -0.00027484284481033683 -0.0077000623153767461 -0.0028165169097271493 -0.0076331630303605423 -0.0010292140432548794 6.0572119400603698e-05 0.0061264468201746546 -0.0011651291453745217 0.0053146409203431444 -0.0015319338510744274
leaf_weight=41 50 57 61 40 40 51 66 42 53 46 55 41 92 40 46 44 46 110 64 42 60 42 40
leaf_count=41 50 57 61 40 40 51 66 42 53 46 55 41 92 40 46 44 46 110 64 42 60 42 40
internal_value=-1.54445e-05 0.00104778 0.000246875 -0.000533872 -0.00228314 0.00140762 -0.000330392 0.000369752 0.00224785 0.00492319 -0.000482645 -0.0010299 7.13884e-05 -0.00350439 -0.000948404 0.00082773 -0.00165942 -0.000787134 -0.00318478 0.000948008 -0.00397201 0.00238907 0.00143771
internal_weight=1269 290 233 192 101 91 979 459 196 99 97 263 182 81 520 152 368 262 110 152 106 108 132
internal_count=1269 290 233 192 101 91 979 459 196 99 97 263 182 81 520 152 368 262 110 152 106 108 132
cat_boundaries=0 1
cat_threshold=1
is_linear=0
shrinkage=0.05


Tree=255
num_leaves=17
num_cat=1
split_feature=12 3 10 10 5 10 11 11 12 11 10 11 7 6 11 10
split_gain=0.272179 0.418732 0.386204 0.675963 0.344297 0.33708 0.654838 0.459498 0.418771 0.378752 0.457873 0.32958 0.322549 0.299811 0.227557 0.104131
threshold=24.500000000000004 0 695.04761904761915 1216.2 6206.5000000000009 509.75000000000006 1754974690.8422458 2884191781.5777311 57.500000000000007 719813326.64049304 351.95000000000005 1252915690.8467162 4.5000000000000009 12802.500000000002 2609883085.7750516 435.60000000000008
decision_type=2 1 2 2 2 2 2 2 2 2 2 2 2 2 2 2
left_child=1 12 -3 -4 5 9 8 14 -7 -2 -11 -10 -1 -9 -8 -12
right_child=4 2 3 -5 -6 6 7 13 11 10 15 -13 -14 -15 -16 -17
leaf_value=0.0015477640356755618 0.0039536391152068971 -0.0034523257012687514 0.005736291197565746 -0.002149857544019574 0.0037848564518970398 -0.0078630949887023727 0.0002966755530631622 -0.002915004219405212 0.00086976180983973405 -0.0037072857753194586 0.00011351776504239372 -0.0054718992783455182 0.0071528630952040363 0.00035464847371691752 0.0041977198910899466 0.0035932040881625446
leaf_weight=66 68 67 49 61 42 55 169 211 42 65 43 40 42 105 48 43
leaf_count=66 68 67 49 61 42 55 169 211 42 65 43 40 42 105 48 43
internal_value=-0.000224987 0.00112703 -0.000435128 0.00136306 -0.00063887 -0.000847865 -0.0014045 -0.000612006 -0.00448771 0.000855082 -0.000540295 -0.00222373 0.00341163 -0.00182857 0.00115958 0.00185336
internal_weight=1216 285 177 110 931 889 670 533 137 219 151 82 108 316 217 86
internal_count=1216 285 177 110 931 889 670 533 137 219 151 82 108 316 217 86
cat_boundaries=0 1
cat_threshold=3
is_linear=0
shrinkage=0.05


Tree=256
num_leaves=16
num_cat=1
split_feature=9 3 10 10 5 10 5 9 9 8 6 8 0 5 7
split_gain=0.245641 0.377905 0.348549 0.610057 0.310728 0.304215 0.452996 0.486606 0.44608 0.436082 0.422024 0.392204 0.446335 0.316479 0.291101
threshold=1999.5000000000002 0 695.04761904761915 1216.2 6206.5000000000009 509.75000000000006 2891.5000000000005 1966.5000000000002 1948.5000000000002 3.7500000000000004 5934.5000000000009 1.7500000000000002 564023.5249507291 5079.5000000000009 4.5000000000000009
decision_type=2 1 2 2 2 2 2 2 2 2 2 2 2 2 2
left_child=4 14 -3 -4 5 9 7 8 -7 11 -8 -1 -13 -12 -2
right_child=1 2 3 -5 -6 6 10 -9 -10 -11 13 12 -14 -15 -16
leaf_value=-0.00094340993133796886 0.0014703758981671523 -0.0032797094107841827 0.0054494766613506548 -0.0020423647016286849 0.003595613570152117 -0.0051152278723325152 -0.0052564092810549173 -0.0077117401403554069 0.0021741386133859435 -0.0023430187040652875 0.00076573701311809239 0.0078681346454212205 0.0008642998867435382 -0.0018481452072226499 0.0067952200326891173
leaf_weight=55 66 67 49 61 42 43 46 52 41 73 299 46 45 189 42
leaf_count=55 66 67 49 61 42 43 46 52 41 73 299 46 45 189 42
internal_value=-0.000213738 0.00107068 -0.000413371 0.00129491 -0.000606927 -0.000805472 -0.00133428 -0.00391048 -0.00155732 0.000812328 -0.000678163 0.00239 0.0044047 -0.000246607 0.00324105
internal_weight=1216 285 177 110 931 889 670 136 84 219 534 146 91 488 108
internal_count=1216 285 177 110 931 889 670 136 84 219 534 146 91 488 108
cat_boundaries=0 1
cat_threshold=3
is_linear=0
shrinkage=0.05


Tree=257
num_leaves=12
num_cat=0
split_feature=11 9 5 7 10 10 11 11 10 11 5
split_gain=0.228584 0.283126 0.411097 0.267998 0.228883 0.196036 0.1926 0.212507 0.477687 0.24984 0.15408
threshold=554372462.54267871 2003.5000000000002 6206.5000000000009 4.5000000000000009 657.33333333333337 1301.1250000000002 8532879060.3654881 1770012295.4695528 509.75000000000006 2884191781.5777311 4977.5000000000009
decision_type=2 2 2 2 2 2 2 2 2 2 2
left_child=-1 2 6 5 -5 -3 7 8 -2 -9 -7
right_child=1 3 -4 4 -6 10 -8 9 -10 -11 -12
leaf_value=0.0030734023882770072 0.00011652947255482247 -0.0029193302616477013 0.0039930344691542401 0.0010319619232581722 0.0058900655956346205 0.0034001514693954961 -0.003769621741549488 0.00097014189209133808 -0.0038950404051226136 -0.001178152971705774 -0.00098846702836453927
leaf_weight=51 152 45 44 54 44 40 57 253 145 291 40
leaf_count=51 152 45 44 54 44 40 57 253 145 291 40
internal_value=-0.000203051 -0.000346484 -0.000725732 0.00125554 0.00321315 -0.00027922 -0.000956941 -0.000766308 -0.00184198 -0.000179038 0.00120584
internal_weight=1216 1165 942 223 98 125 898 841 297 544 80
internal_count=1216 1165 942 223 98 125 898 841 297 544 80
is_linear=0
shrinkage=0.05


Tree=258
num_leaves=12
num_cat=0
split_feature=11 9 5 11 11 5 11 10 5 5 0
split_gain=0.206297 0.255521 0.371015 0.173821 0.207881 0.282665 0.219793 0.145615 0.467064 0.331333 0.163406
threshold=554372462.54267871 2003.5000000000002 6206.5000000000009 8532879060.3654881 5072645352.3642015 4074.0000000000005 4172380139.9289713 2466.7500000000005 4898.5000000000009 3359.0000000000005 572600.24644636794
decision_type=2 2 2 2 2 2 2 2 2 2 2
left_child=-1 2 3 4 6 -6 -2 8 9 10 -3
right_child=1 7 -4 -5 5 -7 -8 -9 -10 -11 -12
leaf_value=0.0029197322775372397 -0.00077742102542077522 0.0045942022535018631 0.0037933827454253335 -0.0035811406854344046 -0.0011044342303648592 0.0046050249405841272 -0.0043441244158083986 -0.0014213370652003 0.0061017358279291624 -0.0027629026866359814 7.4717506067827356e-05
leaf_weight=51 708 40 44 57 46 41 46 43 47 53 40
leaf_count=51 708 40 44 57 46 41 46 43 47 53 40
internal_value=-0.000192898 -0.00032916 -0.000689446 -0.000909094 -0.000727993 0.00158623 -0.000995018 0.00119277 0.00181725 0.00030318 0.00233446
internal_weight=1216 1165 942 898 841 87 754 223 180 133 80
internal_count=1216 1165 942 898 841 87 754 223 180 133 80
is_linear=0
shrinkage=0.05


Tree=259
num_leaves=11
num_cat=0
split_feature=11 5 9 11 10 10 11 5 2 2
split_gain=0.188953 0.223318 0.284002 0.404757 0.332651 0.413729 0.258894 0.241729 0.285215 0.0674794
threshold=666055340.75597322 1417.0000000000002 1992.5000000000002 6802506717.9460115 351.95000000000005 491.75000000000006 1770012295.4695528 2050.5000000000005 737853.27408856654 675224.47328238969
decision_type=2 2 2 2 2 2 2 2 2 2
left_child=9 -2 4 7 -3 -6 -7 -4 -9 -1
right_child=1 2 3 -5 5 6 -8 8 -10 -11
leaf_value=0.0036109443462919444 -0.0033184346620691941 -0.0050404314197380921 0.0039302503054098386 0.0056979033232825559 0.0035117297685549908 -0.002935511976218305 -0.00035523077323524151 0.00077860873140808608 -0.0031774602005960511 0.00072441355597863838
leaf_weight=40 60 42 41 41 60 119 531 180 61 41
leaf_count=40 60 42 41 41 60 119 531 180 61 41
internal_value=-0.000183254 -0.000349758 -0.000184064 0.00105597 -0.000716686 -0.000460915 -0.000827621 0.000381081 -0.00022272 0.00214986
internal_weight=1216 1135 1075 323 752 710 650 282 241 81
internal_count=1216 1135 1075 323 752 710 650 282 241 81
is_linear=0
shrinkage=0.05


Tree=260
num_leaves=17
num_cat=2
split_feature=10 11 3 2 11 10 11 1 11 11 2 2 11 11 4 5
split_gain=0.208252 0.14392 0.220645 0.401187 0.455187 0.281034 0.348092 0.326399 0.323565 0.498081 0.303551 0.241307 0.227113 0.273708 0.18783 0.0505605
threshold=5209.0000000000009 8532879060.3654881 0 681908.35680202011 1033991313.6455656 460.58333333333343 719813326.64049304 712108.83043039031 2862654389.4475484 3209584788.3931065 701797.52207137598 625043.21099097666 2238902583.1300516 1439639600.1146455 1 5434.0000000000009
decision_type=2 2 1 2 2 2 2 2 2 2 2 2 2 2 1 2
left_child=1 2 3 4 -1 6 -4 -8 10 -10 -7 -6 13 -5 -14 -3
right_child=-2 15 5 12 11 8 7 -9 9 -11 -12 -13 14 -15 -16 -17
leaf_value=0.0037872436420951527 0.0037871102360077201 -0.00069049243549151092 0.0012331140979837914 0.0019291563432489057 0.00069031066128185823 0.0024888453054602278 -0.0064005026893158047 -0.00092623564766122497 -0.0058173880416333033 4.0015539758145638e-05 -0.00092221580455269746 -0.0034641336634634967 0.00012723021862036157 0.0074919915193033112 0.0037225478735159745 -0.0031743577239103614
leaf_weight=46 40 42 52 48 56 195 56 53 46 172 98 93 107 41 55 40
leaf_count=46 40 42 52 48 56 195 56 53 46 172 98 93 107 41 55 40
internal_value=0.000238044 0.000119742 0.000268037 0.00111586 -0.000560481 -0.000306695 -0.0021329 -0.0037387 0.000262682 -0.00119595 0.00134794 -0.00190273 0.00246265 0.00449181 0.00134786 -0.00190213
internal_weight=1240 1200 1118 446 195 672 161 109 511 218 293 149 251 89 162 82
internal_count=1240 1200 1118 446 195 672 161 109 511 218 293 149 251 89 162 82
cat_boundaries=0 1 2
cat_threshold=4 2
is_linear=0
shrinkage=0.05


Tree=261
num_leaves=19
num_cat=0
split_feature=10 6 7 1 10 10 9 6 6 1 6 0 6 1 7 9 7 9
split_gain=0.187947 0.173084 0.342473 0.300158 0.729338 0.599681 0.411345 0.237034 0.257133 0.23687 0.297318 0.398065 0.288548 0.260641 0.741356 0.446847 0.229891 0.124234
threshold=5209.0000000000009 13138.500000000002 5.5000000000000009 686100.41438497638 590.70833333333337 573.40000000000009 1960.5000000000002 14085.000000000002 15289.000000000002 710202.25717015762 10019.000000000002 746678.92179829499 11478.500000000002 676077.05414205592 3.5000000000000004 1941.5000000000002 4.5000000000000009 1973.5000000000002
decision_type=2 2 2 2 2 2 2 2 2 2 2 2 2 2 2 2 2 2
left_child=1 2 9 5 6 -4 -5 -3 -9 13 11 -11 -12 15 -15 -1 -10 -6
right_child=-2 7 3 4 17 -7 -8 8 16 10 12 -13 -14 14 -16 -17 -18 -19
leaf_value=0.0047102671994182933 0.003597754663787782 -0.0034658080432564023 -0.0070729186339303848 0.0066582434095169719 -0.0054913067142479122 0.0010848957886237926 0.00044430139379600365 0.0024356148285733072 -0.0040243703925516459 -0.0046685909145864953 0.0050536053361492639 0.00032467236751472229 -0.00040775866421195218 0.0003708739980841832 0.0069809291940672626 -0.0006169108227626522 0.00074676594824767584 -0.0016616161886809603
leaf_weight=52 40 73 50 41 40 41 76 64 50 58 46 128 51 96 76 162 51 45
leaf_count=52 40 73 50 41 40 41 76 64 50 58 46 128 51 96 76 162 51 45
internal_value=0.000226142 0.000113754 0.000412436 -0.00101309 6.10391e-05 -0.00339742 0.00262184 -0.00109352 -4.39643e-05 0.00103677 -6.20143e-05 -0.00123237 0.00218217 0.00184235 0.0032916 0.000677544 -0.00161518 -0.00346382
internal_weight=1240 1200 962 293 202 91 117 238 165 669 283 186 97 386 172 214 101 85
internal_count=1240 1200 962 293 202 91 117 238 165 669 283 186 97 386 172 214 101 85
is_linear=0
shrinkage=0.05


Tree=262
num_leaves=18
num_cat=0
split_feature=10 6 7 5 5 1 10 5 5 12 12 5 12 1 2 6 6
split_gain=0.169622 0.156208 0.309082 0.275532 0.301539 0.270893 0.658228 0.580085 0.373535 0.371239 0.221834 0.338349 0.233761 0.211346 0.371414 0.302452 0.0830535
threshold=5209.0000000000009 13138.500000000002 5.5000000000000009 1417.0000000000002 1104.0000000000002 686100.41438497638 590.70833333333337 3430.0000000000005 5145.0000000000009 63.500000000000007 47.500000000000007 4224.0000000000009 75.500000000000014 710202.25717015762 677772.907508748 6025.0000000000009 15289.000000000002
decision_type=2 2 2 2 2 2 2 2 2 2 2 2 2 2 2 2 2
left_child=1 2 3 4 -1 7 9 -4 -8 -7 16 -12 -13 14 -5 -15 -3
right_child=-2 10 5 13 -6 6 8 -9 -10 -11 11 12 -14 15 -16 -17 -18
leaf_value=0.0010835720391836592 0.0034178669750690466 0.0018143548814964199 -0.0071759610345749104 0.00086395928319114705 -0.0045404764707200227 0.0004220863101133881 -0.0068062549573369331 0.00080860579800274646 -0.0001656345487572253 0.0063253313754458073 -0.0060536068106113484 -0.0034012973314242034 0.0017647312656837576 -0.0030317662143201202 0.00435657095765387 0.0012098567521318868 -0.0010166735843416643
leaf_weight=52 40 63 46 190 44 76 40 45 45 41 43 41 47 53 127 203 44
leaf_count=52 40 63 46 190 44 76 40 45 45 41 43 41 47 53 127 203 44
internal_value=0.000214835 0.000108067 0.000391814 0.000984931 -0.00149412 -0.000962435 5.79871e-05 -0.00322755 -0.00329063 0.00249074 -0.00103885 -0.00241844 -0.000642168 0.00140027 0.00226321 0.000331708 0.000650194
internal_weight=1240 1200 962 669 96 293 202 91 85 117 238 131 88 573 317 256 107
internal_count=1240 1200 962 669 96 293 202 91 85 117 238 131 88 573 317 256 107
is_linear=0
shrinkage=0.05


Tree=263
num_leaves=17
num_cat=1
split_feature=7 12 12 6 6 11 2 11 3 8 2 12 6 0 12 12
split_gain=0.142952 0.720841 0.466605 0.378869 0.520505 0.281997 0.453419 0.327904 0.2983 0.3638 0.518628 0.261597 0.427538 0.380817 0.253235 0.218877
threshold=2.5000000000000004 33.500000000000007 52.500000000000007 10478.500000000002 7219.0000000000009 6442868026.3830194 1318982.846616158 4422810722.83319 0 2.2500000000000004 681908.35680202011 31.500000000000004 11048.000000000002 556708.52547526488 84.500000000000014 17.500000000000004
decision_type=2 2 2 2 2 2 2 2 1 2 2 2 2 2 2 2
left_child=1 15 -3 4 -4 7 -7 8 11 10 -10 13 -13 -2 -11 -1
right_child=5 2 3 -5 -6 6 -8 -9 9 14 -12 12 -14 -15 -16 -17
leaf_value=0.0024836323766547416 0.0022012999158440446 -0.004010407247294027 0.0021184616511163768 0.0037212157339712431 -0.0046525898229732533 -0.0062874383131123106 0.00035983383944579239 0.0037109910861634816 -0.0078567792291075675 -0.001006461499418026 -0.00060277860362215768 0.0031286897643317542 -0.00089427229039193618 -0.0031091853987206433 0.0034035333168193158 0.0071974318974357826
leaf_weight=53 56 65 64 73 51 46 58 61 44 158 56 178 105 85 41 46
leaf_count=53 56 65 64 73 51 46 58 61 44 158 56 178 105 85 41 46
internal_value=0.000204093 0.00105678 -0.00035861 0.00090398 -0.000884352 -0.000133909 -0.00258031 0.000190613 -0.000106403 -0.00129104 -0.00379454 0.000741936 0.00163607 -0.00100006 -9.78696e-05 0.00467388
internal_weight=1240 352 253 188 115 888 104 784 723 299 100 424 283 141 199 99
internal_count=1240 352 253 188 115 888 104 784 723 299 100 424 283 141 199 99
cat_boundaries=0 1
cat_threshold=12
is_linear=0
shrinkage=0.05


Tree=264
num_leaves=17
num_cat=1
split_feature=10 11 8 3 1 11 9 9 10 11 10 9 8 10 8 11
split_gain=0.147089 0.109667 0.246686 0.189044 0.326025 0.467364 0.287666 0.638698 0.242365 0.307932 0.504634 0.376183 0.267819 0.27438 0.206451 0.20124
threshold=5209.0000000000009 8532879060.3654881 2.7500000000000004 0 681908.35680202011 1033991313.6455656 1935.5000000000002 1956.5000000000002 520.41666666666686 2862654389.4475484 913.75000000000011 1999.5000000000002 3.2500000000000004 334.29761904761909 1.7500000000000002 2524889927.1105895
decision_type=2 2 2 1 2 2 2 2 2 2 2 2 2 2 2 2
left_child=1 3 -3 4 5 -1 -6 -8 12 11 -11 -10 14 -14 -5 -7
right_child=-2 2 -4 8 6 15 7 -9 9 10 -12 -13 13 -15 -16 -17
leaf_value=0.003946872541845634 0.003176589710492408 -0.0044129121208154572 0.0010719453893238452 -0.002488878294032939 -0.0016621650809921871 -0.0036104655356029984 0.008284798325886104 0.0015419224457615911 0.00034963024741349125 -0.0052287797285576485 0.000313818883563573 0.0047024399937631994 -0.001029588449962957 -0.0066458270149517126 0.0020630070865527675 0.00016769125728705337
leaf_weight=44 40 41 41 47 41 80 44 174 210 56 154 65 43 44 53 63
leaf_count=44 40 41 41 47 41 80 44 174 210 56 154 65 43 44 53 63
internal_value=0.000193888 9.44648e-05 -0.00167048 0.000223915 0.00100892 -0.000559413 0.00218022 0.00290287 -0.000307521 0.00027752 -0.00116421 0.00137848 -0.00184132 -0.00386998 -7.6379e-05 -0.00194596
internal_weight=1240 1200 82 1118 446 187 259 218 672 485 210 275 187 87 100 143
internal_count=1240 1200 82 1118 446 187 259 218 672 485 210 275 187 87 100 143
cat_boundaries=0 1
cat_threshold=4
is_linear=0
shrinkage=0.05


Tree=265
num_leaves=12
num_cat=1
split_feature=11 9 6 6 4 5 9 6 7 7 1
split_gain=0.344833 0.258133 0.222725 0.212319 0.233591 0.319827 0.403695 0.25437 0.351238 0.273823 0.203035
threshold=7989080001.0801764 1952.5000000000002 15289.000000000002 14240.000000000002 0 5756.5000000000009 1965.5000000000002 6318.0000000000009 4.5000000000000009 2.5000000000000004 688091.77602969261
decision_type=2 2 2 2 1 2 2 2 2 2 2
left_child=2 -2 3 4 5 6 -1 8 -6 -9 -4
right_child=1 -3 10 -5 7 -7 -8 9 -10 -11 -12
leaf_value=0.0023167385608797229 0.0058341261558234698 0.00083677677361116028 -0.00036831516691288632 0.0031209285175000149 0.0033329406995252367 -0.0034170445509953428 -0.00048250801523358358 -0.0043706427047188147 -0.0024507626140904096 -0.0009874785707592417 -0.0052860917074878406
leaf_weight=233 40 73 43 49 63 50 288 82 45 221 41
leaf_count=233 40 73 43 49 63 50 288 82 45 221 41
internal_value=-2.61735e-05 0.00260575 -0.000292907 -9.11964e-05 -0.000251476 0.000402777 0.000769362 -0.00116042 0.000923064 -0.00190305 -0.00276866
internal_weight=1228 113 1115 1031 982 571 521 411 108 303 84
internal_count=1228 113 1115 1031 982 571 521 411 108 303 84
cat_boundaries=0 1
cat_threshold=2
is_linear=0
shrinkage=0.05


Tree=266
num_leaves=10
num_cat=0
split_feature=11 9 5 5 9 9 9 9 8
split_gain=0.311211 0.232965 0.15359 0.1682 0.321829 0.151421 0.316298 0.254131 0.21518
threshold=7989080001.0801764 1952.5000000000002 971.00000000000011 1619.0000000000002 1965.5000000000002 2010.5000000000002 2005.5000000000002 2000.5000000000002 3.2500000000000004
decision_type=2 2 2 2 2 2 2 2 2
left_child=2 -2 -1 4 -4 6 7 -5 -7
right_child=1 -3 3 5 -6 8 -8 -9 -10
leaf_value=-0.0030153855320294294 0.0055424197716638446 0.00079493780862795172 0.0045308378402073432 -0.00014050510308177459 -0.00054529138540505969 -0.0044179362745709579 0.0037813599927782587 -0.0035268759111932017 8.7612730292779091e-05
leaf_weight=49 40 73 53 723 76 53 48 60 53
leaf_count=49 40 73 53 723 76 53 48 60 53
internal_value=-2.48648e-05 0.00247546 -0.000278261 -0.000152446 0.00154025 -0.000385485 -0.000158475 -0.000399997 -0.00216516
internal_weight=1228 113 1115 1066 129 937 831 783 106
internal_count=1228 113 1115 1066 129 937 831 783 106
is_linear=0
shrinkage=0.05


Tree=267
num_leaves=11
num_cat=1
split_feature=11 6 6 4 5 2 6 10 6 9
split_gain=0.286482 0.160783 0.20387 0.166946 0.277743 0.337518 0.256477 0.501444 0.464468 0.0849544
threshold=9002031406.3010159 15289.000000000002 14274.000000000002 0 5756.5000000000009 1296072.9129802992 11376.500000000002 1034.3000000000002 12802.500000000002 1982.5000000000002
decision_type=2 2 2 1 2 2 2 2 2 2
left_child=1 2 3 4 5 -1 7 -5 -8 -3
right_child=-2 9 -4 6 -6 -7 8 -9 -10 -11
leaf_value=0.0010956181281767481 0.0029707329981029035 -0.0036527683668560827 0.0031375491800038923 -0.0017489637593918383 -0.003219456089194864 -0.0030369269043545831 -0.006169609485292122 0.0024060873395849386 0.00027116664007983428 -0.0005682006483988428
leaf_weight=486 75 49 48 197 50 55 57 115 55 41
leaf_count=486 75 49 48 197 50 55 57 115 55 41
internal_value=-2.36216e-05 -0.000218397 -4.65949e-05 -0.000197175 0.000345967 0.000675489 -0.000954244 -0.000217455 -0.00300673 -0.00224758
internal_weight=1228 1153 1063 1015 591 541 424 312 112 90
internal_count=1228 1153 1063 1015 591 541 424 312 112 90
cat_boundaries=0 1
cat_threshold=2
is_linear=0
shrinkage=0.05


Tree=268
num_leaves=9
num_cat=0
split_feature=11 9 6 6 2 6 2 2
split_gain=0.261034 0.211627 0.180457 0.170692 0.200879 0.306834 0.277747 0.102599
threshold=7989080001.0801764 1952.5000000000002 15289.000000000002 14240.000000000002 1250500.3859040069 13079.500000000002 1074979.9535577933 679627.29004813975
decision_type=2 2 2 2 2 2 2 2
left_child=2 -2 3 4 5 6 -1 -4
right_child=1 -3 7 -5 -6 -7 -8 -9
leaf_value=5.4472137101418898e-05 0.0051905914791859692 0.00066574923821712201 -0.00077667559962719685 0.0028071377402627655 -0.0026344091436955371 -0.0029817876918094024 0.0040126800753840031 -0.0042725425588730839
leaf_weight=777 40 73 43 49 79 79 47 41
leaf_count=777 40 73 43 49 79 79 47 41
internal_value=-2.24405e-05 0.00226746 -0.000254511 -7.29476e-05 -0.000216659 -5.13889e-06 0.000280244 -0.00248299
internal_weight=1228 113 1115 1031 982 903 824 84
internal_count=1228 113 1115 1031 982 903 824 84
is_linear=0
shrinkage=0.05


Tree=269
num_leaves=10
num_cat=1
split_feature=11 5 5 9 4 1 5 2 5
split_gain=0.239499 0.145559 0.139964 0.289859 0.153588 0.364957 0.424069 0.23506 0.220203
threshold=9002031406.3010159 971.00000000000011 1619.0000000000002 1965.5000000000002 0 1187518.3577207474 5850.5000000000009 598258.52362324181 3577.0000000000005
decision_type=2 2 2 2 1 2 2 2 2
left_child=1 -1 3 -3 7 6 -6 -4 -9
right_child=-2 2 4 -5 5 -7 -8 8 -10
leaf_value=-0.0028660278292182758 0.002716511388619741 0.0043048614398839904 0.0038859936508077496 -0.00051254499918094987 -0.0022432796546509701 0.0031008043901083319 0.0030032226598863915 0.0011337198447762874 -0.00091897498323959513
leaf_weight=49 75 53 41 76 309 47 44 228 306
leaf_count=49 75 53 41 76 309 47 44 228 306
internal_value=-2.13185e-05 -0.000199408 -8.10526e-05 0.0014667 -0.000285832 -0.00103823 -0.00158932 0.000237578 -4.25435e-05
internal_weight=1228 1153 1104 129 975 400 353 575 534
internal_count=1228 1153 1104 129 975 400 353 575 534
cat_boundaries=0 1
cat_threshold=2
is_linear=0
shrinkage=0.05


Tree=270
num_leaves=15
num_cat=0
split_feature=5 10 9 9 1 9 11 1 1 10 9 11 11 6
split_gain=0.403009 0.292227 0.226543 0.666915 0.180651 0.24115 0.753094 0.240247 0.650931 0.31002 0.222182 0.251249 0.236301 0.192096
threshold=1619.0000000000002 187.90476190476193 1960.5000000000002 1985.5000000000002 1393513.8717971111 1953.5000000000002 4305681603.701848 679627.29004813975 726762.73051669926 772.25000000000011 1958.5000000000002 3195248590.6646457 2913261586.1681685 8156.5000000000009
decision_type=2 2 2 2 2 2 2 2 2 2 2 2 2 2
left_child=1 -1 -3 -4 5 6 7 9 -9 -2 -7 12 -12 -13
right_child=4 2 3 -5 -6 10 -8 8 -10 -11 11 13 -14 -15
leaf_value=-0.001289263362238227 0.0045571772525917096 0.0062502100231482637 -0.0028578375425422566 0.0057662031120237186 0.0021291591922442117 0.0033689376955129665 -0.0062544854705347055 -0.0050639022064084809 0.0016363888402861763 -0.00066991855494199777 -0.0004334441294749342 0.0043069232263535798 -0.0043461925138957632 0.00052857352851217712
leaf_weight=43 46 47 40 51 75 49 67 72 73 74 376 42 43 169
leaf_count=43 46 47 40 51 75 49 67 72 73 74 376 42 43 169
internal_value=0.000125548 0.00230986 0.00343132 0.00197542 -0.000238504 -0.000414147 -0.00151849 -0.000321088 -0.00169065 0.0013338 0.000125827 -0.000126415 -0.000834991 0.00128066
internal_weight=1267 181 138 91 1086 1011 332 265 145 120 679 630 419 211
internal_count=1267 181 138 91 1086 1011 332 265 145 120 679 630 419 211
is_linear=0
shrinkage=0.05


Tree=271
num_leaves=11
num_cat=0
split_feature=5 5 9 9 5 1 11 9 1 6
split_gain=0.363715 0.215025 0.283414 0.438013 0.163185 0.185143 0.226747 0.232018 0.1923 0.184439
threshold=1619.0000000000002 1001.0000000000001 1960.5000000000002 1985.5000000000002 1770.5000000000002 1393513.8717971111 6442868026.3830194 1954.5000000000002 884681.24447337526 9846.5000000000018
decision_type=2 2 2 2 2 2 2 2 2 2
left_child=1 -1 -3 -4 -2 6 8 -8 9 -6
right_child=4 2 3 -5 5 -7 7 -9 -10 -11
leaf_value=-0.00048382815966417766 -0.0033608122350415217 0.0067305339205010646 -0.0019005993256605296 0.0051953855224631052 -0.0010259380563186458 0.0023041561573139721 -0.0054128052825789634 -0.00063736074353887967 0.0025117211141691045 0.00049796510423908422
leaf_weight=53 40 41 43 44 385 74 41 67 69 410
leaf_count=53 40 41 43 44 385 74 41 67 69 410
internal_value=0.00011927 0.00219437 0.00330331 0.00168817 -0.000226579 -0.000106723 -0.000290267 -0.00245026 -2.02682e-05 -0.000240026
internal_weight=1267 181 128 87 1086 1046 972 108 864 795
internal_count=1267 181 128 87 1086 1046 972 108 864 795
is_linear=0
shrinkage=0.05


Tree=272
num_leaves=11
num_cat=0
split_feature=5 10 9 9 5 10 6 11 5 2
split_gain=0.328253 0.250756 0.188272 0.559459 0.147275 0.209426 0.354858 0.231951 0.364391 0.190725
threshold=1619.0000000000002 187.90476190476193 1960.5000000000002 1985.5000000000002 1770.5000000000002 469.14285714285717 8028.5000000000009 1318085874.5225561 2540.0000000000005 1393513.8717971111
decision_type=2 2 2 2 2 2 2 2 2 2
left_child=1 -1 -3 -4 -2 6 -6 -7 -9 -10
right_child=4 2 3 -5 5 7 -8 8 9 -11
leaf_value=-0.0012493223092670358 -0.0031927716510836038 0.0056932711012740722 -0.0026305414357921109 0.005268234464650353 -0.0014075449776525301 -0.0034618261020763646 0.0044058905718552454 0.0045194557571085169 -0.00055190292490459947 0.0026624651597242574
leaf_weight=43 40 47 40 51 45 56 63 40 793 49
leaf_count=43 40 47 40 51 45 56 63 40 793 49
internal_value=0.000113307 0.00208465 0.00312349 0.00179625 -0.00021525 -0.000101387 0.00198363 -0.000341452 -0.000143333 -0.000364843
internal_weight=1267 181 138 91 1086 1046 108 938 882 842
internal_count=1267 181 138 91 1086 1046 108 938 882 842
is_linear=0
shrinkage=0.05


Tree=273
num_leaves=23
num_cat=0
split_feature=11 6 6 6 9 6 9 10 6 6 6 6 11 11 8 9 10 2 9 9 2 7
split_gain=0.184961 0.464757 0.418936 0.173671 0.522885 0.289033 0.37574 0.252542 0.198389 0.156578 0.263531 0.416941 0.346902 0.284258 0.339127 0.293533 0.271266 0.247262 0.305406 0.152918 0.115331 0.0823951
threshold=1868468150.49173 10820.000000000002 13079.500000000002 7296.5000000000009 1953.5000000000002 6647.0000000000009 1972.5000000000002 543.37500000000011 9150.5000000000018 15697.000000000002 10070.500000000002 8822.0000000000018 8702913753.4405079 3195248590.6646457 2.7500000000000004 1978.5000000000002 1125.6250000000002 1187518.3577207474 1942.5000000000002 1999.5000000000002 695322.11860512674 4.5000000000000009
decision_type=2 2 2 2 2 2 2 2 2 2 2 2 2 2 2 2 2 2 2 2 2 2
left_child=1 3 21 5 -5 6 7 -1 -6 10 11 17 13 15 -15 -12 -13 18 -2 -8 -11 -3
right_child=9 2 -4 4 8 -7 19 -9 -10 20 12 16 -14 14 -16 -17 -18 -19 -20 -21 -22 -23
leaf_value=0.0049178556246726318 -0.0049338899552822113 0.0071887694662663999 -0.00048954835118249413 -0.0058520793671616254 -0.0016890206223739903 0.0045975644913751907 -0.0046892743569049173 -0.00041204390429851157 0.0031451283276758414 -0.00015826009997598281 -0.0004486365227548536 0.0061329828390047298 -0.0054134496226906775 0.0033145575057432959 -0.0014624755148885445 -0.0047924391563791578 0.00058089594160926278 0.0021185429053730332 -0.00038978669229137097 -0.00034397890791296962 0.0035920342191962935 0.0040188821032643316
leaf_weight=43 48 41 43 45 41 41 41 46 44 41 86 44 50 66 85 71 44 64 161 40 41 41
leaf_count=43 48 41 43 45 41 41 41 46 44 41 86 44 50 66 85 71 44 64 161 40 41 41
internal_value=0.000107641 0.000899678 0.00350771 -5.63439e-05 -0.00149391 0.000829358 -7.94449e-05 0.00216308 0.000813362 -0.000353144 -0.000589225 0.000364031 -0.00155047 -0.000923362 0.000625499 -0.00241303 0.00335694 -0.000600717 -0.00143341 -0.00254345 0.00171689 0.00560383
internal_weight=1267 466 125 341 130 211 170 89 85 801 719 361 358 308 151 157 88 273 209 81 82 82
internal_count=1267 466 125 341 130 211 170 89 85 801 719 361 358 308 151 157 88 273 209 81 82 82
is_linear=0
shrinkage=0.05


Tree=274
num_leaves=10
num_cat=0
split_feature=5 10 1 5 10 6 11 5 1
split_gain=0.282018 0.230899 0.186877 0.134939 0.175476 0.320722 0.214966 0.314076 0.199504
threshold=1619.0000000000002 187.90476190476193 695322.11860512674 1770.5000000000002 469.14285714285717 8028.5000000000009 1318085874.5225561 2540.0000000000005 1393513.8717971111
decision_type=2 2 2 2 2 2 2 2 2
left_child=1 -1 -3 -2 5 -5 -6 -8 -9
right_child=3 2 -4 4 6 -7 7 8 -10
leaf_value=-0.0012697429212113454 -0.0030523812171304602 0.004713742079665806 0.0010322800802706337 -0.001408681750504507 -0.0033169925412429233 0.0041180629534499037 0.004206605713116005 -0.00054683191106243438 0.0023784195324258201
leaf_weight=43 40 71 67 45 56 63 40 779 63
leaf_count=43 40 71 67 45 56 63 40 779 63
internal_value=0.000102259 0.0019295 0.00292637 -0.000202281 -9.32903e-05 0.00181525 -0.000313037 -0.00012231 -0.000327959
internal_weight=1267 181 138 1086 1046 108 938 882 842
internal_count=1267 181 138 1086 1046 108 938 882 842
is_linear=0
shrinkage=0.05


Tree=275
num_leaves=11
num_cat=0
split_feature=11 8 0 11 10 0 10 6 0 0
split_gain=0.206651 0.634747 0.600166 0.371317 0.291896 0.266753 0.214814 0.181446 0.168233 0.160863
threshold=7792839864.1760426 3.2500000000000004 1803305.4158322734 5155975088.6287642 2129.7500000000005 598799.44123857131 1476.3750000000002 11681.000000000002 559558.65844934701 578820.51469827525
decision_type=2 2 2 2 2 2 2 2 2 2
left_child=2 -2 3 4 6 7 9 -6 -8 -1
right_child=1 -3 -4 -5 5 -7 8 -9 -10 -11
leaf_value=-0.00031118483401517918 -0.00057302495180111795 0.0071044556276742806 -0.0051211851271185677 0.0045367858316749336 0.0012401812849566342 -0.0051924873053477236 0.0047926796837903874 -0.0029870715182782575 0.00064855683594942102 0.0012336425138404594
leaf_weight=517 72 43 53 50 60 44 48 44 50 250
leaf_count=517 72 43 53 50 60 44 48 44 50 250
internal_value=0.000279582 0.00229769 7.1623e-05 0.000330531 0.000122917 -0.00192898 0.000473994 -0.000548272 0.00267833 0.000192344
internal_weight=1231 115 1116 1063 1013 148 865 104 98 767
internal_count=1231 115 1116 1063 1013 148 865 104 98 767
is_linear=0
shrinkage=0.05


Tree=276
num_leaves=11
num_cat=0
split_feature=11 0 11 0 10 0 2 10 9 0
split_gain=0.186503 0.54165 0.335114 0.307301 0.263436 0.240744 0.297414 0.19393 0.158923 0.152818
threshold=7792839864.1760426 1803305.4158322734 5155975088.6287642 1803305.4158322734 2129.7500000000005 598799.44123857131 680412.83644405415 1469.6666666666667 1961.5000000000002 559558.65844934701
decision_type=2 2 2 2 2 2 2 2 2 2
left_child=1 2 4 -2 7 6 -6 8 -1 -9
right_child=3 -3 -4 -5 5 -7 -8 9 -10 -11
leaf_value=-0.00074386113251013498 -0.00076416090875864034 -0.0048651259855964704 0.0043099465547129512 0.004449694413118638 -0.002902073434810957 -0.0049328631393357435 0.0024815434114197673 0.0045530455951469173 0.00074214921278786578 0.00065847418857474798
leaf_weight=290 50 53 50 65 58 44 46 48 474 53
leaf_count=290 50 53 50 65 58 44 46 48 474 53
internal_value=0.000265603 6.80419e-05 0.000314004 0.0021828 0.000116771 -0.00183254 -0.000520858 0.000450294 0.000178088 0.00250936
internal_weight=1231 1116 1063 115 1013 148 104 865 764 101
internal_count=1231 1116 1063 115 1013 148 104 865 764 101
is_linear=0
shrinkage=0.05


Tree=277
num_leaves=11
num_cat=0
split_feature=11 8 0 11 10 0 1 10 0 0
split_gain=0.168319 0.570283 0.488839 0.30244 0.237751 0.217272 0.292699 0.175022 0.154411 0.137918
threshold=7792839864.1760426 3.2500000000000004 1803305.4158322734 5155975088.6287642 2129.7500000000005 598799.44123857131 680412.83644405415 1469.6666666666667 578820.51469827525 559558.65844934701
decision_type=2 2 2 2 2 2 2 2 2 2
left_child=2 -2 3 4 7 6 -6 8 -1 -9
right_child=1 -3 -4 -5 5 -7 -8 9 -10 -11
leaf_value=-0.00032360775450600114 -0.00064737432726865839 0.0066298128278969339 -0.0046218696827912392 0.0040944491394038782 -0.0029985052423382348 -0.004686219892623327 0.0023154488650663774 0.004325393296797605 0.0011945065879239514 0.00062555051329084418
leaf_weight=516 72 43 53 50 55 44 49 48 248 53
leaf_count=516 72 43 53 50 55 44 49 48 248 53
internal_value=0.000252322 0.00207366 6.46398e-05 0.000298304 0.000110932 -0.00174091 -0.000494815 0.000427779 0.000169183 0.00238389
internal_weight=1231 115 1116 1063 1013 148 104 865 764 101
internal_count=1231 115 1116 1063 1013 148 104 865 764 101
is_linear=0
shrinkage=0.05


Tree=278
num_leaves=11
num_cat=0
split_feature=11 8 0 11 10 0 1 10 9 0
split_gain=0.151908 0.51468 0.441177 0.272952 0.21457 0.196088 0.264161 0.157957 0.143245 0.124471
threshold=7792839864.1760426 3.2500000000000004 1803305.4158322734 5155975088.6287642 2129.7500000000005 598799.44123857131 680412.83644405415 1469.6666666666667 1961.5000000000002 559558.65844934701
decision_type=2 2 2 2 2 2 2 2 2 2
left_child=2 -2 3 4 7 6 -6 8 -1 -9
right_child=1 -3 -4 -5 5 -7 -8 9 -10 -11
leaf_value=-0.00071456813349806032 -0.00061500555796859164 0.0062983221677673428 -0.0043907762230549641 0.0038897267710417509 -0.0028485800258137967 -0.0044519087884426966 0.002199676490331791 0.0041091236470189568 0.00069624046890977731 0.0005942729974708098
leaf_weight=290 72 43 53 50 55 44 49 48 474 53
leaf_count=290 72 43 53 50 55 44 49 48 474 53
internal_value=0.000239706 0.00196998 6.14078e-05 0.000283389 0.000105386 -0.00165386 -0.000470075 0.00040639 0.000160724 0.0022647
internal_weight=1231 115 1116 1063 1013 148 104 865 764 101
internal_count=1231 115 1116 1063 1013 148 104 865 764 101
is_linear=0
shrinkage=0.05


Tree=279
num_leaves=11
num_cat=0
split_feature=11 8 0 11 10 5 5 10 0 0
split_gain=0.137097 0.464499 0.398162 0.246339 0.194125 0.244904 0.240242 0.13044 0.17399 0.139182
threshold=7792839864.1760426 3.2500000000000004 1803305.4158322734 5155975088.6287642 2166.5000000000005 5594.0000000000009 4537.0000000000009 1469.6666666666667 559558.65844934701 578820.51469827525
decision_type=2 2 2 2 2 2 2 2 2 2
left_child=2 -2 3 4 7 6 -6 9 -9 -1
right_child=1 -3 -4 -5 5 -7 -8 8 -10 -11
leaf_value=-0.00031517154384628229 -0.00058425528049055081 0.0059834060042576742 -0.0041712374155154835 0.0036952404524199668 -0.002321379231747057 -0.0049275169731117785 0.0025924917870378569 0.0041280427171538269 7.3718348232267256e-05 0.0011261374274439614
leaf_weight=516 72 43 53 50 61 40 42 51 55 248
leaf_count=516 72 43 53 50 61 40 42 51 55 248
internal_value=0.000227721 0.00187148 5.83374e-05 0.000269219 0.000100117 -0.00160713 -0.000317665 0.000380734 0.00202438 0.000152688
internal_weight=1231 115 1116 1063 1013 143 103 870 106 764
internal_count=1231 115 1116 1063 1013 143 103 870 106 764
is_linear=0
shrinkage=0.05


Tree=280
num_leaves=20
num_cat=0
split_feature=11 7 6 1 11 8 11 1 9 7 6 6 7 0 9 1 9 6 6
split_gain=0.234146 0.314138 0.542669 0.239964 0.317518 0.310918 0.744728 0.628667 0.356922 0.246357 0.387953 0.334648 0.398506 0.207264 0.194996 0.187056 0.342071 0.115908 0.354654
threshold=4499531530.9756517 4.5000000000000009 9254.0000000000018 679627.29004813975 683611074.48692858 2.2500000000000004 1481742236.0975001 712108.83043039031 1970.5000000000002 3.5000000000000004 7219.0000000000009 9254.0000000000018 5.5000000000000009 560101.17611787876 1963.5000000000002 1162692.8781822992 1950.5000000000002 10820.000000000002 7250.0000000000009
decision_type=2 2 2 2 2 2 2 2 2 2 2 2 2 2 2 2 2 2 2
left_child=3 15 -3 9 -5 6 -6 13 -9 17 -11 -12 -13 -7 -8 -2 -17 18 -1
right_child=1 2 -4 4 5 7 14 8 -10 10 11 12 -14 -15 -16 16 -18 -19 -20
leaf_value=0.0037086513725984277 0.0027331372219902865 -0.00088160023456006209 0.0063155804573099567 -0.0050394809050928989 0.0066360982534799566 -0.005891512568567449 0.0014535505706589902 0.002665108925368833 -0.0015458276863079346 -0.0039014681989404686 0.0046809887838398304 -0.0029706842822229702 0.0023084178527581021 -0.0022097007273382432 -0.0021913786767981946 0.0021748487682392201 -0.0037719527283977521 0.0041608464241457673 -0.0019063657103343965
leaf_weight=66 42 43 67 42 46 67 64 95 107 57 43 72 71 89 86 42 57 52 49
leaf_count=66 42 43 67 42 46 67 64 95 107 57 43 72 71 89 86 42 57 52 49
internal_value=0.0001333 0.00149948 0.00350214 -0.000207566 -0.000848057 -0.000530296 0.00107056 -0.00140674 0.000434563 0.000723489 -0.000292563 0.000813392 -0.000349592 -0.00379099 -0.000636209 -6.28787e-05 -0.00124907 0.00220193 0.00131617
internal_weight=1257 251 110 1006 596 554 196 358 202 410 243 186 143 156 150 141 99 167 115
internal_count=1257 251 110 1006 596 554 196 358 202 410 243 186 143 156 150 141 99 167 115
is_linear=0
shrinkage=0.05


Tree=281
num_leaves=16
num_cat=2
split_feature=11 2 11 10 10 10 12 12 4 4 0 8 11 2 1
split_gain=0.211317 0.221659 0.311587 0.344954 0.260993 0.200147 0.28149 0.246373 0.207768 0.191588 0.433074 0.395155 0.266894 0.174038 0.156412
threshold=4499531530.9756517 671350.45176759572 683611074.48692858 312.53571428571433 3069.7500000000005 1311.5000000000002 35.500000000000007 66.500000000000014 0 1 552027.01918202371 3.7500000000000004 1567205604.7806945 737853.27408856654 648851.45573604852
decision_type=2 2 2 2 2 2 2 2 1 1 2 2 2 2 2
left_child=1 9 -3 -4 13 6 -2 -8 -7 10 12 -11 -1 -5 -14
right_child=5 2 3 4 -6 8 7 -9 -10 11 -12 -13 14 -15 -16
leaf_value=-0.0029245079011636101 0.0056938461139798167 -0.0045938024452577032 0.0036593985728056093 -0.0016907049312606802 0.0027048640181310478 -0.0017535580548509542 -0.0015380675459037657 0.0037263255374137918 0.0027408426042529756 0.0017289144941605627 0.0050152892566152985 -0.0038805466783405455 0.0040660488035064194 0.00024313592849461342 -0.00035565987287554889
leaf_weight=46 50 48 48 364 50 72 46 43 40 75 70 54 40 171 40
leaf_count=46 50 48 48 364 50 72 46 43 40 75 70 54 40 171 40
internal_value=0.000126635 -0.000197188 -0.00070991 -0.000415397 -0.000749739 0.0014245 0.00269189 0.0010054 -0.000148415 0.000877162 0.00186203 -0.000619232 0.000110224 -0.0010726 0.00185519
internal_weight=1257 1006 681 633 585 251 139 89 112 325 196 129 126 535 80
internal_count=1257 1006 681 633 585 251 139 89 112 325 196 129 126 535 80
cat_boundaries=0 1 2
cat_threshold=2 2
is_linear=0
shrinkage=0.05


Tree=282
num_leaves=17
num_cat=0
split_feature=11 7 6 10 10 2 11 10 10 6 0 10 10 9 9 9
split_gain=0.190713 0.263951 0.491375 0.200073 0.277484 0.200047 0.281207 0.311321 0.23587 0.488729 0.272187 0.18075 0.2443 0.208915 0.240802 0.202805
threshold=4499531530.9756517 4.5000000000000009 9254.0000000000018 1705.5000000000002 3069.7500000000005 671350.45176759572 683611074.48692858 312.53571428571433 573.40000000000009 5548.0000000000009 564023.5249507291 346.05000000000007 564.07142857142867 1969.5000000000002 1936.5000000000002 1990.5000000000002
decision_type=2 2 2 2 2 2 2 2 2 2 2 2 2 2 2 2
left_child=5 3 -3 -2 -5 11 -7 -8 10 -10 -9 -1 -13 14 -14 -15
right_child=1 2 -4 4 -6 6 7 8 9 -11 -12 12 13 15 -16 -17
leaf_value=-0.0020344451919416004 -0.0026197648660745473 -0.00098240916904192006 0.005866184033133757 0.0039305145682495398 -0.001599860569288911 -0.0043641122232656931 0.0034764285137498518 -0.0058925616421869826 0.0040348037634006084 -0.00081087462998840818 -0.0010264293771687445 0.00488175737285396 -0.00035623884666711097 -0.0032653698028298097 0.0042747886101096814 0.00089671638390670231
leaf_weight=47 50 43 67 48 43 48 48 42 60 392 91 41 50 48 64 75
leaf_count=47 50 43 67 48 43 48 48 42 60 392 91 41 50 48 64 75
internal_value=0.000120303 0.00135328 0.00318901 -7.88479e-05 0.00131726 -0.000187329 -0.000674414 -0.000394627 -0.000712252 -0.000167643 -0.0025631 0.000833303 0.00131814 0.000701648 0.00224364 -0.000727512
internal_weight=1257 251 110 141 91 1006 681 633 585 452 133 325 278 237 114 123
internal_count=1257 251 110 141 91 1006 681 633 585 452 133 325 278 237 114 123
is_linear=0
shrinkage=0.05


Tree=283
num_leaves=14
num_cat=0
split_feature=5 5 2 2 0 7 7 12 0 10 2 2 6
split_gain=0.193846 0.198435 0.419906 0.191755 0.180599 0.415838 0.238676 0.31222 0.489904 0.251995 0.129321 0.346027 0.118918
threshold=5541.5000000000009 5984.5000000000009 727810.47144635057 598258.52362324181 1803305.4158322734 4.5000000000000009 4.5000000000000009 68.500000000000014 527730.26579940575 1930.5000000000002 647728.45187070419 676077.05414205592 12148.500000000002
decision_type=2 2 2 2 2 2 2 2 2 2 2 2 2
left_child=3 2 -2 -1 6 -6 7 8 -5 -9 -8 -12 -3
right_child=1 12 -4 4 5 -7 10 9 -10 -11 11 -13 -14
leaf_value=0.0027718303338536681 9.3938250626836498e-06 -0.0015309464290372231 0.0066990786014745635 0.0033818805002469999 -0.0016544689119958396 0.0047992462363953782 -0.0035227536110141958 0.00085802436005324133 -0.001558340699076669 0.0054175842305994593 0.0026331307682788598 -0.0017803964437253011 0.0017575694509475766
leaf_weight=53 49 56 45 61 48 52 64 125 283 40 53 274 54
leaf_count=53 49 56 45 61 48 52 64 125 283 40 53 274 54
internal_value=0.000114288 0.00152497 0.0032119 -0.000159008 -0.000314342 0.00170146 -0.00053832 0.000175326 -0.000682313 0.00196337 -0.00146734 -0.00106505 8.34159e-05
internal_weight=1257 204 94 1053 1000 100 900 509 344 165 391 327 110
internal_count=1257 204 94 1053 1000 100 900 509 344 165 391 327 110
is_linear=0
shrinkage=0.05


Tree=284
num_leaves=14
num_cat=0
split_feature=5 6 0 2 5 5 2 0 7 5 6 8 6
split_gain=0.174946 0.182472 0.246557 0.232416 0.501379 0.179088 0.378965 0.168003 0.152128 0.148516 0.400198 0.224722 0.107324
threshold=5541.5000000000009 15232.500000000002 1803305.4158322734 633691.85660366749 1957.5000000000002 5984.5000000000009 727810.47144635057 525001.94806865673 4.5000000000000009 4059.5000000000005 12561.500000000002 4.2500000000000009 12148.500000000002
decision_type=2 2 2 2 2 2 2 2 2 2 2 2 2
left_child=1 2 3 4 -1 6 -2 -6 -4 11 -11 -5 -7
right_child=5 -3 8 9 7 12 -8 -9 -10 10 -12 -13 -14
leaf_value=-0.0023234298161696645 8.9241866478506409e-06 -0.0029820586028681314 0.00034030167903337217 -0.00067253524489622779 0.0016311162642927632 -0.0014543990878986993 0.0063641246511704393 0.0056745629016386008 0.0043668609511639386 -0.0027655563316247109 0.002666380826295132 0.0019402583934339313 0.0016696910423450865
leaf_weight=56 49 54 45 426 54 56 45 49 49 176 42 102 54
leaf_count=56 49 54 45 426 54 56 45 49 49 176 42 102 54
internal_value=0.000108573 -0.000151057 1.96994e-06 -0.000251184 0.00148441 0.00144872 0.00305131 0.0035547 0.00243925 -0.000621104 -0.00171904 -0.000167791 7.92452e-05
internal_weight=1257 1053 999 905 159 204 94 103 94 746 218 528 110
internal_count=1257 1053 999 905 159 204 94 103 94 746 218 528 110
is_linear=0
shrinkage=0.05


Tree=285
num_leaves=13
num_cat=0
split_feature=5 6 1 8 8 6 12 5 6 6 8 12
split_gain=0.464585 0.155773 0.408529 0.692105 0.581376 0.358618 0.197496 0.139648 0.163088 0.213083 0.200838 0.0930793
threshold=971.00000000000011 6751.5000000000009 704990.47259519773 2.7500000000000004 2.2500000000000004 7783.0000000000009 56.500000000000007 6088.5000000000009 15232.500000000002 15997.000000000002 1.7500000000000002 62.500000000000007
decision_type=2 2 2 2 2 2 2 2 2 2 2 2
left_child=-1 2 4 -4 -2 6 -3 8 10 -10 -7 -6
right_child=1 5 3 -5 11 7 -8 -9 9 -11 -12 -13
leaf_value=-0.0048188613298549956 -0.0078487390962739788 0.0052757886389955743 0.004671878450048658 -0.0023345737613725492 0.000713722521904856 -0.0010282706034728413 0.00089507185593538452 -0.0020543303183355446 -0.0044879053509794178 0.00050191228156504426 0.0010124730282586823 -0.0025222345115616922
leaf_weight=51 42 53 65 77 50 161 50 74 40 46 480 40
leaf_count=51 42 53 65 77 50 161 50 74 40 46 480 40
internal_value=-0.000146741 5.55321e-05 -0.000988833 0.000872605 -0.00299129 0.000372077 0.00314923 1.49648e-05 0.000225595 -0.00181893 0.000499899 -0.000724481
internal_weight=1229 1178 274 142 132 904 103 801 727 86 641 90
internal_count=1229 1178 274 142 132 904 103 801 727 86 641 90
is_linear=0
shrinkage=0.05


Tree=286
num_leaves=16
num_cat=1
split_feature=5 10 11 0 10 9 5 5 9 5 5 4 11 5 11
split_gain=0.419288 0.184745 0.355703 0.196302 0.340495 0.385135 0.234544 0.267034 0.175369 0.55471 0.447049 0.309959 0.350162 0.169135 0.164724
threshold=971.00000000000011 1241.3000000000002 4913157582.5712652 578820.51469827525 1068.1833333333336 1938.5000000000002 3564.5000000000005 1770.5000000000002 1991.5000000000002 4395.5000000000009 3321.5000000000005 0 4853303116.4993992 4302.5000000000009 3451929491.8076205
decision_type=2 2 2 2 2 2 2 2 2 2 2 1 2 2 2
left_child=-1 2 3 4 5 -2 7 -5 10 -10 -3 12 -12 -4 -13
right_child=1 8 13 6 -6 -7 -8 -9 9 -11 11 14 -14 -15 -16
leaf_value=-0.0045779181187789817 0.0035555448047206051 -0.0039967124196289873 -0.00085323795445877673 -0.00071575318545322219 -0.0043987394668734995 -0.00077955209814149383 -0.0011337308181651139 0.0036676834471317632 0.0069877010209231892 -8.3929665386676803e-05 0.0014697910965371288 0.0013158121166507836 -0.0037697135606625434 -0.0048735925211508026 0.0055472169051189787
leaf_weight=51 61 51 47 51 52 320 74 109 44 75 95 46 48 59 46
leaf_count=51 61 51 47 51 52 320 74 109 44 75 95 46 48 59 46
internal_value=-0.000139404 5.27555e-05 -0.000400477 2.70991e-05 -0.000603471 -8.54815e-05 0.00119392 0.00227046 0.000917815 0.00253079 0.000246681 0.00116759 -0.000288924 -0.00309098 0.00343151
internal_weight=1229 1178 773 667 433 381 234 160 405 119 286 235 143 106 92
internal_count=1229 1178 773 667 433 381 234 160 405 119 286 235 143 106 92
cat_boundaries=0 1
cat_threshold=2
is_linear=0
shrinkage=0.05


Tree=287
num_leaves=16
num_cat=0
split_feature=5 10 11 2 6 2 8 2 6 2 9 10 5 5 11
split_gain=0.378407 0.166732 0.321022 0.23203 0.205273 0.531554 0.68548 0.425369 0.29922 0.289561 0.240812 0.163223 0.293616 0.242908 0.139092
threshold=971.00000000000011 1241.3000000000002 4913157582.5712652 1340804.1441143008 6935.5000000000009 705434.07794821961 2.7500000000000004 653356.44379716844 9274.5000000000018 708849.74897787033 1961.5000000000002 1363.6250000000002 2891.5000000000005 3823.0000000000005 7989080001.0801764
decision_type=2 2 2 2 2 2 2 2 2 2 2 2 2 2 2
left_child=-1 2 4 -4 5 7 -7 -2 9 -6 -10 -3 -13 -14 -15
right_child=1 11 3 -5 8 6 -8 -9 10 -11 -12 12 13 14 -16
leaf_value=-0.0043490223431338869 6.3059207527561386e-06 0.0038627572596873863 -0.0051053823658118126 -0.00041337039378680751 0.0045403892115418671 0.0057668827200417425 -0.0026850493608175647 -0.0062375996592387451 -0.0018282593836457554 -0.00041597205204294718 0.00092056246517244634 -0.0034507815232046133 0.0041357929130822844 -0.00016661411850885335 0.0025796073125833176
leaf_weight=51 47 41 57 49 79 47 49 65 132 47 201 41 53 211 59
leaf_count=51 47 41 57 49 79 47 49 65 132 47 201 41 53 211 59
internal_value=-0.000132434 5.01177e-05 -0.000380454 -0.00293643 2.57441e-05 -0.00127727 0.00145288 -0.00361739 0.000616215 0.00269159 -0.000169061 0.000871924 0.000535045 0.00104099 0.000433486
internal_weight=1229 1178 773 106 667 208 96 112 459 126 333 405 364 323 270
internal_count=1229 1178 773 106 667 208 96 112 459 126 333 405 364 323 270
is_linear=0
shrinkage=0.05


Tree=288
num_leaves=14
num_cat=0
split_feature=11 10 11 2 6 9 11 10 10 6 2 7 9
split_gain=0.253223 0.151992 0.288234 0.209407 0.181734 0.160632 0.415154 0.223428 0.450028 0.249922 0.125318 0.19958 0.17112
threshold=638236379.39709759 1241.3000000000002 4913157582.5712652 1340804.1441143008 3809.0000000000005 1991.5000000000002 2680750503.7253299 1484.7500000000002 1817.0000000000002 12917.500000000002 741016.75041127799 4.5000000000000009 1930.5000000000002
decision_type=2 2 2 2 2 2 2 2 2 2 2 2 2
left_child=-1 2 4 -4 -2 7 -7 -3 -9 -10 12 -12 -6
right_child=1 5 3 -5 10 6 -8 8 9 -11 11 -13 -14
leaf_value=-0.0031147146521052767 -0.0031193888554827388 0.0030500626428560779 -0.0048501132660659779 -0.00039270186502182361 -0.0029854671059486768 0.006445437714048638 0.00023090201698673462 -0.0053183837260439761 0.001708422882720492 -0.0022248073665682099 0.0042467250117940994 0.00026724684383952994 0.00016823828393747
leaf_weight=67 43 55 57 49 48 41 78 40 133 58 46 100 414
leaf_count=67 43 55 57 49 48 41 78 40 133 58 46 100 414
internal_value=-0.000125812 4.65254e-05 -0.000371744 -0.00278961 2.19486e-05 0.000828328 0.00237204 0.000186012 -0.000495904 0.000514039 0.000244116 0.00152106 -0.000159419
internal_weight=1229 1162 757 106 651 405 119 286 231 191 608 146 462
internal_count=1229 1162 757 106 651 405 119 286 231 191 608 146 462
is_linear=0
shrinkage=0.05


Tree=289
num_leaves=16
num_cat=0
split_feature=5 10 11 2 6 2 8 2 6 2 9 9 5 5 5
split_gain=0.319297 0.134732 0.262489 0.18899 0.178921 0.47364 0.612259 0.382478 0.270706 0.267018 0.213311 0.151692 0.207837 0.35783 0.286967
threshold=971.00000000000011 1241.3000000000002 4913157582.5712652 1340804.1441143008 6935.5000000000009 705434.07794821961 2.7500000000000004 653356.44379716844 9274.5000000000018 708849.74897787033 1961.5000000000002 2010.5000000000002 3321.5000000000005 3990.5000000000005 4639.0000000000009
decision_type=2 2 2 2 2 2 2 2 2 2 2 2 2 2 2
left_child=-1 2 4 -4 5 7 -7 -2 9 -6 -10 12 -3 -14 -15
right_child=1 11 3 -5 8 6 -8 -9 10 -11 -12 -13 13 14 -16
leaf_value=-0.0039928006460232769 3.9101221618500167e-05 -0.0021039449495639513 -0.0046076076182847226 -0.00037306668997115022 0.0043290736693063683 0.0054661407982534238 -0.0025216423143746749 -0.0058816489305060643 -0.001728818709185968 -0.00043044281786585106 0.00085828216008066469 0.0036317151749417896 0.0050718071475706027 -0.0029170125265690415 0.0011677975162419343
leaf_weight=51 47 65 57 49 79 47 49 65 132 47 201 42 46 55 197
leaf_count=51 47 65 57 49 79 47 49 65 132 47 201 42 46 55 197
internal_value=-0.000119522 4.81669e-05 -0.000338886 -0.00265013 2.84189e-05 -0.00118808 0.00138904 -0.00339705 0.000579688 0.0025537 -0.000167235 0.000786912 0.000457761 0.00101652 0.000276272
internal_weight=1229 1178 773 106 667 208 96 112 459 126 333 405 363 298 252
internal_count=1229 1178 773 106 667 208 96 112 459 126 333 405 363 298 252
is_linear=0
shrinkage=0.05


Tree=290
num_leaves=13
num_cat=1
split_feature=2 9 11 0 10 11 10 11 9 6 4 9
split_gain=0.235601 0.185497 0.639093 0.275142 0.362707 0.336043 0.377287 0.255034 0.199038 0.338574 0.243304 0.134154
threshold=1358861.9073826324 1953.5000000000002 6889770124.1537228 1745126.0284832132 346.05000000000007 1592573629.6527743 856.28571428571433 657163286.02279592 1978.5000000000002 13079.500000000002 0 1967.5000000000002
decision_type=2 2 2 2 2 2 2 2 2 2 1 2
left_child=1 3 7 4 -1 -6 -7 -3 9 -9 -10 -2
right_child=11 2 -4 -5 5 6 -8 8 10 -11 -12 -13
leaf_value=-0.0040803718546198473 -9.8751620888443947e-05 0.0042691171966691309 0.0060220389743335552 -0.0038582390536948184 0.0038985467322457295 -0.003015347001430775 0.0014519209299236537 0.0022960426031098957 0.00064500623000120477 -0.0019424790833298057 -0.0017321190158024063 -0.0039318976160720919
leaf_weight=45 42 42 56 52 65 76 125 207 245 61 192 50
leaf_count=45 42 42 56 52 65 76 125 207 245 61 192 50
internal_value=0.000253997 0.000446201 0.00087022 -0.000491779 7.11014e-05 0.000773418 -0.000237195 0.000484006 0.00025851 0.0013313 -0.000399406 -0.00218198
internal_weight=1258 1166 803 363 311 266 201 747 705 268 437 92
internal_count=1258 1166 803 363 311 266 201 747 705 268 437 92
cat_boundaries=0 1
cat_threshold=2
is_linear=0
shrinkage=0.05


Tree=291
num_leaves=15
num_cat=0
split_feature=2 5 9 11 10 0 10 11 5 5 10 5 6 9
split_gain=0.21263 0.212127 0.167411 0.576782 0.25594 0.832152 0.334558 0.406495 0.235287 0.492856 0.377974 0.331858 0.27332 0.246408
threshold=1358861.9073826324 4585.0000000000009 1953.5000000000002 6889770124.1537228 2366.5000000000005 1452022.7428291682 410.01666666666671 1592573629.6527743 3359.0000000000005 5244.5000000000009 1023.9833333333335 3060.5000000000005 12286.500000000002 1971.5000000000002
decision_type=2 2 2 2 2 2 2 2 2 2 2 2 2 2
left_child=2 -2 4 8 5 6 -1 -8 11 10 -10 12 -4 -11
right_child=1 -3 3 -5 -6 -7 7 -9 9 13 -12 -13 -14 -15
leaf_value=-0.0034086249012554096 7.9804447516068524e-05 -0.0047506183743613161 0.0014319351212425011 0.0057209369991531797 0.002893687031535926 -0.0074535104780468755 0.0047312499234839437 -0.00031329039656729612 -0.0040608642775147603 0.004960812484780544 4.2682566628959108e-05 0.0053411489889106673 -0.002596113200765103 0.00052949738726903008
leaf_weight=56 51 41 267 56 49 43 53 162 107 43 118 46 50 116
leaf_count=56 51 41 267 56 49 43 53 162 107 43 118 46 50 116
internal_value=0.000241297 -0.00207288 0.000423891 0.000826709 -0.00046719 -0.000991658 3.36539e-05 0.000930247 0.000459805 -0.000402967 -0.00190878 0.00137249 0.000796596 0.0017279
internal_weight=1258 92 1166 803 363 314 271 215 747 384 225 363 317 159
internal_count=1258 92 1166 803 363 314 271 215 747 384 225 363 317 159
is_linear=0
shrinkage=0.05


Tree=292
num_leaves=18
num_cat=2
split_feature=1 10 9 1 7 10 10 1 9 4 10 3 7 8 10 0 10
split_gain=0.19225 0.140868 0.135461 0.38564 0.29187 0.465319 0.303789 0.702944 0.280495 0.243127 0.225837 0.246145 0.193383 0.143912 0.122403 0.232176 0.112541
threshold=1369665.2667794463 1081.0000000000002 1953.5000000000002 884681.24447337526 4.5000000000000009 788.64285714285722 2366.5000000000005 741016.75041127799 1970.5000000000002 0 469.14285714285717 1 6.5000000000000009 2.7500000000000004 1159.7500000000002 556708.52547526488 573.40000000000009
decision_type=2 2 2 2 2 2 2 2 2 1 2 1 2 2 2 2 2
left_child=2 -2 4 8 5 -1 7 -7 14 -5 13 -12 16 -10 15 -4 -6
right_child=1 -3 3 9 12 6 -8 -9 10 -11 11 -13 -14 -15 -16 -17 -18
leaf_value=0.0055609248196040947 -3.3978046849370004e-05 -0.004129104396616597 0.0036305807495735729 0.0054939414287218831 -0.004897279594129382 0.0013264861289468228 0.0028532562460750342 -0.0070095284410366197 0.003808478680730332 0.00081402422119008036 0.0010444051609203385 -0.0015396955395418047 0.00031521128024905923 0.00026407831702643722 0.0042744219141847379 -0.00096668992926807792 -0.0016383095411583782
leaf_weight=42 42 42 53 64 52 66 50 41 48 49 126 293 60 71 48 57 54
leaf_count=42 42 42 53 64 52 66 50 41 48 49 126 293 60 71 48 57 54
internal_value=0.000229232 -0.00208154 0.000394569 0.000755326 -0.000405029 0.000886327 -0.000364202 -0.00186769 0.000315459 0.0034646 -0.000228498 -0.000774436 -0.0019531 0.00169375 0.00216767 0.00124836 -0.00323705
internal_weight=1258 84 1174 809 365 199 157 107 696 113 538 419 166 119 158 110 106
internal_count=1258 84 1174 809 365 199 157 107 696 113 538 419 166 119 158 110 106
cat_boundaries=0 1 2
cat_threshold=2 1
is_linear=0
shrinkage=0.05


Tree=293
num_leaves=10
num_cat=0
split_feature=1 11 9 0 11 9 6 9 10
split_gain=0.173475 0.135587 0.494588 0.211204 0.285549 0.149515 0.303616 0.226225 0.127134
threshold=1369665.2667794463 6955806072.0852652 1974.5000000000002 1745126.0284832132 4499531530.9756517 1930.5000000000002 7296.5000000000009 1941.5000000000002 1081.0000000000002
decision_type=2 2 2 2 2 2 2 2 2
left_child=1 3 -3 4 5 6 -1 -7 -2
right_child=8 2 -4 -5 -6 7 -8 -9 -10
leaf_value=0.0017077174235600977 -3.2279114904148242e-05 -0.0015264069301164933 0.0061468921901126003 -0.0027652481803670526 0.0042827423972388113 0.0026177511007968082 -0.0039546898188840213 0.00012604028984403764 -0.0039226492112945949
leaf_weight=40 42 42 42 56 45 103 58 788 42
leaf_count=40 42 42 42 56 45 103 58 788 42
internal_value=0.000217574 0.000374629 0.00231024 0.000225463 0.000387435 0.000210197 -0.0016435 0.000414083 -0.00197746
internal_weight=1258 1174 84 1090 1034 989 98 891 84
internal_count=1258 1174 84 1090 1034 989 98 891 84
is_linear=0
shrinkage=0.05


Tree=294
num_leaves=16
num_cat=1
split_feature=2 9 1 7 0 0 9 4 8 9 7 2 9 6 8
split_gain=0.15758 0.13371 0.323539 0.260384 0.383918 0.442879 0.245136 0.21793 0.175416 0.351962 0.164683 0.158287 0.129219 0.111719 0.193891
threshold=1358861.9073826324 1953.5000000000002 884681.24447337526 4.5000000000000009 864051.32481822115 556708.52547526488 1970.5000000000002 0 1.2500000000000002 1975.5000000000002 6.5000000000000009 679627.29004813975 1967.5000000000002 7995.0000000000009 2.7500000000000004
decision_type=2 2 2 2 2 2 2 1 2 2 2 2 2 2 2
left_child=1 3 6 4 5 -1 13 -4 -8 -10 11 -5 -2 -3 -15
right_child=12 2 7 10 -6 -7 8 -9 9 -11 -12 -13 -14 14 -16
leaf_value=-0.00067990178060240282 0.00025903788461749047 0.0037731588291304223 0.0051252445904538041 -0.00064511965823973094 -0.0033290061041374103 0.0046832327828987648 0.002261729409110558 0.00069446538109332325 -0.0044501740953373703 -5.0395409104249413e-05 0.00021786207779137012 -0.0046124349204966662 -0.0035029444245155902 -0.0012047239626776808 0.0032432912975996356
leaf_weight=78 42 59 64 41 44 76 64 49 51 418 59 65 50 49 49
leaf_count=78 42 59 64 41 44 76 64 49 51 418 59 65 50 49 49
internal_value=0.000206695 0.000363885 0.000723882 -0.000432472 0.000789985 0.00196684 0.000317729 0.00320393 -0.000193759 -0.000528836 -0.00189942 -0.00307791 -0.00178552 0.00205418 0.00101928
internal_weight=1258 1166 803 363 198 154 690 113 533 469 165 106 92 157 98
internal_count=1258 1166 803 363 198 154 690 113 533 469 165 106 92 157 98
cat_boundaries=0 1
cat_threshold=2
is_linear=0
shrinkage=0.05


Tree=295
num_leaves=12
num_cat=0
split_feature=6 0 6 0 6 5 6 6 10 5 5
split_gain=0.181121 0.0947558 0.291836 0.226729 0.142626 0.166736 0.166083 0.136932 0.2741 0.209844 0.0433827
threshold=3237.0000000000005 527730.26579940575 6318.0000000000009 515866.29727194307 4728.5000000000009 5909.5000000000009 10386.000000000002 12734.000000000002 1834.5000000000002 3683.0000000000005 3657.5000000000005
decision_type=2 2 2 2 2 2 2 2 2 2 2
left_child=-1 2 -2 -4 -3 7 -7 9 -9 -6 -5
right_child=1 4 3 10 5 6 -8 8 -10 -11 -12
leaf_value=0.0029121171397449405 -0.0030971440595926763 0.0016085804158322298 -0.00045279509829603795 0.0046385039878077813 -0.00051482157756050945 0.0034116567205637696 -0.00051567753179193436 0.0010130883573706954 -0.003262818985967897 -0.0023881994425669632 0.0023098054353613406
leaf_weight=43 41 69 68 40 322 45 67 171 48 279 40
leaf_count=43 41 69 68 40 322 45 67 171 48 279 40
internal_value=-0.00027584 -0.000391035 0.000635764 0.00166988 -0.000584906 -0.0007473 0.00106227 -0.00099446 7.59032e-05 -0.00138449 0.00347415
internal_weight=1233 1190 189 148 1001 932 112 820 219 601 80
internal_count=1233 1190 189 148 1001 932 112 820 219 601 80
is_linear=0
shrinkage=0.05


Tree=296
num_leaves=13
num_cat=0
split_feature=6 11 11 11 1 1 9 6 0 11 8 11
split_gain=0.163462 0.0988554 0.405026 0.168316 0.334922 0.164747 0.27753 0.486963 0.250261 0.154054 0.146536 0.302471
threshold=3237.0000000000005 956396363.62225044 719813326.64049304 1365574114.5564468 708849.74897787033 723410.77324754675 1950.5000000000002 9376.5000000000018 623747.9242224826 1148630808.4997418 1.2500000000000002 1754974690.8422458
decision_type=2 2 2 2 2 2 2 2 2 2 2 2
left_child=-1 2 -2 4 9 10 7 -7 -8 -3 -5 -12
right_child=1 3 -4 5 -6 6 8 -9 -10 -11 11 -13
leaf_value=0.0027665115457006493 0.00092232692849767567 -0.0024824106602974964 -0.0047652646064244471 0.0024576527140443287 0.0052777882176451392 0.0042041440533821363 -0.0053767707038463826 -0.001752406367804946 -0.0013605682371147774 0.0016713138779017086 -0.0030240747574999984 0.0005128831689305088
leaf_weight=43 68 41 58 63 40 59 45 82 281 49 74 330
leaf_count=43 68 41 58 63 40 59 45 82 281 49 74 330
internal_value=-0.000262048 -0.000371483 -0.00169577 -0.00021466 0.00147098 -0.000449277 -0.00111333 0.000740051 -0.00191495 -0.000220938 0.00021478 -0.000134975
internal_weight=1233 1190 126 1064 130 934 467 141 326 90 467 404
internal_count=1233 1190 126 1064 130 934 467 141 326 90 467 404
is_linear=0
shrinkage=0.05


Tree=297
num_leaves=8
num_cat=0
split_feature=6 1 1 1 10 10 10
split_gain=0.147524 0.0916615 0.364317 0.275062 0.197545 0.293115 0.282741
threshold=3237.0000000000005 617762.19423717959 625043.21099097666 647728.45187070419 1320.5000000000002 1228.3000000000002 1650.1666666666667
decision_type=2 2 2 2 2 2 2
left_child=-1 -2 -3 -4 5 -5 -6
right_child=1 2 3 4 6 -7 -8
leaf_value=0.0026281856384864728 -0.0021082033789051433 0.0043254216179429072 -0.0038991999614625926 -1.4421855855577699e-05 -0.0039456503232941035 0.0043942895112559204 -0.00045014103389577024
leaf_weight=43 70 42 54 656 75 40 253
leaf_count=43 70 42 54 656 75 40 253
internal_value=-0.000248946 -0.000352909 -0.000243203 -0.000421202 -0.000237792 0.000238952 -0.00124942
internal_weight=1233 1190 1120 1078 1024 696 328
internal_count=1233 1190 1120 1078 1024 696 328
is_linear=0
shrinkage=0.05


Tree=298
num_leaves=15
num_cat=1
split_feature=2 2 3 9 9 11 10 1 1 1 1 7 8 9
split_gain=0.134533 0.231529 0.158167 0.486583 0.429184 0.310012 0.197816 0.217294 0.148928 0.250357 0.19849 0.19229 0.266386 0.158825
threshold=745781.66807709564 806015.1151934301 0 1942.5000000000002 1951.5000000000002 6072994606.1645918 952.37500000000011 1162692.8781822992 617762.19423717959 625043.21099097666 647728.45187070419 3.5000000000000004 4.2500000000000009 2005.5000000000002
decision_type=2 2 1 2 2 2 2 2 2 2 2 2 2 2
left_child=8 -2 4 -4 -3 -6 -5 -8 -1 -10 -11 12 -12 -13
right_child=1 2 3 6 5 -7 7 -9 9 10 11 13 -14 -15
leaf_value=-0.0019782234492401285 -0.0038335482395874957 0.0040331134719575647 -0.0059371047703873211 0.0017127990973396943 0.0015063613653182985 -0.0043959415083835744 0.00074143153615295891 -0.004092583542768943 0.0041091504883730692 -0.0027203409708038504 -0.0014899613523625815 0.00067123974446412318 0.0024011647428518962 0.003519118466446626
leaf_weight=75 60 61 46 78 45 44 46 47 42 56 205 314 56 58
leaf_count=75 60 61 46 78 45 44 46 47 42 56 205 314 56 58
internal_value=-0.000236498 -0.000954057 -0.000483295 -0.00131169 0.000752405 -0.00141163 -0.000144136 -0.00170157 0.000143647 0.00036135 0.000132891 0.00038531 -0.000655084 0.00111526
internal_weight=1233 427 367 217 150 89 171 93 806 731 689 633 261 372
internal_count=1233 427 367 217 150 89 171 93 806 731 689 633 261 372
cat_boundaries=0 1
cat_threshold=3
is_linear=0
shrinkage=0.05


Tree=299
num_leaves=11
num_cat=1
split_feature=6 10 3 2 5 9 5 10 9 10
split_gain=0.135236 0.0766725 0.112471 0.583774 0.425143 0.269545 0.194541 0.238784 0.28357 0.188463
threshold=3237.0000000000005 255.30000000000004 0 701797.52207137598 3430.0000000000005 1983.5000000000002 6175.0000000000009 642.91666666666686 1982.5000000000002 573.40000000000009
decision_type=2 2 1 2 2 2 2 2 2 2
left_child=-1 -2 3 5 -5 -3 7 9 -9 -4
right_child=1 2 6 4 -6 -7 -8 8 -10 -11
leaf_value=0.0025300268728156074 -0.0020814145555605292 -0.00065214194645009502 0.00048689106562674529 -0.0078835029498441154 -0.0015569448682164208 0.0043362896447069945 0.0029957905373661424 0.00018085455946720329 -0.00201679347610938 0.0040171499182179108
leaf_weight=43 59 68 178 40 79 45 52 383 238 48
leaf_count=43 59 68 178 40 79 45 52 383 238 48
internal_value=-0.000224673 -0.000324213 -0.000232546 -0.00118823 -0.00368352 0.0013344 2.69982e-05 -0.000154947 -0.0006614 0.00123668
internal_weight=1233 1190 1131 232 119 113 899 847 621 226
internal_count=1233 1190 1131 232 119 113 899 847 621 226
cat_boundaries=0 1
cat_threshold=8
is_linear=0
shrinkage=0.05


Tree=300
num_leaves=14
num_cat=0
split_feature=11 2 11 2 9 8 6 11 11 9 2 6 11
split_gain=0.124188 0.348894 0.269278 0.447173 0.493357 0.341848 0.276606 0.136885 0.380458 0.272395 0.220234 0.298576 0.20901
threshold=772098445.15512359 679627.29004813975 1567205604.7806945 688091.77602969261 1954.5000000000002 3.2500000000000004 9009.0000000000018 1901074252.3503838 2043872259.8021994 1974.5000000000002 653356.44379716844 7296.5000000000009 2627545622.9535737
decision_type=2 2 2 2 2 2 2 2 2 2 2 2 2
left_child=1 -1 3 4 -2 -5 -6 9 -9 -4 12 -12 -10
right_child=2 -3 7 5 6 -7 -8 8 10 -11 11 -13 -14
leaf_value=0.0040220543412336461 -0.0080988746758190577 -0.0014654655624846264 -0.00084204591999185226 0.0030755472679932913 0.0012564085031383087 -0.0026189327249897922 -0.0043216439915578003 -0.0047778981915187271 -0.004766352430394874 0.0048871258199896395 -0.0016284751489810232 0.0010111125355886084 -0.0003369230634282423
leaf_weight=60 44 56 42 60 43 47 46 42 41 41 135 519 76
leaf_count=60 44 56 42 60 43 47 46 42 41 41 135 519 76
internal_value=-0.000185455 0.00137291 -0.000344583 -0.00183199 -0.00376782 0.000574234 -0.00162663 5.38294e-05 -0.000143635 0.00198803 0.000108815 0.000466244 -0.00188912
internal_weight=1252 116 1136 240 133 107 89 896 813 83 771 654 117
internal_count=1252 116 1136 240 133 107 89 896 813 83 771 654 117
is_linear=0
shrinkage=0.05


Tree=301
num_leaves=18
num_cat=2
split_feature=10 11 1 4 11 1 0 8 1 11 11 11 10 3 0 9 0
split_gain=0.267358 0.194309 0.213848 0.352665 0.294874 0.596044 0.258015 0.208964 0.199177 0.453216 0.183729 0.168449 0.180064 0.234297 0.219206 0.204403 0.15936
threshold=193.7571428571429 2286096279.5773158 701797.52207137598 0 967347857.04005706 675224.47328238969 548453.68116028118 2.7500000000000004 717980.47789738665 1397501906.7196772 1547935730.5430524 2758097347.2702856 657.33333333333337 1 1745126.0284832132 1974.5000000000002 559558.65844934701
decision_type=2 2 2 1 2 2 2 2 2 2 2 2 2 1 2 2 2
left_child=-1 2 3 6 -5 -6 10 -8 -4 -10 -2 16 -13 15 -15 -14 -3
right_child=1 11 8 4 5 -7 7 -9 9 -11 -12 12 13 14 -16 -17 -18
leaf_value=0.0036981215765483164 -0.002870727754914417 -3.0601745229839943e-05 -0.0048901896137466434 0.0011970923215683018 -0.0079846664761296579 2.5173635610068841e-05 0.00010643450829067862 0.0045824957493272042 0.0019371619386794538 -0.0041932217151952498 0.0016366239152557683 -0.0027535865171618452 -0.001599773372825187 0.00052357863169163468 0.0047207867231299269 0.00082749478130465012 0.0033041104507842709
leaf_weight=43 52 67 57 42 45 48 45 62 57 64 40 60 202 92 47 152 77
leaf_count=43 52 67 57 42 45 48 45 62 57 64 40 60 202 92 47 152 77
internal_value=-0.000176182 -0.000313978 -0.00105356 -0.000307582 -0.00228018 -0.00385056 0.00103061 0.00270004 -0.00245331 -0.00130536 -0.00091101 0.0002293 -0.000167349 0.000147406 0.00181239 -0.000542239 0.00175254
internal_weight=1252 1209 512 334 135 93 199 107 178 121 92 697 553 493 139 354 144
internal_count=1252 1209 512 334 135 93 199 107 178 121 92 697 553 493 139 354 144
cat_boundaries=0 1 2
cat_threshold=2 5
is_linear=0
shrinkage=0.05


Tree=302
num_leaves=13
num_cat=0
split_feature=10 11 11 11 6 0 0 11 11 2 6 1
split_gain=0.241291 0.176348 0.188534 0.248242 0.208532 0.587947 0.48295 0.134385 0.306469 0.178492 0.237068 0.166806
threshold=193.7571428571429 1567205604.7806945 1365574114.5564468 1224712760.6352127 7250.0000000000009 552027.01918202371 552027.01918202371 1868468150.49173 2017585869.795994 653356.44379716844 7296.5000000000009 623959.94523397705
decision_type=2 2 2 2 2 2 2 2 2 2 2 2
left_child=-1 2 3 4 6 -6 -2 -3 -9 11 -11 -10
right_child=1 7 -4 -5 5 -7 -8 8 9 10 -12 -13
leaf_value=0.0035132151703501854 -0.0041481519450566598 0.0020563411165796849 -0.0039475416046246088 0.0026734281551563819 0.00056207459075031452 -0.0069623579829931259 0.0026711248876595435 -0.0042372662346636834 0.00074685287651267245 -0.0014380049997913269 0.00090623017943588461 -0.003140680028740757
leaf_weight=43 42 77 56 44 54 50 68 43 44 136 521 74
leaf_count=43 42 77 56 44 54 50 68 43 44 136 521 74
internal_value=-0.000167373 -0.000298279 -0.00131778 -0.00074698 -0.00145024 -0.00305544 6.7401e-05 5.94014e-05 -0.000128575 9.93915e-05 0.00042097 -0.00169109
internal_weight=1252 1209 314 258 214 104 110 895 818 775 657 118
internal_count=1252 1209 314 258 214 104 110 895 818 775 657 118
is_linear=0
shrinkage=0.05


Tree=303
num_leaves=21
num_cat=1
split_feature=10 11 1 4 6 5 11 11 1 11 10 11 1 9 6 5 10 2 5 1
split_gain=0.217765 0.160282 0.199151 0.318343 0.311912 0.513665 0.355015 0.266047 0.537659 0.237386 0.226348 0.16737 0.23733 0.213325 0.153025 0.510498 0.316521 0.123912 0.188768 0.0782591
threshold=193.7571428571429 2286096279.5773158 701797.52207137598 0 7250.0000000000009 2106.0000000000005 1305386189.7746117 967347857.04005706 675224.47328238969 1567205604.7806945 402.25000000000006 4913157582.5712652 811997.56703822489 1976.5000000000002 8315.0000000000018 5007.5000000000009 924.60000000000014 647728.45187070419 4282.0000000000009 623959.94523397705
decision_type=2 2 2 1 2 2 2 2 2 2 2 2 2 2 2 2 2 2 2 2
left_child=-1 2 3 9 6 -6 -4 -5 -9 10 -2 12 17 -14 -13 16 -16 19 -19 -3
right_child=1 11 4 7 5 -7 -8 8 -10 -11 -12 14 13 -15 15 -17 -18 18 -20 -21
leaf_value=0.0033375544668456849 0.0025236175147195661 8.5133926874798971e-05 0.0029299925081431866 0.0011935927417306674 -0.0085842237900942558 -0.0010786530444231589 -0.0035439194686478007 -0.0075273978852459962 8.0035320327927678e-05 0.0032567238934958979 -0.0019191057680622689 -0.0031467724428103682 0.00091430438198865621 0.0057711376319639386 -0.00087430456298447784 -0.0031643068797390472 0.0049871186761176398 -0.0019005635504104328 0.0013055222082816035 -0.0029510528719666499
leaf_weight=43 45 41 45 42 40 53 40 45 48 75 79 57 52 40 42 77 51 57 236 44
leaf_count=43 45 41 45 42 40 53 40 45 48 75 79 57 52 40 42 77 51 57 236 44
internal_value=-0.000159004 -0.000283365 -0.000955073 -0.000235187 -0.00230587 -0.00430686 -0.000116554 -0.00210934 -0.00360098 0.00103622 -0.000306827 0.000210056 0.00074852 0.00302597 -0.000904826 -0.000153114 0.00234002 0.00019422 0.000681813 -0.00148654
internal_weight=1252 1209 512 334 178 93 85 135 93 199 124 697 470 92 227 170 93 378 293 85
internal_count=1252 1209 512 334 178 93 85 135 93 199 124 697 470 92 227 170 93 378 293 85
cat_boundaries=0 1
cat_threshold=2
is_linear=0
shrinkage=0.05


Tree=304
num_leaves=20
num_cat=1
split_feature=10 11 1 4 6 5 11 11 1 11 10 11 6 12 6 5 11 11 5
split_gain=0.196533 0.144654 0.179734 0.287304 0.281501 0.463583 0.320401 0.240107 0.485237 0.214241 0.204279 0.155469 0.200716 0.220454 0.179229 0.48552 0.470582 0.147678 0.122919
threshold=193.7571428571429 2286096279.5773158 701797.52207137598 0 7250.0000000000009 2106.0000000000005 1305386189.7746117 967347857.04005706 675224.47328238969 1567205604.7806945 402.25000000000006 2758097347.2702856 7158.0000000000009 40.500000000000007 9175.5000000000018 5123.0000000000009 9391147975.2217484 2627545622.9535737 4374.0000000000009
decision_type=2 2 2 1 2 2 2 2 2 2 2 2 2 2 2 2 2 2 2
left_child=-1 2 3 9 6 -6 -4 -5 -9 10 -2 17 13 -13 15 -14 -16 18 -3
right_child=1 11 4 7 5 -7 -8 8 -10 -11 -12 12 14 -15 16 -17 -18 -19 -20
leaf_value=0.0031706768905657326 0.0023974364963618832 0.0022663202099449174 0.0027834930167429978 0.0011339130467690882 -0.0081550126057118172 -0.0010247204876371674 -0.0033667235251050444 -0.0071510280016809707 7.6033661995703977e-05 0.0030938877537846567 -0.0018231505041800536 0.00053890145769933378 -0.0019422887673135845 -0.0042864444407834006 0.00046725309582554687 0.0053547567969082664 -0.0048011410041778751 0.0042008243663032062 -0.0011962258819645892
leaf_weight=43 45 55 45 42 40 53 40 45 48 75 79 41 40 56 314 53 49 41 48
leaf_count=43 45 55 45 42 40 53 40 45 48 75 79 41 40 56 314 53 49 41 48
internal_value=-0.000151054 -0.000269197 -0.000907319 -0.000223428 -0.00219058 -0.00409151 -0.000110727 -0.00200387 -0.00342093 0.000984409 -0.000291486 0.000199553 -0.000181508 -0.00224687 0.000257834 0.00221624 -0.000243908 0.00166293 0.000652706
internal_weight=1252 1209 512 334 178 93 85 135 93 199 124 697 553 97 456 93 363 144 103
internal_count=1252 1209 512 334 178 93 85 135 93 199 124 697 553 97 456 93 363 144 103
cat_boundaries=0 1
cat_threshold=2
is_linear=0
shrinkage=0.05


Tree=305
num_leaves=10
num_cat=0
split_feature=5 5 1 8 5 9 5 7 9
split_gain=0.223693 0.220405 0.205938 0.35009 0.347606 0.411189 0.143666 0.137438 0.130009
threshold=6020.5000000000009 971.00000000000011 1296072.9129802992 3.2500000000000004 5799.5000000000009 1924.5000000000002 3595.5000000000005 3.5000000000000004 1972.5000000000002
decision_type=2 2 2 2 2 2 2 2 2
left_child=1 -1 4 7 5 -3 -7 -4 -2
right_child=8 2 3 -5 -6 6 -8 -9 -10
leaf_value=-0.0031583064808692858 -0.00055518982796153677 0.0050933725609433001 -0.0056685003898261739 0.0015432901170877916 0.0049663745366582066 0.00060994693800845812 -0.00067750755075624664 -0.0015733021113555881 -0.0041806943295181129
leaf_weight=51 48 42 42 53 41 480 395 40 51
leaf_count=51 48 42 42 53 41 480 395 40 51
internal_value=-0.00014276 5.45574e-05 0.000204471 -0.00162381 0.000462111 0.00026072 2.87532e-05 -0.00367084 -0.00242287
internal_weight=1243 1144 1093 135 958 917 875 82 99
internal_count=1243 1144 1093 135 958 917 875 82 99
is_linear=0
shrinkage=0.05


Tree=306
num_leaves=17
num_cat=0
split_feature=2 9 1 1 0 8 2 9 0 11 10 10 7 1 11 2
split_gain=0.253917 0.293005 0.272339 0.266444 0.296319 0.245822 0.298303 0.233516 0.357975 0.318123 0.224392 0.21557 0.275534 0.201247 0.480784 0.198969
threshold=811997.56703822489 1941.5000000000002 653356.44379716844 647728.45187070419 525001.94806865673 3.2500000000000004 688091.77602969261 1933.5000000000002 1745126.0284832132 3540104252.7571449 369.91666666666674 979.29166666666686 3.5000000000000004 1369665.2667794463 6889770124.1537228 707133.77038150944
decision_type=2 2 2 2 2 2 2 2 2 2 2 2 2 2 2 2
left_child=1 2 -1 4 -3 6 -4 -2 9 -9 -5 15 -13 14 -10 -12
right_child=7 3 5 10 -6 -7 -8 8 13 -11 11 12 -14 -15 -16 -17
leaf_value=0.0054165520001729223 -0.0044376024610828608 0.00044958341350138654 -0.003777457391115604 0.0028085339273609036 -0.0041277690292512879 0.0038827244320903754 0.001965835680647825 7.5356787196002341e-05 -0.0041959952955663788 -0.005119841644259663 -6.3020586514307949e-05 -1.9845707368315951e-05 0.0037836334042367528 0.0032090352623964907 0.0020632124911122893 -0.0031060625344426149
leaf_weight=46 50 64 40 79 79 48 52 52 51 68 149 186 64 54 77 84
leaf_count=46 50 64 40 79 79 48 52 52 51 68 149 186 64 54 77 84
internal_value=-0.000135622 0.00031355 0.0020788 -0.000152176 -0.00207916 0.000982114 -0.000531248 -0.00127259 -0.00074858 -0.00286859 0.000338143 -6.59174e-05 0.000953845 0.000649228 -0.000430691 -0.00116008
internal_weight=1243 891 186 705 143 140 92 352 302 120 562 483 250 182 128 233
internal_count=1243 891 186 705 143 140 92 352 302 120 562 483 250 182 128 233
is_linear=0
shrinkage=0.05


Tree=307
num_leaves=17
num_cat=0
split_feature=2 9 7 2 1 0 9 9 0 7 10 11 10 10 7 11
split_gain=0.22916 0.264437 0.249823 0.319097 0.240466 0.267428 0.218319 0.210748 0.323072 0.307041 0.203034 0.274716 0.202726 0.177846 0.248669 0.21484
threshold=811997.56703822489 1941.5000000000002 4.5000000000000009 686100.41438497638 647728.45187070419 525001.94806865673 1929.5000000000002 1933.5000000000002 1745126.0284832132 3.5000000000000004 1769.7500000000002 6889770124.1537228 346.05000000000007 979.29166666666686 3.5000000000000004 1033991313.6455656
decision_type=2 2 2 2 2 2 2 2 2 2 2 2 2 2 2 2
left_child=1 2 6 -4 5 -3 -1 -2 9 -9 11 -10 -6 15 -15 -14
right_child=7 4 3 -5 12 -7 -8 8 10 -11 -12 -13 13 14 -16 -17
leaf_value=0.0010385772409129211 -0.0042157222190871832 0.00042710417910711844 -0.0030467719110378695 0.0030445536679783187 0.0028807975374066327 -0.0039213806462969304 0.0057450434276168907 0.00048269202360761874 -0.0008837557569342224 -0.0047192293615709695 -0.0019543823643794491 0.0037769333020010046 0.002216336448835263 -1.8853428917536414e-05 0.003594451714434399 -0.0016776147949803548
leaf_weight=44 50 64 43 43 68 79 56 46 57 74 54 71 43 186 64 201
leaf_count=44 50 64 43 43 68 79 56 46 57 74 54 71 43 186 64 201
internal_value=-0.000128841 0.000297872 0.00197486 -1.10912e-06 -0.000144568 -0.00197521 0.0036742 -0.00120896 -0.000711151 -0.00272516 0.000616767 0.00170147 0.000321235 -3.1093e-05 0.000906153 -0.000991386
internal_weight=1243 891 186 86 705 143 100 352 302 120 182 128 562 494 250 244
internal_count=1243 891 186 86 705 143 100 352 302 120 182 128 562 494 250 244
is_linear=0
shrinkage=0.05


Tree=308
num_leaves=11
num_cat=0
split_feature=10 5 2 5 9 5 11 5 9 11
split_gain=0.221661 0.252183 0.198195 0.288462 0.283103 0.245129 0.487882 0.172143 0.119045 0.0972821
threshold=255.30000000000004 6020.5000000000009 1296072.9129802992 5799.5000000000009 1924.5000000000002 4508.0000000000009 6072994606.1645918 3595.5000000000005 1972.5000000000002 698778025.18448842
decision_type=2 2 2 2 2 2 2 2 2 2
left_child=9 2 3 4 -2 6 -4 -6 -3 -1
right_child=1 8 5 -5 7 -7 -8 -9 -10 -11
leaf_value=-0.0043628673069179063 0.0044662234000861648 -0.00057256575964856891 -0.003840277522672401 0.0046472672441201963 0.0008297908486156303 -0.0042763271284056827 0.0034232878560433166 -0.0006059223397560788 -0.0040418299556454172 -0.00089703813724554497
leaf_weight=41 40 48 43 41 448 50 50 391 51 40
leaf_count=41 40 48 43 41 448 50 50 391 51 40
internal_value=-0.000122399 5.38874e-05 0.000278677 0.000547845 0.000356632 -0.00145303 6.48652e-05 0.000160704 -0.00235976 -0.00265135
internal_weight=1243 1162 1063 920 879 143 93 839 99 81
internal_count=1243 1162 1063 920 879 143 93 839 99 81
is_linear=0
shrinkage=0.05


Tree=309
num_leaves=11
num_cat=0
split_feature=10 5 1 8 5 12 10 5 12 11
split_gain=0.200049 0.227596 0.180159 0.303669 0.261227 0.256195 0.172711 0.164387 0.107438 0.0877971
threshold=255.30000000000004 6020.5000000000009 1296072.9129802992 3.2500000000000004 5799.5000000000009 99.500000000000014 1014.2000000000002 3359.0000000000005 52.500000000000007 698778025.18448842
decision_type=2 2 2 2 2 2 2 2 2 2
left_child=9 2 4 6 5 7 -4 -2 -3 -1
right_child=1 8 3 -5 -6 -7 -8 -9 -10 -11
leaf_value=-0.0041447236329010435 0.00087568087159098351 -0.0038397384176313805 -0.0011089933526125691 0.0015077806490842464 0.00441490389213602 0.0042429122026078408 -0.0056997256929753352 -0.0005187826881447767 -0.00054393748384124298 -0.00085218611158779836
leaf_weight=41 405 51 42 53 41 40 40 442 48 40
leaf_count=41 405 51 42 53 41 40 40 442 48 40
internal_value=-0.000116279 5.1193e-05 0.000264743 -0.00144188 0.000513013 0.000332655 -0.00334837 0.000147992 -0.00224177 -0.00251878
internal_weight=1243 1162 1063 135 928 887 82 847 99 81
internal_count=1243 1162 1063 135 928 887 82 847 99 81
is_linear=0
shrinkage=0.05


Tree=310
num_leaves=16
num_cat=1
split_feature=6 6 10 2 10 6 8 6 5 5 3 9 6 2 10
split_gain=0.198675 0.280402 0.193231 0.390246 0.381227 0.343157 0.291108 0.284502 0.23058 0.26587 0.367701 0.191604 0.190046 0.237295 0.0718534
threshold=13317.000000000002 13747.500000000002 1320.5000000000002 1162692.8781822992 1222.2666666666669 8265.0000000000018 3.2500000000000004 10581.500000000002 5634.0000000000009 4999.5000000000009 0 1973.5000000000002 14615.500000000002 727810.47144635057 1363.6250000000002
decision_type=2 2 2 2 2 2 2 2 2 2 1 2 2 2 2
left_child=2 -2 4 5 8 6 -4 -7 9 10 -1 -9 -3 14 -14
right_child=1 12 3 -5 -6 7 -8 11 -10 -11 -12 -13 13 -15 -16
leaf_value=-0.0027511649350522131 0.0050234642811119558 -0.002231352478498593 -0.00084841511964511406 -0.0055623088068832479 0.004775477535149549 -0.0049486463724047339 0.0047122040043346761 0.0020813832892865943 -0.0038811616463268676 0.0034887955719605092 0.00029397012025752747 -0.0026192980519819842 -0.0018414021215163346 0.0036277879506087631 0.0010841453220786117
leaf_weight=113 40 50 52 49 40 57 43 41 41 50 506 46 43 64 41
leaf_count=113 40 50 52 49 40 57 43 41 41 50 506 46 43 64 41
internal_value=-9.78246e-05 0.00120512 -0.000396573 -0.00149746 2.61687e-05 -0.000664086 0.0016685 -0.00220294 -0.000241398 -1.83332e-05 -0.000301623 -0.000404034 0.00043374 0.00133411 -0.000413456
internal_weight=1276 238 1038 288 750 239 95 144 710 669 619 87 198 148 84
internal_count=1276 238 1038 288 750 239 95 144 710 669 619 87 198 148 84
cat_boundaries=0 1
cat_threshold=8
is_linear=0
shrinkage=0.05


Tree=311
num_leaves=16
num_cat=1
split_feature=6 6 10 1 10 6 5 11 9 3 1 6 9 5 6
split_gain=0.179583 0.253063 0.173997 0.403722 0.344307 0.2963 0.304333 0.247539 0.300504 0.227091 0.195184 0.171516 0.159726 0.206585 0.123966
threshold=13317.000000000002 13747.500000000002 1320.5000000000002 1162692.8781822992 1222.2666666666669 8265.0000000000018 4137.5000000000009 7083782421.2840281 2017.5000000000002 0 686100.41438497638 14615.500000000002 1960.5000000000002 4870.5000000000009 10551.500000000002
decision_type=2 2 2 2 2 2 2 2 2 1 2 2 2 2 2
left_child=2 -2 4 5 7 10 -7 8 9 -1 -4 -3 -13 -14 -8
right_child=1 11 3 -5 -6 6 14 -9 -10 -11 -12 12 13 -15 -16
leaf_value=0.00091314504295877258 0.0047722910996526487 -0.0021197847917210312 -0.00080388798481888235 -0.0056086001379298984 0.0045367037205141974 0.0013530503561765806 -0.0057176603889092809 -0.0037781092722940705 -0.0041316520441863009 -0.001116770471183268 0.0037351356399594805 -0.00096442404593779856 0.0052207152254413816 0.00051602019505350781 -0.0021120205790917312
leaf_weight=432 40 50 45 48 40 46 40 46 41 191 50 52 40 56 59
leaf_count=432 40 50 45 48 40 46 40 46 41 191 50 52 40 56 59
internal_value=-9.38962e-05 0.00114487 -0.000377928 -0.00142259 2.32222e-05 -0.00058539 -0.00200742 -0.000231058 1.46709e-05 0.000287543 0.00158507 0.000412053 0.0012674 0.00247631 -0.00356884
internal_weight=1276 238 1038 288 750 240 145 710 664 623 95 198 148 96 99
internal_count=1276 238 1038 288 750 240 145 710 664 623 95 198 148 96 99
cat_boundaries=0 1
cat_threshold=5
is_linear=0
shrinkage=0.05


Tree=312
num_leaves=11
num_cat=0
split_feature=6 6 11 6 2 11 11 5 5 1
split_gain=0.162096 0.228389 0.159407 0.154793 0.212779 0.150343 0.236246 0.178786 0.226766 0.0498723
threshold=13317.000000000002 13747.500000000002 554372462.54267871 14615.500000000002 727810.47144635057 712334039.98765612 893374518.47858465 1732.5000000000002 2368.0000000000005 677772.907508748
decision_type=2 2 2 2 2 2 2 2 2 2
left_child=2 -2 -1 -3 9 -4 -7 -8 -9 -5
right_child=1 3 5 4 -6 6 7 8 -10 -11
leaf_value=0.0023120643579805237 0.0045336765609681603 -0.0020137956696562472 -0.003326120559747021 0.00071081897106275646 0.0033760015916186603 0.0028119400432545013 -0.0032005287846550348 0.0015087745950923045 -0.0007387000928030116 -0.0017285807337611915
leaf_weight=53 40 50 45 44 64 55 60 134 691 40
leaf_count=53 40 50 45 44 64 55 60 134 691 40
internal_value=-8.92812e-05 0.00108762 -0.00035913 0.00039145 0.00120403 -0.000502859 -0.000367703 -0.000565308 -0.000373656 -0.0004508
internal_weight=1276 238 1038 198 148 985 940 885 825 84
internal_count=1276 238 1038 198 148 985 940 885 825 84
is_linear=0
shrinkage=0.05


Tree=313
num_leaves=16
num_cat=0
split_feature=6 6 10 1 10 6 5 8 11 9 11 10 5 7 6
split_gain=0.146292 0.206121 0.153568 0.363739 0.315068 0.265328 0.273375 0.264188 0.220103 0.267619 0.226979 0.142884 0.179673 0.135037 0.111879
threshold=13317.000000000002 13747.500000000002 1320.5000000000002 1162692.8781822992 1222.2666666666669 8265.0000000000018 4137.5000000000009 3.2500000000000004 7083782421.2840281 2017.5000000000002 4499531530.9756517 816.75000000000011 5864.5000000000009 3.5000000000000004 10551.500000000002
decision_type=2 2 2 2 2 2 2 2 2 2 2 2 2 2 2
left_child=2 -2 4 5 8 7 -7 -4 9 10 -1 -3 13 -13 -8
right_child=1 11 3 -5 -6 6 14 -9 -10 -11 -12 12 -14 -15 -16
leaf_value=1.8578635386733374e-05 0.0043069927673786883 0.0029604886056317594 -0.00087174697456738129 -0.0052959173675238471 0.0043532721011433758 0.001311377660275194 -0.0053948423801921316 0.0044255232684812405 -0.0035522687360239422 -0.0038887175992585541 0.0037437049322761595 8.9013372598856225e-05 0.0023399882396269176 -0.003440533419377468 -0.0019694845048095085
leaf_weight=579 40 42 52 48 40 46 40 43 46 41 44 64 45 47 59
leaf_count=579 40 42 52 48 40 46 40 43 46 41 44 64 45 47 59
internal_value=-8.48171e-05 0.00103324 -0.000341174 -0.00132259 3.56922e-05 -0.00052793 -0.00187359 0.00152596 -0.000207552 2.41606e-05 0.000281669 0.000371878 -0.000325056 -0.00140548 -0.00335347
internal_weight=1276 238 1038 288 750 240 145 95 710 664 623 198 156 111 99
internal_count=1276 238 1038 288 750 240 145 95 710 664 623 198 156 111 99
is_linear=0
shrinkage=0.05


Tree=314
num_leaves=12
num_cat=0
split_feature=6 6 11 6 2 11 11 8 2 9 1
split_gain=0.132028 0.186025 0.142664 0.141826 0.19089 0.136782 0.209516 0.166663 0.28624 0.164503 0.0452153
threshold=13317.000000000002 13747.500000000002 554372462.54267871 14615.500000000002 727810.47144635057 712334039.98765612 893374518.47858465 4.7500000000000009 701797.52207137598 1932.5000000000002 677772.907508748
decision_type=2 2 2 2 2 2 2 2 2 2 2
left_child=2 -2 -1 -3 10 -4 -7 9 -9 -8 -5
right_child=1 3 5 4 -6 6 7 8 -10 -11 -12
leaf_value=0.0022029046707277029 0.0040916430670768023 -0.0019490087581798437 -0.0031530103511694407 0.00066973716443912562 0.0031883021589237618 0.0026632001934657722 -0.0021467879947382382 0.00014473197567794059 -0.0056307239707831932 -1.4623059786893025e-05 -0.001652978842612356
leaf_weight=53 40 50 45 44 64 55 104 45 41 695 40
leaf_count=53 40 50 45 44 64 55 104 45 41 695 40
internal_value=-8.05763e-05 0.000981579 -0.000324115 0.000353284 0.00113109 -0.000460086 -0.00033117 -0.000517261 -0.00260868 -0.000292151 -0.000436318
internal_weight=1276 238 1038 198 148 985 940 885 86 799 84
internal_count=1276 238 1038 198 148 985 940 885 86 799 84
is_linear=0
shrinkage=0.05


Tree=315
num_leaves=11
num_cat=0
split_feature=5 1 6 6 5 5 1 2 2 12
split_gain=0.279766 0.547142 0.317998 0.272597 0.205148 0.178861 0.364726 0.170305 0.144604 0.045525
threshold=5647.5000000000009 810769.61929734773 15232.500000000002 14085.000000000002 5232.5000000000009 4508.0000000000009 714688.47652307793 1340804.1441143008 648851.45573604852 50.500000000000007
decision_type=2 2 2 2 2 2 2 2 2 2
left_child=2 8 3 4 5 7 -7 -1 -2 -10
right_child=1 -3 -4 -5 -6 6 -8 -9 9 -11
leaf_value=0.00021850271168032438 -0.0023619681653543946 -0.0058629356706660475 -0.003162782231811434 0.0040744582454691515 0.0029346998418762656 0.0014593018261639746 -0.0043770500429179838 0.0029137359721062243 0.002452058528362569 0.00013633770550685849
leaf_weight=696 41 56 60 53 73 49 59 64 41 44
leaf_count=696 41 56 60 53 73 49 59 64 41 44
internal_value=5.95448e-05 -0.00175072 0.000372134 0.000585509 0.000389001 0.000174904 -0.00172908 0.00044547 7.69251e-05 0.00125333
internal_weight=1236 182 1054 994 941 868 108 760 126 85
internal_count=1236 182 1054 994 941 868 108 760 126 85
is_linear=0
shrinkage=0.05


Tree=316
num_leaves=11
num_cat=0
split_feature=5 1 6 6 10 5 7 1 2 9
split_gain=0.252489 0.493795 0.286993 0.246019 0.218146 0.419463 0.324871 0.186457 0.130505 0.0410863
threshold=5647.5000000000009 810769.61929734773 15232.500000000002 14085.000000000002 1834.5000000000002 5232.5000000000009 3.5000000000000004 696594.67995976855 648851.45573604852 1974.5000000000002
decision_type=2 2 2 2 2 2 2 2 2 2
left_child=2 8 3 4 5 6 -1 -6 -2 -10
right_child=1 -3 -4 -5 7 -7 -8 -9 9 -11
leaf_value=0.0019192840175287045 -0.0022438697391984667 -0.0055697888007021643 -0.0030046431204148881 0.0038707353324049492 -0.0034980792183740696 0.0049434542080335738 -0.00032623684719510496 0.00017542715082900263 0.00012952082430605185 0.0023294556039817086
leaf_weight=235 41 56 60 53 62 54 512 78 44 41
leaf_count=235 41 56 60 53 62 54 512 78 44 41
internal_value=5.65676e-05 -0.00166319 0.000353527 0.000556234 0.000369551 0.000687821 0.000380185 -0.00145141 7.30789e-05 0.00119067
internal_weight=1236 182 1054 994 941 801 747 140 126 85
internal_count=1236 182 1054 994 941 801 747 140 126 85
is_linear=0
shrinkage=0.05


Tree=317
num_leaves=17
num_cat=1
split_feature=6 6 10 7 6 2 6 3 0 0 6 6 10 6 10 11
split_gain=0.210217 0.187746 0.15636 0.194885 0.341687 0.364894 0.559567 0.249723 0.420356 0.360499 0.312373 0.595106 0.566643 0.212032 0.357763 0.0579287
threshold=15232.500000000002 15997.000000000002 3822.5000000000005 3.5000000000000004 10661.000000000002 839126.14605876885 7250.0000000000009 0 819663.42659956194 577666.63225903024 11322.500000000002 9956.5000000000018 781.08333333333337 12113.000000000002 1769.7500000000002 4853303116.4993992
decision_type=2 2 2 2 2 2 2 1 2 2 2 2 2 2 2 2
left_child=2 -2 3 4 5 6 -1 8 9 -5 11 -9 -12 -6 -15 -10
right_child=1 -3 -4 7 13 -7 -8 10 15 -11 12 -13 -14 14 -16 -17
leaf_value=0.0015912003480602337 -0.0044370870972844836 -0.00016848289636535604 -0.0020551064335133716 0.00066378750933050105 0.0059831856454062894 0.0041077955488153569 -0.003585452643994202 -0.00095065911640287255 -0.0036040846578544007 0.004839629736052801 0.0041134220473395544 -0.007608655828516931 -0.0032574745694133032 0.0048982627206461751 -0.0014844552089925856 -0.00094538643315900117
leaf_weight=119 47 57 69 177 48 49 93 185 40 73 64 41 44 46 42 42
leaf_count=119 47 57 69 177 48 49 93 185 40 73 64 41 44 46 42 42
internal_value=5.37392e-05 -0.00209756 0.000251385 0.000401101 0.00127797 0.00021911 -0.00067969 -0.000121596 0.000838929 0.00188313 -0.00106947 -0.00215853 0.00111046 0.00331004 0.00185197 -0.00224231
internal_weight=1236 104 1132 1063 397 261 212 666 332 250 334 226 108 136 88 82
internal_count=1236 104 1132 1063 397 261 212 666 332 250 334 226 108 136 88 82
cat_boundaries=0 1
cat_threshold=9
is_linear=0
shrinkage=0.05


Tree=318
num_leaves=11
num_cat=0
split_feature=5 6 6 6 9 9 5 5 1 0
split_gain=0.22149 0.183777 0.200749 0.192402 0.280012 0.46819 0.373459 0.312471 0.326383 0.314015
threshold=6214.5000000000009 15232.500000000002 15997.000000000002 14450.500000000002 1965.5000000000002 1972.5000000000002 5518.0000000000009 4685.0000000000009 723410.77324754675 1452022.7428291682
decision_type=2 2 2 2 2 2 2 2 2 2
left_child=1 3 -3 4 7 -6 -7 9 -9 -1
right_child=-2 2 -4 -5 5 6 -8 8 -10 -11
leaf_value=0.0011678112627274541 -0.003208780420012772 -0.0043980143492014824 0.00032602185079746922 0.0036061420460265997 -0.004088027858196233 0.00052579742940650205 -0.0037947647057340614 0.00069648220669478185 0.0064408994703234052 -0.0027537043664544341
leaf_weight=289 50 44 46 44 78 468 56 48 51 62
leaf_count=289 50 44 46 44 78 468 56 48 51 62
internal_value=5.10523e-05 0.000188482 -0.00198351 0.000366839 0.000231355 -0.00047392 6.4058e-05 0.00117486 0.00365573 0.000475122
internal_weight=1236 1186 90 1096 1052 602 524 450 99 351
internal_count=1236 1186 90 1096 1052 602 524 450 99 351
is_linear=0
shrinkage=0.05


Tree=319
num_leaves=14
num_cat=2
split_feature=5 10 10 7 9 3 2 1 5 1 1 4 9
split_gain=0.199895 0.1647 0.326846 0.154045 0.285376 0.232694 0.821482 0.289898 0.128434 0.102376 0.127644 0.127478 0.132794
threshold=6214.5000000000009 1834.5000000000002 1611.2500000000002 3.5000000000000004 2001.5000000000002 0 727810.47144635057 647728.45187070419 2078.0000000000005 664832.51186232071 683814.34909850836 1 1975.5000000000002
decision_type=2 2 2 2 2 1 2 2 2 2 2 1 2
left_child=1 2 3 4 8 6 -5 -7 -1 -3 -11 12 -12
right_child=-2 9 -4 5 -6 7 -8 -9 -10 10 11 -13 -14
leaf_value=0.00084249418652735839 -0.0030483413748443131 -0.0032936418065574111 0.0046750879350673296 0.0049140382434679081 -0.0021237061488338644 -0.0033905104626543248 -0.0030541850271511755 -0.00010537412109173542 0.0035804304773429116 0.0019689332763664423 -0.0045668503461638466 0.00052495606732173047 -0.00060742363475987482
leaf_weight=78 50 41 44 83 45 78 53 483 95 40 40 61 45
leaf_count=78 50 41 44 83 45 78 53 483 95 40 40 61 45
internal_value=4.84997e-05 0.000179058 0.000465725 0.000263308 0.00142334 -9.95153e-05 0.00168489 -0.000552286 0.00234599 -0.00103202 -0.000533486 -0.00121908 -0.00247068
internal_weight=1236 1186 959 915 218 697 136 561 173 227 186 146 85
internal_count=1236 1186 959 915 218 697 136 561 173 227 186 146 85
cat_boundaries=0 1 2
cat_threshold=8 2
is_linear=0
shrinkage=0.05


Tree=320
num_leaves=20
num_cat=3
split_feature=11 9 6 2 6 11 9 0 4 4 9 9 10 3 6 6 9 6 6
split_gain=0.262763 0.166637 0.454209 0.449249 0.386758 0.547566 0.242786 0.33579 0.817999 0.279926 0.242039 0.210581 0.125865 0.195234 0.256557 0.141133 0.201594 0.176108 0.158666
threshold=3195248590.6646457 1978.5000000000002 13079.500000000002 623959.94523397705 11291.500000000002 994515333.43391526 1990.5000000000002 572600.24644636794 0 1 1966.5000000000002 1949.5000000000002 657.33333333333337 2 11724.500000000002 13102.000000000002 1970.5000000000002 9889.0000000000018 15133.500000000002
decision_type=2 2 2 2 2 2 2 2 1 1 2 2 2 1 2 2 2 2 2
left_child=1 2 4 -3 5 11 -5 9 -9 -8 -7 -1 -2 14 -14 16 -15 -18 -17
right_child=12 3 -4 6 -6 10 7 8 -10 -11 -12 -13 13 15 -16 18 17 -19 -20
leaf_value=-0.0057907942594546411 -0.0014654651819232933 0.0028269203388536315 -0.0036174422184209508 -0.0046085075596286182 0.0039903433165616462 0.00040630794686208273 0.0023151490792683136 -0.0084449115395545966 0.0013184059343141754 -0.0021962669478335349 0.0043677986948750915 -0.00098002113594228171 0.0054994323563858361 -0.002318606495546798 0.00049925002309939134 0.0042904310976501579 0.0033920208985606833 -0.0011098059929541446 3.9837999350350843e-05
leaf_weight=45 47 53 73 76 72 196 73 45 41 65 48 46 58 75 46 42 45 42 46
leaf_count=45 47 53 73 76 72 196 73 45 41 65 48 46 58 75 46 42 45 42 46
internal_value=-8.595e-05 -0.000592176 1.42821e-05 -0.00141682 0.000665672 -4.88836e-05 -0.00216655 -0.00133803 -0.00379031 0.000190207 0.00118562 -0.00335897 0.000965636 0.00128841 0.00299941 0.000439093 -0.000418928 0.00121873 0.00206853
internal_weight=1234 833 480 353 407 335 300 224 86 138 244 91 401 354 104 250 162 87 88
internal_count=1234 833 480 353 407 335 300 224 86 138 244 91 401 354 104 250 162 87 88
cat_boundaries=0 1 2 3
cat_threshold=2 2 10
is_linear=0
shrinkage=0.05


Tree=321
num_leaves=18
num_cat=0
split_feature=5 6 5 2 5 2 2 6 1 9 9 2 1 5 8 1 7
split_gain=0.311484 0.267924 0.384915 0.196523 0.398108 0.189156 0.209616 0.190785 0.186035 0.169937 0.630612 0.27351 0.5305 0.173797 0.161249 0.126017 0.112241
threshold=4639.0000000000009 7995.0000000000009 4898.5000000000009 625043.21099097666 1957.5000000000002 819559.94338626799 677772.907508748 12708.000000000002 659749.2343736469 1978.5000000000002 1972.5000000000002 748446.88527358708 689208.6917161406 3321.5000000000005 1.7500000000000002 669203.61322633584 3.5000000000000004
decision_type=2 2 2 2 2 2 2 2 2 2 2 2 2 2 2 2 2
left_child=3 -2 -3 4 -1 6 15 -7 -5 10 14 12 -11 -13 -10 -4 -8
right_child=1 2 5 8 -6 7 16 -9 9 11 -12 13 -14 -15 -16 -17 -18
leaf_value=-0.0023180508147925142 0.0037937224527971971 0.0050373241404304287 0.00055354622289024546 -0.0033387443219783579 0.0033831532708593183 -0.004701768784434535 0.00043726424178616572 0.00018168641239753926 -0.0028658669428821182 0.00018144269226657154 0.0054390589770999679 -0.001441907393358027 -0.0054575490560587296 0.0025946082042840619 -0.00016219642110874025 -0.0030183360836100442 0.0038685201745605672
leaf_weight=50 74 40 58 73 79 40 44 40 71 77 47 60 91 48 247 43 52
leaf_count=50 74 40 58 73 79 40 44 40 71 77 47 60 91 48 247 43 52
internal_value=-8.16525e-05 0.00108477 0.000452396 -0.000622662 0.00117338 -0.000209687 0.000622944 -0.00226004 -0.000947158 -0.000674793 3.31417e-05 -0.00161101 -0.00287301 0.0003521 -0.000765846 -0.000967156 0.00229586
internal_weight=1234 391 317 843 129 277 197 80 714 641 365 276 168 108 318 101 96
internal_count=1234 391 317 843 129 277 197 80 714 641 365 276 168 108 318 101 96
is_linear=0
shrinkage=0.05


Tree=322
num_leaves=14
num_cat=0
split_feature=5 10 6 6 1 1 5 10 10 10 5 10 1
split_gain=0.281114 0.280964 0.311533 0.157272 0.179944 0.169709 0.142075 0.188948 0.241572 0.329966 0.303707 0.271146 0.0827472
threshold=4639.0000000000009 812.78571428571433 7995.0000000000009 11937.500000000002 698334.10713997215 708849.74897787033 4374.0000000000009 2291.7500000000005 1267.2333333333336 1081.0000000000002 3430.0000000000005 856.28571428571433 674719.12140738976
decision_type=2 2 2 2 2 2 2 2 2 2 2 2 2
left_child=6 -2 -3 4 -4 12 7 8 9 11 -10 -1 -5
right_child=1 2 3 5 -6 -7 -8 -9 10 -11 -12 -13 -14
leaf_value=-0.00060040808275159255 0.0045714965745882723 0.0038624882224369155 0.00083705131498087819 0.00083889136186308163 -0.0031151808472461399 0.0025160986721615864 -0.0028755105425795867 -0.0030553114615500935 -0.00083781061900986575 -0.0045667255975979761 0.0047978048174021149 0.0028058296125946626 -0.0022814149738267244
leaf_weight=509 49 58 48 43 72 79 63 62 45 47 51 66 42
leaf_count=509 49 58 48 43 72 79 63 62 45 47 51 66 42
internal_value=-7.75698e-05 0.00103053 0.0005232 -0.000158767 -0.00153429 0.000847712 -0.000591529 -0.000407054 -0.000178374 -0.00053868 0.00215611 -0.000209431 -0.000702907
internal_weight=1234 391 342 284 120 164 843 780 718 622 96 575 85
internal_count=1234 391 342 284 120 164 843 780 718 622 96 575 85
is_linear=0
shrinkage=0.05


Tree=323
num_leaves=20
num_cat=1
split_feature=11 9 6 2 6 11 11 9 7 11 10 6 10 3 6 6 6 11 10
split_gain=0.208033 0.134981 0.420782 0.368282 0.353523 0.470989 0.232031 0.220986 0.449774 0.244895 0.202803 0.190566 0.105983 0.183531 0.237445 0.125311 0.284446 0.0945307 0.112805
threshold=3195248590.6646457 1978.5000000000002 13079.500000000002 623959.94523397705 11291.500000000002 994515333.43391526 1520233191.3087046 1997.5000000000002 2.5000000000000004 1680051505.3366768 445.71428571428578 5882.0000000000009 657.33333333333337 0 11724.500000000002 11422.500000000002 8862.0000000000018 3599007488.9019399 1446.1666666666667
decision_type=2 2 2 2 2 2 2 2 2 2 2 2 2 1 2 2 2 2 2
left_child=1 2 4 -3 5 11 -7 9 -9 -5 -10 -1 -2 14 -14 16 -15 -17 -19
right_child=12 3 -4 7 -6 6 -8 8 10 -11 -12 -13 13 15 -16 17 -18 18 -20
leaf_value=-0.00084134582341547411 -0.001368852863286404 0.0025760229378235791 -0.0034738369031900168 -0.0015422520023121529 0.0038272756643386351 0.0033811364824847356 6.3455292068332621e-05 0.0033708805597927223 0.00035476654277021149 -0.0060597669384018947 -0.0037583039201752738 -0.0054177915782525413 0.0052129114512354142 0.0012560828392144661 0.00040257509757319222 -0.00052995069474890463 -0.0036387277545644812 0.00064280060960704259 0.004245788305498926
leaf_weight=46 47 53 73 66 72 77 167 47 46 55 86 45 58 71 46 41 51 45 42
leaf_count=46 47 53 73 66 72 77 167 47 46 55 86 45 58 71 46 41 51 45 42
internal_value=-7.36914e-05 -0.000524123 2.16995e-05 -0.00126632 0.000648663 -3.45015e-05 0.00111043 -0.00194513 -0.000829405 -0.00359567 -0.00232496 -0.00310442 0.000861993 0.00115818 0.00281463 0.0003428 -0.000790108 0.00144938 0.00238217
internal_weight=1234 833 480 353 407 335 244 300 179 121 132 91 401 354 104 250 122 128 87
internal_count=1234 833 480 353 407 335 244 300 179 121 132 91 401 354 104 250 122 128 87
cat_boundaries=0 1
cat_threshold=10
is_linear=0
shrinkage=0.05


Tree=324
num_leaves=16
num_cat=0
split_feature=5 10 6 2 5 1 5 9 9 6 2 2 1 11 11
split_gain=0.244804 0.254271 0.276965 0.166762 0.345361 0.163731 0.150744 0.236887 0.187581 0.141903 0.26381 0.253674 0.121325 0.0672593 0.0636974
threshold=4639.0000000000009 812.78571428571433 7995.0000000000009 625043.21099097666 1957.5000000000002 659749.2343736469 4374.0000000000009 1932.5000000000002 1978.5000000000002 11937.500000000002 708849.74897787033 806015.1151934301 674719.12140738976 3229982426.7909212 1680051505.3366768
decision_type=2 2 2 2 2 2 2 2 2 2 2 2 2 2 2
left_child=3 -2 -3 4 -1 -5 7 14 -9 11 12 13 -11 -4 -7
right_child=1 2 9 5 -6 6 -8 8 -10 10 -12 -13 -14 -15 -16
leaf_value=-0.002147082256153226 0.0043326194350588694 0.0036300028521760275 -0.0012923947413219141 -0.0030921867497628939 0.0031630227370983395 -0.0014946323321782984 -0.0032880771827573578 0.001004244813935861 -0.00090878333794535142 0.0008300395331854477 0.0029523300524727492 -0.0047192945115966728 -0.0028840011630220236 0.0016071588266640903 -0.0043163656169781465
leaf_weight=50 49 58 40 73 79 40 48 249 264 43 76 40 45 40 40
leaf_count=50 49 58 40 73 79 40 48 249 264 43 76 40 45 40 40
internal_value=-7.00068e-05 0.000964056 0.000481426 -0.000549626 0.00110484 -0.000848542 -0.000593026 -0.000374876 1.97625e-05 -0.000161593 0.000794443 -0.00146818 -0.00106919 0.000157382 -0.0029055
internal_weight=1234 391 342 843 129 714 641 593 513 284 164 120 88 80 80
internal_count=1234 391 342 843 129 714 641 593 513 284 164 120 88 80 80
is_linear=0
shrinkage=0.05


Tree=325
num_leaves=18
num_cat=0
split_feature=6 9 11 5 6 0 8 8 6 5 0 11 11 11 0 10 6
split_gain=0.140282 0.312331 0.258958 0.313482 0.331955 0.485599 0.51532 0.359714 0.543 0.437858 0.195374 0.165007 0.440262 0.317053 0.266837 0.295401 0.0807253
threshold=8438.5000000000018 2008.5000000000002 772098445.15512359 2106.0000000000005 11150.500000000002 577666.63225903024 2.7500000000000004 2.7500000000000004 12390.500000000002 4074.0000000000005 541721.52379552484 2819518946.5641532 3517637973.7822924 2196769808.2739635 578820.51469827525 606.29761904761915 6690.5000000000009
decision_type=2 2 2 2 2 2 2 2 2 2 2 2 2 2 2 2 2
left_child=1 11 -2 -4 5 10 -7 8 -6 -9 -5 13 -13 14 15 -1 -14
right_child=2 -3 3 4 7 6 -8 9 -10 -11 -12 12 16 -15 -16 -17 -18
leaf_value=-0.0046165214855773224 0.0041680555546744951 0.0024193232890170561 -0.003001000435283964 0.0024038202315892301 -0.0065593211282480596 0.008346005047981938 0.0012563489360565491 0.0039674087180528884 -0.00044207578442943926 -0.0006098182318156533 -0.0018189444013738208 -0.0066467046580763293 0.00099574229901745206 0.0027329402152802152 0.0014769072890602297 -0.00054919204955902138 -0.0021427943790331481
leaf_weight=80 42 68 72 45 47 48 55 82 159 144 70 46 42 58 61 101 40
leaf_count=80 42 68 72 45 47 48 55 82 159 144 70 46 42 58 61 101 40
internal_value=-7.36811e-05 -0.000728454 0.000351407 0.000129386 0.000476137 0.00206676 0.00456027 -0.000326538 -0.00183776 0.00105095 -0.000166558 -0.00122857 -0.00273155 -0.000587294 -0.00138305 -0.00234691 -0.000535251
internal_weight=1260 496 764 722 650 218 103 432 206 226 115 428 128 300 242 181 82
internal_count=1260 496 764 722 650 218 103 432 206 226 115 428 128 300 242 181 82
is_linear=0
shrinkage=0.05


Tree=326
num_leaves=22
num_cat=3
split_feature=6 9 10 10 3 4 4 8 5 10 5 5 5 0 0 10 0 0 2 9 6
split_gain=0.126604 0.281879 0.169375 0.310374 0.274357 0.349389 0.232251 0.476531 0.2702 0.709158 0.231915 0.629248 0.181704 0.15428 0.137183 0.212752 0.273602 0.238936 0.514934 0.0639715 0.0261316
threshold=8438.5000000000018 2008.5000000000002 1192.2333333333336 966.16666666666686 0 1 2 1.7500000000000002 2404.5000000000005 775.06666666666672 4977.5000000000009 5818.5000000000009 2327.0000000000005 572600.24644636794 864051.32481822115 560.04761904761915 578820.51469827525 548453.68116028118 689208.6917161406 1971.5000000000002 6318.0000000000009
decision_type=2 2 2 2 1 1 1 2 2 2 2 2 2 2 2 2 2 2 2 2 2
left_child=1 14 3 6 5 -4 7 -2 -8 -10 19 -12 -9 -5 15 16 -1 -17 -19 -6 -16
right_child=2 -3 4 13 10 -7 8 12 9 -11 11 -13 -14 -15 20 17 -18 18 -20 -21 -22
leaf_value=-0.0041589076589510039 0.0056222415435602706 0.0022983570761211654 -0.0047671944373549602 0.0015577700920403005 0.0039682558090312452 0.00098601644858717927 -0.0039173676656251441 0.002500384906522447 0.003703654325005436 -0.0048088974485290242 -0.0050766514733015583 0.0027487148459638573 -0.0010156194210361245 0.0058953606546288586 -0.0021304681291803721 -0.0021159355226275209 0.00091636267490685002 0.0047617543520154584 -0.0011457241146846182 0.0012521155036823908 -0.0039378002006560569
leaf_weight=79 51 68 71 41 41 42 56 54 63 40 49 54 115 41 40 77 40 63 89 46 40
leaf_count=79 51 68 71 41 41 42 56 54 63 40 49 54 115 41 40 77 40 63 89 46 40
internal_value=-6.9997e-05 -0.000692031 0.000333837 0.000937395 -0.000584448 -0.00241511 0.000333933 0.00138618 -0.001122 0.000397809 0.000599852 -0.000974032 0.000107838 0.00372657 -0.00116714 -0.000737946 -0.00245293 0.000153249 0.00130277 0.00253214 -0.00303413
internal_weight=1260 496 764 461 303 113 379 220 159 103 190 103 169 82 428 348 119 229 152 87 80
internal_count=1260 496 764 461 303 113 379 220 159 103 190 103 169 82 428 348 119 229 152 87 80
cat_boundaries=0 1 2 3
cat_threshold=4 2 2
is_linear=0
shrinkage=0.05


Tree=327
num_leaves=15
num_cat=0
split_feature=9 9 10 5 10 8 5 5 5 1 0 7 10 2
split_gain=0.103954 0.236666 0.228685 0.255138 0.204365 0.307855 0.24921 0.319195 0.304769 0.237297 0.103901 0.223575 0.105626 0.105323
threshold=2004.5000000000002 1993.5000000000002 597.51190476190493 4224.0000000000009 319.26785714285717 2.7500000000000004 2106.0000000000005 2540.0000000000005 3019.0000000000005 675224.47328238969 532330.19436014059 4.5000000000000009 1446.1666666666667 728598.1774898424
decision_type=2 2 2 2 2 2 2 2 2 2 2 2 2 2
left_child=1 4 -3 -4 5 -1 9 -8 -9 -6 -2 12 -12 -13
right_child=10 2 3 -5 6 -7 7 8 -10 -11 11 13 -14 -15
leaf_value=0.005329307527173051 -0.0011403210138027765 -0.0053608718521434466 0.0019275407523436602 -0.0034020715784479649 0.00062507618356242103 -0.00046770993479983695 0.0036423648324779285 -0.0034183325104866972 0.00017366201476673947 -0.0039566462323116737 -0.0021087177258561412 0.0049560191327085099 0.0012925338873756118 0.0014745714231615976
leaf_weight=43 49 41 43 47 44 49 59 66 561 79 42 45 50 42
leaf_count=43 49 41 43 47 44 49 59 66 561 79 42 45 50 42
internal_value=-6.64972e-05 -0.000279965 -0.00226572 -0.000855701 8.75106e-06 0.00224177 -0.000245189 0.000126405 -0.000204443 -0.00231766 0.000899727 0.00145818 -0.000260211 0.00327532
internal_weight=1260 1032 131 90 901 92 809 686 627 123 228 179 92 87
internal_count=1260 1032 131 90 901 92 809 686 627 123 228 179 92 87
is_linear=0
shrinkage=0.05


Tree=328
num_leaves=18
num_cat=1
split_feature=6 9 11 5 6 8 8 6 5 11 11 11 7 1 9 4 6
split_gain=0.11165 0.243657 0.237555 0.269271 0.2897 0.424013 0.325417 0.484315 0.382355 0.144507 0.413085 0.274668 0.140579 0.398735 0.128114 0.125174 0.0711241
threshold=8438.5000000000018 2008.5000000000002 772098445.15512359 2106.0000000000005 11150.500000000002 2.2500000000000004 2.7500000000000004 12390.500000000002 4074.0000000000005 2819518946.5641532 3517637973.7822924 2196769808.2739635 3.5000000000000004 695322.11860512674 1984.5000000000002 0 6690.5000000000009
decision_type=2 2 2 2 2 2 2 2 2 2 2 2 2 2 2 1 2
left_child=1 9 -2 -4 5 -5 7 -6 -8 11 -11 12 13 -1 -7 -14 -12
right_child=2 -3 3 4 6 14 8 -9 -10 10 16 -13 15 -15 -16 -17 -18
leaf_value=0.002194488994887491 0.0039715867578273729 0.0021329480599995483 -0.0027978455149018882 0.004864979587728158 -0.0062215644637112844 0.0015556674289666577 0.0037104665872459185 -0.000444327528572366 -0.00056683234259051257 -0.0062879554957718312 0.0010689318113561188 0.0026014197087878815 -0.0011214185158499111 -0.0036643159281935529 -0.0015074510162822524 -0.0044270212296396499 -0.0018770533660426737
leaf_weight=76 42 68 72 78 47 81 82 159 144 46 42 58 71 47 59 48 40
leaf_count=76 42 68 72 78 47 81 82 159 144 46 42 58 71 47 59 48 40
internal_value=-6.31723e-05 -0.000647318 0.000316063 0.000103415 0.000424786 0.00191072 -0.000325063 -0.00176243 0.000985108 -0.00108904 -0.00249557 -0.000488924 -0.00122958 -4.42413e-05 0.000264782 -0.00245477 -0.000368134
internal_weight=1260 496 764 722 650 218 432 206 226 428 128 300 242 123 140 119 82
internal_count=1260 496 764 722 650 218 432 206 226 428 128 300 242 123 140 119 82
cat_boundaries=0 1
cat_threshold=2
is_linear=0
shrinkage=0.05


Tree=329
num_leaves=16
num_cat=3
split_feature=6 11 5 0 0 3 8 3 5 4 0 2 8 8 11
split_gain=0.103361 0.274774 0.422268 0.195406 0.497804 0.434566 0.454562 0.194526 0.602107 0.314753 0.217089 0.311768 0.171745 0.156138 0.128214
threshold=7158.0000000000009 772098445.15512359 2168.5000000000005 548453.68116028118 559558.65844934701 0 2.7500000000000004 1 3277.0000000000005 2 1803305.4158322734 729326.24648517405 2.7500000000000004 2.7500000000000004 2373671050.3539023
decision_type=2 2 2 2 2 1 2 1 2 1 2 2 2 2 2
left_child=3 -2 13 12 -5 14 -7 8 -4 -10 11 -9 -1 -3 -6
right_child=1 2 7 4 5 6 -8 10 9 -11 -12 -13 -14 -15 -16
leaf_value=-0.005248610867420212 0.0036835296743514914 -0.00075065079477748705 0.0043196505060992567 0.0042291822439094766 -0.00030719136496284798 -0.00021406409708466732 -0.0066742922724058323 0.0015897074042298843 -0.0029068241754654917 0.00078105036576744166 0.0038575964395842349 -0.0015055930074284443 -0.00079109849745130287 -0.0047683672595507749 0.0031554405072188756
leaf_weight=40 54 42 52 53 62 53 56 267 162 90 61 117 47 57 47
leaf_count=40 54 42 52 53 62 53 56 267 162 90 61 117 47 57 47
internal_value=-6.00137e-05 0.000225286 5.06775e-06 -0.000778842 -0.000116971 -0.00117361 -0.00323618 0.00041071 -0.000560475 -0.00158973 0.00106288 0.000646608 -0.00284053 -0.00306388 0.00108622
internal_weight=1260 902 848 358 271 218 109 749 304 252 445 384 87 99 109
internal_count=1260 902 848 358 271 218 109 749 304 252 445 384 87 99 109
cat_boundaries=0 1 2 3
cat_threshold=6 4 2
is_linear=0
shrinkage=0.05


Tree=330
num_leaves=18
num_cat=0
split_feature=11 1 11 10 10 10 9 11 9 8 11 9 1 8 8 10 9
split_gain=0.342779 0.161877 0.339233 0.224235 0.368197 0.210665 0.203333 0.202757 0.359303 0.291464 0.170851 0.224306 0.170858 0.140678 0.132992 0.126732 0.124097
threshold=10296873943.737831 726762.73051669926 1290364715.6761122 1469.6666666666667 916.80000000000007 1099.3000000000004 1974.5000000000002 1188660476.8867829 1962.5000000000002 2.7500000000000004 1662849694.6577392 2004.5000000000002 633691.85660366749 3.7500000000000004 2.2500000000000004 2617.7500000000005 2013.5000000000002
decision_type=2 2 2 2 2 2 2 2 2 2 2 2 2 2 2 2 2
left_child=1 7 -3 4 6 -6 -4 8 -1 -10 14 12 -12 15 -9 -5 -13
right_child=-2 2 3 13 5 -7 -8 10 9 -11 11 16 -14 -15 -16 -17 -18
leaf_value=-0.0043884129586666334 0.0048468920669984079 0.0045190950107228548 -0.0015103411126760084 -0.00043418353889137509 0.0064751086710020909 0.0016684859088305734 0.0018210538185519888 -0.0003440837049856782 0.0031326160968645762 -0.0019100113688373791 0.0017903924059982483 0.0039666626222675579 -0.0013261916685293903 0.0010208877723752745 0.003279532358536254 -0.0042632616828492979 9.9668053558050866e-05
leaf_weight=76 40 56 109 40 40 53 79 40 46 76 52 42 285 42 69 47 41
leaf_count=76 40 56 109 40 40 53 79 40 46 76 52 42 285 42 69 47 41
internal_value=0.000294013 0.00014136 0.000868833 0.000370261 0.00116253 0.00373585 -0.000110446 -0.000324943 -0.0016898 -8.69282e-06 0.00018591 -0.000271852 -0.000845294 -0.00135553 0.00194976 -0.00250277 0.00205646
internal_weight=1233 1193 466 410 281 93 188 727 198 122 529 420 337 129 109 87 83
internal_count=1233 1193 466 410 281 93 188 727 198 122 529 420 337 129 109 87 83
is_linear=0
shrinkage=0.05


Tree=331
num_leaves=11
num_cat=2
split_feature=0 9 11 11 10 9 11 7 3 3
split_gain=0.325542 0.544192 0.249327 0.209577 0.208616 0.167885 0.235142 0.080085 0.285644 0.154802
threshold=1745126.0284832132 1941.5000000000002 4913157582.5712652 9229912572.8248005 989.62500000000011 1924.5000000000002 3599007488.9019399 4.5000000000000009 0 1
decision_type=2 2 2 2 2 2 2 2 1 1
left_child=2 -2 5 4 -3 -1 7 9 -9 -7
right_child=1 3 -4 -5 -6 6 -8 8 -10 -11
leaf_value=0.0029469544695196106 -0.0021193787346899902 0.0046326708514243366 -0.0037954633849737948 0.006788353737266291 -8.5171174612783259e-05 0.001205516131708353 0.0027567637186713409 0.00055915324007582972 -0.0021474841478940211 -0.00055520432011690001
leaf_weight=49 53 53 43 42 42 195 69 190 187 310
leaf_count=49 53 53 43 42 42 195 69 190 187 310
internal_value=0.000279313 0.00218283 -6.74456e-05 0.00384719 0.00254689 9.28592e-05 -5.41973e-05 -0.000274102 -0.000825527 0.000137555
internal_weight=1233 190 1043 137 95 1000 951 882 377 505
internal_count=1233 190 1043 137 95 1000 951 882 377 505
cat_boundaries=0 1 2
cat_threshold=9 4
is_linear=0
shrinkage=0.05


Tree=332
num_leaves=13
num_cat=0
split_feature=0 9 8 0 1 5 5 9 9 10 8 7
split_gain=0.293925 0.491133 0.222567 0.135421 0.181444 0.268348 0.285934 0.181871 0.304954 0.52355 0.152564 0.15238
threshold=1745126.0284832132 1941.5000000000002 2.7500000000000004 864051.32481822115 726762.73051669926 2278.0000000000005 5254.5000000000009 1925.5000000000002 1962.5000000000002 583.41666666666686 3.7500000000000004 2.5000000000000004
decision_type=2 2 2 2 2 2 2 2 2 2 2 2
left_child=3 -2 -3 4 7 -6 10 -1 9 -9 -7 -10
right_child=1 2 -4 -5 5 6 -8 8 11 -11 -12 -13
leaf_value=0.0026328370333839283 -0.0020134098634545534 0.00143829770836859 0.0054871667362749585 -0.0021886363316194288 0.0041696509706768371 -0.0023172579080692674 0.0030965698740234781 -0.0055406961913427553 0.0017467297043089469 -0.00037562082198073533 0.0013884889476771822 -0.00032673200777133234
leaf_weight=49 53 62 75 70 60 82 62 72 121 154 42 331
leaf_count=49 53 62 75 70 60 82 62 72 121 154 42 331
internal_value=0.000264967 0.00207369 0.00365483 -6.4523e-05 8.82909e-05 0.00126206 0.000324133 -0.000308887 -0.000521489 -0.00202113 -0.00106209 0.000228332
internal_weight=1233 190 137 1043 973 246 186 727 678 226 124 452
internal_count=1233 190 137 1043 973 246 186 727 678 226 124 452
is_linear=0
shrinkage=0.05


Tree=333
num_leaves=19
num_cat=0
split_feature=11 6 0 11 5 5 9 6 6 5 6 11 5 9 5 1 11 11
split_gain=0.276463 0.141683 0.416494 0.532558 0.281926 0.532116 0.262758 0.215405 0.300884 0.290057 0.388405 0.329513 0.314784 0.175192 0.139009 0.132558 0.0905865 0.0331485
threshold=10296873943.737831 9047.5000000000018 552027.01918202371 1148630808.4997418 4537.0000000000009 2037.5000000000002 1950.5000000000002 14085.000000000002 15453.500000000002 3990.5000000000005 13138.500000000002 4913157582.5712652 1770.5000000000002 1985.5000000000002 4522.5000000000009 731212.90428226988 2097959303.2684445 3248573015.5349393
decision_type=2 2 2 2 2 2 2 2 2 2 2 2 2 2 2 2 2 2
left_child=1 2 3 -1 5 13 -7 9 -9 10 12 14 -3 -4 -11 -6 -5 -10
right_child=-2 7 4 16 15 6 -8 8 17 11 -12 -13 -14 -15 -16 -17 -18 -19
leaf_value=-0.0052668933820878639 0.0043405312934191899 -0.0018189230547743917 0.0018109234809942012 0.002437250068633939 0.0020769386345901612 0.0019353547125038778 -0.0022435994872612051 0.0035063003657054845 -0.0019046783237718044 -0.0038236574619077146 -0.0038017119646218478 -0.0060109411710468326 0.0021649795116921752 0.0057090332115078543 -0.00045603705964003202 0.0059156853887859899 -0.00077448396588720037 0.0001308960933238268
leaf_weight=58 40 70 70 46 44 55 119 76 40 40 51 46 170 49 131 46 42 40
leaf_count=58 40 70 70 46 44 55 119 76 40 40 51 46 170 49 131 46 42 40
internal_value=0.000251718 0.000114625 0.000725096 -0.00154722 0.00159131 0.000839466 -0.000922666 -0.000371729 0.00125338 -0.000870779 0.000160944 -0.00225433 0.00100301 0.00341603 -0.00124378 0.00403896 0.000904377 -0.000886891
internal_weight=1233 1193 529 146 383 293 174 664 156 508 291 217 240 119 171 90 88 80
internal_count=1233 1193 529 146 383 293 174 664 156 508 291 217 240 119 171 90 88 80
is_linear=0
shrinkage=0.05


Tree=334
num_leaves=17
num_cat=0
split_feature=11 1 10 11 9 8 5 11 10 9 9 8 5 5 1 2
split_gain=0.249508 0.118579 0.290687 0.165884 0.292241 0.262392 0.193372 0.164085 0.336968 0.197618 0.170531 0.144971 0.291125 0.153466 0.113247 0.130265
threshold=10296873943.737831 726762.73051669926 1469.6666666666667 1188660476.8867829 1962.5000000000002 2.7500000000000004 2476.5000000000005 1290364715.6761122 916.80000000000007 1981.5000000000002 1974.5000000000002 3.7500000000000004 3938.5000000000005 3823.0000000000005 1221920.3879032058 811997.56703822489
decision_type=2 2 2 2 2 2 2 2 2 2 2 2 2 2 2 2
left_child=1 3 7 4 -1 -6 -5 -3 10 -10 -9 13 -13 -8 15 -4
right_child=-2 2 14 6 5 -7 11 8 9 -11 -12 12 -14 -15 -16 -17
leaf_value=-0.0039585068726936653 0.0041235046074143611 0.0040057991302720362 -0.0004295432363592443 0.0033456955576019196 0.0029719230779649123 -0.0018126113985138211 0.0020071616329185595 -0.0014803574789583004 0.0054835512928822841 0.00082815653338911936 0.0015705154499899643 -0.0042900981237603856 0.00016517421886832876 -0.00029330639156505118 0.00068498233412491512 -0.0043914718167265745
leaf_weight=76 40 55 42 44 46 76 111 109 53 40 79 55 110 209 47 41
leaf_count=76 40 55 42 44 46 76 111 109 53 40 79 55 110 209 47 41
internal_value=0.000239132 0.000108894 0.00073152 -0.000290204 -0.00152473 -8.6066e-06 0.000171868 0.00150829 0.00101945 0.00348123 -0.000198342 -0.000116067 -0.00131992 0.000504668 -0.00127613 -0.00238664
internal_weight=1233 1193 466 727 198 122 529 336 281 93 188 485 165 320 130 83
internal_count=1233 1193 466 727 198 122 529 336 281 93 188 485 165 320 130 83
is_linear=0
shrinkage=0.05


Tree=335
num_leaves=21
num_cat=0
split_feature=12 12 0 7 10 5 10 7 8 10 10 8 10 1 10 1 10 10 1 2
split_gain=0.183057 0.22463 0.1852 0.431736 0.490875 0.297069 0.335304 0.199472 0.536862 0.275838 0.187846 0.281286 0.178749 0.330285 0.633049 0.311649 0.591926 0.2169 0.262192 0.104139
threshold=70.500000000000014 66.500000000000014 564023.5249507291 3.5000000000000004 1424.5833333333337 5007.5000000000009 690.00000000000011 4.5000000000000009 3.7500000000000004 1424.5833333333337 405.60000000000008 3.2500000000000004 346.05000000000007 673270.56667703239 1068.1833333333336 728291.78914264136 863.60000000000002 788.64285714285722 1250500.3859040069 659749.2343736469
decision_type=2 2 2 2 2 2 2 2 2 2 2 2 2 2 2 2 2 2 2 2
left_child=1 2 3 4 -1 6 -5 8 9 -4 -9 -12 -2 14 -14 16 -15 -17 -19 -6
right_child=12 -3 7 5 19 -7 -8 10 -10 -11 11 -13 13 15 -16 17 -18 18 -20 -21
leaf_value=0.0062800578628506134 -0.0041521067039866468 0.0033416202306398193 -0.0057314009599194124 -0.00054242197520579791 -0.0014452625051135108 0.002223722184518058 -0.0058074219252115915 -0.0024904809173870277 0.00149227884294187 -0.0014416104318339944 0.0030564885080647877 -0.0012871703626448983 0.0063803385623032232 -0.0082208037748932854 -0.0022645991522585972 0.0023577928487258982 -0.00045621867498589887 -0.0038189534874012079 0.0012965547733095498 0.0018588988992728685
leaf_weight=58 48 48 77 108 41 57 42 47 77 73 84 67 40 45 45 49 54 60 43 57
leaf_count=58 48 48 77 108 41 57 42 47 77 73 84 67 40 45 45 49 54 60 43 57
internal_value=-0.000394276 2.08176e-05 -0.000181465 0.000647944 0.00263426 -0.000848991 -0.00201662 -0.000889878 -0.00190154 -0.0036437 0.00026996 0.00112917 -0.00129797 -0.000890235 0.00180361 -0.00180249 -0.00398558 -0.000380615 -0.00168335 0.000476546
internal_weight=1220 836 788 363 156 207 150 425 227 150 198 151 384 336 85 251 99 152 103 98
internal_count=1220 836 788 363 156 207 150 425 227 150 198 151 384 336 85 251 99 152 103 98
is_linear=0
shrinkage=0.05


Tree=336
num_leaves=12
num_cat=0
split_feature=11 11 9 8 9 9 9 0 0 5 10
split_gain=0.166483 0.169714 0.131174 0.297265 0.228587 0.188112 0.373889 0.29278 0.168995 0.254331 0.221161
threshold=9002031406.3010159 7083782421.2840281 1953.5000000000002 1.2500000000000002 1958.5000000000002 1940.5000000000002 1931.5000000000002 560101.17611787876 564023.5249507291 2341.5000000000005 1202.5000000000002
decision_type=2 2 2 2 2 2 2 2 2 2 2
left_child=1 2 3 -1 -4 6 -5 -7 9 -6 -10
right_child=-2 -3 4 5 8 7 -8 -9 10 -11 -12
leaf_value=-0.0047119593844685125 0.0019577140734731479 -0.0030228115494537636 0.0031271095750088095 -0.0013977708540643739 0.0026358182746329169 -0.0053022665248459409 0.0031742768609547057 0.00034033257509284514 -0.00017824331017424926 -0.00032876725379359345 -0.0029154725166268625
leaf_weight=51 72 64 54 118 101 45 72 47 233 255 108
leaf_count=51 72 64 54 118 101 45 72 47 233 255 108
internal_value=-0.000374562 -0.000520837 -0.000373119 -0.00119912 -6.86526e-06 -0.000563813 0.000334795 -0.00241963 -0.00024967 0.000512309 -0.00104517
internal_weight=1220 1148 1084 333 751 282 190 92 697 356 341
internal_count=1220 1148 1084 333 751 282 190 92 697 356 341
is_linear=0
shrinkage=0.05


Tree=337
num_leaves=17
num_cat=0
split_feature=11 0 11 7 10 11 10 5 7 10 5 5 5 8 2 1
split_gain=0.150698 0.0735511 0.363804 0.308381 0.255305 0.166221 0.202907 0.192197 0.150073 0.14994 0.16337 0.333673 0.302318 0.102863 0.114066 0.0745537
threshold=10047114270.463522 560101.17611787876 756587119.99120784 3.5000000000000004 851.36666666666679 2627545622.9535737 1068.1833333333336 1683.5000000000002 4.5000000000000009 2499.0000000000005 4537.0000000000009 5264.0000000000009 3540.0000000000005 1.7500000000000002 679627.29004813975 818708.30222684063
decision_type=2 2 2 2 2 2 2 2 2 2 2 2 2 2 2 2
left_child=1 3 -3 4 -1 7 -7 -5 -9 10 12 -12 -4 -6 -15 -11
right_child=-2 2 9 5 13 6 -8 8 -10 15 11 -13 -14 14 -16 -17
leaf_value=0.0046308205792835603 0.0024203228135097851 -0.0052070023735392504 0.00019650678971944494 0.0012399942119373009 -0.001612809064343225 0.0033090240381680792 -0.001480592716446457 -0.00027951693361198221 -0.003607998487600328 -0.0037386614421848208 0.0033221921351339135 -0.0012661798639067761 -0.0028878018409823594 7.8626930917380388e-05 0.0032033339709691376 -0.00083539391606591825
leaf_weight=48 47 44 257 40 43 41 48 48 115 48 84 75 115 80 46 41
leaf_count=48 47 44 257 40 43 41 48 48 115 48 84 75 115 80 46 41
internal_value=-0.000355834 -0.00046707 -0.000813719 -1.4859e-05 0.00141277 -0.00107581 0.00072586 -0.0018657 -0.00262783 -0.000501937 -0.000183605 0.00115787 -0.000756976 0.000498774 0.00121939 -0.0024012
internal_weight=1220 1173 664 509 217 292 89 203 163 620 531 159 372 169 126 89
internal_count=1220 1173 664 509 217 292 89 203 163 620 531 159 372 169 126 89
is_linear=0
shrinkage=0.05


Tree=338
num_leaves=18
num_cat=0
split_feature=9 9 11 1 9 1 5 0 7 10 11 10 5 10 10 10 9
split_gain=0.155275 0.184025 0.161712 0.235539 0.211601 0.224768 0.241743 0.146705 0.361231 0.409216 0.280536 0.355211 0.177803 0.326016 0.191271 0.150223 0.0799388
threshold=1953.5000000000002 1957.5000000000002 1129823722.8944821 673270.56667703239 1925.5000000000002 1187518.3577207474 5123.0000000000009 564023.5249507291 3.5000000000000004 1424.5833333333337 2627545622.9535737 677.53333333333342 1853.0000000000002 945.62500000000011 767.42857142857156 1424.5833333333337 1990.5000000000002
decision_type=2 2 2 2 2 2 2 2 2 2 2 2 2 2 2 2 2
left_child=2 -2 -1 -4 -5 6 -6 8 9 -3 11 -10 -9 14 -14 -15 -11
right_child=1 7 3 4 5 -7 -8 12 10 16 -12 -13 13 15 -16 -17 -18
leaf_value=-0.0032704394227924222 0.0030499674231881119 0.0057450298352391821 0.0019067310383948295 -0.0046787067515585319 -0.0004148373122216771 0.0020921458060351706 -0.0048359862190078609 -0.0030724233748333062 -0.00044467560963415241 -0.00086966257823525731 0.0020777752781363174 -0.0059744426282122738 0.00025532804984245133 -0.0033839945902434895 0.0040608692547918863 -0.00054191648536433871 0.0019959513576597804
leaf_weight=74 48 58 69 41 104 52 44 70 106 53 61 40 117 79 46 113 45
leaf_count=74 48 58 69 41 104 52 44 70 106 53 61 40 117 79 46 113 45
internal_value=-0.000338042 4.42565e-05 -0.00117034 -0.000669024 -0.00140648 -0.000735674 -0.00172923 -0.000138832 0.000599362 0.00241627 -0.000769899 -0.00195968 -0.000769337 -0.000315208 0.00132928 -0.00171131 0.000446181
internal_weight=1220 836 384 310 241 200 148 788 363 156 207 146 425 355 163 192 98
internal_count=1220 836 384 310 241 200 148 788 363 156 207 146 425 355 163 192 98
is_linear=0
shrinkage=0.05


Tree=339
num_leaves=18
num_cat=0
split_feature=12 12 12 1 6 12 2 5 5 5 6 10 8 5 1 6 1
split_gain=0.140135 0.166548 0.162852 0.363636 0.286477 0.264959 0.292858 0.254691 0.149771 0.119494 0.270617 0.335284 0.254941 0.366191 0.303166 0.234298 0.224957
threshold=70.500000000000014 65.500000000000014 83.500000000000014 669203.61322633584 12561.500000000002 91.500000000000014 710202.25717015762 2928.0000000000005 4616.5000000000009 4585.0000000000009 8156.5000000000009 945.62500000000011 4.7500000000000009 3805.5000000000005 698334.10713997215 10428.500000000002 731212.90428226988
decision_type=2 2 2 2 2 2 2 2 2 2 2 2 2 2 2 2 2
left_child=1 9 7 -4 5 -5 -7 -2 -9 12 -11 -12 13 15 -15 -1 -13
right_child=2 -3 3 4 -6 6 -8 8 -10 10 11 16 -14 14 -16 -17 -18
leaf_value=0.00068909198637385203 -0.0057106811079456546 0.0025800481027302645 0.0032116812147962095 0.0002487770666431805 0.0017146961158141496 -0.00087781829584855598 -0.0065224508517766726 0.001125750948821882 -0.0031492525152862073 0.0040662216148529282 0.0038287445036323999 0.00025429201289873827 0.0027966653201729058 -0.0069269214546671372 -0.0013852436110497483 -0.0020074502974825582 -0.0035939687582491574
leaf_weight=241 43 60 55 55 55 40 54 42 40 49 44 110 50 41 62 121 58
leaf_count=241 43 60 55 55 55 40 54 42 40 49 44 110 50 41 62 121 58
internal_value=-0.00032114 4.20437e-05 -0.00111182 -0.000396493 -0.00136928 -0.00250767 -0.00412048 -0.00259398 -0.000959617 -0.000154194 0.000717362 -5.66665e-05 -0.000595895 -0.000960686 -0.00359115 -0.000212238 -0.00107427
internal_weight=1220 836 384 259 204 149 94 125 82 776 261 212 515 465 103 362 168
internal_count=1220 836 384 259 204 149 94 125 82 776 261 212 515 465 103 362 168
is_linear=0
shrinkage=0.05


Tree=340
num_leaves=12
num_cat=0
split_feature=9 6 6 9 0 9 11 7 6 6 10
split_gain=0.13417 0.263279 0.20126 0.125878 0.224404 0.150594 0.411116 0.140805 0.454952 0.15857 0.0848881
threshold=2014.5000000000002 10878.000000000002 3237.0000000000005 2000.5000000000002 578820.51469827525 1992.5000000000002 2299440389.677958 1.5000000000000002 10627.000000000002 5822.5000000000009 875.25000000000011
decision_type=2 2 2 2 2 2 2 2 2 2 2
left_child=2 -2 -1 5 10 7 -7 8 -4 -9 -5
right_child=1 -3 3 4 -6 6 -8 9 -10 -11 -12
leaf_value=-0.0034087734949979479 -8.8433890531842534e-05 0.0050281773832422209 -0.0045028322215737967 -0.0013547995290718975 -0.0032617605317916188 -0.00092662279070778331 0.0060772038355935368 0.0022964987926175724 0.0020410102487978888 0.00014416664884591375 0.0016188367999469243
leaf_weight=41 65 41 58 40 70 44 40 99 49 631 60
leaf_count=41 65 41 58 40 70 44 40 99 49 631 60
internal_value=0.000189618 0.00189063 3.03355e-05 0.000159578 -0.0010905 0.00039032 0.00240853 0.000187775 -0.00150612 0.000436058 0.000429382
internal_weight=1238 106 1132 1091 170 921 84 837 107 730 100
internal_count=1238 106 1132 1091 170 921 84 837 107 730 100
is_linear=0
shrinkage=0.05


Tree=341
num_leaves=13
num_cat=0
split_feature=9 6 6 11 6 9 11 11 1 6 11 10
split_gain=0.121942 0.200485 0.139059 0.114768 0.426088 0.207259 0.165659 0.272244 0.262516 0.337528 0.253936 0.184737
threshold=2016.5000000000002 9652.0000000000018 3237.0000000000005 1033991313.6455656 10766.000000000002 1953.5000000000002 1926484379.3956592 2848346485.9881806 644066.59999089956 7340.0000000000009 3000398075.9394231 662.83333333333337
decision_type=2 2 2 2 2 2 2 2 2 2 2 2
left_child=2 -2 -1 4 5 -4 8 11 -5 -10 -9 -8
right_child=1 -3 3 6 -6 -7 7 10 9 -11 -12 -13
leaf_value=-0.0027763116239969219 -0.00042897807377413285 0.0045156491711656225 -0.0028946772414032199 0.0020746061426340319 0.0057869878665703098 0.0015403850873767892 0.0043248361231795016 -0.0039430042107899991 0.00066787975277596463 -0.0036761679577589886 4.2098818059601187e-06 0.00097073624677693432
leaf_weight=42 41 41 43 49 41 68 52 45 72 118 431 195
leaf_count=42 41 41 43 49 41 68 52 45 72 118 431 195
internal_value=0.000180137 0.00204334 4.79723e-05 0.000154453 0.00143119 -0.000177702 -4.7277e-05 0.000329964 -0.00118847 -0.00203 -0.000368951 0.00167686
internal_weight=1238 82 1156 1114 152 111 962 723 239 190 476 247
internal_count=1238 82 1156 1114 152 111 962 723 239 190 476 247
is_linear=0
shrinkage=0.05


Tree=342
num_leaves=11
num_cat=0
split_feature=11 11 9 8 11 5 6 9 1 9
split_gain=0.123099 0.193494 0.174746 0.167829 0.164985 0.149723 0.42725 0.20153 0.18457 0.181079
threshold=698778025.18448842 1033991313.6455656 2016.5000000000002 2.7500000000000004 534164373.05656093 2106.0000000000005 6974.0000000000009 2000.5000000000002 727504.08309914952 1943.5000000000002
decision_type=2 2 2 2 2 2 2 2 2 2
left_child=4 3 5 -2 -1 6 -3 9 -9 -7
right_child=1 2 -4 -5 -6 7 -8 8 -10 -11
leaf_value=0.0005363283332350643 0.0047425411955648381 0.0014437602272003214 0.0025485133670051312 0.00072823036303320404 -0.0038436609055023901 -0.00071834741023050965 -0.0055241063194857408 -0.00020382446750505444 -0.0037364392121852345 0.00099718685034366154
leaf_weight=43 43 44 68 66 43 221 44 102 58 506
leaf_count=43 43 44 68 66 43 221 44 102 58 506
internal_value=0.00017113 0.000307356 9.78733e-05 0.00231186 -0.00165367 -7.30431e-05 -0.00204017 0.000122117 -0.0014844 0.000475683
internal_weight=1238 1152 1043 109 86 975 88 887 160 727
internal_count=1238 1152 1043 109 86 975 88 887 160 727
is_linear=0
shrinkage=0.05


Tree=343
num_leaves=12
num_cat=0
split_feature=11 11 9 8 11 8 9 11 11 6 2
split_gain=0.111097 0.174628 0.157708 0.151466 0.148899 0.13678 0.287109 0.2598 0.412969 0.313909 0.0273942
threshold=698778025.18448842 1033991313.6455656 2016.5000000000002 2.7500000000000004 534164373.05656093 1.2500000000000002 1976.5000000000002 1926484379.3956592 2208440005.6152601 7340.0000000000009 723410.77324754675
decision_type=2 2 2 2 2 2 2 2 2 2 2
left_child=4 3 5 -2 -1 6 10 9 -9 -7 -3
right_child=1 2 -4 -5 -6 7 -8 8 -10 -11 -12
leaf_value=0.00050951193714904232 0.0045054139536913748 0.0041727677697781474 0.0024210877403247118 0.00069181887877427716 -0.0036514778587653108 0.0004739622252104296 -0.0018982277326402967 0.0039871001780892789 -0.00021679413324727175 -0.0034307345015657763 0.0023222889518365263
leaf_weight=43 43 40 68 66 43 88 41 65 577 124 40
leaf_count=43 43 40 68 66 43 88 41 65 577 124 40
internal_value=0.000162574 0.000291988 9.29797e-05 0.00219626 -0.00157098 -6.93909e-05 0.00150393 -0.000292308 0.000208834 -0.00180992 0.00324753
internal_weight=1238 1152 1043 109 86 975 121 854 642 212 80
internal_count=1238 1152 1043 109 86 975 121 854 642 212 80
is_linear=0
shrinkage=0.05


Tree=344
num_leaves=20
num_cat=0
split_feature=6 6 7 10 5 6 6 5 9 6 10 5 10 10 10 5 9 7 11
split_gain=0.112633 0.37963 0.236231 0.400489 0.556953 0.235044 0.437296 0.187794 0.352238 0.273554 0.184052 0.635409 0.293708 0.412566 0.336554 0.167321 0.160261 0.21271 0.139713
threshold=8822.0000000000018 9254.0000000000018 3.5000000000000004 778.58333333333337 5254.5000000000009 10109.500000000002 12214.500000000002 4169.0000000000009 1968.5000000000002 12248.000000000002 1834.5000000000002 4537.0000000000009 1222.2666666666669 945.62500000000011 821.75000000000011 5756.5000000000009 1944.5000000000002 2.5000000000000004 967347857.04005706
decision_type=2 2 2 2 2 2 2 2 2 2 2 2 2 2 2 2 2 2 2
left_child=10 -2 7 5 -5 -4 -7 8 -3 -10 12 -12 13 14 18 -6 -9 -18 -1
right_child=1 2 3 4 15 6 -8 16 9 -11 11 -13 -14 -15 -16 -17 17 -19 -20
leaf_value=-0.0020538107324505179 0.0049523346274129481 0.005882869661732946 -0.0024213711569741878 -0.0061014000626672654 0.0023389297673796733 0.0045640589597945409 -0.00045495885932926561 -0.0025244621105673837 0.0035101441250512061 -0.0023016789811663332 -0.0067980611447764697 0.0019017539594731318 0.0034193874133581466 -0.0039253051058244955 0.0045816005114465951 -0.0017523380864531647 -0.00052663006198356373 0.0039966342425564443 0.00042977143184643222
leaf_weight=82 46 53 44 63 41 75 103 41 41 40 43 41 55 71 40 64 71 41 183
leaf_count=82 46 53 44 63 41 75 103 41 41 40 43 41 55 71 40 64 71 41 183
internal_value=0.000154445 0.000556955 0.000258302 -0.000542919 -0.00238477 0.000850916 0.0016598 0.00134707 0.00271374 0.000640108 -0.000410632 -0.00255172 6.65744e-06 -0.000492545 0.000306556 -0.000154795 0.00015012 0.00112921 -0.000338733
internal_weight=1238 723 677 390 168 222 178 287 134 81 515 84 431 376 305 105 153 112 265
internal_count=1238 723 677 390 168 222 178 287 134 81 515 84 431 376 305 105 153 112 265
is_linear=0
shrinkage=0.05


Tree=345
num_leaves=15
num_cat=1
split_feature=11 10 2 4 9 1 8 6 10 10 8 10 2 1
split_gain=0.380661 0.42523 0.525395 0.210834 0.178475 0.294365 0.204615 0.18409 0.200461 0.419765 0.352136 0.182079 0.170099 0.143179
threshold=1119547608.6569624 228.72619047619051 625043.21099097666 0 2010.5000000000002 695322.11860512674 1.2500000000000002 13276.500000000002 1046.2500000000002 924.60000000000014 1.7500000000000002 856.28571428571433 745781.66807709564 706590.53824524849
decision_type=2 2 2 1 2 2 2 2 2 2 2 2 2 2
left_child=1 -1 -3 -4 6 -6 12 8 9 -8 -10 -9 -2 -13
right_child=4 2 3 -5 5 -7 7 11 10 -11 -12 13 -14 -15
leaf_value=-0.0015299193968530745 0.0033884806243853795 -0.0010724081047293213 0.0033068698891117396 0.0077373751560226084 0.00064803817977179899 -0.0044082723676212255 -0.00082970845756386155 0.0037540265965314273 -0.0035961623531671205 -0.0059733533219474815 0.0010584118072319059 -0.0016919999074287201 -0.00059542888331980939 0.001678330393886005
leaf_weight=59 74 45 58 50 53 63 288 48 49 46 238 58 42 69
leaf_count=59 74 45 58 50 53 63 288 48 49 46 238 58 42 69
internal_value=0.00014704 0.00207615 0.00346672 0.00535803 -0.000250792 -0.00209806 -1.58318e-05 -0.000301731 -0.000705379 -0.00153811 0.000263728 0.00113064 0.00194603 0.000139124
internal_weight=1240 212 153 108 1028 116 912 796 621 334 287 175 116 127
internal_count=1240 212 153 108 1028 116 912 796 621 334 287 175 116 127
cat_boundaries=0 1
cat_threshold=2
is_linear=0
shrinkage=0.05


Tree=346
num_leaves=14
num_cat=0
split_feature=5 6 10 9 1 5 9 1 8 0 6 10 10
split_gain=0.26365 0.42165 0.54529 0.404534 0.344534 0.224697 0.140966 0.421053 0.138774 0.319514 0.197351 0.201238 0.191442
threshold=2037.5000000000002 11150.500000000002 255.30000000000004 1988.5000000000002 701797.52207137598 2278.0000000000005 2010.5000000000002 695322.11860512674 1.2500000000000002 560101.17611787876 12708.000000000002 1046.2500000000002 1392.3333333333337
decision_type=2 2 2 2 2 2 2 2 2 2 2 2 2
left_child=1 2 -1 4 -4 -2 8 -8 9 -7 11 -10 -12
right_child=5 -3 3 -5 -6 6 7 -9 10 -11 12 -13 -14
leaf_value=-0.0030585188073330629 -0.003582671101927796 0.0057662215338496027 0.0027874526515786007 0.005516703548679381 -0.0032882669442915362 0.0047143023153766997 0.0015635439208993803 -0.0048099240300838245 -0.0016661667333266205 -0.00096702541281678232 0.0024139563278038436 0.00032782810517484464 -0.00068527030043031385
leaf_weight=70 48 48 56 59 40 50 49 55 243 49 127 264 82
leaf_count=70 48 48 56 59 40 50 49 55 243 49 127 264 82
internal_value=0.000139688 0.00151185 0.000604248 0.0022584 0.000255903 -0.000247695 -7.3507e-05 -0.00180704 0.000147705 0.00190233 -9.49045e-05 -0.000627874 0.00119799
internal_weight=1240 273 225 155 96 967 919 104 815 99 716 507 209
internal_count=1240 273 225 155 96 967 919 104 815 99 716 507 209
is_linear=0
shrinkage=0.05


Tree=347
num_leaves=16
num_cat=1
split_feature=11 10 2 10 9 1 3 11 5 1 5 11 5 1 1
split_gain=0.317888 0.354668 0.476673 0.195823 0.148786 0.23729 0.148008 0.435065 0.320012 0.23585 0.385733 0.236276 0.158983 0.222863 0.193026
threshold=1119547608.6569624 228.72619047619051 625043.21099097666 410.01666666666671 2010.5000000000002 695322.11860512674 0 4499531530.9756517 6020.5000000000009 723410.77324754675 3341.0000000000005 1754974690.8422458 2860.0000000000005 698334.10713997215 695322.11860512674
decision_type=2 2 2 2 2 2 1 2 2 2 2 2 2 2 2
left_child=1 -1 -3 -4 6 -6 8 9 12 11 -11 -8 14 -14 -2
right_child=4 2 3 -5 5 -7 7 -9 -10 10 -12 -13 13 -15 -16
leaf_value=-0.0013977192869110003 0.001667427795253835 -0.0011579862050712108 0.0073032821515546555 0.0030267720967057654 0.00054805908079768695 -0.0039916793350361305 -0.0037817997048082558 0.0025876149251317124 -0.0032109804460251669 -0.00065040550349901131 -0.007057748890340167 0.00037540799244026887 -5.2728579850404658e-05 0.0023927574428057093 -0.0022638019751818656
leaf_weight=59 53 45 49 59 53 63 46 73 53 48 46 133 159 225 76
leaf_count=59 53 45 49 59 53 63 46 73 53 48 46 133 159 225 76
internal_value=0.000132704 0.00189559 0.00316556 0.00496704 -0.000230849 -0.00191749 -1.63204e-05 -0.000817454 0.000479391 -0.00175791 -0.00378591 -0.000692925 0.000870003 0.00138017 -0.000648646
internal_weight=1240 212 153 108 1028 116 912 346 566 273 94 179 513 384 129
internal_count=1240 212 153 108 1028 116 912 346 566 273 94 179 513 384 129
cat_boundaries=0 1
cat_threshold=12
is_linear=0
shrinkage=0.05


Tree=348
num_leaves=15
num_cat=1
split_feature=11 10 2 4 1 8 5 0 1 5 9 8 9 10
split_gain=0.286894 0.320088 0.430198 0.190429 0.146148 0.262926 0.14342 0.312397 0.242015 0.17073 0.113023 0.403504 0.396193 0.0690142
threshold=1119547608.6569624 228.72619047619051 625043.21099097666 0 625043.21099097666 2.7500000000000004 2587.5000000000005 567990.61134559743 745781.66807709564 6020.5000000000009 1963.5000000000002 3.7500000000000004 1971.5000000000002 1611.2500000000002
decision_type=2 2 2 1 2 2 2 2 2 2 2 2 2 2
left_child=1 -1 -3 -4 5 -2 7 -6 -9 10 11 -8 -12 -11
right_child=4 2 3 -5 6 -7 9 8 -10 13 12 -13 -14 -15
leaf_value=-0.0013278332207415063 -0.0012199517621030642 -0.0011000868507350485 0.0027693107864691009 0.0069799668071791532 -0.0051405318653754278 0.0040880538778854348 0.0022253665658890417 0.0026369708341134842 -0.0020457935194460701 -0.0034261036027526978 -0.0042433204000668695 -0.0018700518273610878 0.00026112893445636424 -0.00066401801692942785
leaf_weight=59 43 45 58 50 48 51 190 43 77 49 57 88 340 42
leaf_count=59 43 45 58 50 48 51 190 43 77 49 57 88 340 42
internal_value=0.000126069 0.00180081 0.00300728 0.00471869 -0.000219307 0.00165992 -0.000408437 -0.00173144 -0.000367803 -0.000118274 0.000155807 0.000928975 -0.000385606 -0.00215129
internal_weight=1240 212 153 108 1028 94 934 168 120 766 675 278 397 91
internal_count=1240 212 153 108 1028 94 934 168 120 766 675 278 397 91
cat_boundaries=0 1
cat_threshold=2
is_linear=0
shrinkage=0.05


Tree=349
num_leaves=16
num_cat=1
split_feature=11 6 10 9 9 1 3 5 9 9 5 6 6 9 10
split_gain=0.258922 0.37599 0.405778 0.310782 0.135542 0.212109 0.13263 0.419012 0.280405 0.456898 0.277546 0.263281 0.201098 0.239305 0.21128
threshold=1119547608.6569624 10920.000000000002 255.30000000000004 1975.5000000000002 2010.5000000000002 695322.11860512674 0 5909.5000000000009 1949.5000000000002 1931.5000000000002 6020.5000000000009 10661.000000000002 5822.5000000000009 1949.5000000000002 767.42857142857156
decision_type=2 2 2 2 2 2 1 2 2 2 2 2 2 2 2
left_child=1 2 -1 -4 6 -6 10 8 9 -8 12 -10 14 -14 -2
right_child=4 -3 3 -5 5 -7 7 -9 11 -11 -12 -13 13 -15 -16
leaf_value=-0.0029437023654298963 0.00032127395272254946 0.0060771823307732122 -0.00013392689429418816 0.004980983945802508 0.00051288832262386835 -0.0037792162079038835 -0.0027234205707916807 0.0034493328924290836 -0.0042935303803357597 0.0039694035577578658 -0.0029710516834934681 -0.00059365789109671664 -0.0013886063036889855 0.0011754035532320359 0.0052415537225897427
leaf_weight=53 40 40 62 57 53 63 51 50 106 51 53 88 132 293 48
leaf_count=53 40 40 62 57 53 63 51 50 106 51 53 88 132 293 48
internal_value=0.000119765 0.00171077 0.000695328 0.00231607 -0.000208341 -0.00181817 -3.5826e-06 -0.000762203 -0.00149936 0.000622991 0.000465411 -0.00261524 0.000829518 0.000379052 0.00300506
internal_weight=1240 212 172 119 1028 116 912 346 296 102 566 194 513 425 88
internal_count=1240 212 172 119 1028 116 912 346 296 102 566 194 513 425 88
cat_boundaries=0 1
cat_threshold=12
is_linear=0
shrinkage=0.05


Tree=350
num_leaves=14
num_cat=0
split_feature=9 9 8 11 11 5 5 5 9 5 11 1 8
split_gain=0.139319 0.241615 0.633551 0.452842 0.520614 0.230755 0.24259 0.287919 0.218367 0.143334 0.230261 0.453123 0.418809
threshold=1965.5000000000002 1972.5000000000002 2.7500000000000004 5743931077.3095913 8213358149.8099108 1186.0000000000002 1783.5000000000002 3359.0000000000005 1962.5000000000002 5963.5000000000009 8213358149.8099108 1216430.5288398459 3.7500000000000004
decision_type=2 2 2 2 2 2 2 2 2 2 2 2 2
left_child=8 2 -2 5 -5 -3 -7 -8 9 10 11 12 -1
right_child=1 3 -4 4 -6 6 7 -9 -10 -11 -12 -13 -14
leaf_value=0.0018147032410211741 -0.0074151123050860196 0.0027209110220144618 0.0012719781013069357 0.0071146529576763878 -0.00045271457410326189 -0.003931522335472476 0.0009866818050228742 -0.001733708871225562 0.0037424880959507495 -0.0025221034322191588 0.0039522309878432171 -0.0045430754296830857 -0.0017931019251894516
leaf_weight=244 43 41 41 41 51 69 154 264 45 47 41 48 120
leaf_count=244 43 41 41 41 51 69 154 264 45 47 41 48 120
internal_value=-0.000193829 -0.000658458 -0.00317498 -0.000317509 0.0029197 -0.000881568 -0.00118486 -0.00073146 0.000406353 0.000106101 0.000378784 2.31741e-05 0.000625317
internal_weight=1249 704 84 620 92 528 487 418 545 500 453 412 364
internal_count=1249 704 84 620 92 528 487 418 545 500 453 412 364
is_linear=0
shrinkage=0.05


Tree=351
num_leaves=17
num_cat=2
split_feature=10 6 1 1 6 1 10 1 3 0 10 4 9 9 9 0
split_gain=0.223916 0.191431 0.160284 0.2579 0.300707 0.209144 0.450495 0.22182 0.159674 0.280335 0.143746 0.238044 0.18486 0.140135 0.237345 0.0535311
threshold=193.7571428571429 6751.5000000000009 1136192.051893658 1442340.2555717255 11241.500000000002 689208.6917161406 441.00000000000006 677772.907508748 0 564023.5249507291 648.71428571428589 1 1984.5000000000002 1977.5000000000002 1948.5000000000002 819663.42659956194
decision_type=2 2 2 2 2 2 2 2 1 2 2 1 2 2 2 2
left_child=-1 8 5 4 -4 6 -3 -8 9 -2 12 -12 -7 14 -10 -11
right_child=1 2 3 -5 -6 10 7 -9 13 15 11 -13 -14 -15 -16 -17
leaf_value=0.0032014563818402748 -0.0024719730146749151 0.0048471439990021709 0.0052176364777802402 -0.0019925617976341305 0.00031693388043683681 -0.0005487074869650803 -0.00084500945354589645 0.002446275575516316 -0.004040557043100264 0.0029317968781106176 0.00058566499225569163 -0.0023892327952622014 -0.0052684063723843011 -0.0044196816508701884 0.001185680888593197 0.00043418930286950462
leaf_weight=47 73 53 58 41 68 41 241 65 42 45 173 110 42 64 45 41
leaf_count=47 73 53 58 41 68 41 241 65 42 45 173 110 42 64 45 41
internal_value=-0.000184137 -0.000316519 5.5463e-05 0.00145197 0.00257281 -0.000266216 0.000591251 -0.00014588 -0.00138687 -0.000181783 -0.00110728 -0.000570656 -0.00293699 -0.00247955 -0.00133733 0.00174108
internal_weight=1249 1202 892 167 126 725 359 306 310 159 366 283 83 151 87 86
internal_count=1249 1202 892 167 126 725 359 306 310 159 366 283 83 151 87 86
cat_boundaries=0 1 2
cat_threshold=6 2
is_linear=0
shrinkage=0.05


Tree=352
num_leaves=18
num_cat=1
split_feature=10 6 11 11 9 9 10 1 11 9 1 11 11 11 1 4 11
split_gain=0.202084 0.172766 0.145303 0.187684 0.20292 0.416088 0.260602 0.144657 0.308911 0.655481 0.188753 0.421016 0.407403 0.379379 0.328365 0.303149 0.281691
threshold=193.7571428571429 6751.5000000000009 799731815.64095652 1211680667.6610169 1981.5000000000002 2001.5000000000002 1058.2500000000002 1136192.051893658 9391147975.2217484 1974.5000000000002 689208.6917161406 1868468150.49173 1953751065.0983562 2402615724.763495 712108.83043039031 0 2286096279.5773158
decision_type=2 2 2 2 2 2 2 2 2 2 2 2 2 2 2 1 2
left_child=-1 2 -2 -4 6 -6 -5 10 9 -9 11 15 14 -14 -12 -3 -13
right_child=1 7 3 4 5 -7 -8 8 -10 -11 12 16 13 -15 -16 -17 -18
leaf_value=0.0030413835606676468 -0.0039108072270882194 0.0046052755397145767 0.001763357907205958 -0.0018519197197576218 -0.0070491045791508129 -9.0511916421873626e-06 0.0030014422688088042 -0.00046857656219371547 -0.0020065838213971193 0.0070300911251893819 -0.0072364348306309251 -0.0041861392101660991 0.0042490807351071476 -0.0008729404015317846 -0.0013247549254447222 -0.00016984522596678951 0.00014581009190594562
leaf_weight=47 46 84 54 85 41 43 41 68 48 51 41 48 43 227 55 55 172
leaf_count=47 46 84 54 85 41 43 41 68 48 51 41 48 43 227 55 55 172
internal_value=-0.00017493 -0.000300693 -0.00131752 -0.000865664 -0.0015417 -0.00344527 -0.000272651 5.26899e-05 0.00137937 0.00274514 -0.000252905 0.000561689 -0.00105192 -5.72111e-05 -0.00384953 0.00271584 -0.000799342
internal_weight=1249 1202 310 264 210 84 126 892 167 119 725 359 366 270 96 139 220
internal_count=1249 1202 310 264 210 84 126 892 167 119 725 359 366 270 96 139 220
cat_boundaries=0 1
cat_threshold=2
is_linear=0
shrinkage=0.05


Tree=353
num_leaves=9
num_cat=0
split_feature=10 5 5 11 8 2 5 10
split_gain=0.182381 0.21998 0.21424 0.137384 0.122834 0.151999 0.140661 0.221103
threshold=193.7571428571429 1417.0000000000002 1135.0000000000002 1033991313.6455656 4.7500000000000009 707133.77038150944 2050.5000000000005 405.60000000000008
decision_type=2 2 2 2 2 2 2 2
left_child=-1 2 -2 -3 6 -6 -5 -8
right_child=1 3 -4 4 5 -7 7 -9
leaf_value=0.0028893144484213058 7.2651335947392957e-05 0.0020897873278419654 -0.0047083527583382887 0.0022240446571231589 -0.00016033588595186862 -0.003806843382178569 -0.003835551766678691 -2.8475547851229905e-05
leaf_weight=47 42 68 53 64 65 51 40 819
leaf_count=47 42 68 53 64 65 51 40 819
internal_value=-0.000166184 -0.000285658 -0.00259465 -8.75068e-05 -0.000230005 -0.00176354 -3.72748e-05 -0.000205755
internal_weight=1249 1202 95 1107 1039 116 923 859
internal_count=1249 1202 95 1107 1039 116 923 859
is_linear=0
shrinkage=0.05


Tree=354
num_leaves=15
num_cat=1
split_feature=10 6 3 11 0 11 12 10 0 11 0 10 7 0
split_gain=0.164599 0.155723 0.145841 0.326053 0.250699 0.177726 0.132996 0.312536 0.207561 0.206814 0.191796 0.144306 0.127246 0.0457764
threshold=193.7571428571429 6751.5000000000009 0 2848346485.9881806 564023.5249507291 1305386189.7746117 82.500000000000014 851.36666666666679 1745126.0284832132 4596060177.9315615 819663.42659956194 1424.5833333333337 2.5000000000000004 819663.42659956194
decision_type=2 2 1 2 2 2 2 2 2 2 2 2 2 2
left_child=-1 2 4 5 -2 -4 8 -8 9 10 -3 -10 -9 -6
right_child=1 6 3 -5 13 -7 7 12 11 -11 -12 -13 -14 -15
leaf_value=0.0027448487190648596 -0.002257181344751575 -0.0006774104568204308 -0.0030554391900924124 -0.0063017808544100261 0.0028280569954464833 0.00094614279389913607 0.0036402151240197988 0.0014721229982047163 0.00022092935962703182 -0.0040699489494195077 0.0026654161738251594 0.0037191761946258118 -0.0019774075819089291 0.00051842896051622551
leaf_weight=47 73 493 55 40 45 56 79 47 74 41 47 49 62 41
leaf_count=47 73 493 55 40 45 56 79 47 74 41 47 49 62 41
internal_value=-0.000157875 -0.000271375 -0.00123675 -0.00228035 -9.61899e-05 -0.00103662 6.41247e-05 0.00124557 -0.000251375 -0.000646397 -0.000386461 0.00161454 -0.000489995 0.00172696
internal_weight=1249 1202 310 151 159 111 892 188 704 581 540 123 109 86
internal_count=1249 1202 310 151 159 111 892 188 704 581 540 123 109 86
cat_boundaries=0 1
cat_threshold=6
is_linear=0
shrinkage=0.05


Tree=355
num_leaves=25
num_cat=0
split_feature=0 9 10 10 8 6 6 9 6 10 11 10 2 10 10 6 5 10 11 10 10 2 0 5
split_gain=0.210637 0.22812 0.3527 0.532325 0.291731 0.44096 0.364625 0.291559 0.225941 0.248938 0.423787 0.401282 0.353776 0.418343 0.32302 0.241109 0.288896 0.264773 0.204638 0.169842 0.125305 0.12374 0.119036 0.105448
threshold=656916.13163539825 2000.5000000000002 2166.5000000000005 1484.7500000000002 2.2500000000000004 9254.0000000000018 11002.500000000002 2012.5000000000002 10820.000000000002 646.07142857142867 2017585869.795994 1236.9000000000003 653356.44379716844 340.88333333333338 851.36666666666679 13079.500000000002 4117.0000000000009 2040.3333333333335 3072763035.5788369 1081.0000000000002 477.27142857142866 675981.14024048846 552027.01918202371 2245.5000000000005
decision_type=2 2 2 2 2 2 2 2 2 2 2 2 2 2 2 2 2 2 2 2 2 2 2 2
left_child=8 2 3 4 6 -6 -2 -3 9 12 11 14 -1 -14 -11 16 20 19 21 22 -10 -12 -17 -15
right_child=1 7 -4 -5 5 -7 -8 -9 15 10 18 -13 13 23 -16 17 -18 -19 -20 -21 -22 -23 -24 -25
leaf_value=0.00443883000823137 0.00014647519543629003 -0.0057836463274434213 0.0029752803914662868 -0.0064340276825355317 -0.001636156180301255 0.0035024929592119797 -0.0061519216449232774 -5.6484676897525787e-05 0.0026440736610028482 -0.0021865765427852551 -0.00029883677948658403 0.00064287434740946067 -0.0036450784662950108 0.0038349051389377567 -0.0083550248173361822 0.0021751248133590538 1.2436268142274849e-05 0.0035498365263871771 -0.0024310572860524694 -0.0035417910887521106 0.0062984484012656829 0.0028390751067282898 -0.0015893122597065356 0.00020434060133993627
leaf_weight=56 54 50 63 41 83 84 40 40 45 41 57 41 55 40 44 42 56 42 47 44 49 70 42 40
leaf_count=56 54 50 63 41 83 84 40 40 45 41 57 41 55 40 44 42 56 42 47 44 49 70 42 40
internal_value=-0.000122588 -0.000983633 -0.000427702 -0.0011376 -0.000305589 0.000948554 -0.00253369 -0.00323824 0.000360488 -0.000313251 -0.00121157 -0.00341994 0.00109772 -0.000288218 -0.00537966 0.00139426 0.00285536 0.00010505 0.000387597 -0.00102527 0.00454901 0.00143072 0.000292906 0.00201962
internal_weight=1266 455 365 302 261 167 94 90 811 491 300 126 191 135 85 320 150 170 174 128 94 127 84 80
internal_count=1266 455 365 302 261 167 94 90 811 491 300 126 191 135 85 320 150 170 174 128 94 127 84 80
is_linear=0
shrinkage=0.05


Tree=356
num_leaves=17
num_cat=1
split_feature=0 9 10 10 8 9 10 5 9 5 2 7 2 1 4 2
split_gain=0.1901 0.205878 0.318312 0.480424 0.263287 0.263132 0.218153 0.156295 0.147046 0.119655 0.316623 0.169859 0.190051 0.337805 0.156193 0.0965978
threshold=656916.13163539825 2000.5000000000002 2166.5000000000005 1484.7500000000002 2.2500000000000004 2012.5000000000002 885.64285714285722 3657.5000000000005 1925.5000000000002 1309.5000000000002 679627.29004813975 6.5000000000000009 675981.14024048846 707133.77038150944 0 679627.29004813975
decision_type=2 2 2 2 2 2 2 2 2 2 2 2 2 2 1 2
left_child=8 2 3 4 7 -3 -6 -2 -1 10 -10 12 14 -14 -11 -13
right_child=1 5 -4 -5 6 -7 -8 -9 9 11 -12 15 13 -15 -16 -17
leaf_value=0.003088065538980553 -0.00049443051684647796 -0.0054944639559835196 0.002826516331720447 -0.0061123262091380796 -0.00033106527213628092 -5.36605017259717e-05 0.0035514993568935061 -0.0045803937062208373 0.0012610178849450787 9.9517111639583743e-05 -0.004582280760355802 0.004262895575957373 0.002532368658113392 -0.00083230631055374027 -0.0023169952021792123 0.00096634427644312387
leaf_weight=46 50 50 63 41 114 40 53 44 49 173 44 40 161 139 109 50
leaf_count=46 50 50 63 41 114 40 53 44 49 173 44 40 161 139 109 50
internal_value=-0.000116459 -0.000934451 -0.000406317 -0.00108072 -0.00029031 -0.00307633 0.000901126 -0.00240701 0.000342464 0.000177369 -0.00150355 0.000409997 9.73965e-05 0.000973403 -0.000834525 0.00243148
internal_weight=1266 455 365 302 261 90 167 94 811 765 93 672 582 300 282 90
internal_count=1266 455 365 302 261 90 167 94 811 765 93 672 582 300 282 90
cat_boundaries=0 1
cat_threshold=2
is_linear=0
shrinkage=0.05


Tree=357
num_leaves=12
num_cat=2
split_feature=11 12 5 6 2 6 6 4 4 10 6
split_gain=0.178364 0.312125 0.181348 0.159009 0.251094 0.163741 0.124759 0.242068 0.20454 0.275237 0.147057
threshold=6612581740.7254963 75.500000000000014 5254.5000000000009 4165.0000000000009 680412.83644405415 4774.0000000000009 6071.5000000000009 0 1 441.00000000000006 7250.0000000000009
decision_type=2 2 2 2 2 2 2 1 1 2 2
left_child=3 2 -2 4 -1 -5 7 -7 10 -10 -8
right_child=1 -3 -4 5 -6 6 8 -9 9 -11 -12
leaf_value=0.0013245028257369996 -0.0048163548681645118 0.0015778944057220703 -0.00070003293092466066 0.0034426931157941001 -0.0037566484159587197 -0.0040245683029449236 0.0032440499239970774 0.0011408412135964217 0.0022016384372753758 -0.0013153202845062031 0.00067056231344032966
leaf_weight=40 66 51 45 40 62 48 63 43 70 271 467
leaf_count=40 66 51 45 40 62 48 63 43 70 271 467
internal_value=-0.000110636 -0.00165993 -0.00314758 0.000116706 -0.00176404 0.000308159 0.000177825 -0.00158377 0.000361872 -0.000593364 0.000976467
internal_weight=1266 162 111 1104 102 1002 962 91 871 341 530
internal_count=1266 162 111 1104 102 1002 962 91 871 341 530
cat_boundaries=0 1 2
cat_threshold=2 2
is_linear=0
shrinkage=0.05


Tree=358
num_leaves=14
num_cat=0
split_feature=11 9 5 6 1 6 6 10 10 0 0 8 5
split_gain=0.160973 0.281693 0.163666 0.143506 0.192595 0.147777 0.124439 0.317168 0.546521 0.213656 0.132975 0.385404 0.254745
threshold=6612581740.7254963 1950.5000000000002 5254.5000000000009 4165.0000000000009 681908.35680202011 4774.0000000000009 10661.000000000002 1320.5000000000002 1769.7500000000002 552027.01918202371 567990.61134559743 2.2500000000000004 4184.0000000000009
decision_type=2 2 2 2 2 2 2 2 2 2 2 2 2
left_child=3 -2 -3 4 -1 -5 7 9 -9 -7 12 -12 -8
right_child=1 2 -4 5 -6 6 10 8 -10 -11 11 -13 -14
leaf_value=0.001029106518253684 0.0014989996570340522 -0.004575537147430816 -0.00066503126769223151 0.0032705586240626876 -0.0034209635919861254 -0.0014722054150305827 0.0031687503430719785 -0.0071587236309867538 -0.00035195685981895134 0.0011491218819781259 -0.0033321768360642292 0.0013892942939365154 -4.2750682980347905e-05
leaf_weight=40 51 66 45 40 62 109 123 42 99 271 65 129 124
leaf_count=40 51 66 45 40 62 109 123 42 99 271 65 129 124
internal_value=-0.000105104 -0.00157693 -0.0029902 0.000110871 -0.00167584 0.000292751 0.000168934 -0.000354258 -0.0023795 0.000397215 0.000787036 -0.000192642 0.0015565
internal_weight=1266 162 111 1104 102 1002 962 521 141 380 441 194 247
internal_count=1266 162 111 1104 102 1002 962 521 141 380 441 194 247
is_linear=0
shrinkage=0.05


Tree=359
num_leaves=23
num_cat=1
split_feature=0 6 10 5 10 10 8 10 6 5 10 7 9 10 10 6 4 9 7 9 5 9
split_gain=0.148717 0.182304 0.214947 0.342004 0.403068 0.389855 0.274253 0.367657 0.21174 0.248936 0.241094 0.384784 0.176852 0.293186 0.429747 0.250802 0.377263 0.24455 0.153106 0.121419 0.216239 0.0165661
threshold=656916.13163539825 10820.000000000002 646.07142857142867 3913.5000000000005 1236.9000000000003 837.30000000000007 2.7500000000000004 334.29761904761909 13079.500000000002 3975.0000000000005 2040.3333333333335 5.5000000000000009 2000.5000000000002 2166.5000000000005 1484.7500000000002 6025.0000000000009 0 2012.5000000000002 4.5000000000000009 1983.5000000000002 4977.5000000000009 1968.5000000000002
decision_type=2 2 2 2 2 2 2 2 2 2 2 2 2 2 2 2 1 2 2 2 2 2
left_child=1 2 6 4 5 -4 21 -8 9 18 11 -10 13 14 15 -2 -17 -14 -3 20 -5 -1
right_child=12 8 3 19 -6 -7 7 -9 10 -11 -12 -13 17 -15 -16 16 -18 -19 -20 -21 -22 -23
leaf_value=0.0039632385445293036 -0.0033408633110901483 0.0063175535522815261 -0.0012128317140741275 0.0018661618507134596 0.00067989722080528741 -0.0078065044657491594 -0.0042848197127958497 0.0016485820274692083 -0.0032111131727601155 7.4207460975384942e-05 0.0033136502523640437 0.0024287912312762013 -0.0051396892815828328 0.0027687581590495058 -0.0057399350559202639 0.0022983834269501634 -0.0020262050988180016 0.00010548405814915896 0.0022154997173777741 0.0020339232435841385 -0.0030464611472173905 0.0025242227944545451
leaf_weight=40 52 45 40 42 50 51 42 69 79 59 42 49 50 63 41 124 85 40 46 69 48 40
leaf_count=40 52 45 40 42 50 51 42 69 79 59 42 49 50 63 41 124 85 40 46 69 48 40
internal_value=-9.98489e-05 0.00030606 -0.000299129 -0.00113387 -0.0029266 -0.00490819 0.00101198 -0.000596489 0.00123465 0.00260387 2.65067e-05 -0.00105209 -0.000823348 -0.000333859 -0.000981093 -0.000233536 0.000539579 -0.0028085 0.00424399 0.000455908 -0.000753904 0.00324373
internal_weight=1266 811 491 300 141 91 191 111 320 150 170 128 455 365 302 261 209 90 91 159 90 80
internal_count=1266 811 491 300 141 91 191 111 320 150 170 128 455 365 302 261 209 90 91 159 90 80
cat_boundaries=0 1
cat_threshold=2
is_linear=0
shrinkage=0.05


Tree=360
num_leaves=11
num_cat=1
split_feature=1 5 11 5 7 1 5 8 4 10
split_gain=0.149552 0.133466 0.183644 0.179769 0.129258 0.117628 0.117224 0.111007 0.13726 0.082666
threshold=617762.19423717959 5850.5000000000009 3599007488.9019399 5647.5000000000009 1.5000000000000002 633691.85660366749 2037.5000000000002 2.2500000000000004 0 775.06666666666672
decision_type=2 2 2 2 2 2 2 2 1 2
left_child=9 3 -3 4 7 -6 -7 -2 -9 -1
right_child=1 2 -4 -5 5 6 -8 8 -10 -11
leaf_value=-0.003709126787725836 0.00036087873560408581 -0.00024155148823324239 0.00357616441287396 -0.0032203398276726865 0.0024602291132796998 0.0011805587797425689 -0.0001928131404247981 -0.00055604506454652765 -0.0046029787673614918 -0.00051425042130598213
leaf_weight=40 58 63 63 43 59 207 623 44 40 41
leaf_count=40 58 63 63 43 59 207 623 44 40 41
internal_value=-1.25612e-05 0.000127799 0.00166731 -5.28139e-05 7.92943e-05 0.000303045 0.000149703 -0.00132151 -0.00248316 -0.00209197
internal_weight=1281 1200 126 1074 1031 889 830 142 84 81
internal_count=1281 1200 126 1074 1031 889 830 142 84 81
cat_boundaries=0 1
cat_threshold=2
is_linear=0
shrinkage=0.05


Tree=361
num_leaves=9
num_cat=0
split_feature=10 10 9 10 11 5 6 11
split_gain=0.10591 0.204796 0.41335 0.18018 0.128793 0.196472 0.273664 0.182193
threshold=193.7571428571429 351.95000000000005 1956.5000000000002 402.25000000000006 799731815.64095652 2135.0000000000005 7340.0000000000009 1718228825.2549708
decision_type=2 2 2 2 2 2 2 2
left_child=-1 2 -2 -3 -5 6 -6 -7
right_child=1 3 -4 4 5 7 -8 -9
leaf_value=0.0023176193385919994 0.0015723440997217866 0.0030971639944861336 -0.004703314255188721 -0.0027822507397703283 0.0044074229117290215 -0.0021338536358863408 -0.00089213736743355785 9.5260950764582467e-05
leaf_weight=47 44 48 65 41 58 103 42 833
leaf_count=47 44 48 65 41 58 103 42 833
internal_value=-1.19332e-05 -0.00010066 -0.00217002 9.9838e-05 -3.37475e-05 7.50253e-05 0.00218161 -0.000150037
internal_weight=1281 1234 109 1125 1077 1036 100 936
internal_count=1281 1234 109 1125 1077 1036 100 936
is_linear=0
shrinkage=0.05


Tree=362
num_leaves=10
num_cat=0
split_feature=11 10 9 9 10 2 6 11 11
split_gain=0.100948 0.168079 0.157335 0.152992 0.1357 0.150559 0.46463 0.177297 0.24998
threshold=9855678551.5045338 2466.7500000000005 1968.5000000000002 1993.5000000000002 1974.4166666666667 617762.19423717959 10661.000000000002 657163286.02279592 1520233191.3087046
decision_type=2 2 2 2 2 2 2 2 2
left_child=1 4 -3 -4 5 6 -1 -7 -9
right_child=-2 2 3 -5 -6 7 -8 8 -10
leaf_value=-0.0046186707489522961 0.0021044424228387438 -0.0035013047247551957 0.0015451680737896822 -0.002328460869845003 0.002670452991500497 -0.0024317898119896476 0.0018594924136996272 0.0017673368474061136 -0.00014245034245430541
leaf_weight=62 54 65 52 50 50 59 50 240 599
leaf_count=62 54 65 52 50 50 59 50 240 599
internal_value=-1.13365e-05 -0.000104451 -0.0015788 -0.00035367 0.000127828 1.95497e-06 -0.00172663 0.000217547 0.000403854
internal_weight=1281 1227 167 102 1060 1010 112 898 839
internal_count=1281 1227 167 102 1060 1010 112 898 839
is_linear=0
shrinkage=0.05


Tree=363
num_leaves=13
num_cat=0
split_feature=5 11 5 9 9 2 9 9 6 6 5 6
split_gain=0.10328 0.226498 0.174326 0.130407 0.201152 0.196037 0.449359 0.293667 0.183328 0.155777 0.158666 0.0910187
threshold=5799.5000000000009 3599007488.9019399 5594.0000000000009 2003.5000000000002 2000.5000000000002 659749.2343736469 1938.5000000000002 1992.5000000000002 12734.000000000002 7340.0000000000009 3359.0000000000005 12351.000000000002
decision_type=2 2 2 2 2 2 2 2 2 2 2 2
left_child=2 11 3 4 5 6 -1 -7 9 -5 -11 -2
right_child=1 -3 -4 8 -6 7 -8 -9 -10 10 -12 -13
leaf_value=0.0023339472304690968 -0.0022030460375656443 0.0033820998858193063 -0.0030594927463680507 0.0021160078869349717 -0.0036757214748788444 -6.5123299058112401e-05 -0.0029840733165713519 0.0034786744796348593 0.0040990288062702591 0.0011964647724043305 -0.0030811432172017901 0.0011493544763652608
leaf_weight=55 41 67 50 69 42 581 143 65 41 41 46 40
leaf_count=55 41 67 50 69 42 581 143 65 41 41 46 40
internal_value=-1.07697e-05 0.00123142 -0.000173033 -3.97704e-05 -0.000298486 -0.000130424 -0.00150685 0.000291451 0.00112379 0.00034184 -0.00106526 -0.00054754
internal_weight=1281 148 1133 1083 886 844 198 646 197 156 87 81
internal_count=1281 148 1133 1083 886 844 198 646 197 156 87 81
is_linear=0
shrinkage=0.05


Tree=364
num_leaves=14
num_cat=0
split_feature=1 6 6 6 6 11 11 11 11 11 11 9 11
split_gain=0.116286 0.0835694 0.291293 0.144398 0.203029 0.161647 0.241068 0.151682 0.135238 0.184327 0.197436 0.113695 0.0531679
threshold=617762.19423717959 8156.5000000000009 8822.0000000000018 6751.5000000000009 6369.5000000000009 1611217577.8999486 3295201420.6928525 740646198.06205821 799731815.64095652 1365574114.5564468 1960791503.8430998 1941.5000000000002 1733650919.7273407
decision_type=2 2 2 2 2 2 2 2 2 2 2 2 2
left_child=12 3 -3 4 7 -5 -7 -2 -4 -10 -11 -9 -1
right_child=1 2 8 5 -6 6 -8 11 9 10 -12 -13 -14
leaf_value=-0.0031407654128270224 -0.0021437460226331685 -0.0032776018464937811 -0.0026074387815369425 0.0046863397955894471 -0.0031713579892225213 -0.0012144299868980723 0.0038677609758451582 -0.00084200814349709874 0.0027712764787494637 -0.0024489683920465824 0.00034906100233763281 0.0017673658685497487 -0.00057855243453892272
leaf_weight=40 43 70 43 40 42 56 40 56 67 72 507 164 41
leaf_count=40 43 70 43 40 42 56 40 56 67 72 507 164 41
internal_value=-1.02312e-05 0.000113538 -0.000204517 0.000660937 5.67785e-05 0.00201585 0.00090315 0.000572298 0.000107698 0.000288427 1.11952e-06 0.00110316 -0.00184384
internal_weight=1281 1200 759 441 305 136 96 263 689 646 579 220 81
internal_count=1281 1200 759 441 305 136 96 263 689 646 579 220 81
is_linear=0
shrinkage=0.05


Tree=365
num_leaves=16
num_cat=1
split_feature=6 5 3 6 0 5 10 1 8 11 2 9 8 9 9
split_gain=0.19303 0.240877 0.284452 0.397453 0.408597 0.262783 0.245053 0.253415 0.312615 0.188625 0.282045 0.197982 0.163601 0.288416 0.216221
threshold=8213.0000000000018 5232.5000000000009 0 6406.0000000000009 552027.01918202371 2368.0000000000005 393.97619047619054 708849.74897787033 2.7500000000000004 9391147975.2217484 1358861.9073826324 2010.5000000000002 4.2500000000000009 1982.5000000000002 2001.5000000000002
decision_type=2 2 1 2 2 2 2 2 2 2 2 2 2 2 2
left_child=1 2 6 4 -4 -6 -1 8 -8 10 11 12 14 -14 -2
right_child=9 -3 3 -5 5 -7 7 -9 -10 -11 -12 -13 13 -15 -16
leaf_value=0.0046528466278687123 0.00056833633663627898 0.0040264428145818263 -0.003503953221492296 -0.0042642979246011242 0.0050149404508200417 -0.00033078962212635413 -0.00088397342246025799 -0.0014164764966009995 0.0049479500478978658 -0.0032682445386359306 0.0036959343422841768 -0.0029677559876487266 -0.0035147134345945318 0.0012607399160042406 -0.0029384629634608118
leaf_weight=52 427 51 43 64 47 45 40 76 54 57 42 74 86 50 49
leaf_count=52 427 51 43 64 47 45 40 76 54 57 42 74 86 50 49
internal_value=-1.79011e-05 0.000781158 0.000388023 -0.000970184 0.000519605 0.00240018 0.00157813 0.00073046 0.00246628 -0.000498354 -0.000281481 -0.000524996 -0.00022963 -0.00175903 0.000207342
internal_weight=1257 472 421 199 135 92 222 170 94 785 728 686 612 136 476
internal_count=1257 472 421 199 135 92 222 170 94 785 728 686 612 136 476
cat_boundaries=0 1
cat_threshold=9
is_linear=0
shrinkage=0.05


Tree=366
num_leaves=16
num_cat=1
split_feature=6 5 3 10 11 0 11 6 11 2 9 5 6 11 10
split_gain=0.17421 0.217506 0.191992 0.357729 0.330164 0.228975 0.257679 0.219705 0.170234 0.254546 0.178679 0.163091 0.359466 0.184356 0.0889477
threshold=8213.0000000000018 5350.5000000000009 0 393.97619047619054 2848346485.9881806 548453.68116028118 2437414819.1710534 5047.5000000000009 9391147975.2217484 1358861.9073826324 2010.5000000000002 3487.5000000000005 13079.500000000002 2208440005.6152601 642.91666666666686
decision_type=2 2 1 2 2 2 2 2 2 2 2 2 2 2 2
left_child=1 2 3 -1 7 -5 -7 -4 9 10 11 12 -2 -13 -9
right_child=8 -3 4 5 -6 6 -8 14 -10 -11 -12 13 -14 -15 -16
leaf_value=-0.0046077899723414983 -0.0003397281860710735 0.0042694314674008643 0.0003659545274620707 -0.0027608842954837849 -0.0023466025539876328 0.0036351554179026818 -0.0011126916294040927 0.0055626517609279197 -0.0031048323565444568 0.0035111376724671576 -0.0028193682948177735 0.0036355981766246258 -0.0054439468675159981 4.5349036060518574e-05 0.0026219558717760568
leaf_weight=46 193 40 77 42 46 65 51 45 57 42 74 40 42 337 60
leaf_count=46 193 40 77 42 46 65 51 45 57 42 74 40 42 337 60
internal_value=-1.7006e-05 0.0007421 0.000415495 -0.000693354 0.00137761 0.000402409 0.00154774 0.00239459 -0.000473437 -0.000267407 -0.000498746 -0.000218148 -0.00125197 0.000426277 0.00388225
internal_weight=1257 472 432 204 228 158 116 182 785 728 686 612 235 377 105
internal_count=1257 472 432 204 228 158 116 182 785 728 686 612 235 377 105
cat_boundaries=0 1
cat_threshold=6
is_linear=0
shrinkage=0.05


Tree=367
num_leaves=18
num_cat=1
split_feature=6 0 5 10 10 3 6 10 9 10 9 9 5 10 0 9 0
split_gain=0.160361 0.204959 0.220867 0.427725 0.377769 0.276275 0.439744 0.237603 0.181722 0.152972 0.165182 0.454912 0.277407 0.273523 0.144375 0.250675 0.161272
threshold=7783.0000000000009 552027.01918202371 2177.0000000000005 564.07142857142867 340.88333333333338 0 10295.500000000002 900.21428571428589 2010.5000000000002 358.70000000000005 1982.5000000000002 1968.5000000000002 3257.0000000000005 1135.8250000000003 515866.29727194307 1987.5000000000002 532330.19436014059
decision_type=2 2 2 2 2 1 2 2 2 2 2 2 2 2 2 2 2
left_child=8 14 4 -4 -3 6 -5 -7 9 -1 11 13 -12 -11 -2 16 -16
right_child=1 2 3 5 -6 7 -8 -9 -10 10 12 -13 -14 -15 15 -17 -18
leaf_value=-0.0016428133539778936 -0.0015003180536441506 0.00028277054556052797 0.0039061784874647857 -0.0061325179702995739 -0.0060403806910685753 -0.0023516272167939493 -0.00087138308435752399 0.00095578044967945018 0.0037417093593040077 -0.00092005683109164238 0.0020146965109945638 0.0062791824037599009 -0.0033401914424829038 0.0033919369629108009 0.004616349532423669 -0.00094598070645588459 0.00075914889494789418
leaf_weight=73 50 44 50 58 51 74 126 204 46 111 46 43 51 55 64 64 47
leaf_count=73 50 44 50 58 51 74 126 204 46 111 46 43 51 55 64 64 47
internal_value=-1.61558e-05 -0.000419787 -0.000897578 -0.000486743 -0.00311176 -0.000962168 -0.00239938 7.27736e-05 0.000774011 0.000413815 0.000904449 0.00169586 -0.00080076 0.000508616 0.00086919 0.00154619 0.00298312
internal_weight=1257 832 607 512 95 462 184 278 425 379 306 209 97 166 225 175 111
internal_count=1257 832 607 512 95 462 184 278 425 379 306 209 97 166 225 175 111
cat_boundaries=0 1
cat_threshold=4
is_linear=0
shrinkage=0.05


Tree=368
num_leaves=15
num_cat=0
split_feature=6 5 11 11 6 0 10 11 9 9 5 5 10 10
split_gain=0.145624 0.20414 0.152431 0.13418 0.424487 0.537846 0.25739 0.193063 0.217655 0.122877 0.20677 0.254855 0.125532 0.117071
threshold=8213.0000000000018 5232.5000000000009 9391147975.2217484 1960791503.8430998 10661.000000000002 552027.01918202371 423.26666666666671 2208440005.6152601 2010.5000000000002 2012.5000000000002 4395.5000000000009 3667.5000000000005 890.75000000000011 1052.1666666666667
decision_type=2 2 2 2 2 2 2 2 2 2 2 2 2 2
left_child=1 9 3 4 6 -6 -2 -5 13 10 11 12 -1 -9
right_child=2 -3 -4 7 5 -7 -8 8 -10 -11 -12 -13 -14 -15
leaf_value=0.00055929751150851723 -0.0010019228355092713 0.0036662681009985657 -0.0029226601748776281 0.0031957365061650624 0.0041139098697231483 -0.0023458370029709867 -0.0062777216220274573 0.001342025033204229 -0.0032553457828447679 0.0027557124078790053 -0.0029757307218387721 0.0037617553635500376 -0.0018015745314003172 -0.00040006767895538366
leaf_weight=196 43 51 57 49 59 71 50 157 49 46 50 50 79 250
leaf_count=196 43 51 57 49 59 71 50 157 49 46 50 50 79 250
internal_value=-1.5348e-05 0.00067869 -0.000432655 -0.000237696 -0.0012592 0.000585894 -0.00383837 0.000213386 -0.000107085 0.000316774 1.75978e-05 0.00047811 -0.000118917 0.000271944
internal_weight=1257 472 785 728 223 130 93 505 456 421 375 325 275 407
internal_count=1257 472 785 728 223 130 93 505 456 421 375 325 275 407
is_linear=0
shrinkage=0.05


Tree=369
num_leaves=16
num_cat=1
split_feature=8 11 11 10 11 12 7 4 11 10 10 10 10 11 12
split_gain=0.0900587 0.218462 0.160717 0.145539 0.324391 0.279522 0.242759 0.19695 0.168404 0.272712 0.309546 0.166345 0.230735 0.15481 0.105071
threshold=4.7500000000000009 2848346485.9881806 1718228825.2549708 1974.4166666666667 6612581740.7254963 45.500000000000007 5.5000000000000009 0 2286096279.5773158 554.45000000000016 467.16666666666669 1373.3333333333337 885.64285714285722 1868468150.49173 26.500000000000004
decision_type=2 2 2 2 2 2 2 1 2 2 2 2 2 2 2
left_child=3 2 -2 4 8 14 -6 -7 9 10 -1 12 -10 -11 -5
right_child=1 -3 -4 5 6 7 -8 -9 11 13 -12 -13 -14 -15 -16
leaf_value=-4.2075604356371513e-05 -0.0018429988208744259 -0.003781113315310974 0.0023597788578152415 0.00083533379122673079 -0.00063574533193820615 0.0013741375806308549 -0.0056708984044488778 0.0056619587982463283 0.00028374258499273933 -0.00085215411996400437 0.0047823284752666955 -0.0011956837038690252 0.0032031892879472927 -0.0037538515383078322 -0.0025569785330888063
leaf_weight=197 45 52 46 50 54 71 43 43 152 170 40 67 122 63 42
leaf_count=197 45 52 46 50 54 71 43 43 152 170 40 67 122 63 42
internal_value=-1.45805e-05 -0.00119583 0.000281482 0.000137051 -0.000135161 0.0013369 -0.00286782 0.00299147 0.00019168 -0.000422031 0.00077217 0.00103756 0.00158364 -0.00163673 -0.000713331
internal_weight=1257 143 91 1114 908 206 97 114 811 470 237 341 274 233 92
internal_count=1257 143 91 1114 908 206 97 114 811 470 237 341 274 233 92
cat_boundaries=0 1
cat_threshold=2
is_linear=0
shrinkage=0.05


Tree=370
num_leaves=19
num_cat=0
split_feature=6 5 10 9 9 6 2 0 10 10 5 10 9 2 6 9 10 0
split_gain=0.312997 0.319598 0.410899 0.378004 0.202794 0.334597 0.227045 0.318145 0.205681 0.495281 0.201318 0.192238 0.303602 0.186532 0.456973 0.4928 0.171831 0.144268
threshold=9631.0000000000018 4282.0000000000009 543.37500000000011 1952.5000000000002 1938.5000000000002 12390.500000000002 1216430.5288398459 864051.32481822115 597.51190476190493 369.91666666666674 4450.5000000000009 277.33333333333343 1960.5000000000002 745781.66807709564 7296.5000000000009 1983.5000000000002 989.62500000000011 578820.51469827525
decision_type=2 2 2 2 2 2 2 2 2 2 2 2 2 2 2 2 2 2
left_child=1 2 11 -3 5 -2 7 8 9 -6 -10 -1 -13 14 15 -4 -8 -5
right_child=4 3 13 17 6 -7 16 -9 10 -11 -12 12 -14 -15 -16 -17 -18 -19
leaf_value=-3.7480983883142473e-05 -0.0054588992877397692 0.0071030687677060686 0.0025463666692376141 0.0029945828222806975 0.0020130592334846207 0.00021740962682222881 -0.00019578493609115848 0.0042876040208679831 0.0020632806114917915 -0.0049710393697023391 -0.00056542228911135399 0.006965550135355443 0.0015459107429631157 0.0012364754427785743 -0.0052038343454432114 -0.0040270097108314872 -0.0047461211261785744 -0.00034930499058894137
leaf_weight=60 50 41 75 78 44 54 41 46 128 60 169 40 73 73 63 46 42 55
leaf_count=60 50 41 75 78 44 54 41 46 128 60 169 40 73 73 63 46 42 55
internal_value=0.000283109 0.00109764 0.000366002 0.0029057 -0.000492876 -0.00251159 -9.67522e-05 0.000349185 -0.000102604 -0.00201623 0.000567487 0.00224985 0.00346437 -0.000902116 -0.00175058 4.73971e-05 -0.00249836 0.00161177
internal_weight=1238 604 430 174 634 104 530 447 401 104 297 173 113 257 184 121 83 133
internal_count=1238 604 430 174 634 104 530 447 401 104 297 173 113 257 184 121 83 133
is_linear=0
shrinkage=0.05


Tree=371
num_leaves=20
num_cat=0
split_feature=6 5 10 9 8 8 9 6 2 0 10 10 8 9 5 10 1 6 10
split_gain=0.282479 0.288437 0.370836 0.341148 0.205654 0.310715 0.183021 0.301974 0.204908 0.287126 0.185627 0.446991 0.182852 0.182613 0.18169 0.174649 0.259803 0.482592 0.155078
threshold=9631.0000000000018 4282.0000000000009 543.37500000000011 1952.5000000000002 3.7500000000000004 1.7500000000000002 1938.5000000000002 12390.500000000002 1216430.5288398459 864051.32481822115 597.51190476190493 369.91666666666674 3.7500000000000004 1988.5000000000002 4450.5000000000009 639.45833333333337 839126.14605876885 7296.5000000000009 989.62500000000011
decision_type=2 2 2 2 2 2 2 2 2 2 2 2 2 2 2 2 2 2 2
left_child=1 2 4 -3 5 -1 7 -2 9 10 11 -8 13 -5 -12 -4 17 -17 -10
right_child=6 3 15 12 -6 -7 8 -9 18 -11 14 -13 -14 -15 -16 16 -18 -19 -20
leaf_value=-0.00019715109665412457 -0.0051859543362515982 0.0067479152504990748 -0.0038929056096822026 0.00049219768559343596 -0.00029009105717955994 0.0052596629665543635 0.0019124064110325311 0.000206539122801688 -0.00018599551091561233 0.0040732239107297659 0.0019601165180120005 -0.0047224871565898262 -0.0011055318389976904 0.0050244847566911794 -0.00053715118797810772 0.00070553794300750542 0.003133112856779586 -0.0048884349545977755 -0.0045088151963205919
leaf_weight=40 50 41 40 43 58 75 44 54 41 46 128 60 44 46 169 115 44 58 42
leaf_count=40 50 41 40 43 58 75 44 54 41 46 128 60 44 46 169 115 44 58 42
internal_value=0.000268953 0.00104275 0.000347702 0.00276041 0.00213736 0.00336164 -0.000468232 -0.00238601 -9.19146e-05 0.000331726 -9.74738e-05 -0.00191542 0.00153118 0.00283473 0.000539112 -0.00085701 -0.000297398 -0.0011699 -0.00237345
internal_weight=1238 604 430 174 173 115 634 104 530 447 401 104 133 89 297 257 217 173 83
internal_count=1238 604 430 174 173 115 634 104 530 447 401 104 133 89 297 257 217 173 83
is_linear=0
shrinkage=0.05


Tree=372
num_leaves=18
num_cat=0
split_feature=6 5 10 12 8 8 12 6 5 5 8 12 12 5 11 1 1
split_gain=0.254938 0.260315 0.33468 0.307886 0.185603 0.28042 0.165177 0.272532 0.165769 0.247028 0.165024 0.164808 0.16137 0.284776 0.421152 0.132152 0.210838
threshold=9631.0000000000018 4282.0000000000009 543.37500000000011 72.500000000000014 3.7500000000000004 1.7500000000000002 85.500000000000014 12390.500000000002 1783.5000000000002 2775.5000000000005 3.7500000000000004 35.500000000000007 80.500000000000014 3447.0000000000005 1754974690.8422458 1216430.5288398459 727504.08309914952
decision_type=2 2 2 2 2 2 2 2 2 2 2 2 2 2 2 2 2
left_child=1 2 4 10 5 -1 8 -8 -2 -10 11 -3 13 14 -4 16 -11
right_child=6 3 12 -5 -6 -7 7 -9 9 15 -12 -13 -14 -15 -16 -17 -18
leaf_value=-0.00018729327828623355 -0.0027401232488457783 0.004773260419682155 -0.00073803118332044075 0.0064105195402190457 -0.00027558653904446241 0.0049966798427825178 -0.0049266565558500593 0.00019621220158620012 0.0028842213518968595 -0.000698640967395881 -0.001050255237549374 0.00046758786666878437 -0.0030844015038261809 -0.0030300977948650529 0.0052259016983741682 -0.0021548902709343423 0.0020326723430381449
leaf_weight=40 53 46 95 41 58 75 50 54 73 225 44 43 60 59 43 76 103
leaf_count=40 53 46 95 41 58 75 50 54 73 225 44 43 60 59 43 76 103
internal_value=0.000255506 0.000990617 0.000330317 0.00262239 0.00203049 0.00319356 -0.000444821 -0.00226671 -8.73189e-05 0.000207437 0.00145462 0.00269299 -0.00081416 -0.000122716 0.0011203 -0.000276239 0.000159058
internal_weight=1238 604 430 174 173 115 634 104 530 477 133 89 257 197 138 404 328
internal_count=1238 604 430 174 173 115 634 104 530 477 133 89 257 197 138 404 328
is_linear=0
shrinkage=0.05


Tree=373
num_leaves=10
num_cat=0
split_feature=10 10 5 9 9 5 10 1 5
split_gain=0.161405 0.271712 0.199487 0.244553 0.415881 0.279009 0.219924 0.090246 0.0745913
threshold=5209.0000000000009 2960.0000000000005 6175.0000000000009 1935.5000000000002 1928.5000000000002 5864.5000000000009 217.97619047619051 708849.74897787033 4395.5000000000009
decision_type=2 2 2 2 2 2 2 2 2
left_child=1 2 3 4 7 6 -5 -1 -3
right_child=-2 8 -4 5 -6 -7 -8 -9 -10
leaf_value=0.0021308060249556667 0.0032892825858046614 -0.0011538064267060304 0.0035729655358211505 0.0040357858730242294 -0.0046727238785332212 -0.003561594969942235 0.0005190041531860359 -0.0010748864966444672 -0.0040533901634348911
leaf_weight=46 42 47 46 47 65 40 821 42 42
leaf_count=46 42 47 46 47 65 40 821 42 42
internal_value=0.00024273 0.000135745 0.000349432 0.000209675 -0.00163958 0.000521278 0.000709429 0.000600816 -0.00252215
internal_weight=1238 1196 1107 1061 153 908 868 88 89
internal_count=1238 1196 1107 1061 153 908 868 88 89
is_linear=0
shrinkage=0.05


Tree=374
num_leaves=10
num_cat=0
split_feature=10 10 5 9 9 5 10 0 5
split_gain=0.145668 0.24522 0.180037 0.220709 0.375333 0.251805 0.198481 0.0936792 0.0673187
threshold=5209.0000000000009 2960.0000000000005 6175.0000000000009 1935.5000000000002 1928.5000000000002 5864.5000000000009 217.97619047619051 567990.61134559743 4395.5000000000009
decision_type=2 2 2 2 2 2 2 2 2
left_child=1 2 3 4 7 6 -5 -1 -3
right_child=-2 8 -4 5 -6 -7 -8 -9 -10
leaf_value=-0.0011365040283029279 0.0031248184497512524 -0.0010961161289819853 0.0033943172240548814 0.0038339965352590412 -0.0044390876867020359 -0.0033835152746178212 0.00049305395800136793 0.0021295960385190405 -0.0038507206293399488
leaf_weight=42 42 47 46 47 65 40 821 46 42
leaf_count=42 42 47 46 47 65 40 821 46 42
internal_value=0.000230594 0.000128957 0.000331961 0.000199191 -0.0015576 0.000495214 0.000673958 0.000570776 -0.00239604
internal_weight=1238 1196 1107 1061 153 908 868 88 89
internal_count=1238 1196 1107 1061 153 908 868 88 89
is_linear=0
shrinkage=0.05


Tree=375
num_leaves=18
num_cat=1
split_feature=6 11 5 4 7 2 11 1 1 1 0 5 5 8 6 6 6
split_gain=0.180592 0.208266 0.313059 0.183102 0.175274 0.361178 0.172329 0.597307 0.23051 0.21136 0.200115 0.486015 0.351492 0.188933 0.167763 0.162212 0.0026734
threshold=6751.5000000000009 712334039.98765612 2368.0000000000005 0 1.5000000000000002 819559.94338626799 3667406982.7411861 1039118.2229434258 729326.24648517405 818708.30222684063 527730.26579940575 2177.0000000000005 3211.0000000000005 2.7500000000000004 5548.0000000000009 4585.5000000000009 12286.500000000002
decision_type=2 2 2 1 2 2 2 2 2 2 2 2 2 2 2 2 2
left_child=1 -1 3 -3 5 -2 8 -8 10 -10 12 -12 -6 -9 15 -4 -15
right_child=4 2 14 -5 6 -7 7 13 9 -11 11 -13 -14 16 -16 -17 -18
leaf_value=-0.004510081110904297 -0.00024817028303938992 -0.00057697107006485259 -0.0030243659329532487 0.0036159333813449608 0.0051269013678566337 0.0056489119905745611 -0.0058772709690393847 0.0018663855023113647 0.003634171785574548 -0.00075553391749660177 -0.0041871622402820437 8.4164984239155471e-05 -0.00039338529313681647 -0.0013142033806070685 -0.003984963792221 0.0013233683341079289 -0.0018922818033024669
leaf_weight=46 74 60 41 46 42 40 57 77 79 42 87 284 92 40 75 45 40
leaf_count=46 74 60 41 46 42 40 57 77 79 42 87 284 92 40 75 45 40
internal_value=-0.000360619 -0.00140278 -0.000867435 0.00124259 -1.8695e-05 0.00182098 -0.000268365 -0.00149323 0.00015036 0.00211047 -0.000319291 -0.000917467 0.00133685 9.84221e-05 -0.00225664 -0.000749389 -0.00160324
internal_weight=1267 313 267 106 954 114 840 214 626 121 505 371 134 157 161 86 80
internal_count=1267 313 267 106 954 114 840 214 626 121 505 371 134 157 161 86 80
cat_boundaries=0 1
cat_threshold=2
is_linear=0
shrinkage=0.05


Tree=376
num_leaves=10
num_cat=0
split_feature=1 0 5 5 7 5 5 0 5
split_gain=0.161061 0.140653 0.265472 0.144793 0.100303 0.182322 0.160627 0.0844514 0.0829422
threshold=1442340.2555717255 525001.94806865673 1001.0000000000001 2309.5000000000005 1.5000000000000002 3506.0000000000005 6088.5000000000009 532330.19436014059 5145.0000000000009
decision_type=2 2 2 2 2 2 2 2 2
left_child=1 3 -3 -1 5 -4 7 -6 -5
right_child=-2 2 4 8 6 -7 -8 -9 -10
leaf_value=0.0031214598412625492 0.0023554507326686157 -0.0044388438078264399 -0.0015511821089312435 -0.0010510094530874557 -0.0026045092604244533 0.0023264017001519894 -0.0032702877917408684 -0.00039842172730595492 0.0015842630207771437
leaf_weight=50 53 45 50 79 46 77 57 762 48
leaf_count=50 53 45 50 79 46 77 57 762 48
internal_value=-0.000342588 -0.000460377 -0.000682725 0.000842304 -0.000512336 0.000799794 -0.000704984 -0.000524016 -5.5001e-05
internal_weight=1267 1214 1037 177 992 127 865 808 127
internal_count=1267 1214 1037 177 992 127 865 808 127
is_linear=0
shrinkage=0.05


Tree=377
num_leaves=13
num_cat=0
split_feature=10 1 11 10 10 8 5 10 5 2 2 11
split_gain=0.293364 0.112939 0.158518 0.333944 0.49311 0.375248 0.15301 0.220098 0.207585 0.281392 0.20575 0.0783189
threshold=3222.5000000000005 1393513.8717971111 3781066798.123095 738.42857142857144 1014.2000000000002 2.7500000000000004 2606.0000000000005 564.07142857142867 2368.0000000000005 671350.45176759572 728598.1774898424 3280137197.3446631
decision_type=2 2 2 2 2 2 2 2 2 2 2 2
left_child=1 2 6 -4 -5 -6 8 -8 9 -1 -9 -2
right_child=11 -3 3 4 5 -7 7 10 -10 -11 -12 -13
leaf_value=0.0014793891851870213 0.00070789947545117876 0.0015021821343532157 0.0018955081723453034 -0.0074330042903412788 0.0020495138482804947 -0.004235718041309156 0.0030683214375912624 -0.0006995730309623542 -0.0043321911007692315 -0.0017172681518770605 0.0019720528246001449 0.0034229819644804533
leaf_weight=99 49 63 42 46 47 48 57 398 46 226 88 58
leaf_count=99 49 63 42 46 47 48 57 398 46 226 88 58
internal_value=-0.000325458 -0.000556531 -0.000674761 -0.002018 -0.00318373 -0.00112618 -0.000405819 0.000128922 -0.00118847 -0.000743517 -0.000215822 0.00217963
internal_weight=1267 1160 1097 183 141 95 914 543 371 325 486 107
internal_count=1267 1160 1097 183 141 95 914 543 371 325 486 107
is_linear=0
shrinkage=0.05


Tree=378
num_leaves=17
num_cat=0
split_feature=6 11 5 9 7 9 5 11 9 11 7 7 2 11 6 9
split_gain=0.161502 0.185432 0.289634 0.265004 0.490876 0.143546 0.142085 0.418614 0.257223 0.196963 0.241081 0.222784 0.219457 0.198156 0.147172 0.148848
threshold=6751.5000000000009 712334039.98765612 2368.0000000000005 1982.5000000000002 4.5000000000000009 1963.5000000000002 2168.5000000000005 1033991313.6455656 1962.5000000000002 2208440005.6152601 1.5000000000000002 4.5000000000000009 676077.05414205592 1699728414.6997728 8315.0000000000018 1932.5000000000002
decision_type=2 2 2 2 2 2 2 2 2 2 2 2 2 2 2 2
left_child=1 -1 5 4 -4 -3 7 8 -2 11 -11 13 -13 -8 -12 -16
right_child=6 2 3 -5 -6 -7 9 -9 -10 10 14 12 -14 -15 15 -17
leaf_value=-0.0042267431804287733 -0.0024820435816573718 -0.00098717897632267593 0.0026917732863997422 -0.0047230792197505717 -0.0043370058471539422 0.002760079625757441 0.0027056104444125868 -0.0049277474189660065 0.0025505178708455437 0.0024348451338039763 -0.0025790673588696675 0.0062451914338985601 0.0010396571189630777 -0.001556031837154968 0.002032955795311864 -0.00057154754831572068
leaf_weight=46 43 43 54 61 46 63 47 54 62 78 76 41 40 65 64 384
leaf_count=46 43 43 54 61 46 63 47 54 62 78 76 41 40 65 64 384
internal_value=-0.000309185 -0.00129472 -0.000789581 -0.0021258 -0.000541465 0.00123997 1.41618e-05 -0.00135028 0.000489564 0.00028705 -0.000158565 0.001677 0.00367456 0.000232336 -0.000544607 -0.000199476
internal_weight=1267 313 267 161 100 106 954 159 105 795 602 193 81 112 524 448
internal_count=1267 313 267 161 100 106 954 159 105 795 602 193 81 112 524 448
is_linear=0
shrinkage=0.05


Tree=379
num_leaves=17
num_cat=0
split_feature=10 0 6 2 0 9 1 1 9 11 2 1 11 11 9 6
split_gain=0.244213 0.136992 0.135076 0.455936 0.145418 0.305037 0.398365 0.272338 0.242849 0.339192 0.283265 0.221943 0.253508 0.220501 0.131344 0.060639
threshold=3222.5000000000005 564023.5249507291 4225.5000000000009 679627.29004813975 564023.5249507291 1953.5000000000002 706083.45514864044 664832.51186232071 1983.5000000000002 2208440005.6152601 707133.77038150944 696594.67995976855 1290364715.6761122 2136183865.4298332 1958.5000000000002 10223.500000000002
decision_type=2 2 2 2 2 2 2 2 2 2 2 2 2 2 2 2
left_child=2 -2 3 -1 5 6 7 -4 9 -7 -10 14 -13 -14 -6 -16
right_child=1 -3 4 -5 11 8 -8 -9 10 -11 -12 12 13 -15 15 -17
leaf_value=0.0018799428691769521 -2.9514829053523697e-05 0.0035753193000952403 -0.0011052587026586902 -0.0048945405136143413 -0.00051241032539918604 0.004883171322726412 0.0025913640558775071 -0.0062344026903426927 0.0010307844635810107 9.8890221029843974e-05 -0.0037764881746261379 0.0030544103070979521 -0.0040125976195153987 -0.0003374706971290578 -0.0024841588126813495 -0.0051717276630793207
leaf_weight=41 47 60 65 63 45 80 42 43 131 69 40 49 46 362 41 43
leaf_count=41 47 60 65 63 45 80 42 43 131 69 40 49 46 362 41 43
internal_value=-0.000293726 0.00199189 -0.000504554 -0.00222383 -0.000335232 0.000319929 -0.00154056 -0.00314742 0.00119203 0.00266763 -9.37238e-05 -0.000860701 -0.000343715 -0.000751823 -0.0026922 -0.00385994
internal_weight=1267 107 1160 104 1056 470 150 108 320 149 171 586 457 408 129 84
internal_count=1267 107 1160 104 1056 470 150 108 320 149 171 586 457 408 129 84
is_linear=0
shrinkage=0.05


Tree=380
num_leaves=18
num_cat=1
split_feature=5 5 9 6 5 3 9 10 10 8 5 5 10 2 0 9 5
split_gain=0.164613 0.264036 0.306039 0.517807 0.21513 0.163096 0.331509 0.236914 0.204499 0.178027 0.153603 0.388996 0.35233 0.340884 0.18197 0.317772 0.162872
threshold=3019.0000000000005 3294.0000000000005 1934.5000000000002 10820.000000000002 2734.5000000000005 0 1984.5000000000002 3044.2500000000005 1267.2333333333336 2.7500000000000004 1800.5000000000002 1619.0000000000002 509.75000000000006 696594.67995976855 577666.63225903024 1985.5000000000002 2177.0000000000005
decision_type=2 2 2 2 2 1 2 2 2 2 2 2 2 2 2 2 2
left_child=4 -2 3 -3 10 7 9 8 -4 -7 11 14 13 -12 15 -1 -14
right_child=1 2 5 -5 -6 6 -8 -9 -10 -11 12 -13 16 -15 -16 -17 -18
leaf_value=-0.00080587093174029644 0.0041506899496402631 0.0066130114277368609 -0.00092046700676277232 -0.00031475838040933017 -0.0034111194233646838 0.0016378886641023008 0.003847150788513116 -0.0032412562020857575 0.0015680637980450788 -0.0025890552003885498 0.0064671121469539843 -0.0051641780449679818 -0.0037009306252002716 0.00037004451509206919 -0.0021724080916361087 0.0046393626107601449 0.0005085712014180091
leaf_weight=74 49 49 247 60 59 47 72 71 124 53 41 46 40 52 63 42 54
leaf_count=74 49 49 247 60 59 47 72 71 124 53 41 46 40 52 63 42 54
internal_value=0.000149328 0.000598765 0.00035804 0.00279956 -0.000587328 -7.53891e-05 0.00119097 -0.000581957 -8.87209e-05 -0.000602392 -0.00018295 -0.00106309 0.00087604 0.003058 -9.17837e-06 0.00116568 -0.00128271
internal_weight=1243 772 723 109 471 614 172 442 371 100 412 225 187 93 179 116 94
internal_count=1243 772 723 109 471 614 172 442 371 100 412 225 187 93 179 116 94
cat_boundaries=0 1
cat_threshold=5
is_linear=0
shrinkage=0.05


Tree=381
num_leaves=14
num_cat=1
split_feature=3 9 2 10 10 10 0 6 6 6 10 9 7
split_gain=0.114363 0.224894 0.312543 0.208379 0.243098 0.268982 0.154708 0.130853 0.211258 0.277673 0.2991 0.175119 0.309067
threshold=0 1986.5000000000002 688091.77602969261 460.58333333333343 830.90000000000009 1135.8250000000003 572600.24644636794 4225.5000000000009 5822.5000000000009 7106.0000000000009 998.9000000000002 2010.5000000000002 1.5000000000000002
decision_type=1 2 2 2 2 2 2 2 2 2 2 2 2
left_child=1 3 -3 -1 -5 -6 -7 -2 -9 10 -10 12 -11
right_child=7 2 -4 4 5 6 -8 8 9 11 -12 -13 -14
leaf_value=-0.0025267534567198404 -0.0022978667572919114 0.0061517180298410711 0.00077726409255870089 0.0033650855799805869 -0.0038087155250832437 0.003185607167478237 -0.0010083849417760365 0.002457418343011007 -0.00517993021121418 -0.0025743676883478962 0.00046216269512092925 -0.002223207322473992 0.0008745993476791744
leaf_weight=60 67 42 76 64 40 45 43 79 55 75 41 71 485
leaf_count=60 67 42 76 64 40 45 43 79 55 75 41 71 485
internal_value=0.000141862 0.000865389 0.00269021 4.52517e-05 0.000849003 -0.000409038 0.00113627 -0.000172722 1.7915e-06 -0.000265051 -0.00277029 0.000116094 0.000412684
internal_weight=1243 370 118 252 192 128 88 873 806 727 96 631 560
internal_count=1243 370 118 252 192 128 88 873 806 727 96 631 560
cat_boundaries=0 1
cat_threshold=10
is_linear=0
shrinkage=0.05


Tree=382
num_leaves=18
num_cat=1
split_feature=5 5 9 6 5 6 9 5 6 10 10 2 3 9 10 10 8
split_gain=0.14115 0.235664 0.275542 0.466098 0.197305 0.138507 0.367706 0.272475 0.298419 0.209779 0.174136 0.163011 0.134142 0.286312 0.198719 0.179789 0.158247
threshold=3019.0000000000005 3294.0000000000005 1934.5000000000002 10820.000000000002 2734.5000000000005 9376.5000000000018 1963.5000000000002 1770.5000000000002 11937.500000000002 441.00000000000006 351.95000000000005 707133.77038150944 0 1984.5000000000002 3044.2500000000005 1267.2333333333336 2.7500000000000004
decision_type=2 2 2 2 2 2 2 2 2 2 2 2 1 2 2 2 2
left_child=4 -2 3 -3 5 6 9 -7 -9 -1 -8 -12 14 16 15 -4 -14
right_child=1 2 12 -5 -6 7 10 8 -10 -11 11 -13 13 -15 -16 -17 -18
leaf_value=-0.00098645533435046681 0.0039066120352577042 0.0062582356313585627 -0.00087503928319750894 -0.00031452947873428157 -0.0032516492151860466 -0.0011005569638142241 -0.0017366395704228573 0.0061062984331510962 -1.2679770588874817e-06 -0.0056610619144824648 0.0033558843831997366 -0.00068234599808730736 0.0015043190541736624 0.0035272754426033423 -0.0029824149791597273 0.0014583090974596301 -0.002480888409750923
leaf_weight=48 49 49 247 60 59 78 53 40 40 48 64 41 47 72 71 124 53
leaf_count=48 49 49 247 60 59 78 53 40 40 48 64 41 47 72 71 124 53
internal_value=0.000134769 0.000550945 0.000323521 0.0026402 -0.000547371 -0.000160108 -0.000883159 0.00100226 0.00305252 -0.00332376 0.000599737 0.00177905 -8.77461e-05 0.00106143 -0.000546584 -9.516e-05 -0.000607841
internal_weight=1243 772 723 109 471 412 254 158 80 96 158 105 614 172 442 371 100
internal_count=1243 772 723 109 471 412 254 158 80 96 158 105 614 172 442 371 100
cat_boundaries=0 1
cat_threshold=5
is_linear=0
shrinkage=0.05


Tree=383
num_leaves=18
num_cat=1
split_feature=5 5 12 5 5 5 10 2 0 12 11 3 12 10 12 12 8
split_gain=0.127388 0.212687 0.248677 0.178068 0.122129 0.353139 0.325693 0.294185 0.160846 0.272355 0.14642 0.121063 0.264744 0.18034 0.225509 0.1212 0.12019
threshold=3019.0000000000005 3294.0000000000005 89.500000000000014 2734.5000000000005 1800.5000000000002 1619.0000000000002 509.75000000000006 696594.67995976855 577666.63225903024 38.500000000000007 1318085874.5225561 0 21.500000000000004 3822.5000000000005 39.500000000000007 65.500000000000014 3.2500000000000004
decision_type=2 2 2 2 2 2 2 2 2 2 2 1 2 2 2 2 2
left_child=3 -2 11 4 5 8 7 -6 9 -1 -8 13 -13 14 -3 -14 -4
right_child=1 2 16 -5 6 -7 10 -9 -10 -11 -12 12 15 -15 -16 -17 -18
leaf_value=0.0043877016963614597 0.0037112814236470331 -0.0015408983265891851 0.0011680424453295543 -0.0030890666832358153 0.0060570387442300958 -0.0048444083623547596 -0.003432461199740511 0.00039297406194516675 -0.0019665369549618354 -0.00065341131845048658 0.00052862468212112488 0.0046304728218819948 0.0011324265697372281 -0.0032382237041558796 0.00089362462059641061 -0.0020171244788798506 0.0045651602802451617
leaf_weight=42 49 167 66 59 41 46 43 52 63 74 51 40 84 54 221 48 43
leaf_count=42 49 167 66 59 41 46 43 52 63 74 51 40 84 54 221 48 43
internal_value=0.000128031 0.000523398 0.000307345 -0.000520003 -0.000152103 -0.000936905 0.000792178 0.00289003 6.72581e-05 0.00117182 -0.00128336 -8.33588e-05 0.00100836 -0.000519255 -0.000154224 -1.28647e-05 0.00250819
internal_weight=1243 772 723 471 412 225 187 93 179 116 94 614 172 442 388 132 109
internal_count=1243 772 723 471 412 225 187 93 179 116 94 614 172 442 388 132 109
cat_boundaries=0 1
cat_threshold=5
is_linear=0
shrinkage=0.05


Tree=384
num_leaves=17
num_cat=1
split_feature=11 5 11 3 12 0 11 8 10 12 5 11 5 7 5 10
split_gain=0.117063 0.310627 0.200243 0.137192 0.198271 0.249359 0.313802 0.307026 0.140547 0.1331 0.253136 0.557022 0.229838 0.151941 0.23948 0.0321128
threshold=979976411.40589082 1329.0000000000002 638236379.39709759 0 17.500000000000004 1745126.0284832132 3485122491.9175296 2.2500000000000004 390.52380952380958 45.500000000000007 3133.0000000000005 1481742236.0975001 3683.0000000000005 5.5000000000000009 3305.5000000000005 657.33333333333337
decision_type=2 2 2 1 2 2 2 2 2 2 2 2 2 2 2 2
left_child=1 2 -1 4 -2 6 7 -6 -5 13 11 -11 -12 14 -10 -15
right_child=3 -3 -4 8 5 -7 -8 -9 9 10 12 -13 -14 15 -16 -17
leaf_value=-0.0010940295324378116 0.0043272708563811399 -0.0036641565864140701 0.0032105017538097778 0.0027896603691482513 -0.0022917639464139941 0.0039821859167811146 -0.0040031735366210337 0.0021885748829102527 0.00069949503279110399 0.0023011698853224517 0.0041196060318034146 -0.0057264503329358205 0.00043224374249393305 -0.00020303979205588498 -0.0029311956661395855 0.0017640824980534068
leaf_weight=70 44 70 44 41 54 48 40 131 67 40 50 47 273 42 141 41
leaf_count=70 44 70 44 41 54 48 40 131 67 40 50 47 273 42 141 41
internal_value=0.000121629 -0.00104245 0.000567369 0.000323886 0.00117543 0.000710498 1.25383e-05 0.0008808 -5.50135e-05 -0.000222177 0.00035826 -0.00203559 0.00100304 -0.00103997 -0.00176169 0.000768671
internal_weight=1243 184 114 1059 317 273 225 185 742 701 410 87 323 291 208 83
internal_count=1243 184 114 1059 317 273 225 185 742 701 410 87 323 291 208 83
cat_boundaries=0 1
cat_threshold=10
is_linear=0
shrinkage=0.05


Tree=385
num_leaves=12
num_cat=0
split_feature=11 11 1 11 8 8 12 8 12 0 1
split_gain=0.24589 0.336595 0.1242 0.281733 0.186555 0.226009 0.136191 0.207434 0.171275 0.148152 0.319283
threshold=554372462.54267871 799731815.64095652 717980.47789738665 1290364715.6761122 4.7500000000000009 2.2500000000000004 63.500000000000007 1.2500000000000002 9.5000000000000018 564023.5249507291 673270.56667703239
decision_type=2 2 2 2 2 2 2 2 2 2 2
left_child=-1 -2 6 -4 5 -5 7 -3 -9 10 -8
right_child=1 2 3 4 -6 -7 9 8 -10 -11 -12
leaf_value=0.0034287887772697272 -0.00360201464889756 0.0031778311997186395 0.0046037092062761074 -0.00090273361505563215 -0.003032029217283707 0.0013708324001929376 -0.00048246917528255536 -0.0031351988466377274 0.00012333653383547258 0.00047444451733359271 -0.0050856183622301852
leaf_weight=49 68 48 40 174 40 294 96 47 284 70 62
leaf_count=49 68 48 40 174 40 294 96 47 284 70 62
internal_value=-4.4273e-05 -0.000183423 1.78451e-05 0.000563533 0.000245409 0.000525532 -0.000474803 0.000106093 -0.000339356 -0.00144041 -0.00228877
internal_weight=1272 1223 1155 548 508 468 607 379 331 228 158
internal_count=1272 1223 1155 548 508 468 607 379 331 228 158
is_linear=0
shrinkage=0.05


Tree=386
num_leaves=16
num_cat=0
split_feature=6 1 7 9 9 10 10 9 6 8 1 1 6 1 6
split_gain=0.242601 0.157067 0.265551 0.220445 0.192338 0.313183 0.249411 0.317128 0.474214 0.201187 0.200422 0.181821 0.165484 0.137639 0.109106
threshold=3517.5000000000005 647728.45187070419 3.5000000000000004 1972.5000000000002 1948.5000000000002 1159.7500000000002 945.62500000000011 1984.5000000000002 10766.000000000002 2.2500000000000004 1162692.8781822992 714688.47652307793 10478.500000000002 728291.78914264136 10223.500000000002
decision_type=2 2 2 2 2 2 2 2 2 2 2 2 2 2 2
left_child=-1 2 -2 -4 5 9 7 12 -9 -3 14 -7 -6 -11 -8
right_child=1 4 3 -5 6 11 10 8 -10 13 -12 -13 -14 -15 -16
leaf_value=0.0032695282720697095 0.00083861189146696683 -0.0045919048141401545 -0.0011862018212923432 -0.0057240286001773635 0.0042722225926890237 -0.0014135234452703077 0.0011778378569170928 -0.0017410490839001097 0.0033634315145068937 -0.0027133543365474404 -0.0027425700308134158 0.0026814465024058752 0.0010954390619915195 0.00088596886923128027 -0.00071077349047888726
leaf_weight=53 71 65 64 46 101 46 139 130 70 58 75 66 69 49 170
leaf_count=53 71 65 64 46 101 46 139 130 70 58 75 66 69 49 170
internal_value=-4.20593e-05 -0.000186041 -0.0015452 -0.00308384 5.09598e-05 -0.00105804 0.000468672 0.00139509 4.55191e-05 -0.00239788 -0.000423971 0.000999584 0.00298282 -0.00106507 0.000138796
internal_weight=1272 1219 181 110 1038 284 754 370 200 172 384 112 170 107 309
internal_count=1272 1219 181 110 1038 284 754 370 200 172 384 112 170 107 309
is_linear=0
shrinkage=0.05


Tree=387
num_leaves=14
num_cat=0
split_feature=1 7 9 10 9 10 8 5 9 5 10 10 5
split_gain=0.11832 0.319113 0.211077 0.263987 0.198952 0.197383 0.249982 0.385904 0.206508 0.159157 0.174871 0.29767 0.189068
threshold=647728.45187070419 3.5000000000000004 1946.5000000000002 284.00000000000006 1972.5000000000002 1159.7500000000002 2.2500000000000004 3717.5000000000005 1934.5000000000002 1417.0000000000002 825.62500000000011 717.52380952380963 4374.0000000000009
decision_type=2 2 2 2 2 2 2 2 2 2 2 2 2
left_child=1 -1 5 -4 -3 6 -2 -8 -7 -5 11 -11 -12
right_child=2 4 3 9 -6 8 7 -9 -10 10 12 -13 -14
leaf_value=0.0012671850035088016 -0.004557637745892862 -0.001126891724379675 0.0037059963755910435 -0.0026426055787914966 -0.005437827260111985 0.0024993058231230531 0.001843669271846693 -0.0043243811377102421 -0.0018801085928336105 0.00055422702307910906 0.0011149256682944715 0.0045202120378177377 -0.00097127267035969692
leaf_weight=77 64 64 62 43 46 63 64 42 47 190 186 63 261
leaf_count=77 64 64 62 43 46 63 64 42 47 190 186 63 261
internal_value=-3.99563e-05 -0.00120154 0.000160243 0.000571541 -0.00292965 -0.00102224 -0.00209011 -0.000600275 0.000628101 0.000309984 0.000491358 0.0015418 -0.00010319
internal_weight=1272 187 1085 805 110 280 170 106 110 743 700 253 447
internal_count=1272 187 1085 805 110 280 170 106 110 743 700 253 447
is_linear=0
shrinkage=0.05


Tree=388
num_leaves=10
num_cat=0
split_feature=11 11 6 1 11 5 2 6 5
split_gain=0.215992 0.312304 0.141479 0.140963 0.398733 0.269494 0.224486 0.191082 0.182528
threshold=554372462.54267871 712334039.98765612 3747.0000000000005 696594.67995976855 1188660476.8867829 5594.0000000000009 706590.53824524849 13361.000000000002 5909.5000000000009
decision_type=2 2 2 2 2 2 2 2 2
left_child=-1 -2 -3 4 -4 6 -5 -6 -7
right_child=1 2 3 5 7 8 -8 -9 -10
leaf_value=0.0032171105742644598 -0.004256386156452613 0.0028733611873510046 -0.0040412180961515659 0.0038818713967446929 -0.00077056093478531458 -0.0045146892400935472 0.00048541758546028136 0.0017470168694392733 -0.00036570699792355302
leaf_weight=49 45 41 78 54 297 41 491 101 75
leaf_count=49 45 41 78 54 297 41 491 101 75
internal_value=-3.79585e-05 -0.000168374 -1.22108e-05 -0.000116264 -0.000772317 0.000356174 0.000821947 -0.000131678 -0.00183216
internal_weight=1272 1223 1178 1137 476 661 545 398 116
internal_count=1272 1223 1178 1137 476 661 545 398 116
is_linear=0
shrinkage=0.05


Tree=389
num_leaves=11
num_cat=0
split_feature=11 11 1 11 10 11 10 8 8 8
split_gain=0.194933 0.281855 0.133655 0.359859 0.264586 0.233616 0.170118 0.16788 0.192305 0.151787
threshold=554372462.54267871 712334039.98765612 717980.47789738665 1252915690.8467162 573.40000000000009 1166107343.3407009 677.53333333333342 4.7500000000000009 2.2500000000000004 1.2500000000000002
decision_type=2 2 2 2 2 2 2 2 2 2
left_child=-1 -2 4 -4 5 -3 -6 8 -5 -8
right_child=1 2 3 7 6 -7 9 -9 -10 -11
leaf_value=0.0030562551582840329 -0.0040435669302112528 -0.0047704896580458428 0.0048921343026449909 -0.00086915593334872809 0.0025883129944926815 -0.00055144274292487491 0.0019959790113030888 -0.0029302583821117882 0.0012229521600213851 -0.00069388635925413859
leaf_weight=49 45 61 44 175 57 71 61 40 295 374
leaf_count=49 45 61 44 175 57 71 61 40 295 374
internal_value=-3.60606e-05 -0.000159956 -1.16002e-05 0.000553632 -0.000513425 -0.00250115 1.9868e-05 0.00017933 0.000443976 -0.000316687
internal_weight=1272 1223 1178 554 624 132 492 510 470 435
internal_count=1272 1223 1178 554 624 132 492 510 470 435
is_linear=0
shrinkage=0.05


Tree=390
num_leaves=17
num_cat=1
split_feature=11 6 6 11 9 8 9 9 4 10 1 10 10 9 10 6
split_gain=0.159788 0.187714 0.469311 0.279733 0.223183 0.192507 0.31408 0.244717 0.135945 0.323987 0.192316 0.346844 0.552871 0.240241 0.169519 0.226183
threshold=1916696999.7866015 6545.0000000000009 7296.5000000000009 2208440005.6152601 1958.5000000000002 3.2500000000000004 1995.5000000000002 1933.5000000000002 0 880.66666666666686 673270.56667703239 284.00000000000006 578.40000000000009 1967.5000000000002 346.05000000000007 7250.0000000000009
decision_type=2 2 2 2 2 2 2 2 1 2 2 2 2 2 2 2
left_child=8 4 -3 -4 -2 7 -7 -5 10 14 13 -12 -13 -1 -10 -16
right_child=1 2 3 5 -6 6 -8 -9 9 -11 11 12 -14 -15 15 -17
leaf_value=0.0044746079026384555 0.0053560392254786123 -0.0047830805377384955 0.0035958222080288193 -0.0020675972741062069 0.00083519776160709378 0.00025446102049733911 -0.003862620258171644 0.0016484668471410395 -0.0030081078587302374 -0.0056150514527689675 0.0031240135419932083 -0.005558008496319094 0.00099353569207031884 -0.00050443226471543314 0.0031552532707598614 -0.0017244359682081268
leaf_weight=47 42 43 70 53 78 175 63 270 46 40 41 62 67 50 47 48
leaf_count=47 42 43 70 53 78 175 63 270 46 40 41 62 67 50 47 48
internal_value=0.000169494 0.000595495 0.000271104 0.000615525 0.00241749 0.000243652 -0.000835355 0.00103871 -0.000585516 -0.00164338 0.00013161 -0.00088203 -0.00215527 0.00190809 -0.000516659 0.000689726
internal_weight=1242 794 674 631 120 561 238 323 448 181 267 170 129 97 141 95
internal_count=1242 794 674 631 120 561 238 323 448 181 267 170 129 97 141 95
cat_boundaries=0 1
cat_threshold=2
is_linear=0
shrinkage=0.05


Tree=391
num_leaves=14
num_cat=0
split_feature=5 0 2 10 7 9 9 5 11 10 7 9 5
split_gain=0.159277 0.195169 0.235943 0.227001 0.210297 0.178845 0.152625 0.135351 0.244278 0.104821 0.296971 0.212646 0.229144
threshold=2606.0000000000005 572600.24644636794 653356.44379716844 583.41666666666686 4.5000000000000009 2015.5000000000002 2009.5000000000002 2037.5000000000002 967347857.04005706 677.53333333333342 6.5000000000000009 2000.5000000000002 3463.5000000000005
decision_type=2 2 2 2 2 2 2 2 2 2 2 2 2
left_child=1 2 3 -1 -4 6 9 8 -3 10 -2 12 -11
right_child=5 7 4 -5 -6 -7 -8 -9 -10 11 -12 -13 -14
leaf_value=0.0020634447772716804 0.0044360345646995928 -0.0014754131686214994 -0.0012681663515124943 -0.0027677918085828425 -0.0053868811403993862 0.0032005301088694547 -0.0024164458013516158 -0.0015191570552997294 0.0033595514276789293 -0.0018049931009462693 -0.00060221864447250213 -0.0023750021029948533 0.0010137936485790356
leaf_weight=62 58 41 71 40 55 59 47 50 72 85 59 68 475
leaf_count=62 58 41 71 40 55 59 47 50 72 85 59 68 475
internal_value=0.00016102 -0.000674318 -0.00161884 0.000168842 -0.00306602 0.000544824 0.000346987 0.000646858 0.00160527 0.000521324 0.00189538 0.00026533 0.000585942
internal_weight=1242 391 228 102 126 851 792 163 113 745 117 628 560
internal_count=1242 391 228 102 126 851 792 163 113 745 117 628 560
is_linear=0
shrinkage=0.05


Tree=392
num_leaves=16
num_cat=1
split_feature=5 0 0 11 9 9 10 10 5 4 10 0 10 5 10
split_gain=0.143748 0.17614 0.230265 0.179121 0.161408 0.137744 0.131431 0.125497 0.167049 0.104102 0.219034 0.4858 0.385259 0.210759 0.27616
threshold=2606.0000000000005 572600.24644636794 556708.52547526488 1052239439.868956 2015.5000000000002 2009.5000000000002 410.01666666666671 428.46666666666675 1596.0000000000002 0 1166.7500000000002 1745126.0284832132 1817.0000000000002 3463.5000000000005 916.80000000000007
decision_type=2 2 2 2 2 2 2 2 2 1 2 2 2 2 2
left_child=1 2 3 6 5 9 -1 8 -3 10 11 -2 -12 -11 -15
right_child=4 7 -4 -5 -6 -7 -8 -9 -10 13 12 -13 -14 14 -16
leaf_value=0.0022093713185900163 1.7663145277912569e-06 -0.00021729677547375825 -0.0038768091138788605 -0.0028203043498028564 0.0030405035913306272 -0.0022956235581969328 -0.0014394192014772604 -0.00081608478581132011 0.0042434263321366617 -0.0015132814679028733 -0.003363023541854037 0.0058100478130985395 0.00087561604074425006 -0.00069338486621707259 0.0030498959876810961
leaf_weight=62 198 43 72 53 59 47 41 79 41 56 102 44 113 71 161
leaf_count=62 198 43 72 53 59 47 41 79 41 56 102 44 113 71 161
internal_value=0.000152969 -0.000640602 -0.0015379 -0.000458406 0.000517582 0.000329638 0.00075694 0.000614515 0.00195996 0.000495258 2.6057e-05 0.00105782 -0.00113527 0.00123979 0.00190432
internal_weight=1242 391 228 156 851 792 103 163 84 745 457 242 215 288 232
internal_count=1242 391 228 156 851 792 103 163 84 745 457 242 215 288 232
cat_boundaries=0 1
cat_threshold=2
is_linear=0
shrinkage=0.05


Tree=393
num_leaves=18
num_cat=0
split_feature=5 0 8 11 9 9 7 9 9 9 8 5 9 10 10 5 10
split_gain=0.129732 0.162673 0.260945 0.237343 0.255125 0.399301 0.168488 0.151967 0.14567 0.124314 0.126776 0.205769 0.286461 0.185471 0.229761 0.161676 0.108504
threshold=2606.0000000000005 598799.44123857131 4.2500000000000009 554372462.54267871 1948.5000000000002 1977.5000000000002 5.5000000000000009 1974.5000000000002 2015.5000000000002 2009.5000000000002 3.2500000000000004 4743.0000000000009 1974.5000000000002 738.42857142857144 851.36666666666679 5850.5000000000009 612.41666666666686
decision_type=2 2 2 2 2 2 2 2 2 2 2 2 2 2 2 2 2
left_child=1 2 3 -1 -5 -6 7 -3 9 10 13 12 -12 16 -15 -13 -2
right_child=8 6 -4 4 5 -7 -8 -9 -10 -11 11 15 -14 14 -16 -17 -18
leaf_value=0.0011558200741663229 0.0010752893146127463 -0.002711008707992733 0.001674019197296155 -0.0064889825895079415 0.0014927656097593262 -0.0042898149620870961 0.0032753312071967544 0.0015952127420210413 0.0028884783718671841 -0.0021808424191747575 -0.00089628473657217848 -0.0033177982433699074 0.0031261216917385657 -0.0026108530660470326 0.0010218885965740956 0.00041289333912960076 0.0045538467053762256
leaf_weight=43 40 40 57 40 51 72 46 42 59 47 108 76 75 51 297 47 51
leaf_count=43 40 40 57 40 51 72 46 42 59 47 108 76 75 51 297 47 51
internal_value=0.00014532 -0.000608572 -0.00132006 -0.00214852 -0.00302021 -0.00189216 0.000853311 -0.000505383 0.000491703 0.000313156 0.000470495 -0.00031074 0.000752242 0.00101505 0.000489504 -0.00189225 0.00302481
internal_weight=1242 391 263 206 163 123 128 82 851 792 745 306 183 439 348 123 91
internal_count=1242 391 263 206 163 123 128 82 851 792 745 306 183 439 348 123 91
is_linear=0
shrinkage=0.05


Tree=394
num_leaves=13
num_cat=0
split_feature=11 5 10 11 8 6 2 6 6 5 5 6
split_gain=0.117212 0.227713 0.216522 0.184714 0.161076 0.219495 0.131778 0.130299 0.299736 0.182975 0.323788 0.130728
threshold=799731815.64095652 1619.0000000000002 393.97619047619054 1412435949.4265859 4.2500000000000009 9150.5000000000018 675981.14024048846 6487.0000000000009 7498.5000000000009 4224.0000000000009 3163.0000000000005 8069.0000000000009
decision_type=2 2 2 2 2 2 2 2 2 2 2 2
left_child=2 -2 6 4 5 -3 -1 9 -9 10 -5 -10
right_child=1 3 -4 7 -6 -7 -8 8 11 -11 -12 -13
leaf_value=0.0021877344162203375 0.003595791812986136 -0.0044221948139414559 -0.0043502095388248561 0.0036263536513698375 0.0012272030647311892 -8.3106758750297807e-05 -0.0018460495533739647 -0.0029848819875252855 0.0030456773678610182 0.0042418264127336448 -0.0022546714935451745 0.00028790747819863353
leaf_weight=40 50 62 40 44 42 55 41 69 46 50 50 653
leaf_count=40 50 62 40 44 42 55 41 69 46 50 50 653
internal_value=0.000138054 0.000297636 -0.00134039 0.000143661 -0.00142896 -0.00238245 0.000145943 0.000417835 0.000159047 0.00179804 0.000498149 0.000469392
internal_weight=1242 1121 121 1071 159 117 81 912 768 144 94 699
internal_count=1242 1121 121 1071 159 117 81 912 768 144 94 699
is_linear=0
shrinkage=0.05


Tree=395
num_leaves=8
num_cat=0
split_feature=5 5 5 5 11 6 5
split_gain=0.444778 0.193863 0.13948 0.19767 0.144993 0.202679 0.0986308
threshold=971.00000000000011 1230.5000000000002 1417.0000000000002 1645.5000000000002 1188660476.8867829 9150.5000000000018 5470.0000000000009
decision_type=2 2 2 2 2 2 2
left_child=-1 -2 -3 -4 5 -5 -6
right_child=1 2 3 4 6 -7 -8
leaf_value=-0.0046139721151817834 0.0034914273808294158 -0.0026483208236352702 0.003686342882740844 -0.0037702057779265136 9.9539868132591933e-05 0.00093114467383157914 0.0012881673628645433
leaf_weight=47 47 41 42 52 778 41 225
leaf_count=47 47 41 42 52 778 41 225
internal_value=0.000159381 0.000342372 0.000216837 0.000320064 0.000191064 -0.00169757 0.000366181
internal_weight=1273 1226 1179 1138 1096 93 1003
internal_count=1273 1226 1179 1138 1096 93 1003
is_linear=0
shrinkage=0.05


Tree=396
num_leaves=8
num_cat=0
split_feature=5 5 5 5 5 9 9
split_gain=0.401412 0.174961 0.125881 0.178397 0.133833 0.227549 0.193511
threshold=971.00000000000011 1230.5000000000002 1417.0000000000002 1645.5000000000002 4090.5000000000005 2010.5000000000002 2011.5000000000002
decision_type=2 2 2 2 2 2 2
left_child=-1 -2 -3 -4 5 -5 -6
right_child=1 2 3 4 6 -7 -8
leaf_value=-0.0043832734445149596 0.0033168559329227565 -0.0025159048597987108 0.003502025726595007 1.3524333875210695e-05 0.0004250200442335455 -0.0030753463406975189 0.0035787698053927337
leaf_weight=47 47 41 42 484 490 68 54
leaf_count=47 47 41 42 484 490 68 54
internal_value=0.000151412 0.000325254 0.000205995 0.00030406 0.000181511 -0.000366989 0.000738076
internal_weight=1273 1226 1179 1138 1096 552 544
internal_count=1273 1226 1179 1138 1096 552 544
is_linear=0
shrinkage=0.05


Tree=397
num_leaves=17
num_cat=0
split_feature=10 8 2 8 10 8 2 2 2 0 1 9 9 9 1 0
split_gain=0.121955 0.409725 0.354458 0.335126 0.461374 0.353056 0.261435 0.266501 0.225995 0.264451 0.211934 0.202658 0.162209 0.446061 0.107372 0.0748505
threshold=616.19642857142867 3.2500000000000004 1250500.3859040069 3.2500000000000004 445.71428571428578 2.2500000000000004 1340804.1441143008 647728.45187070419 625043.21099097666 548453.68116028118 701797.52207137598 2004.5000000000002 1946.5000000000002 1962.5000000000002 686100.41438497638 689849.01867601613
decision_type=2 2 2 2 2 2 2 2 2 2 2 2 2 2 2 2
left_child=3 6 8 5 10 14 7 -2 -3 -10 -5 -11 15 -14 -1 -9
right_child=1 2 -4 4 -6 -7 -8 12 9 11 -12 -13 13 -15 -16 -17
leaf_value=-0.0026981868383008992 -0.0026804007734589947 0.0038155242968969105 0.0058619313529166195 -0.0023543858925612377 -0.0054624367032700509 0.0033888973357580326 -0.0033865764006399193 -0.00012126458782909646 -0.0029853988428496653 0.00040468277427862636 0.0020357270155929859 0.0041703945248509231 0.0049585614446550613 0.00013247229827406819 0.00040494042914360765 -0.0028868412866722795
leaf_weight=50 78 64 46 56 67 79 65 63 45 160 54 46 60 237 63 40
leaf_count=50 78 64 46 56 67 79 65 63 45 160 54 46 60 237 63 40
internal_value=0.000143841 0.000456509 0.00176201 -0.000622154 -0.00219152 0.000824608 -0.000411423 -6.85138e-06 0.0011633 0.00048703 -0.00019924 0.00124557 0.000514491 0.00110744 -0.000968125 -0.00119527
internal_weight=1273 904 361 369 177 192 543 478 315 251 110 206 400 297 113 103
internal_count=1273 904 361 369 177 192 543 478 315 251 110 206 400 297 113 103
is_linear=0
shrinkage=0.05


Tree=398
num_leaves=10
num_cat=0
split_feature=5 11 5 7 6 0 6 7 0
split_gain=0.357112 0.174109 0.129428 0.0937985 0.231881 0.4545 0.127361 0.354042 0.220928
threshold=971.00000000000011 719813326.64049304 1417.0000000000002 1.5000000000000002 11724.500000000002 572600.24644636794 8438.5000000000018 5.5000000000000009 598799.44123857131
decision_type=2 2 2 2 2 2 2 2 2
left_child=-1 -2 -3 4 5 -4 7 -5 -8
right_child=1 2 3 6 -6 -7 8 -9 -10
leaf_value=-0.0041404985208460627 0.0032209023700228764 -0.0025466057993028136 -0.0027367883457336574 0.00082472758046176018 -0.0035064711822929829 0.0041116058018970045 8.4362876259547198e-05 -0.0024946516499015667 0.001988660961267835
leaf_weight=47 49 42 50 239 54 47 360 121 264
leaf_count=47 49 42 50 239 54 47 360 121 264
internal_value=0.000136649 0.000300618 0.000179043 0.000279904 -0.00088042 0.000581506 0.000457962 -0.000290953 0.000890027
internal_weight=1273 1226 1177 1135 151 97 984 360 624
internal_count=1273 1226 1177 1135 151 97 984 360 624
is_linear=0
shrinkage=0.05


Tree=399
num_leaves=10
num_cat=0
split_feature=5 11 5 5 5 5 5 6 9
split_gain=0.322293 0.157133 0.116809 0.0880402 0.246752 0.124825 0.25522 0.169219 0.109917
threshold=971.00000000000011 719813326.64049304 1417.0000000000002 5470.0000000000009 5666.5000000000009 2037.5000000000002 2278.0000000000005 7596.5000000000009 1952.5000000000002
decision_type=2 2 2 2 2 2 2 2 2
left_child=-1 -2 -3 5 -5 7 -7 -4 -6
right_child=1 2 3 4 8 6 -8 -9 -10
leaf_value=-0.0039334736249231278 0.0030598572740445332 -0.0024192755132736196 -0.0002336625892206251 0.0044631239841692151 -0.0013601777986401605 -0.0040421081661451159 1.2353737420798409e-05 0.0032349073319390084 0.001230273670795509
leaf_weight=47 49 42 74 45 63 41 728 67 117
leaf_count=47 49 42 74 45 63 41 728 67 117
internal_value=0.000129817 0.000285587 0.000170091 0.000265909 0.00115152 4.69394e-05 -0.000203814 0.00141452 0.000323616
internal_weight=1273 1226 1177 1135 225 910 769 141 180
internal_count=1273 1226 1177 1135 225 910 769 141 180
is_linear=0
shrinkage=0.05


Tree=400
num_leaves=16
num_cat=0
split_feature=6 6 9 2 11 6 10 10 11 11 9 1 9 0 11
split_gain=0.276126 0.237714 0.150397 0.291226 0.487235 0.345781 0.254363 0.204571 0.615102 0.449727 0.302512 0.274697 0.400713 0.413151 0.169594
threshold=4774.0000000000009 3861.5000000000005 1952.5000000000002 1187518.3577207474 3540104252.7571449 10109.500000000002 1037.7500000000002 738.42857142857144 1699728414.6997728 2150154103.6448779 1997.5000000000002 647728.45187070419 2009.5000000000002 564023.5249507291 1198434008.7563341
decision_type=2 2 2 2 2 2 2 2 2 2 2 2 2 2 2
left_child=1 -1 3 4 5 14 -7 11 -9 -10 -11 -4 13 -13 -2
right_child=2 -3 7 -5 -6 6 -8 8 9 10 -12 12 -14 -15 -16
leaf_value=0.00038285779729975683 -0.005410804023267702 0.0046127745652792315 -0.0043857128556144586 0.001951899114646949 -0.0067444785597867195 0.0032072505625408325 -0.0017809695255574444 0.0058683550954339338 -0.0042009543158415263 0.0018138283493629257 -0.001133618108675241 0.004116479611883943 -0.0041115848027973197 -0.00078487940999774598 -0.0013502293595795184
leaf_weight=76 40 59 46 64 42 63 43 54 51 252 133 65 51 127 72
leaf_count=76 40 59 46 64 42 63 43 54 51 252 133 65 51 127 72
internal_value=9.70474e-05 0.00223149 -0.000164194 -0.00106951 -0.00181324 -0.000863182 0.00118373 0.000212341 0.000834604 0.000211158 0.00079562 -0.000842706 -0.000172014 0.000874435 -0.00280043
internal_weight=1238 135 1103 324 260 218 106 779 490 436 385 289 243 192 112
internal_count=1238 135 1103 324 260 218 106 779 490 436 385 289 243 192 112
is_linear=0
shrinkage=0.05


Tree=401
num_leaves=18
num_cat=0
split_feature=6 6 9 2 11 6 5 5 6 6 6 6 5 5 1 2 8
split_gain=0.249204 0.214537 0.135734 0.262831 0.43973 0.312068 0.23817 0.21835 0.187037 0.488336 0.360859 0.283791 0.356023 0.346325 0.160014 0.1945 0.0841895
threshold=4774.0000000000009 3861.5000000000005 1952.5000000000002 1187518.3577207474 3540104252.7571449 10109.500000000002 3913.5000000000005 3211.0000000000005 10428.500000000002 9226.0000000000018 11322.500000000002 12507.000000000002 3975.0000000000005 3897.5000000000005 1162692.8781822992 806015.1151934301 3.2500000000000004
decision_type=2 2 2 2 2 2 2 2 2 2 2 2 2 2 2 2 2
left_child=1 -1 3 4 5 7 -7 -2 9 14 -10 12 -12 -13 15 -4 -11
right_child=2 -3 8 -5 -6 6 -8 -9 10 16 11 13 -14 -15 -16 -17 -18
leaf_value=0.00036371491396015415 -0.0046074104295777425 0.0043821358974328482 -0.0001459059760037979 0.0018543042235251051 -0.0064072548300914828 0.0037799883506290538 -0.00099081539122735057 -0.00015713042806482361 -0.0038882196031729968 0.0057083665418062122 0.0055774997616105763 -0.0033836700068506221 -0.00075085338822371045 0.00067145970485095561 -0.0028770372771271847 0.0033975359575050151 0.0025874675624072553
leaf_weight=76 63 59 220 64 42 47 59 49 68 47 46 83 43 144 41 47 40
leaf_count=76 63 59 220 64 42 47 59 49 68 47 46 83 43 144 41 47 40
internal_value=9.2195e-05 0.00211991 -0.000155985 -0.00101603 -0.00172258 -0.000820022 0.00112454 -0.00266041 0.000201724 0.000965616 -0.00058405 0.000126974 0.00251998 -0.000811253 3.12544e-05 0.000477846 0.00427347
internal_weight=1238 135 1103 324 260 218 106 112 779 395 384 316 89 227 308 267 87
internal_count=1238 135 1103 324 260 218 106 112 779 395 384 316 89 227 308 267 87
is_linear=0
shrinkage=0.05


Tree=402
num_leaves=18
num_cat=1
split_feature=6 10 7 1 1 6 5 2 3 6 6 6 1 1 6 7 6
split_gain=0.224906 0.231417 0.170027 0.233004 0.176955 0.342373 0.187306 0.286595 0.150867 0.300203 0.375777 0.18892 0.201475 0.184025 0.138714 0.0712262 0.00867867
threshold=4774.0000000000009 467.16666666666669 2.5000000000000004 647728.45187070419 704990.47259519773 9009.0000000000018 3506.0000000000005 866108.93924456649 0 9322.5000000000018 12214.500000000002 8961.5000000000018 677772.907508748 818708.30222684063 3951.0000000000005 4.5000000000000009 7371.5000000000009
decision_type=2 2 2 2 2 2 2 2 1 2 2 2 2 2 2 2 2
left_child=1 -1 4 15 5 -2 -6 -8 11 16 -11 13 -13 -5 -3 -4 -10
right_child=2 14 3 8 6 -7 7 -9 9 10 -12 12 -14 -15 -16 -17 -18
leaf_value=0.0047130566639825705 -0.00058575129000625265 -0.00157003982404117 -0.00096614434576888634 0.0026626909722014514 -0.0025741192029922139 0.0044967880585809819 -0.0018033650608695285 0.0034112434325690721 -0.0032161731162341314 0.0029237888175033273 -0.0024748943421538131 -0.0028030828603178913 0.00025699908819362585 -0.00098351317550016896 0.0024699479297158266 -0.0035769276081636134 -0.0042577268125023699
leaf_weight=50 60 43 41 124 56 74 49 57 40 63 66 69 244 48 42 72 40
leaf_count=50 60 43 41 124 56 74 49 57 40 63 66 69 244 48 42 72 40
internal_value=8.75853e-05 0.00201392 -0.000148185 -0.000524152 0.000876833 0.00222102 -0.000235029 0.00100072 -0.000181326 -0.00126986 0.000161672 0.000307596 -0.000417588 0.00164515 0.000426189 -0.00262965 -0.00373695
internal_weight=1238 135 1103 807 296 134 162 106 694 209 129 485 313 172 85 113 80
internal_count=1238 135 1103 807 296 134 162 106 694 209 129 485 313 172 85 113 80
cat_boundaries=0 1
cat_threshold=5
is_linear=0
shrinkage=0.05


Tree=403
num_leaves=18
num_cat=0
split_feature=7 9 11 8 9 11 1 8 11 11 11 10 11 2 7 1 11
split_gain=0.146274 0.280001 0.447644 0.325129 0.387693 0.32444 0.208209 0.272983 0.290478 0.340734 0.237746 0.127284 0.361178 0.297301 0.184149 0.119762 0.11477
threshold=2.5000000000000004 1992.5000000000002 2609883085.7750516 3.2500000000000004 1966.5000000000002 2692291584.6018414 617762.19423717959 3.7500000000000004 6442868026.3830194 4422810722.83319 772098445.15512359 677.53333333333342 2777521067.6168132 679627.29004813975 4.5000000000000009 701797.52207137598 1347269420.9811726
decision_type=2 2 2 2 2 2 2 2 2 2 2 2 2 2 2 2 2
left_child=1 3 -3 4 15 -5 -2 8 9 10 -8 13 -13 -9 -14 -1 -15
right_child=6 2 -4 5 -6 -7 7 11 -10 -11 -12 12 14 16 -16 -17 -18
leaf_value=0.0022476008707066862 -0.0031228031753957018 0.0062148718815296898 -0.00050945225795860302 -0.0002419228533593317 -0.005558610281773976 0.0054107256498272449 0.0037660410487145748 0.0030604557134211066 -0.0023110310556492897 0.0052480173921635887 0.00019075678192118385 -0.005733115840863035 0.0016430943590724685 0.00019736015237867833 -0.0029504242596158294 -0.0013366838830902621 -0.0031871226784278409
leaf_weight=41 59 55 45 60 42 44 53 46 74 44 379 51 48 43 40 54 60
leaf_count=41 59 55 45 60 42 44 53 46 74 44 379 51 48 43 40 54 60
internal_value=8.3206e-05 0.000964687 0.00318893 4.17661e-05 -0.00155833 0.00214958 -0.000251894 -4.97659e-05 0.000603261 0.00105632 0.000629391 -0.00129687 -0.00238516 -0.00028161 -0.000444869 0.000210218 -0.00177418
internal_weight=1238 341 100 241 137 104 897 838 550 476 432 288 139 149 88 95 103
internal_count=1238 341 100 241 137 104 897 838 550 476 432 288 139 149 88 95 103
is_linear=0
shrinkage=0.05


Tree=404
num_leaves=17
num_cat=0
split_feature=6 10 10 9 2 2 9 10 8 6 6 6 1 9 0 1
split_gain=0.200364 0.201081 0.131558 0.126792 0.237262 0.306168 0.384131 0.183948 0.28426 0.3506 0.42426 0.326263 0.225407 0.360029 0.364844 0.179539
threshold=4774.0000000000009 467.16666666666669 830.90000000000009 1952.5000000000002 1187518.3577207474 806015.1151934301 1941.5000000000002 738.42857142857144 4.7500000000000009 10386.000000000002 8822.0000000000018 11530.500000000002 647728.45187070419 2009.5000000000002 564023.5249507291 706590.53824524849
decision_type=2 2 2 2 2 2 2 2 2 2 2 2 2 2 2 2
left_child=1 -1 -3 4 5 6 15 12 9 10 -9 -11 -5 14 -14 -2
right_child=3 2 -4 7 -6 -7 -8 8 -10 11 -12 -13 13 -15 -16 -17
leaf_value=0.0044132517548277975 -0.00061479736789995111 -0.0016205272330652651 0.0023160562818785283 -0.0040076572012723143 0.0017524212264106609 -0.0055004415513817658 -0.0040642169812186201 0.0013452256753020855 -0.0024943788339191215 -0.0041840593074448408 0.006517645847052337 0.00077318871952742577 0.0038478518936496519 -0.0039249044897801738 -0.00075805951693593931 0.003154656037222594
leaf_weight=50 106 41 44 46 64 43 66 142 58 40 55 195 65 51 127 45
leaf_count=50 106 41 44 46 64 43 66 142 58 40 55 195 65 51 127 45
internal_value=7.90457e-05 0.00189724 0.000417234 -0.000143489 -0.000974726 -0.00164602 -0.000882246 0.000202237 0.000792302 0.00123357 0.0027893 -7.05982e-05 -0.00079822 -0.000190672 0.000801233 0.00050855
internal_weight=1238 135 85 1103 324 260 217 779 490 432 197 235 289 243 192 151
internal_count=1238 135 85 1103 324 260 217 779 490 432 197 235 289 243 192 151
is_linear=0
shrinkage=0.05


Tree=405
num_leaves=18
num_cat=0
split_feature=9 9 1 1 2 10 10 11 1 11 9 1 10 10 6 10 2
split_gain=0.201984 0.28094 0.189381 0.149617 0.258302 0.363076 0.150481 0.0907442 0.25154 0.459798 0.199344 0.330586 0.2558 0.194574 0.137723 0.111838 0.113553
threshold=1966.5000000000002 1971.5000000000002 1318982.846616158 625043.21099097666 689208.6917161406 682.79166666666686 1446.1666666666667 3378026867.4241185 1187518.3577207474 7696745264.9080744 1924.5000000000002 675981.14024048846 606.29761904761915 1320.5000000000002 10336.000000000002 1222.2666666666669 707133.77038150944
decision_type=2 2 2 2 2 2 2 2 2 2 2 2 2 2 2 2 2
left_child=7 -2 3 -3 5 -5 -6 10 14 -10 -1 12 -12 -14 -9 16 -13
right_child=1 2 -4 4 6 -7 -8 8 9 -11 11 15 13 -15 -16 -17 -18
leaf_value=0.0040446258592987212 -0.0043331830342400023 -0.0035265458850190045 0.0020846221100233884 0.0034341497534232865 -0.0022323429561726263 -0.00090457518879617945 0.00016968669142742939 -0.00054749281986094108 -0.0025543120534469686 0.0046815700039429513 -0.0044182132924712883 0.0026265071345759291 0.0016826850691666973 -0.002715943281243487 -0.0046212483142014779 0.0040061001899541621 -1.5853386679568243e-05
leaf_weight=41 56 50 58 77 230 129 91 41 42 46 48 70 65 41 42 41 97
leaf_count=41 56 50 58 77 230 129 91 41 42 46 48 70 65 41 42 41 97
internal_value=-0.000362419 -0.000938257 -0.000638862 -0.000912626 -0.000664626 0.000717181 -0.00155139 0.000330794 -0.000634319 0.00122808 0.000740308 0.000366062 -0.00138996 -1.86712e-05 -0.00260891 0.00166619 0.00109172
internal_weight=1265 691 635 577 527 206 321 574 171 88 403 362 154 106 83 208 167
internal_count=1265 691 635 577 527 206 321 574 171 88 403 362 154 106 83 208 167
is_linear=0
shrinkage=0.05


Tree=406
num_leaves=19
num_cat=1
split_feature=9 9 1 8 1 8 4 7 11 1 11 9 1 10 10 11 11 11
split_gain=0.182291 0.253548 0.170916 0.153233 0.153729 0.136028 0.13478 0.125489 0.0818966 0.227015 0.414968 0.179908 0.298354 0.23086 0.175603 0.101421 0.0827971 0.0755947
threshold=1966.5000000000002 1971.5000000000002 1318982.846616158 1.7500000000000002 689208.6917161406 4.7500000000000009 0 4.5000000000000009 3378026867.4241185 1187518.3577207474 7696745264.9080744 1924.5000000000002 675981.14024048846 606.29761904761915 1320.5000000000002 994515333.43391526 3916399518.4583688 1547935730.5430524
decision_type=2 2 2 2 2 2 1 2 2 2 2 2 2 2 2 2 2 2
left_child=8 -2 3 7 6 -6 -5 -3 11 16 -11 -1 13 -13 -15 -14 -10 -17
right_child=1 2 -4 4 5 -7 -8 -9 9 10 -12 12 15 14 -16 17 -18 -19
leaf_value=0.0038423946558884003 -0.0041165238429260046 -0.00092147027624878977 0.0019803910422869476 -0.001485341904929491 -0.0016146990979153735 -0.0047596852958809999 0.001220493947783875 0.0020940542276324434 -0.00084111073054373266 -0.0024265964825948079 0.0044474915338113255 -0.004197302617831156 -0.00064538951804179968 0.0015985506744338918 -0.0025801461167270093 0.0039364262446111376 -0.0040015866243562036 0.0015035006289009847
leaf_weight=41 56 69 58 99 213 41 86 69 40 42 46 48 41 65 41 43 43 124
leaf_count=41 56 69 58 99 213 41 86 69 40 42 46 48 41 65 41 43 43 124
internal_value=-0.000344298 -0.000891344 -0.000606919 -0.000866995 -0.00132384 -0.00212235 -0.000227494 0.000586292 0.000314254 -0.000602603 0.00116668 0.000703293 0.000347759 -0.00132046 -1.77377e-05 0.00158288 -0.00247847 0.00212994
internal_weight=1265 691 635 577 439 254 185 138 574 171 88 403 362 154 106 208 83 167
internal_count=1265 691 635 577 439 254 185 138 574 171 88 403 362 154 106 208 83 167
cat_boundaries=0 1
cat_threshold=2
is_linear=0
shrinkage=0.05


Tree=407
num_leaves=10
num_cat=0
split_feature=6 11 11 9 9 11 1 5 6
split_gain=0.186887 0.245218 0.27374 0.141932 0.257664 0.199637 0.190176 0.178565 0.117349
threshold=15697.000000000002 9229912572.8248005 7696745264.9080744 1966.5000000000002 1972.5000000000002 3378026867.4241185 625043.21099097666 1186.0000000000002 10070.500000000002
decision_type=2 2 2 2 2 2 2 2 2
left_child=1 2 3 5 -5 7 -6 -1 -7
right_child=-2 -3 -4 4 6 8 -8 -9 -10
leaf_value=-0.0023319320964880967 0.0021651397209161974 -0.0035633993312166852 0.0031992900747594972 -0.0040514432182047339 -0.0038322489123878093 -0.00036198903067872443 -0.0003633868716614373 0.0010514452184602052 -0.0038088315751316939
leaf_weight=44 71 61 53 62 43 58 487 343 43
leaf_count=44 71 61 53 62 43 58 487 343 43
internal_value=-0.000327083 -0.000475281 -0.000309018 -0.000481185 -0.0010016 0.000150134 -0.000644823 0.000666772 -0.00182946
internal_weight=1265 1194 1133 1080 592 488 530 387 101
internal_count=1265 1194 1133 1080 592 488 530 387 101
is_linear=0
shrinkage=0.05


Tree=408
num_leaves=16
num_cat=2
split_feature=9 9 1 9 9 2 3 5 5 5 5 5 9 0 4
split_gain=0.149412 0.210747 0.152415 0.13087 0.28444 0.192201 0.195605 0.11921 0.176946 0.216812 0.237043 0.193077 0.24778 0.186499 0.174257
threshold=1966.5000000000002 1971.5000000000002 1318982.846616158 1978.5000000000002 1974.5000000000002 1162692.8781822992 0 1186.0000000000002 2218.5000000000005 3487.5000000000005 2963.5000000000005 4950.0000000000009 1952.5000000000002 564023.5249507291 1
decision_type=2 2 2 2 2 2 1 2 2 2 2 2 2 2 1
left_child=7 -2 3 4 -3 6 -5 -1 13 10 -10 12 -11 -9 -13
right_child=1 2 -4 5 -6 -7 -8 8 9 11 -12 14 -14 -15 -16
leaf_value=-0.0022153355943208392 -0.003746377448883972 -0.0016947428690734659 0.0018965841405462988 0.00017870141823970561 0.0038436308590462432 -0.0044419670011848211 -0.0019071610961488427 0.00039739390843335475 9.4800389043110255e-05 0.0032457337612999387 -0.0044944027749200663 -0.0017248076628711001 -0.00099332294519990688 0.0046274357518996112 0.0019821490930474325
leaf_weight=44 56 49 58 239 44 40 205 57 68 111 48 102 50 48 46
leaf_count=44 56 49 58 239 44 40 205 57 68 111 48 102 50 48 46
internal_value=-0.000310729 -0.000805991 -0.000546681 -0.000792278 0.000925563 -0.00112236 -0.000823295 0.000285483 0.000493099 3.89973e-05 -0.00180418 0.000730935 0.00192926 0.00233113 -0.000572645
internal_weight=1265 691 635 577 93 484 444 574 530 425 116 309 161 105 148
internal_count=1265 691 635 577 93 484 444 574 530 425 116 309 161 105 148
cat_boundaries=0 1 2
cat_threshold=9 2
is_linear=0
shrinkage=0.05


Tree=409
num_leaves=15
num_cat=0
split_feature=9 9 1 8 1 11 0 5 5 5 5 8 0 5
split_gain=0.13517 0.190029 0.148211 0.194406 0.164642 0.19613 0.148766 0.107587 0.159694 0.195673 0.213931 0.191788 0.168315 0.120723
threshold=1966.5000000000002 1971.5000000000002 625043.21099097666 1.7500000000000002 1318982.846616158 2208440005.6152601 567990.61134559743 1186.0000000000002 2218.5000000000005 3487.5000000000005 2963.5000000000005 1.7500000000000002 564023.5249507291 4184.0000000000009
decision_type=2 2 2 2 2 2 2 2 2 2 2 2 2 2
left_child=7 -2 -3 6 5 -5 -4 -1 12 10 -10 -11 -9 -13
right_child=1 2 3 4 -6 -7 -8 8 9 11 -12 13 -14 -15
leaf_value=-0.0021045688031749291 -0.0035590585803480022 -0.0031335651448753197 0.0030618270425210627 7.6618718741655037e-05 0.0019683512024736656 -0.0021434214687051779 -0.0002469722296310855 0.00037752410576662475 9.00601940777372e-05 -0.0014678343816043496 -0.0042696825126768093 0.0035081079225319461 0.0043960639484187901 0.0007913931430312259
leaf_weight=44 56 50 66 183 48 218 70 57 68 77 48 53 48 179
leaf_count=44 56 50 66 183 48 218 70 57 68 77 48 53 48 179
internal_value=-0.000295876 -0.000766942 -0.000520708 -0.000297387 -0.000799029 -0.00113029 0.00135877 0.000271209 0.000468444 3.70475e-05 -0.00171397 0.000694388 0.00221457 0.00141202
internal_weight=1265 691 635 585 449 401 136 574 530 425 116 309 105 232
internal_count=1265 691 635 585 449 401 136 574 530 425 116 309 105 232
is_linear=0
shrinkage=0.05


Tree=410
num_leaves=15
num_cat=0
split_feature=10 8 2 2 11 8 10 10 0 1 1 10 5 10
split_gain=0.301078 0.13354 0.443043 0.335658 0.314211 0.467728 0.164352 0.221018 0.161527 0.14364 0.393725 0.3008 0.324865 0.195442
threshold=193.7571428571429 3.2500000000000004 1318982.846616158 1340804.1441143008 3472987958.518189 2.2500000000000004 1099.3000000000004 1484.7500000000002 623747.9242224826 689208.6917161406 708849.74897787033 520.41666666666686 3805.5000000000005 505.4285714285715
decision_type=2 2 2 2 2 2 2 2 2 2 2 2 2 2
left_child=-1 3 9 4 6 -6 8 -8 -2 11 -11 -3 -13 -12
right_child=1 2 -4 -5 5 -7 7 -9 -10 10 13 12 -14 -15
leaf_value=0.004038139886688441 -0.00076339908741126822 -0.0025083800079301003 0.0051172943310002278 -0.0040799396439979317 -0.00066646642323272935 0.0057818357400330053 -0.0045726102451665394 -0.00080832399862247107 0.0018872134956376006 -0.0045848618894921275 0.0033244115818524735 0.0049013709913844523 0.00030983326571725042 -0.00060910035842486358
leaf_weight=44 246 50 46 64 66 49 58 119 75 55 40 59 111 150
leaf_count=44 246 50 46 64 66 49 58 119 75 55 40 59 111 150
internal_value=-2.33596e-05 -0.000173785 0.000436385 -0.000634343 -0.000274607 0.00208107 -0.000818589 -0.00204182 -0.000144097 -2.66723e-05 -0.000859412 0.000900697 0.00190337 0.000219007
internal_weight=1232 1188 511 677 613 115 498 177 321 465 245 220 170 190
internal_count=1232 1188 511 677 613 115 498 177 321 465 245 220 170 190
is_linear=0
shrinkage=0.05


Tree=411
num_leaves=12
num_cat=0
split_feature=10 6 8 1 11 6 6 10 9 11 11
split_gain=0.271723 0.125885 0.143046 0.222499 0.243434 0.391965 0.199561 0.249428 0.41285 0.251752 0.176801
threshold=193.7571428571429 3809.0000000000005 3.2500000000000004 1340804.1441143008 3472987958.518189 11628.000000000002 15232.500000000002 616.19642857142867 1993.5000000000002 1699728414.6997728 1846896323.5723817
decision_type=2 2 2 2 2 2 2 2 2 2 2
left_child=-1 -2 3 4 10 -6 7 8 -4 -9 -3
right_child=1 2 6 -5 5 -7 -8 9 -10 -11 -12
leaf_value=0.0038362328748917209 -0.0023967505344383733 0.00037748535199609785 0.00096154515217575774 -0.003517627401538847 0.0045133185392666249 -0.0013730635933685475 -0.0026089943426830524 0.0051055369133119598 -0.0051434665289707485 0.0010983973621821279 -0.0015795577701303175
leaf_weight=44 60 201 90 57 62 52 44 46 40 265 271
leaf_count=44 60 201 90 57 62 52 44 46 40 265 271
internal_value=-2.21916e-05 -0.000165096 -4.63912e-05 -0.000535403 -0.000245323 0.0018283 0.000601927 0.000922291 -0.00091692 0.00169109 -0.000746156
internal_weight=1232 1188 1128 643 586 114 485 441 130 311 472
internal_count=1232 1188 1128 643 586 114 485 441 130 311 472
is_linear=0
shrinkage=0.05


Tree=412
num_leaves=12
num_cat=1
split_feature=10 3 5 10 0 11 8 2 2 1 5
split_gain=0.24523 0.118839 0.19403 0.19495 0.29453 0.19333 0.168226 0.352854 0.300096 0.142979 0.134854
threshold=193.7571428571429 0 1732.5000000000002 469.14285714285717 572600.24644636794 893374518.47858465 2.7500000000000004 1318982.846616158 1250500.3859040069 688091.77602969261 3595.5000000000005
decision_type=2 1 2 2 2 2 2 2 2 2 2
left_child=-1 10 5 4 -4 9 8 -8 -5 -3 -2
right_child=1 2 3 6 -6 -7 7 -9 -10 -11 -12
leaf_value=0.0036444211702804426 0.0032818239363995474 0.00088922181748785079 -0.00065341193466355988 -0.0004493546023855522 0.0047469783192500481 -0.0046987306287400834 -0.00012882916799074489 0.0044111095009914912 -0.0041904742451151838 -0.0029442725616485575 -0.00030208878631058793
leaf_weight=44 53 56 51 330 50 46 395 48 64 43 52
leaf_count=44 53 56 51 330 50 46 395 48 64 43 52
internal_value=-2.1082e-05 -0.000156841 -0.000315238 -5.50178e-05 0.00202005 -0.00202034 -0.000305414 0.000363083 -0.00105705 -0.000775831 0.0013759
internal_weight=1232 1188 1083 938 101 145 837 443 394 99 105
internal_count=1232 1188 1083 938 101 145 837 443 394 99 105
cat_boundaries=0 1
cat_threshold=2
is_linear=0
shrinkage=0.05


Tree=413
num_leaves=12
num_cat=0
split_feature=10 6 6 11 6 11 11 8 7 10 9
split_gain=0.22132 0.11263 0.128635 0.387091 0.541822 0.366804 0.214267 0.204402 0.188252 0.185982 0.170859
threshold=193.7571428571429 3809.0000000000005 11724.500000000002 3809885249.7706304 9274.5000000000018 7461141753.983779 3309574192.4363227 3.2500000000000004 6.5000000000000009 1183.5000000000002 2003.5000000000002
decision_type=2 2 2 2 2 2 2 2 2 2 2
left_child=-1 -2 3 6 9 8 7 -3 10 -5 -4
right_child=1 2 5 4 -6 -7 -8 -9 -10 -11 -12
leaf_value=0.0034622002001428471 -0.0022598989548472067 -0.00073652904477337596 -0.0011716745175843659 -0.0017537301932664022 0.0070930113312491078 -0.0045883907646822519 -0.0033048369803045895 0.0012509508147452247 0.0030228864878597784 0.0026730698837461524 0.0017844702619543972
leaf_weight=44 60 312 246 46 47 54 51 221 41 49 61
leaf_count=44 60 312 246 46 47 54 51 221 41 49 61
internal_value=-2.00279e-05 -0.000148999 -3.67174e-05 0.000360602 0.00270197 -0.000754264 -0.000208705 8.7548e-05 -0.000159313 0.000529567 -0.000584297
internal_weight=1232 1188 1128 726 142 402 584 533 348 95 307
internal_count=1232 1188 1128 726 142 402 584 533 348 95 307
is_linear=0
shrinkage=0.05


Tree=414
num_leaves=12
num_cat=1
split_feature=10 3 5 11 10 0 8 2 2 5 11
split_gain=0.199742 0.104666 0.173212 0.175042 0.174 0.265961 0.146308 0.320251 0.270192 0.123336 0.0817539
threshold=193.7571428571429 0 1732.5000000000002 893374518.47858465 469.14285714285717 572600.24644636794 2.7500000000000004 1318982.846616158 1250500.3859040069 3595.5000000000005 683611074.48692858
decision_type=2 1 2 2 2 2 2 2 2 2 2
left_child=-1 9 3 10 5 -4 8 -8 -6 -2 -3
right_child=1 2 4 -5 6 -7 7 -9 -10 -11 -12
leaf_value=0.003289090201724321 0.0031176001130864641 -0.0021109953431376056 -0.00062444528117410695 -0.0044498142224493565 -0.00040525212160763194 0.0045073558383737699 -0.00012611655341579191 0.0041990044817794116 -0.0039550779387354856 -0.00030984495981381489 0.00076399260093846057
leaf_weight=44 53 51 51 46 330 50 395 48 64 52 48
leaf_count=44 53 51 51 46 330 50 395 48 64 52 48
internal_value=-1.90265e-05 -0.000141549 -0.000290285 -0.00190125 -4.43507e-05 0.00191605 -0.00028091 0.00034252 -0.000981874 0.0012967 -0.000717062
internal_weight=1232 1188 1083 145 938 101 837 443 394 105 99
internal_count=1232 1188 1083 145 938 101 837 443 394 105 99
cat_boundaries=0 1
cat_threshold=2
is_linear=0
shrinkage=0.05


Tree=415
num_leaves=14
num_cat=1
split_feature=2 5 5 3 5 1 9 7 9 10 9 7 1
split_gain=0.182629 0.244369 0.179589 0.178088 0.184828 0.40018 0.207276 0.264002 0.314887 0.229639 0.187977 0.171604 0.149128
threshold=1296072.9129802992 3564.5000000000005 4508.0000000000009 0 6020.5000000000009 698334.10713997215 2005.5000000000002 1.5000000000000002 1966.5000000000002 1029.2500000000002 1993.5000000000002 3.5000000000000004 696594.67995976855
decision_type=2 2 2 1 2 2 2 2 2 2 2 2 2
left_child=3 -2 -3 11 6 -6 7 8 -5 12 -9 -1 -8
right_child=1 2 -4 4 5 -7 9 10 -10 -11 -12 -13 -14
leaf_value=0.00060261076245556728 -0.0047450480196211077 0.0022454413028842792 -0.0019680142945920427 0.00079395281039372403 0.0015403458277606183 -0.005447610695264303 -0.0011095492545372019 0.00098112521899314221 -0.0048220249904821133 0.0045383430957400168 -0.0013913370943295636 -0.0035504000269059761 0.0029512488376349216
leaf_weight=42 45 41 66 48 42 40 52 564 52 65 98 61 40
leaf_count=42 45 41 66 48 42 40 52 564 52 65 98 61 40
internal_value=-2.87531e-05 -0.00165364 -0.000353513 0.000194963 0.000402081 -0.00186841 0.000609046 0.0002682 -0.00212636 0.00226335 0.000629915 -0.00169261 0.000656015
internal_weight=1256 152 107 1104 1001 82 919 762 100 157 662 103 92
internal_count=1256 152 107 1104 1001 82 919 762 100 157 662 103 92
cat_boundaries=0 1
cat_threshold=2
is_linear=0
shrinkage=0.05


Tree=416
num_leaves=14
num_cat=1
split_feature=1 5 3 5 1 9 7 9 9 5 7 1 8
split_gain=0.153971 0.250271 0.157996 0.156059 0.354543 0.174878 0.218236 0.302402 0.198889 0.179422 0.154873 0.152645 0.143278
threshold=1296072.9129802992 3564.5000000000005 0 6020.5000000000009 701797.52207137598 2005.5000000000002 1.5000000000000002 1966.5000000000002 1993.5000000000002 4898.5000000000009 3.5000000000000004 696594.67995976855 3.2500000000000004
decision_type=2 2 1 2 2 2 2 2 2 2 2 2 2
left_child=2 -2 10 5 -5 6 7 -4 -8 11 -1 -7 -3
right_child=1 12 3 4 -6 9 8 -9 -10 -11 -12 -13 -14
leaf_value=0.00057248019896048523 -0.0049298694310709844 -0.0018312536366283895 0.00089331417610602731 0.0014420507649003074 -0.0050979756779270247 -0.00053121893292744501 0.00092848728098174132 -0.0045809237084960428 -0.0014997417694004723 0.0048660272751779613 -0.0033728799435713708 0.0031108372009304519 0.0019764170410954173
leaf_weight=42 40 60 49 43 40 66 569 52 99 42 61 51 42
leaf_count=42 40 60 49 43 40 66 569 52 99 42 61 51 42
internal_value=-2.73155e-05 -0.00157789 0.000170334 0.000363814 -0.00170977 0.000553195 0.000241091 -0.00192511 0.000568615 0.00206268 -0.00160798 0.00105634 -0.000263389
internal_weight=1256 142 1114 1011 83 928 769 101 668 159 103 117 102
internal_count=1256 142 1114 1011 83 928 769 101 668 159 103 117 102
cat_boundaries=0 1
cat_threshold=2
is_linear=0
shrinkage=0.05


Tree=417
num_leaves=14
num_cat=1
split_feature=2 6 3 9 10 11 1 10 9 1 10 7 9
split_gain=0.1502 0.203033 0.145216 0.145775 0.302039 0.182566 0.378558 0.261655 0.156681 0.238186 0.14551 0.139773 0.0786472
threshold=1296072.9129802992 10478.500000000002 0 1947.5000000000002 1392.3333333333337 1632486842.755831 728291.78914264136 393.97619047619054 1956.5000000000002 617762.19423717959 2960.0000000000005 3.5000000000000004 1971.5000000000002
decision_type=2 2 1 2 2 2 2 2 2 2 2 2 2
left_child=2 -2 11 4 5 7 -7 -4 -5 -10 -11 -1 -3
right_child=1 12 3 8 -6 6 -8 -9 9 10 -12 -13 -14
leaf_value=0.00054385623966698494 -0.0034773603514102955 0.0017373439560576184 -0.00049739598762243986 0.0029511823810430037 -0.0032239411810200806 -0.003573783892206848 0.0023496780743494593 0.005054300894006724 0.0041368702587316784 0.00051427433958704458 -0.0019544298567725766 -0.0032042358690857527 -0.0013596087319367543
leaf_weight=42 70 41 44 72 79 60 49 41 42 547 67 61 41
leaf_count=42 70 41 44 72 79 60 49 41 42 547 67 61 41
internal_value=-2.59497e-05 -0.00149953 0.000176934 0.000363948 -0.000617741 0.000443547 -0.000910943 0.00218048 0.000737081 0.00049407 0.000244888 -0.00152758 0.000188868
internal_weight=1256 152 1104 1001 273 194 109 85 728 656 614 103 82
internal_count=1256 152 1104 1001 273 194 109 85 728 656 614 103 82
cat_boundaries=0 1
cat_threshold=2
is_linear=0
shrinkage=0.05


Tree=418
num_leaves=20
num_cat=0
split_feature=2 5 9 9 10 9 2 11 10 10 0 5 9 8 5 0 8 11 5
split_gain=0.135556 0.196155 0.163635 0.125913 0.311832 0.297134 0.181303 0.190827 0.131247 0.351255 0.154103 0.170817 0.121845 0.228979 0.263393 0.240549 0.163169 0.314301 0.235837
threshold=1296072.9129802992 3564.5000000000005 1961.5000000000002 1946.5000000000002 1081.0000000000002 1932.5000000000002 675591.77005089482 2373671050.3539023 1446.1666666666667 1769.7500000000002 552027.01918202371 5403.0000000000009 1978.5000000000002 3.2500000000000004 3657.5000000000005 564023.5249507291 3.7500000000000004 3151076015.2598825 3506.0000000000005
decision_type=2 2 2 2 2 2 2 2 2 2 2 2 2 2 2 2 2 2 2
left_child=3 -2 -3 4 6 -6 -1 -8 12 -10 -11 -12 13 15 -15 -5 17 -14 -18
right_child=1 2 -4 8 5 -7 7 -9 9 10 11 -13 16 14 -16 -17 18 -19 -20
leaf_value=0.0026343847677873619 -0.0041942579356125656 0.0021257365858832074 -0.0018624492829985686 0.0043738453783958723 -0.00039145735409592511 -0.005623363853231365 -0.002540750133113996 0.001524863008590829 0.0049850887221030218 0.0027777171912317985 -0.0020905083445640765 0.0016594572111409017 -0.0023234604334996627 -0.0028798526531780173 0.0020967870897552728 0.00019878906643261082 0.0028334392027160073 0.0020430937780205301 -0.0019919779896736146
leaf_weight=66 45 43 64 69 58 51 62 54 55 49 73 52 174 63 46 69 69 54 40
leaf_count=66 45 43 64 69 58 51 62 54 55 49 73 52 174 63 46 69 69 54 40
internal_value=-2.46522e-05 -0.00142455 -0.00025972 0.000168087 -0.000724435 -0.00283941 0.000542228 -0.000648137 0.000487551 0.00150206 0.000401108 -0.000530523 8.9737e-05 0.000933333 -0.000779619 0.00228632 -0.000528566 -0.00128928 0.00106264
internal_weight=1256 152 107 1104 291 109 182 116 813 229 174 125 584 247 109 138 337 228 109
internal_count=1256 152 107 1104 291 109 182 116 813 229 174 125 584 247 109 138 337 228 109
is_linear=0
shrinkage=0.05


Tree=419
num_leaves=12
num_cat=0
split_feature=1 6 2 7 1 10 6 11 10 12 10
split_gain=0.131575 0.199242 0.190227 0.219613 0.131231 0.193825 0.170064 0.189005 0.307014 0.124407 0.120525
threshold=673270.56667703239 5047.5000000000009 659749.2343736469 3.5000000000000004 677772.907508748 4555.5000000000009 3861.5000000000005 1033991313.6455656 405.60000000000008 51.500000000000007 973.75000000000011
decision_type=2 2 2 2 2 2 2 2 2 2 2
left_child=1 -1 3 -3 10 6 -6 -8 -9 -5 -2
right_child=4 2 -4 9 5 -7 7 8 -10 -11 -12
leaf_value=-0.0021138995410280026 -0.0040467157775839402 0.0029797459430237479 0.0043023348513475442 -0.0021330511601941691 -0.0026588621889930913 -0.0032491906767740768 0.0025767481659922618 -0.0035684785520840832 0.00029497032320468923 0.0009097966861027556 -0.00032444080835292963
leaf_weight=47 43 74 47 59 54 47 78 56 629 78 44
leaf_count=47 43 74 47 59 54 47 78 56 629 78 44
internal_value=-2.34196e-05 0.000880235 0.00142568 0.000784907 -0.000313235 -0.000126855 5.27654e-05 0.000244676 -2.08737e-05 -0.000400627 -0.00216419
internal_weight=1256 305 258 211 951 864 817 763 685 137 87
internal_count=1256 305 258 211 951 864 817 763 685 137 87
is_linear=0
shrinkage=0.05


Tree=420
num_leaves=16
num_cat=0
split_feature=11 2 5 10 10 11 6 2 6 6 9 2 9 6 10
split_gain=0.191192 0.271959 0.177904 0.168468 0.139319 0.197231 0.192133 0.177774 0.242222 0.174378 0.294125 0.280939 0.159516 0.178796 0.039392
threshold=698778025.18448842 681908.35680202011 1619.0000000000002 393.97619047619054 788.64285714285722 5072645352.3642015 12708.000000000002 1296072.9129802992 11150.500000000002 12214.500000000002 1978.5000000000002 680412.83644405415 1970.5000000000002 15232.500000000002 1611.2500000000002
decision_type=2 2 2 2 2 2 2 2 2 2 2 2 2 2 2
left_child=1 -1 3 -2 5 9 7 8 -6 10 -4 -11 14 -14 -8
right_child=2 -3 4 -5 6 -7 12 -9 -10 11 -12 -13 13 -15 -16
leaf_value=0.00017239466961473226 0.00020363105400262967 -0.0053589129977626732 0.0023439613915671479 0.0046113800257444387 -0.00086700818212182256 0.0038797793964054001 0.0013959453976217738 0.0012459808121054947 -0.0039886978836922889 0.001242157433880493 -0.0010733561617261903 -0.0046475876758738264 0.0014475731021266873 -0.0025340998644457647 0.003516621574214319
leaf_weight=50 46 40 151 41 322 43 47 71 77 40 108 41 59 54 41
leaf_count=50 46 40 151 41 322 43 47 71 77 40 108 41 59 54 41
internal_value=-6.72682e-05 -0.00228596 0.000107739 0.00228085 -7.16356e-05 0.000689247 -0.000505939 -0.00105924 -0.00146944 0.000285738 0.00091898 -0.00173907 0.000787842 -0.000455173 0.00238399
internal_weight=1231 90 1141 87 1054 383 671 470 399 340 259 81 201 113 88
internal_count=1231 90 1141 87 1054 383 671 470 399 340 259 81 201 113 88
is_linear=0
shrinkage=0.05


Tree=421
num_leaves=8
num_cat=0
split_feature=11 2 11 2 6 6 6
split_gain=0.172551 0.245443 0.0887148 0.1104 0.13143 0.0822721 0.246081
threshold=698778025.18448842 681908.35680202011 893374518.47858465 589891.85173506057 16424.500000000004 15390.500000000002 14240.000000000002
decision_type=2 2 2 2 2 2 2
left_child=1 -1 -2 -4 5 6 -5
right_child=2 -3 3 4 -6 -7 -8
leaf_value=0.00016377499466761948 0.0020999203910523991 -0.0050909674190916122 0.0025830952345859259 -0.00031822003524737541 0.0026470255153808035 -0.0022973146532765695 0.0029633716115208923
leaf_weight=50 53 40 40 900 42 45 61
leaf_count=50 53 40 40 900 42 45 61
internal_value=-6.39048e-05 -0.00217167 0.000102352 5.04353e-06 -9.33554e-05 -0.000207765 -0.000109919
internal_weight=1231 90 1141 1088 1048 1006 961
internal_count=1231 90 1141 1088 1048 1006 961
is_linear=0
shrinkage=0.05


Tree=422
num_leaves=16
num_cat=0
split_feature=10 10 0 10 6 7 10 1 6 11 11 0 8 8 1
split_gain=0.15761 0.105043 0.226165 0.18436 0.162181 0.159303 0.134451 0.121569 0.121404 0.209462 0.249423 0.241256 0.164755 0.204899 0.239384
threshold=228.72619047619051 788.64285714285722 532330.19436014059 651.08333333333337 12214.500000000002 6.5000000000000009 477.27142857142866 698334.10713997215 12708.000000000002 1119547608.6569624 1754974690.8422458 527730.26579940575 1.7500000000000002 2.7500000000000004 706590.53824524849
decision_type=2 2 2 2 2 2 2 2 2 2 2 2 2 2 2
left_child=-1 2 6 4 5 -4 -2 -5 9 -3 -11 -12 -10 -14 -15
right_child=1 8 3 7 -6 -7 -8 -9 12 10 11 -13 13 14 -16
leaf_value=-0.0025173645864631378 0.00035540429485398669 0.0026789209964435279 0.0020039493507248867 0.0010261758532248099 -0.0018199191176158898 -0.00087850157393351786 -0.0035543863195925951 0.0045246402953604331 0.0032354043704001427 -0.004311174208011765 0.0026564632171802985 -0.0010881937260444892 -0.0026820181823317326 -0.0013519572094082832 0.00352242537686285
leaf_weight=62 43 41 157 44 59 69 45 57 49 52 49 352 51 48 53
leaf_count=62 43 41 157 44 59 69 45 57 49 52 49 352 51 48 53
internal_value=-6.07096e-05 6.95835e-05 0.000643501 0.00116499 0.000514485 0.00112391 -0.00164392 0.00300056 -0.000321836 -0.000743366 -0.00105311 -0.000630617 0.000714162 -9.86074e-05 0.00120589
internal_weight=1231 1169 474 386 285 226 88 101 695 494 453 401 201 152 101
internal_count=1231 1169 474 386 285 226 88 101 695 494 453 401 201 152 101
is_linear=0
shrinkage=0.05


Tree=423
num_leaves=16
num_cat=0
split_feature=10 0 10 0 7 10 6 12 10 0 6 1 2 10 8
split_gain=0.142421 0.248858 0.15893 0.146409 0.215741 0.259002 0.14572 0.142624 0.112938 0.292294 0.280236 0.112971 0.129786 0.136342 0.105611
threshold=358.70000000000005 552027.01918202371 788.64285714285722 532330.19436014059 6.5000000000000009 590.70833333333337 10478.500000000002 30.500000000000004 973.75000000000011 556708.52547526488 9175.5000000000018 1393513.8717971111 617762.19423717959 1046.2500000000002 2.7500000000000004
decision_type=2 2 2 2 2 2 2 2 2 2 2 2 2 2 2
left_child=1 -1 3 -2 6 -6 7 -5 9 -4 -11 12 -10 -14 -3
right_child=2 14 8 4 5 -7 -8 -9 11 10 -12 -13 13 -15 -16
leaf_value=-0.0045607056494032889 -0.0011602979751109189 0.0018699605320580304 0.0020589178797672503 0.00088620897620282277 -0.0031661270021383341 0.0021768976078736925 0.00047964276715677665 0.0042203797312167536 0.0021304673454896721 -0.0061808574672152367 -0.00083552186914574603 0.0025099791896839936 -0.0031074715948885903 -0.00017966783909097801 -0.0013767979905328978
leaf_weight=46 67 40 40 47 48 43 77 101 54 41 61 42 44 413 67
leaf_count=46 67 40 40 47 48 43 77 101 54 41 61 42 44 413 67
internal_value=-5.76741e-05 -0.00148523 0.000144938 0.000962755 0.0014129 -0.000641401 0.00224375 0.00316156 -0.000305745 -0.00156356 -0.00298414 1.72383e-05 -0.000187644 -0.000461557 -0.000163056
internal_weight=1231 153 1078 383 316 91 225 148 695 142 102 553 511 457 107
internal_count=1231 153 1078 383 316 91 225 148 695 142 102 553 511 457 107
is_linear=0
shrinkage=0.05


Tree=424
num_leaves=10
num_cat=0
split_feature=11 1 5 10 5 6 10 10 5
split_gain=0.14222 0.15039 0.142902 0.131222 0.110153 0.119117 0.110357 0.177562 0.163129
threshold=698778025.18448842 681908.35680202011 1619.0000000000002 393.97619047619054 6214.5000000000009 15697.000000000002 788.64285714285722 979.29166666666686 4559.5000000000009
decision_type=2 2 2 2 2 2 2 2 2
left_child=1 -1 3 -2 5 6 8 -8 -4
right_child=2 -3 4 -5 -6 -7 7 -9 -10
leaf_value=-5.6464217292765778e-05 0.00021050958539885675 -0.0041533665908944041 0.00022431496548561727 0.0041006211804725775 -0.0023083898400028165 0.0022924799134281266 -0.0022471704938591035 -6.8595804229684316e-05 0.0036015477695036679
leaf_weight=48 46 42 337 41 52 56 118 451 40
leaf_count=48 46 42 337 41 52 56 118 451 40
internal_value=-5.47904e-05 -0.00196835 9.61479e-05 0.00204378 -6.4615e-05 5.18284e-05 -8.08105e-05 -0.000520392 0.000582642
internal_weight=1231 90 1141 87 1054 1002 946 569 377
internal_count=1231 90 1141 87 1054 1002 946 569 377
is_linear=0
shrinkage=0.05


Tree=425
num_leaves=20
num_cat=0
split_feature=6 5 6 5 6 1 7 9 5 5 5 5 5 5 9 1 2 5 5
split_gain=0.143159 0.222581 0.341802 0.340693 0.331868 0.248839 0.234534 0.20509 0.187937 0.187157 0.245428 0.160142 0.35325 0.581223 0.215956 0.157442 0.141355 0.0801047 0.140556
threshold=10795.000000000002 4059.5000000000005 12113.000000000002 3430.0000000000005 12561.500000000002 748446.88527358708 4.5000000000000009 2016.5000000000002 4775.0000000000009 5232.5000000000009 5634.0000000000009 3657.5000000000005 3174.0000000000005 2775.5000000000005 1952.5000000000002 726762.73051669926 671350.45176759572 4870.5000000000009 5619.5000000000009
decision_type=2 2 2 2 2 2 2 2 2 2 2 2 2 2 2 2 2 2 2
left_child=7 2 -2 6 5 -3 -4 8 11 -10 -11 12 13 -1 -13 -16 -6 -18 -19
right_child=1 4 3 -5 16 -7 -8 -9 9 10 -12 14 -14 -15 15 -17 17 18 -20
leaf_value=-0.00038138880247156763 0.0047624882815641839 -0.00037217468309860965 -0.0033394622219795433 0.004002192155553066 -0.0013002287398777763 -0.0055814454661364237 0.0014128758087754252 -0.00385847995930817 -0.0045003134811427009 0.0022089599813942032 -0.0024540358300365458 0.0048446026816964154 -0.0037005373419472772 0.0057670937737963291 0.0022579589509130631 -0.0018683788207609479 0.0033881170534489991 -0.0014126162964385005 0.0023435515259872335
leaf_weight=304 71 52 54 49 53 41 50 40 43 46 73 40 62 44 53 41 48 40 66
leaf_count=304 71 52 54 49 53 41 50 40 43 46 73 40 62 44 53 41 48 40 66
internal_value=6.93667e-05 0.000702771 0.00189534 0.000564838 -0.000187684 -0.00266873 -0.00105468 -0.000375544 -0.000178211 -0.00167312 -0.000651533 0.000266965 -0.000223472 0.000396006 0.00176756 0.000458173 0.000926992 0.0016935 0.00092613
internal_weight=1270 524 224 153 300 93 104 746 706 162 119 544 410 348 134 94 207 154 106
internal_count=1270 524 224 153 300 93 104 746 706 162 119 544 410 348 134 94 207 154 106
is_linear=0
shrinkage=0.05


Tree=426
num_leaves=19
num_cat=0
split_feature=6 5 6 5 6 1 7 9 10 9 10 10 11 1 11 2 10 10
split_gain=0.129201 0.200879 0.308476 0.307475 0.299511 0.224577 0.211667 0.185094 0.206426 0.213902 0.21156 0.245582 0.366271 0.192107 0.142138 0.127573 0.119531 0.112697
threshold=10795.000000000002 4059.5000000000005 12113.000000000002 3430.0000000000005 12561.500000000002 748446.88527358708 4.5000000000000009 2016.5000000000002 1591.8333333333335 1974.5000000000002 1241.3000000000002 945.62500000000011 2286096279.5773158 671350.45176759572 3229982426.7909212 671350.45176759572 1532.5000000000002 924.60000000000014
decision_type=2 2 2 2 2 2 2 2 2 2 2 2 2 2 2 2 2 2
left_child=7 2 -2 6 5 -3 -4 8 10 14 11 13 -13 -1 -10 -6 17 -17
right_child=1 4 3 -5 15 -7 -8 -9 9 -11 -12 12 -14 -15 -16 16 -18 -19
leaf_value=0.0024575281115344814 0.0045243637839620801 -0.00035356596703282916 -0.0031724891633968114 0.0038020825564709249 -0.001235217282566119 -0.0053023730779475564 0.001342232116498053 -0.0036655559134669601 -0.0015274962018751964 0.00021165695235975191 0.0033886477996129547 -0.0058725031246090447 0.00037107707742093645 -9.6039175515495292e-05 -0.0056457110063638542 0.0009064952959306539 4.2276195360018933e-05 0.0045353219652062527
leaf_weight=97 71 52 54 49 53 41 50 40 44 73 50 41 55 306 40 40 68 46
leaf_count=97 71 52 54 49 53 41 50 40 44 73 50 41 55 306 40 40 68 46
internal_value=6.58984e-05 0.000667632 0.00180058 0.000536596 -0.000178299 -0.0025353 -0.00100195 -0.000356767 -0.0001693 -0.00176807 0.000287908 -2.27879e-05 -0.00229545 0.000518591 -0.00348855 0.000880642 0.00160883 0.0028475
internal_weight=1270 524 224 153 300 93 104 746 706 157 549 499 96 403 84 207 154 86
internal_count=1270 524 224 153 300 93 104 746 706 157 549 499 96 403 84 207 154 86
is_linear=0
shrinkage=0.05


Tree=427
num_leaves=19
num_cat=0
split_feature=12 11 11 8 12 12 12 7 7 8 5 1 1 12 12 10 10 8
split_gain=0.108612 0.23602 0.267855 0.305993 0.210448 0.215815 0.19979 0.136512 0.124853 0.125265 0.206864 0.202887 0.290255 0.194391 0.127349 0.123591 0.193774 0.110455
threshold=40.500000000000007 7696745264.9080744 4499531530.9756517 3.2500000000000004 49.500000000000007 45.500000000000007 31.500000000000004 2.5000000000000004 1.5000000000000002 3.7500000000000004 3897.5000000000005 653356.44379716844 688091.77602969261 73.500000000000014 83.500000000000014 1455.5000000000002 717.52380952380963 2.7500000000000004
decision_type=2 2 2 2 2 2 2 2 2 2 2 2 2 2 2 2 2 2
left_child=1 2 3 6 5 -2 7 -1 17 11 13 -10 -13 -11 -12 16 -5 -6
right_child=4 -3 -4 15 8 -7 -8 -9 9 10 14 12 -14 -15 -16 -17 -18 -19
leaf_value=0.0013317681911091011 0.00045045423852887171 -0.0039386413353697759 0.0035733140127863303 6.1279164854055029e-05 -0.0036358840996399524 0.0046491612908853728 -0.0045700637247556679 -0.0019287741789802177 0.0031887267165615959 -0.0049315266434352334 0.002306608344701215 -0.0023279976740013808 0.0011372979703031269 -0.00011956888852958998 -0.0012605892155658116 -0.001397394401909307 0.0038965795671142508 1.4492040933218113e-05
leaf_weight=45 69 46 43 78 40 55 52 112 74 43 58 80 247 41 44 43 57 43
leaf_count=45 69 46 43 78 40 55 52 112 74 43 58 80 247 41 44 43 57 43
internal_value=6.26034e-05 -0.000534589 -0.000170435 -0.000586407 0.000420618 0.00231278 -0.00188391 -0.000994224 7.04265e-05 0.000327083 -0.00074538 0.000824535 0.000289519 -0.00258283 0.000767817 0.000937061 0.00168063 -0.00174473
internal_weight=1270 476 430 387 794 124 209 157 670 587 186 401 327 84 102 178 135 83
internal_count=1270 476 430 387 794 124 209 157 670 587 186 401 327 84 102 178 135 83
is_linear=0
shrinkage=0.05


Tree=428
num_leaves=19
num_cat=1
split_feature=6 5 6 9 6 5 5 9 10 9 10 0 4 9 11 2 0 1
split_gain=0.113508 0.180748 0.283732 0.30688 0.271818 0.206512 0.187942 0.16659 0.179053 0.194068 0.187719 0.231944 0.392315 0.306906 0.151144 0.119129 0.110672 0.14549
threshold=10795.000000000002 4059.5000000000005 12113.000000000002 1955.5000000000002 12561.500000000002 5175.5000000000009 3257.0000000000005 2016.5000000000002 1591.8333333333335 1947.5000000000002 1241.3000000000002 567990.61134559743 0 1941.5000000000002 2848346485.9881806 671350.45176759572 1745126.0284832132 717980.47789738665
decision_type=2 2 2 2 2 2 2 2 2 2 2 2 1 2 2 2 2 2
left_child=7 2 -2 -4 5 -3 -5 8 10 -10 11 12 -1 -13 -11 -6 17 -17
right_child=1 4 3 6 15 -7 -8 -9 9 14 -12 13 -14 -15 -16 16 -18 -19
leaf_value=0.00038383746393984812 0.0043104164805722383 -0.0048577469856374801 0.0040104130695743324 -0.0028480932633471439 -0.0012147765830686351 -0.00014301583917889122 0.0013185341088101268 -0.0034757378813810649 -0.0046543339261552316 0.0014603109740419316 0.0031877826265990735 -0.0020015915685913481 -0.0037143318735256246 0.0020908426166304553 -0.002172444665408346 0.00065174324178687219 -0.00045833751986113684 0.0043591697545101249
leaf_weight=163 71 45 44 59 53 48 50 40 40 50 50 61 91 184 67 55 48 51
leaf_count=163 71 45 44 59 53 48 50 40 40 50 50 61 91 184 67 55 48 51
internal_value=5.94732e-05 0.00062348 0.00169816 0.000485931 -0.000178944 -0.00242434 -0.000936796 -0.000336693 -0.000158843 -0.00164784 0.000266973 -2.56929e-05 -0.0010844 0.00107191 -0.000619985 0.000829856 0.00153353 0.00243551
internal_weight=1270 524 224 153 300 93 109 746 706 157 549 499 254 245 117 207 154 106
internal_count=1270 524 224 153 300 93 109 746 706 157 549 499 254 245 117 207 154 106
cat_boundaries=0 1
cat_threshold=2
is_linear=0
shrinkage=0.05


Tree=429
num_leaves=21
num_cat=2
split_feature=6 10 9 10 0 4 4 6 10 10 6 9 2 11 11 9 9 10 6 11
split_gain=0.102441 0.168121 0.150348 0.168686 0.280347 0.482199 0.273819 0.330781 0.25392 0.225146 0.236251 0.208988 0.113116 0.0870956 0.274155 0.200899 0.302541 0.195471 0.165665 0.165614
threshold=10795.000000000002 4070.0000000000005 2016.5000000000002 880.66666666666686 567990.61134559743 0 1 7596.5000000000009 1034.3000000000002 1560.6666666666667 8646.0000000000018 1947.5000000000002 688091.77602969261 3151076015.2598825 2720112866.4550323 1998.5000000000002 1967.5000000000002 1236.9000000000003 14523.000000000002 5155975088.6287642
decision_type=2 2 2 2 2 1 1 2 2 2 2 2 2 2 2 2 2 2 2 2
left_child=2 13 3 4 5 12 7 -6 -5 10 -10 -11 -1 14 15 16 -2 19 -19 -15
right_child=1 -3 -4 8 6 -7 -8 -9 9 11 -12 -13 -14 17 -16 -17 -18 18 -20 -21
leaf_value=0.00013221892039859442 0.0021852088346629621 -0.0024416853307879399 -0.0033019510447047651 -0.0040493969007262161 -0.0019260743527411252 -0.0038989811162464319 0.0043481905770819786 0.0036325575804094911 0.0032479686343715765 -0.0045700938379879862 -0.0015351139718577976 -0.00046762497057737648 0.0033754302194574852 0.0021833927137777211 -0.0029585380731523918 0.0037979397600900163 -0.0020439330822400619 0.0055484153588703424 0.0011546492712890229 -0.0015010268245174811
leaf_weight=82 91 42 40 56 64 75 73 46 67 42 42 119 40 61 53 51 79 45 41 61
leaf_count=82 91 42 40 56 64 75 73 46 67 42 42 119 40 61 53 51 79 45 41 61
internal_value=5.64996e-05 0.000592306 -0.000319858 -0.000150901 0.000564954 -0.000743982 0.00197403 0.000398444 -0.000985333 -0.000349823 0.00140495 -0.00153783 0.00119557 0.000856679 0.000271079 0.0010456 0.000219902 0.00162809 0.00345371 0.000341183
internal_weight=1270 524 746 706 380 197 183 110 326 270 109 161 122 482 274 221 170 208 86 122
internal_count=1270 524 746 706 380 197 183 110 326 270 109 161 122 482 274 221 170 208 86 122
cat_boundaries=0 1 2
cat_threshold=2 2
is_linear=0
shrinkage=0.05


Tree=430
num_leaves=17
num_cat=0
split_feature=10 11 5 0 7 2 2 7 10 7 10 7 11 10 10 11
split_gain=0.116066 0.179932 0.341053 0.115091 0.360873 0.404895 0.33285 0.32237 0.184187 0.169826 0.16756 0.166868 0.121388 0.0721762 0.275816 0.144627
threshold=4555.5000000000009 8069001651.5175877 5434.0000000000009 567990.61134559743 3.5000000000000004 741016.75041127799 745781.66807709564 5.5000000000000009 612.41666666666686 2.5000000000000004 1159.7500000000002 1.5000000000000002 1953751065.0983562 387.32142857142861 284.00000000000006 1211680667.6610169
decision_type=2 2 2 2 2 2 2 2 2 2 2 2 2 2 2 2
left_child=1 3 -3 9 5 -5 7 -6 -8 11 -7 -1 -13 14 -11 -15
right_child=-2 2 -4 4 6 10 8 -9 -10 13 -12 12 -14 15 -16 -17
leaf_value=-9.1513193624674307e-05 -0.0021390128488603393 0.0051356445959940249 -0.0010446961316075631 -0.0049796069146718254 0.0049300134869554313 0.0022557025979040193 0.00063654993025494028 0.0001690671709366143 -0.0027675991811497041 0.001204789007225862 -0.0016472049994263216 0.0049718863333157283 0.0012597445471328684 0.0030611518371318068 -0.0042078028281414227 -6.7799250093848726e-05
leaf_weight=61 57 49 41 79 64 40 81 80 78 52 88 49 40 42 43 306
leaf_count=61 57 49 41 79 64 40 81 80 78 52 88 49 40 42 43 306
internal_value=6.51798e-05 0.000170493 0.00232016 -4.9099e-06 -0.000555649 -0.00216481 0.000543677 0.00228504 -0.00103341 0.000468744 -0.000427546 0.00192287 0.00330351 -2.36223e-05 -0.00124512 0.000309833
internal_weight=1250 1193 90 1103 510 207 303 144 159 593 128 150 89 443 95 348
internal_count=1250 1193 90 1103 510 207 303 144 159 593 128 150 89 443 95 348
is_linear=0
shrinkage=0.05


Tree=431
num_leaves=10
num_cat=0
split_feature=11 7 9 11 11 9 11 11 6
split_gain=0.11812 0.153808 0.257197 0.165887 0.190397 0.217315 0.250401 0.20165 0.142833
threshold=10296873943.737831 1.5000000000000002 1997.5000000000002 8069001651.5175877 6442868026.3830194 1993.5000000000002 1224712760.6352127 772098445.15512359 10627.000000000002
decision_type=2 2 2 2 2 2 2 2 2
left_child=1 2 8 4 5 7 -7 -3 -1
right_child=-2 3 -4 -5 -6 6 -8 -9 -10
leaf_value=-0.0042907196785563432 0.0026370374079750375 0.0030315004521980883 0.0018148951933632585 0.0028882350617398817 -0.0031727760016854686 -0.0039380850013473944 -0.00020880084125723562 0.00034752274016253571 -0.00074373978811005756
leaf_weight=64 43 79 43 54 44 58 201 613 51
leaf_count=64 43 79 43 54 44 58 201 613 51
internal_value=6.19208e-05 -2.98191e-05 -0.00148415 0.000189232 4.27537e-05 0.000191527 -0.00104393 0.000653931 -0.00271771
internal_weight=1250 1207 158 1049 995 951 259 692 115
internal_count=1250 1207 158 1049 995 951 259 692 115
is_linear=0
shrinkage=0.05


Tree=432
num_leaves=12
num_cat=0
split_feature=10 6 1 6 10 7 1 9 8 9 6
split_gain=0.103317 0.136455 0.193666 0.200314 0.205306 0.160953 0.155646 0.21147 0.284645 0.114285 0.0951724
threshold=4555.5000000000009 15390.500000000002 1187518.3577207474 8438.5000000000018 973.75000000000011 4.5000000000000009 745781.66807709564 1939.5000000000002 3.2500000000000004 1925.5000000000002 12535.500000000002
decision_type=2 2 2 2 2 2 2 2 2 2 2
left_child=1 2 6 -4 -5 -3 9 -8 -9 -1 -11
right_child=-2 5 3 4 -6 -7 7 8 -10 10 -12
leaf_value=0.0026421718825496592 -0.0020207958393975308 -0.0037824972259366645 -0.00055360967064944087 0.0010611465521473086 0.0055276365885511044 0.0004233645606372092 -0.0043847842282536097 0.0015980900827281435 -0.0025476558194377848 0.00051144720529368434 -0.00094187387173444458
leaf_weight=52 57 46 53 53 50 45 41 87 79 545 142
leaf_count=52 57 46 53 53 50 45 41 87 79 545 142
internal_value=5.88247e-05 0.000158186 0.000311851 0.00194411 0.00322935 -0.00170268 4.26833e-05 -0.00116912 -0.000374885 0.000382119 0.000211052
internal_weight=1250 1193 1102 156 103 91 946 207 166 739 687
internal_count=1250 1193 1102 156 103 91 946 207 166 739 687
is_linear=0
shrinkage=0.05


Tree=433
num_leaves=14
num_cat=1
split_feature=3 2 5 5 10 10 5 9 9 9 9 2 0
split_gain=0.094137 0.552298 0.217978 0.168627 0.124069 0.177606 0.209043 0.190324 0.121994 0.343314 0.212441 0.0976723 0.0536068
threshold=0 683814.34909850836 4666.5000000000009 6206.5000000000009 209.45238095238099 662.83333333333337 3174.0000000000005 1938.5000000000002 1965.5000000000002 1972.5000000000002 1936.5000000000002 839126.14605876885 552027.01918202371
decision_type=1 2 2 2 2 2 2 2 2 2 2 2 2
left_child=1 12 11 4 -2 6 7 -6 10 -10 -7 -3 -1
right_child=3 2 -4 -5 5 8 -8 -9 9 -11 -12 -13 -14
leaf_value=0.0012247549055880585 -0.0023919742205180229 -0.0049143190761762011 3.8179408373503848e-08 0.0033785091530132505 0.0036180541681824253 -0.0011392567687939885 0.0036101932886171426 -0.00020890047557038291 -0.0048148934947366412 -0.00020604199744411744 0.0016419124650502845 -0.0018170927825849504 0.0037362399427885457
leaf_weight=43 46 70 58 42 40 113 73 173 47 288 175 40 42
leaf_count=43 46 70 58 42 40 113 73 173 47 288 175 40 42
internal_value=5.58835e-05 -0.000787442 -0.00248026 0.000275026 0.000141418 0.000269621 0.00130114 0.000509776 -0.000203919 -0.000852657 0.00055069 -0.00378805 0.00246572
internal_weight=1250 253 168 997 955 909 286 213 623 335 288 110 85
internal_count=1250 253 168 997 955 909 286 213 623 335 288 110 85
cat_boundaries=0 1
cat_threshold=8
is_linear=0
shrinkage=0.05


Tree=434
num_leaves=7
num_cat=0
split_feature=11 10 11 10 11 10
split_gain=0.101527 0.292067 0.156769 0.122835 0.158359 0.130153
threshold=10296873943.737831 4555.5000000000009 8069001651.5175877 3222.5000000000005 6442868026.3830194 2466.7500000000005
decision_type=2 2 2 2 2 2
left_child=1 2 3 4 5 -1
right_child=-2 -3 -4 -5 -6 -7
leaf_value=0.00015142754090707026 0.0024404928185652163 -0.0038130265983695889 0.0027333002317358147 0.002419556853710674 -0.0030531291591945446 -0.0022882845312967126
leaf_weight=951 43 49 55 50 44 58
leaf_count=951 43 49 55 50 44 58
internal_value=5.30893e-05 -3.19632e-05 0.00012803 -1.87919e-06 -0.000116857 1.11864e-05
internal_weight=1250 1207 1158 1103 1053 1009
internal_count=1250 1207 1158 1103 1053 1009
is_linear=0
shrinkage=0.05


Tree=435
num_leaves=20
num_cat=0
split_feature=11 10 9 11 10 11 11 8 10 11 11 11 10 8 2 1 10 1 9
split_gain=0.133124 0.270905 0.261211 0.315322 0.201383 0.214525 0.148915 0.295674 0.142131 0.132404 0.205491 0.0949976 0.139525 0.227955 0.139204 0.112253 0.136666 0.126958 0.0779626
threshold=1969032698.57143 695.04761904761915 1991.5000000000002 1224712760.6352127 351.95000000000005 719813326.64049304 1699728414.6997728 3.2500000000000004 4671.5000000000009 1481742236.0975001 1095969037.1806588 2126144680.6708434 1081.0000000000002 3.7500000000000004 675591.77005089482 729326.24648517405 1424.5833333333337 689208.6917161406 1968.5000000000002
decision_type=2 2 2 2 2 2 2 2 2 2 2 2 2 2 2 2 2 2 2
left_child=1 2 4 -4 5 -1 7 -3 11 10 -6 -2 13 14 -13 17 -17 -14 -15
right_child=8 6 3 -5 9 -7 -8 -9 -10 -11 -12 12 15 18 -16 16 -18 -19 -20
leaf_value=0.0016796453646859345 -0.0025772921962752232 0.001671452937910381 -0.0043969611540950575 0.0013317743691093312 0.0010441745512071066 -0.0030485754832625389 8.1016120316763956e-05 0.0068354709301317153 0.0025678159183564974 7.7928338432684549e-05 0.0060813550451179832 -0.0011566407267265477 -0.00089340015353324507 0.00027488771419813658 0.0020557847336596371 -0.003942232735920698 -0.0008383945519959585 0.0019234921833655488 -0.002406969213188859
leaf_weight=49 42 78 58 41 40 47 43 43 47 40 41 41 120 47 190 50 122 60 64
leaf_count=49 42 78 58 41 40 47 43 43 47 40 41 41 120 47 190 50 122 60 64
internal_value=0.000303957 0.000959584 0.000103855 -0.00202445 0.00107484 -0.000635213 0.00260843 0.0035066 -9.796e-05 0.00243157 0.00359386 -0.000268193 -0.000128449 0.000590791 0.00148561 -0.000827256 -0.00174067 4.5564e-05 -0.00127141
internal_weight=1263 480 316 99 217 96 164 121 783 121 81 736 694 342 231 352 172 180 111
internal_count=1263 480 316 99 217 96 164 121 783 121 81 736 694 342 231 352 172 180 111
is_linear=0
shrinkage=0.05


Tree=436
num_leaves=11
num_cat=0
split_feature=1 10 10 5 12 6 6 12 12 12
split_gain=0.121675 0.113573 0.0939242 0.134526 0.10284 0.237691 0.40482 0.125311 0.245967 0.224092
threshold=623959.94523397705 711.2261904761906 4671.5000000000009 6020.5000000000009 66.500000000000014 12455.000000000002 11048.000000000002 52.500000000000007 56.500000000000007 45.500000000000007
decision_type=2 2 2 2 2 2 2 2 2 2
left_child=1 -1 3 4 7 6 -6 9 -9 -2
right_child=2 -3 -4 -5 5 -7 -8 8 -10 -11
leaf_value=2.2347719776769018e-05 -0.0002663582891276068 0.0034259248343132959 0.0023845208239638145 -0.0019761543224663717 0.001063357447454578 0.0033973839109142628 -0.004173110853033987 -0.0047432310084199042 -0.00013100505684447778 0.0024122867686565633
leaf_weight=43 461 57 45 76 229 75 44 41 98 94
leaf_count=43 461 57 45 76 229 75 44 41 98 94
internal_value=0.000288759 0.00196239 0.000144853 5.47056e-05 0.00020283 0.000904298 0.000219385 -0.000148915 -0.00149145 0.000187322
internal_weight=1263 100 1163 1118 1042 348 273 694 139 555
internal_count=1263 100 1163 1118 1042 348 273 694 139 555
is_linear=0
shrinkage=0.05


Tree=437
num_leaves=19
num_cat=0
split_feature=11 5 8 9 0 0 9 7 9 11 0 2 5 1 5 5 9 5
split_gain=0.120329 0.17537 0.128452 0.209314 0.252134 0.212647 0.15939 0.140375 0.102077 0.0989396 0.104238 0.161496 0.203467 0.438642 0.184885 0.164267 0.0800278 0.0643007
threshold=1969032698.57143 3060.5000000000005 4.2500000000000009 1977.5000000000002 552027.01918202371 577666.63225903024 1963.5000000000002 4.5000000000000009 1942.5000000000002 2126144680.6708434 541721.52379552484 696594.67995976855 5647.5000000000009 810769.61929734773 5634.0000000000009 4788.0000000000009 1964.5000000000002 5634.0000000000009
decision_type=2 2 2 2 2 2 2 2 2 2 2 2 2 2 2 2 2 2
left_child=1 2 3 6 -5 -6 8 -4 -1 -2 17 14 15 -14 16 -13 -12 -11
right_child=9 -3 7 4 5 -7 -8 -9 -10 10 11 12 13 -15 -16 -17 -18 -19
leaf_value=0.0014624508744519619 -0.0024685910919548144 0.0031362360235574227 0.0038840465587461092 -0.0041036432186956516 0.0025849519727711122 -0.0023358650810440026 0.0036626076563558681 -1.9380626153655439e-05 -0.001444757698650042 0.0024758744229984586 -0.00099293128587305554 0.00011768641563581436 0.0018470668710421686 -0.0050402063261717565 0.001027715505853771 0.0024366915646186543 -0.0037611649417738299 -6.0366592142821814e-05
leaf_weight=72 42 74 51 54 46 42 47 42 52 64 42 280 43 50 47 105 69 41
leaf_count=72 42 74 51 54 46 42 47 42 52 64 42 280 43 50 47 105 69 41
internal_value=0.000274321 0.000897646 0.000489627 4.84456e-06 -0.00141405 0.00023638 0.00118311 0.00212121 0.000243299 -0.000107794 2.60168e-05 -0.000214941 0.000243135 -0.00185577 -0.00160076 0.000750142 -0.00271373 0.00148553
internal_weight=1263 480 406 313 142 88 171 93 124 783 741 636 478 93 158 385 111 105
internal_count=1263 480 406 313 142 88 171 93 124 783 741 636 478 93 158 385 111 105
is_linear=0
shrinkage=0.05


Tree=438
num_leaves=17
num_cat=0
split_feature=1 9 11 6 11 9 9 9 8 11 6 1 9 9 5 5
split_gain=0.109493 0.105395 0.0790014 0.133431 0.178544 0.133175 0.253208 0.280432 0.24974 0.180956 0.115569 0.167782 0.106372 0.253618 0.0483497 0.0336518
threshold=623959.94523397705 1981.5000000000002 1969032698.57143 12960.000000000002 2252555340.6128387 1958.5000000000002 1970.5000000000002 1983.5000000000002 3.7500000000000004 1129823722.8944821 12248.000000000002 1187518.3577207474 1970.5000000000002 1998.5000000000002 5037.0000000000009 2606.0000000000005
decision_type=2 2 2 2 2 2 2 2 2 2 2 2 2 2 2 2
left_child=1 -1 5 4 -4 9 -7 -8 -9 -2 11 -6 14 -14 -5 -11
right_child=2 -3 3 12 10 6 7 8 -10 15 -12 -13 13 -15 -16 -17
leaf_value=0.00049508794929074536 -0.00015658159837281954 0.0037954584204182937 -0.0031090881246777758 0.0010273960078271424 -0.00061625996856665231 -0.0029010164188140813 0.0037967655197556679 -0.0016290693314692088 0.0025290552031947302 0.002434451902699948 -0.0024717787566225767 0.0016310227248291283 -0.0019417544156690508 0.0025411313230341132 0.0034272252083864321 0.0044728783822459419
leaf_weight=59 60 41 63 41 299 58 58 109 54 40 53 115 74 55 43 41
leaf_count=59 60 41 63 41 299 58 58 109 54 40 53 115 74 55 43 41
internal_value=0.000260605 0.00184824 0.000124093 -0.00018574 -0.000610511 0.000672203 3.92612e-05 0.000810918 -0.000251531 0.00192462 -0.000273444 7.98522e-06 0.000871203 -3.04465e-05 0.00225588 0.00346625
internal_weight=1263 100 1163 743 530 420 279 221 163 141 467 414 213 129 84 81
internal_count=1263 100 1163 743 530 420 279 221 163 141 467 414 213 129 84 81
is_linear=0
shrinkage=0.05


Tree=439
num_leaves=17
num_cat=0
split_feature=5 5 5 2 8 10 2 2 9 11 11 9 6 9 6 10
split_gain=0.0992727 0.250665 0.184627 0.183112 0.180205 0.196864 0.166502 0.187801 0.200702 0.1509 0.200055 0.128124 0.171555 0.130726 0.143905 0.088537
threshold=3805.5000000000005 3950.5000000000005 2860.0000000000005 866108.93924456649 4.2500000000000009 410.01666666666671 810769.61929734773 689208.6917161406 1974.5000000000002 554372462.54267871 1008452499.9505237 2012.5000000000002 15697.000000000002 1985.5000000000002 11556.500000000002 1591.8333333333335
decision_type=2 2 2 2 2 2 2 2 2 2 2 2 2 2 2 2
left_child=2 -2 3 4 9 -6 7 8 -4 -1 -11 12 13 14 -3 -15
right_child=1 11 6 -5 5 -7 -8 -9 -10 10 -12 -13 -14 15 -16 -17
leaf_value=0.0027387751310708978 -0.0039894587882771731 0.00087727077855021375 5.3652883620887269e-05 -0.0021763227612560465 0.00013733593455981464 0.0050676411423809468 0.0040182774602726566 -0.0010466798978786055 0.0049714261747708195 -0.0021205223115868177 0.00073919288334370673 0.0023294665484822224 0.0021467566407141823 -0.00082327815501852654 -0.0013088523337154627 -0.0035163149570900144
leaf_weight=42 41 187 41 74 40 41 64 65 42 108 141 56 68 76 126 51
leaf_count=42 41 187 41 74 40 41 64 65 42 108 141 56 68 76 126 51
internal_value=0.000247575 -0.000214719 0.000672633 9.51955e-05 0.000547057 0.00263292 0.00188743 0.000965983 0.00254216 -3.35452e-05 -0.000501166 5.96855e-05 -0.000190527 -0.000551743 -2.766e-06 -0.00190473
internal_weight=1263 605 658 446 372 81 212 148 83 291 249 564 508 440 313 127
internal_count=1263 605 658 446 372 81 212 148 83 291 249 564 508 440 313 127
is_linear=0
shrinkage=0.05


Tree=440
num_leaves=11
num_cat=0
split_feature=6 10 1 10 9 0 9 6 9 10
split_gain=0.199384 0.144686 0.223001 0.165424 0.120507 0.114484 0.335484 0.194186 0.153001 0.191265
threshold=3394.0000000000005 1974.4166666666667 818708.30222684063 228.72619047619051 1975.5000000000002 527730.26579940575 2018.5000000000002 13555.500000000002 1996.5000000000002 667.83333333333337
decision_type=2 2 2 2 2 2 2 2 2 2
left_child=-1 3 4 -2 -3 8 7 -7 9 -5
right_child=1 2 -4 5 -6 6 -8 -9 -10 -11
leaf_value=0.0033933080900169447 0.0027464239650029452 -0.0013129987712631732 0.0034351309749309899 0.004577252467549065 0.0015036614737115228 -0.0011524477177252994 0.0036053100175669657 0.0010136062788191223 -0.0017709362888126635 0.00039470098265333148
leaf_weight=48 47 74 77 41 78 625 46 124 40 82
leaf_count=48 47 74 77 41 78 625 46 124 40 82
internal_value=0.000231698 0.000108718 0.00124292 -0.000149722 0.000132393 -0.000291809 -0.000539306 -0.000793849 0.000915309 0.00178888
internal_weight=1282 1234 229 1005 152 958 795 749 163 123
internal_count=1282 1234 229 1005 152 958 795 749 163 123
is_linear=0
shrinkage=0.05


Tree=441
num_leaves=12
num_cat=0
split_feature=10 6 12 7 6 6 6 12 8 5 6
split_gain=0.180713 0.16562 0.162021 0.210511 0.279647 0.256023 0.252904 0.20934 0.158819 0.149086 0.181022
threshold=209.45238095238099 3517.5000000000005 89.500000000000014 3.5000000000000004 6751.5000000000009 14615.500000000002 9725.0000000000018 53.500000000000007 2.2500000000000004 4827.0000000000009 7250.0000000000009
decision_type=2 2 2 2 2 2 2 2 2 2 2
left_child=-1 -2 3 5 8 7 -6 -3 -5 10 -4
right_child=1 2 9 4 6 -7 -8 -9 -10 -11 -12
leaf_value=0.0033689828190042385 0.0029877097889160118 0.0010269035727870871 0.0026758897123616001 -0.0053962296868364026 0.0013037971923109976 0.0036400980221391738 -0.0011674241569045605 -0.0013928978056807458 -0.0015994497656848441 0.0034416974853661107 -0.0013104630189071246
leaf_weight=44 48 233 49 45 157 59 304 145 71 59 68
leaf_count=44 48 233 49 45 157 59 304 145 71 59 68
internal_value=0.000220113 0.000108198 -7.95013e-06 -0.000251014 -0.000877976 0.000576806 -0.000325815 9.86729e-05 -0.00307234 0.00139243 0.000359035
internal_weight=1282 1238 1190 1014 577 437 461 378 116 176 117
internal_count=1282 1238 1190 1014 577 437 461 378 116 176 117
is_linear=0
shrinkage=0.05


Tree=442
num_leaves=11
num_cat=0
split_feature=10 10 11 10 11 1 5 11 6 10
split_gain=0.170183 0.14256 0.126861 0.111516 0.176465 0.120299 0.183497 0.201683 0.134095 0.0910334
threshold=284.00000000000006 351.95000000000005 719813326.64049304 3467.0000000000005 3667406982.7411861 625043.21099097666 1930.5000000000002 1318085874.5225561 7340.0000000000009 1086.6000000000001
decision_type=2 2 2 2 2 2 2 2 2 2
left_child=2 -2 -1 5 -5 9 8 -8 -7 -3
right_child=1 3 -4 4 -6 6 7 -9 -10 -11
leaf_value=0.0039447853621323685 -0.0024380149943119085 0.0027613861341678511 0.00023399763324830148 -0.00012296689907088874 0.0043326302722562103 0.0033866219948661528 -0.0035552066241507419 -0.00021618492508870121 -0.00023714552180738085 -0.00017469729116948492
leaf_weight=51 55 66 42 50 40 59 48 782 45 44
leaf_count=51 55 66 42 50 40 59 48 782 45 44
internal_value=0.000209107 4.79928e-05 0.00226895 0.000168566 0.0018573 2.2986e-05 -0.000161207 -0.000409285 0.00181865 0.00158695
internal_weight=1282 1189 93 1134 90 1044 934 830 104 110
internal_count=1282 1189 93 1134 90 1044 934 830 104 110
is_linear=0
shrinkage=0.05


Tree=443
num_leaves=13
num_cat=0
split_feature=6 10 10 2 9 6 5 6 10 11 0 9
split_gain=0.156277 0.115457 0.348281 0.161337 0.128993 0.242283 0.185647 0.185894 0.092239 0.139743 0.107583 0.0611098
threshold=3394.0000000000005 1650.1666666666667 1469.6666666666667 866108.93924456649 1933.5000000000002 9099.5000000000018 1230.5000000000002 8028.5000000000009 2466.7500000000005 2524889927.1105895 559558.65844934701 1962.5000000000002
decision_type=2 2 2 2 2 2 2 2 2 2 2 2
left_child=-1 2 4 8 5 -2 -6 -8 10 -10 -3 -5
right_child=1 3 -4 11 6 -7 7 -9 9 -11 -12 -13
leaf_value=0.002997700056099954 0.003845850358346193 0.0032349061028663674 -0.0045774345297019845 0.0014140593912452459 0.0023035274451918236 -0.00057961967128973741 -0.0016097006717182953 0.0001188164466515507 0.0016605731077128797 -0.0019449595742536568 -0.00016045189809565453 0.0041292499111921987
leaf_weight=48 59 43 43 40 67 65 232 472 41 78 51 43
leaf_count=48 59 43 43 40 67 65 232 472 41 78 51 43
internal_value=0.000198652 8.97748e-05 -0.000181911 0.000950725 2.92704e-05 0.00152605 -0.000211456 -0.000450809 0.00022204 -0.000702717 0.00139274 0.00282072
internal_weight=1282 1234 938 296 895 124 771 704 213 119 94 83
internal_count=1282 1234 938 296 895 124 771 704 213 119 94 83
is_linear=0
shrinkage=0.05


Tree=444
num_leaves=10
num_cat=0
split_feature=6 9 5 6 5 5 9 11 6
split_gain=0.14104 0.102362 0.152534 0.200646 0.150337 0.194413 0.183729 0.240435 0.201037
threshold=3394.0000000000005 1934.5000000000002 4827.0000000000009 7250.0000000000009 1230.5000000000002 1596.0000000000002 1960.5000000000002 1129823722.8944821 7783.0000000000009
decision_type=2 2 2 2 2 2 2 2 2
left_child=-1 2 3 -2 -3 -6 8 -8 -7
right_child=1 4 -4 -5 5 6 7 -9 -10
leaf_value=0.0028478150653730456 0.0025667655839831296 0.0021883509995818916 0.0032708934666115345 -0.0015442646449615419 -0.0032969633180182432 -0.0037695825391104638 0.0038242513708689296 8.0358959860602438e-05 -0.00046386402974178225
leaf_weight=48 51 67 59 71 50 60 46 633 197
leaf_count=48 51 67 59 71 50 60 46 633 197
internal_value=0.000188719 8.5286e-05 0.00118367 0.000174281 -0.000103516 -0.000259251 -9.69801e-05 0.000333995 -0.00123563
internal_weight=1282 1234 181 122 1053 986 936 679 257
internal_count=1282 1234 181 122 1053 986 936 679 257
is_linear=0
shrinkage=0.05


Tree=445
num_leaves=21
num_cat=2
split_feature=0 0 11 11 6 5 6 3 11 2 11 4 11 9 0 6 6 6 5 2
split_gain=0.166563 0.190681 0.189616 0.179696 0.150883 0.281328 0.255762 0.200388 0.19002 0.271378 0.257948 0.178302 0.175795 0.141035 0.149964 0.0989124 0.0640779 0.0606013 0.0174897 0.0119416
threshold=548453.68116028118 559558.65844934701 1770012295.4695528 1846896323.5723817 9889.0000000000018 1309.5000000000002 8822.0000000000018 0 5155975088.6287642 741016.75041127799 3309574192.4363227 1 7792839864.1760426 1959.5000000000002 525001.94806865673 5047.5000000000009 9631.0000000000018 7995.0000000000009 5264.0000000000009 679627.29004813975
decision_type=2 2 2 2 2 2 2 1 2 2 2 1 2 2 2 2 2 2 2 2
left_child=2 3 15 17 5 -3 7 -7 9 10 -6 -11 -10 -4 -15 -1 -17 -2 -14 -5
right_child=1 4 13 19 8 6 -8 -9 12 11 -12 -13 18 14 -16 16 -18 -19 -20 -21
leaf_value=-0.0043848355802037983 0.0022540097613818941 -0.003077905269902806 -0.0018605628846002358 -0.00026912424594250533 -0.0022264648800273791 0.0018535917265693738 0.0040943082681180734 -0.0006857252974037288 -0.0049414821406372073 0.0039229542699689831 0.0023735101788770409 -0.00031042781734275956 -0.00017956372117623688 -0.00048362399641932409 0.0033200295374738245 -0.000167541210539639 -0.0026407032570849964 0.0050063116697128861 -0.0016491053137564805 0.00093113702285336326
leaf_weight=40 40 43 53 43 128 143 63 152 41 59 40 43 40 55 49 50 55 40 41 40
leaf_count=40 40 43 53 43 128 143 63 152 41 59 40 43 40 55 49 50 55 40 41 40
internal_value=5.82789e-05 0.000381644 -0.000965354 0.00193918 6.14952e-05 0.0007434 0.00120238 0.000584787 -0.000636066 0.000103922 -0.00113123 0.00213829 -0.00227374 0.000238677 0.00130848 -0.00226903 -0.00146301 0.00363016 -0.000923406 0.000309315
internal_weight=1258 956 302 163 793 401 358 295 392 270 168 102 122 157 104 145 105 80 81 83
internal_count=1258 956 302 163 793 401 358 295 392 270 168 102 122 157 104 145 105 80 81 83
cat_boundaries=0 1 2
cat_threshold=6 2
is_linear=0
shrinkage=0.05


Tree=446
num_leaves=13
num_cat=1
split_feature=10 11 6 10 1 0 3 8 11 6 9 10
split_gain=0.183587 0.122987 0.234683 0.289867 0.210289 0.118631 0.207625 0.409304 0.260723 0.130972 0.129032 0.0353554
threshold=255.30000000000004 6442868026.3830194 11724.500000000002 1228.3000000000002 1074979.9535577933 548453.68116028118 0 3.7500000000000004 1077893788.7742887 5047.5000000000009 1959.5000000000002 187.90476190476193
decision_type=2 2 2 2 2 2 1 2 2 2 2 2
left_child=11 4 3 -3 5 9 8 -8 -7 -2 -11 -1
right_child=1 2 -4 -5 -6 6 7 -9 -10 10 -12 -13
leaf_value=-0.0012183966979916608 -0.0032853924020309934 -0.0023603834037203343 -0.0031940257623015592 0.0032040594276040793 0.0030463638718725302 0.0040479513118043542 -0.0023682046798492243 0.0024181099646766462 0.00069221219617149506 -0.0018070135758579257 0.00063485317547225728 -0.003295461652451195
leaf_weight=42 40 44 72 50 71 68 134 67 389 82 159 40
leaf_count=42 40 44 72 50 71 68 134 67 389 82 159 40
internal_value=5.58291e-05 0.000215327 -0.00104593 0.000599427 0.000422622 0.000224234 0.000591497 -0.000736142 0.00116602 -0.000635762 -0.000195989 -0.0022316
internal_weight=1258 1176 166 94 1010 939 658 201 457 281 241 82
internal_count=1258 1176 166 94 1010 939 658 201 457 281 241 82
cat_boundaries=0 1
cat_threshold=5
is_linear=0
shrinkage=0.05


Tree=447
num_leaves=18
num_cat=0
split_feature=10 6 1 0 5 6 0 5 10 10 9 9 9 9 9 10 10
split_gain=0.165687 0.108709 0.246324 0.31011 0.168725 0.229784 0.136992 0.172252 0.291966 0.351065 0.306196 0.170892 0.369172 0.164512 0.244881 0.0955794 0.0319082
threshold=255.30000000000004 12113.000000000002 1216430.5288398459 819663.42659956194 5780.5000000000009 12734.000000000002 552027.01918202371 2742.5000000000005 2291.7500000000005 3978.0000000000005 1962.5000000000002 1974.5000000000002 1955.5000000000002 1954.5000000000002 1983.5000000000002 460.58333333333343 187.90476190476193
decision_type=2 2 2 2 2 2 2 2 2 2 2 2 2 2 2 2 2
left_child=16 6 3 4 5 -3 13 11 10 -10 -9 12 -8 -2 -15 -13 -1
right_child=1 2 -4 -5 -6 -7 7 8 9 -11 -12 15 -14 14 -16 -17 -18
leaf_value=-0.0011574768289435832 -0.0024529357119463385 -0.0046673549315892167 -0.0033632382765294067 0.0040048547413979859 0.00184557628876064 -0.00040815015971403272 0.0032548744482357572 0.0013728957315898628 0.0058205531513754356 -0.00055245652969460935 -0.00173487262467491 0.0054113639762536402 -0.0029003799349690482 0.0026700219474591769 -0.0014930422849781617 0.002243751443245194 -0.0031306885014055299
leaf_weight=42 75 40 63 43 55 152 58 141 47 40 181 42 42 66 76 55 40
leaf_count=42 75 40 63 43 55 152 58 141 47 40 181 42 42 66 76 55 40
internal_value=5.30377e-05 0.00020456 -0.000529466 8.61463e-05 -0.000596058 -0.00129548 0.000519398 0.00090542 0.000320377 0.00289043 -0.000374018 0.00212005 0.000669668 -0.000558617 0.000441903 0.0036153 -0.00212002
internal_weight=1258 1176 353 290 247 192 823 606 409 87 322 197 100 217 142 97 82
internal_count=1258 1176 353 290 247 192 823 606 409 87 322 197 100 217 142 97 82
is_linear=0
shrinkage=0.05


Tree=448
num_leaves=16
num_cat=0
split_feature=0 0 11 11 9 11 11 1 11 11 9 6 9 6 2
split_gain=0.128502 0.168718 0.159005 0.155187 0.151938 0.14943 0.279898 0.257536 0.16267 0.117613 0.178837 0.0871464 0.0952664 0.0550358 0.0111461
threshold=548453.68116028118 559558.65844934701 1770012295.4695528 1846896323.5723817 2018.5000000000002 1052239439.868956 1347269420.9811726 698334.10713997215 2126144680.6708434 2238902583.1300516 1962.5000000000002 10661.000000000002 1974.5000000000002 7995.0000000000009 679627.29004813975
decision_type=2 2 2 2 2 2 2 2 2 2 2 2 2 2 2
left_child=2 3 11 13 5 7 -7 -3 -8 -4 -11 12 -1 -2 -5
right_child=1 4 9 14 -6 6 8 -9 -10 10 -12 -13 -14 -15 -16
leaf_value=-0.00136093790038453 0.0020595056610181925 -0.004956541582942009 0.0023796882986536496 -0.00027397785519877839 0.0030361175775760786 0.0037656084064166158 -0.0020288570419343534 0.00049322332893295779 0.00019224973392999428 -0.0031995173443907076 0.00093867570729976859 -0.00018539361507547173 -0.004433500982478869 0.0046823798934929077 0.00088561935601319433
leaf_weight=52 40 41 46 43 40 49 98 46 519 42 69 44 49 40 40
leaf_count=52 40 41 46 43 40 49 98 46 519 42 69 44 49 40 40
internal_value=5.03857e-05 0.000334413 -0.000848719 0.0017995 3.32651e-05 -0.000126249 0.000128325 -0.00207506 -0.000160535 0.000253851 -0.000627127 -0.00204254 -0.00285159 0.00337094 0.000284864
internal_weight=1258 956 302 163 793 753 666 87 617 157 111 145 101 80 83
internal_count=1258 956 302 163 793 753 666 87 617 157 111 145 101 80 83
is_linear=0
shrinkage=0.05


Tree=449
num_leaves=10
num_cat=0
split_feature=10 11 6 10 1 2 1 0 10
split_gain=0.146462 0.107785 0.200974 0.255416 0.185758 0.105837 0.122317 0.0834036 0.0293566
threshold=255.30000000000004 6442868026.3830194 11724.500000000002 1228.3000000000002 1074979.9535577933 866108.93924456649 818708.30222684063 548453.68116028118 187.90476190476193
decision_type=2 2 2 2 2 2 2 2 2
left_child=8 4 3 -3 5 6 7 -2 -1
right_child=1 2 -4 -5 -6 -7 -8 -9 -10
leaf_value=-0.0010719725837892234 -0.00053184076884826273 -0.002246158818095203 -0.0029782555539794786 0.0029771606493741273 0.0028503535210456649 -0.0021961595990102399 0.0030180577863939111 0.00052741948945002099 -0.002964644626044901
leaf_weight=42 273 44 72 50 71 44 40 582 40
leaf_count=42 273 44 72 50 71 44 40 582 40
internal_value=4.78665e-05 0.000190327 -0.000990406 0.000532203 0.000384388 0.000197931 0.000315629 0.0001892 -0.00199523
internal_weight=1258 1176 166 94 1010 939 895 855 82
internal_count=1258 1176 166 94 1010 939 895 855 82
is_linear=0
shrinkage=0.05


Tree=450
num_leaves=14
num_cat=0
split_feature=9 9 8 9 9 9 8 6 5 8 5 10 6
split_gain=0.127303 0.171427 0.179604 0.157415 0.246752 0.134421 0.256824 0.145099 0.305419 0.110767 0.247157 0.182204 0.100001
threshold=2019.5000000000002 2010.5000000000002 2.7500000000000004 1974.5000000000002 1978.5000000000002 1966.5000000000002 2.2500000000000004 6848.5000000000009 3667.5000000000005 4.2500000000000009 5254.5000000000009 952.37500000000011 8438.5000000000018
decision_type=2 2 2 2 2 2 2 2 2 2 2 2 2
left_child=1 3 -3 5 -5 7 -7 8 -1 10 -6 -11 -9
right_child=-2 2 -4 4 9 6 -8 12 -10 11 -12 -13 -14
leaf_value=2.7703423869086083e-05 0.0028331527547561567 -0.0043638987486355335 0.00015846968264035557 0.0043684565120053536 -0.00065676959526817847 -0.0049239451508605626 3.3626737381887836e-05 -0.0019604363381707421 0.005144636246103158 0.0043398764728487518 0.002598464436617248 -0.00027425091713666915 2.9085242935997742e-05
leaf_weight=101 45 42 46 49 231 41 72 78 41 46 78 40 332
leaf_count=101 45 42 46 49 231 41 72 78 41 46 78 40 332
internal_value=0.000222377 0.000124228 -0.00199993 0.000292782 0.00102181 -0.00019397 -0.00176514 0.000127664 0.00150513 0.00060666 0.00016494 0.00219377 -0.000349409
internal_weight=1242 1197 88 1109 444 665 113 552 142 395 309 86 410
internal_count=1242 1197 88 1109 444 665 113 552 142 395 309 86 410
is_linear=0
shrinkage=0.05


Tree=451
num_leaves=17
num_cat=2
split_feature=2 4 6 0 2 9 2 6 8 7 4 7 0 8 10 6
split_gain=0.122581 0.323736 0.181027 0.244577 0.294108 0.217875 0.171115 0.157136 0.151223 0.15069 0.370621 0.189895 0.123171 0.0591536 0.305571 0.164162
threshold=644066.59999089956 0 9889.0000000000018 1803305.4158322734 679627.29004813975 1927.5000000000002 675224.47328238969 10766.000000000002 2.2500000000000004 3.5000000000000004 1 6.5000000000000009 525001.94806865673 3.7500000000000004 682.79166666666686 13555.500000000002
decision_type=2 1 2 2 2 2 2 2 2 2 1 2 2 2 2 2
left_child=1 8 3 4 6 -4 -2 -7 -1 10 -6 -11 -10 15 -15 -9
right_child=2 -3 5 -5 9 7 -8 13 12 11 -12 -13 -14 14 -16 -17
leaf_value=-0.001606595581203389 0.0015051057549884939 -0.003468719457711589 -0.0036783718193570771 0.0045352530863849404 -0.0028622774716954933 -0.0019744737828986197 0.005649531988310628 -0.00099347656483494062 -5.863444690476172e-05 0.0019820996804464554 0.0021627532324361566 -0.0013534378962682897 0.0038181879568756336 0.004932540707381034 -0.00024039722953370695 0.0015424313471023065
leaf_weight=48 66 77 42 47 103 78 40 156 40 142 57 61 42 41 94 108
leaf_count=48 66 77 42 47 103 78 40 156 40 142 57 61 42 41 94 108
internal_value=0.000211258 -0.000899466 0.000433403 0.00109658 0.000751981 -0.000225941 0.00306904 7.80464e-05 0.000622323 7.53741e-05 -0.00107211 0.000979795 0.00192706 0.000479291 0.00133064 4.39403e-05
internal_weight=1242 207 1035 516 469 519 106 477 130 363 160 203 82 399 135 264
internal_count=1242 207 1035 516 469 519 106 477 130 363 160 203 82 399 135 264
cat_boundaries=0 1 2
cat_threshold=2 2
is_linear=0
shrinkage=0.05


Tree=452
num_leaves=13
num_cat=0
split_feature=9 9 5 2 5 11 0 6 6 11 9 0
split_gain=0.111681 0.157322 0.139403 0.256717 0.279135 0.195021 0.21308 0.136588 0.125792 0.218742 0.129091 0.123011
threshold=2019.5000000000002 2010.5000000000002 2106.0000000000005 644066.59999089956 1853.0000000000002 1662849694.6577392 548453.68116028118 9376.5000000000018 9889.0000000000018 7461141753.983779 1970.5000000000002 567990.61134559743
decision_type=2 2 2 2 2 2 2 2 2 2 2 2
left_child=1 2 3 -1 7 6 -4 -5 9 -7 -10 -3
right_child=-2 11 5 4 -6 8 -8 -9 10 -11 -12 -13
leaf_value=-0.0038144059548223461 0.0026460370299820272 -0.00018013851256407006 5.3171906496417972e-05 -4.9824175517574917e-05 -0.0036781835393048822 0.00054569256142298836 0.0045489947214567414 0.0030112666056745434 -0.0011381238282257779 0.0044975851755589252 0.00060683405056417025 -0.0039276384717285093
leaf_weight=54 45 47 47 108 40 281 60 55 214 40 210 41
leaf_count=54 45 47 47 108 40 281 60 55 214 40 210 41
internal_value=0.000200695 0.000108765 0.000270236 -0.000750454 6.45877e-05 0.00057812 0.00257419 0.000983059 0.000291436 0.00103814 -0.000273876 -0.00192613
internal_weight=1242 1197 1109 257 203 852 107 163 745 321 424 88
internal_count=1242 1197 1109 257 203 852 107 163 745 321 424 88
is_linear=0
shrinkage=0.05


Tree=453
num_leaves=18
num_cat=1
split_feature=11 6 11 7 4 9 9 9 10 7 11 7 9 10 10 11 9
split_gain=0.101866 0.15348 0.213353 0.19016 0.195683 0.280563 0.186994 0.20359 0.151019 0.141808 0.135883 0.255473 0.299861 0.136355 0.267219 0.198947 0.101811
threshold=799731815.64095652 9889.0000000000018 7461141753.983779 3.5000000000000004 0 1971.5000000000002 1936.5000000000002 2002.5000000000002 299.75000000000006 2.5000000000000004 7461141753.983779 3.5000000000000004 1995.5000000000002 788.64285714285722 916.80000000000007 3027608211.8150506 1943.5000000000002
decision_type=2 2 2 2 1 2 2 2 2 2 2 2 2 2 2 2 2
left_child=8 2 3 4 9 -6 -5 -8 -1 -2 11 12 16 15 -15 -13 -3
right_child=1 10 -4 6 5 -7 7 -9 -10 -11 -12 13 -14 14 -16 -17 -18
leaf_value=0.00045083158529450888 -0.0005517969682310405 0.00058171079115709289 0.004203142181200826 0.0045377482096989495 -0.0014798903438661779 0.0042994100273409412 0.00022547317326325115 0.0039346034810675877 -0.0031217961339280011 -0.0040766094179291818 -0.0021805530581804743 -0.00083488326529924668 -0.0015286427784426992 -0.0054016530778892222 -0.00052312867198626024 0.003173185443156399 0.0035621966193845073
leaf_weight=64 89 40 46 43 42 42 189 46 55 42 77 137 59 41 89 40 101
leaf_count=64 89 40 46 43 42 42 189 46 55 42 77 137 59 41 89 40 101
internal_value=0.000190661 0.000338064 0.000946505 0.00064264 -0.000473989 0.00140976 0.00150622 0.000951516 -0.00120038 -0.00168189 -0.000223493 7.37328e-05 0.0014643 -0.000832175 -0.00206174 7.0895e-05 0.00271667
internal_weight=1242 1123 539 493 215 84 278 235 119 131 584 507 200 307 130 177 141
internal_count=1242 1123 539 493 215 84 278 235 119 131 584 507 200 307 130 177 141
cat_boundaries=0 1
cat_threshold=2
is_linear=0
shrinkage=0.05


Tree=454
num_leaves=13
num_cat=0
split_feature=9 9 8 10 10 10 5 7 0 11 11 5
split_gain=0.0999521 0.143935 0.158291 0.131403 0.17591 0.158511 0.239411 0.206726 0.143506 0.215172 0.13905 0.192682
threshold=2019.5000000000002 2010.5000000000002 2.7500000000000004 616.19642857142867 677.53333333333342 402.25000000000006 2106.0000000000005 6.5000000000000009 515866.29727194307 1699728414.6997728 1008452499.9505237 1158.5000000000002
decision_type=2 2 2 2 2 2 2 2 2 2 2 2
left_child=1 3 -3 5 -5 10 -7 -8 -6 -10 11 -1
right_child=-2 2 -4 4 8 6 7 -9 9 -11 -12 -13
leaf_value=0.0013660973308745909 0.0024945026739603944 -0.0040715090140500771 0.00017405583968629009 0.0033527626509398771 -0.0023079626464649386 -0.0049309301320030249 0.001306751577249088 -0.0030876017874106767 0.0027328631547844096 0.00021230982237634285 0.0022028799928889117 -0.0029414071941282604
leaf_weight=54 45 42 46 54 46 43 64 46 99 585 68 50
leaf_count=54 45 42 46 54 46 43 64 46 99 585 68 50
internal_value=0.000181128 9.41587e-05 -0.00185224 0.000248607 0.000599028 -0.000596716 -0.0017675 -0.000530887 0.000395327 0.000577127 0.000444737 -0.000704818
internal_weight=1242 1197 88 1109 784 325 153 110 730 684 172 104
internal_count=1242 1197 88 1109 784 325 153 110 730 684 172 104
is_linear=0
shrinkage=0.05


Tree=455
num_leaves=21
num_cat=0
split_feature=6 6 0 0 10 6 5 12 8 0 10 5 12 10 1 12 10 10 8 6
split_gain=0.189426 0.177578 0.416013 0.245076 0.181313 0.274415 0.163307 0.229345 0.274465 0.51176 0.216631 0.254 0.146048 0.249601 0.366623 0.24929 0.207518 0.192495 0.136298 0.0372818
threshold=12113.000000000002 7371.5000000000009 1803305.4158322734 1452022.7428291682 869.20238095238108 9254.0000000000018 6000.5000000000009 52.500000000000007 3.7500000000000004 711056.75921601092 1705.5000000000002 3305.5000000000005 11.500000000000002 573.40000000000009 689208.6917161406 58.500000000000007 945.62500000000011 1216.2 1.7500000000000002 5467.0000000000009
decision_type=2 2 2 2 2 2 2 2 2 2 2 2 2 2 2 2 2 2 2 2
left_child=1 12 3 4 5 -3 7 10 9 -9 11 -2 -1 14 -14 -16 19 -18 -6 -15
right_child=6 2 -4 -5 18 -7 -8 8 -10 -11 -12 -13 13 16 15 -17 17 -19 -20 -21
leaf_value=0.0022511450252273961 -0.002333949433232192 0.0042638871861838627 0.004992936929206322 -0.0032993579618405644 -0.0023782603009685614 0.00044354169901149971 0.0015849123419053397 -0.0016056212575744782 0.00045227431367303054 -0.0087526825652457767 -0.0033640969626139851 0.0025774382518955158 -0.0059029303596117629 0.00092287523938076844 -0.003230955225817303 0.0023171235208428696 -0.0037093270124624609 0.00035924889100126078 0.00050756101372073691 0.0029627076738203569
leaf_weight=42 40 73 55 41 57 132 49 67 43 40 40 77 51 42 41 40 46 79 145 48
leaf_count=42 40 73 55 41 57 132 49 67 43 40 40 77 51 42 41 40 46 79 145 48
internal_value=-0.000120523 0.000268634 0.000889035 0.000385208 0.00075638 0.00180396 -0.0010956 -0.00152344 -0.00292157 -0.00427742 -0.000187638 0.000898331 -0.000533582 -0.000870638 -0.00258207 -0.000491163 0.000180104 -0.00113799 -0.000306755 0.00201079
internal_weight=1248 892 503 448 407 205 356 307 150 107 157 117 389 347 132 81 215 125 202 90
internal_count=1248 892 503 448 407 205 356 307 150 107 157 117 389 347 132 81 215 125 202 90
is_linear=0
shrinkage=0.05


Tree=456
num_leaves=17
num_cat=0
split_feature=12 12 7 0 10 5 0 0 10 5 10 5 11 11 12 12
split_gain=0.0914739 0.271515 0.167628 0.307859 0.219762 0.195808 0.109483 0.3388 0.181718 0.200281 0.138197 0.182488 0.177181 0.122319 0.306223 0.203768
threshold=25.500000000000004 22.500000000000004 4.5000000000000009 577666.63225903024 543.37500000000011 3990.5000000000005 548453.68116028118 527730.26579940575 551.16666666666686 4950.0000000000009 319.26785714285717 2177.0000000000005 1077893788.7742887 6612581740.7254963 74.500000000000014 95.500000000000014
decision_type=2 2 2 2 2 2 2 2 2 2 2 2 2 2 2 2
left_child=1 2 3 5 -4 -1 7 8 -2 -10 -8 12 -12 15 -15 -13
right_child=6 -3 4 -5 -6 -7 10 -9 9 -11 11 13 -14 14 -16 -17
leaf_value=0.0030793490713340761 0.0029379056153175046 0.0044766424519184517 -0.0014172797324135901 -0.0037894084360679523 0.0030450092764668073 -0.0017039276366995185 0.001994387574676374 -0.0040393121844221917 -0.0025354589889379775 0.0017874753612670163 -0.0002131598903797567 0.00085059835469971116 -0.0044890852664854928 -0.0035780646919043486 0.0015354957879306031 -0.0027460890049538153
leaf_weight=46 40 40 43 61 77 40 74 76 74 42 50 375 47 67 52 44
leaf_count=46 40 40 43 61 77 40 74 76 74 42 50 375 47 67 52 44
internal_value=-0.000114497 0.000634943 5.94072e-05 -0.00107252 0.00144602 0.000854569 -0.000359001 -0.00130182 3.18348e-05 -0.000970259 -5.04914e-05 -0.000288792 -0.002285 7.11188e-05 -0.00134357 0.000472903
internal_weight=1248 307 267 147 120 86 941 232 156 116 709 635 97 538 119 419
internal_count=1248 307 267 147 120 86 941 232 156 116 709 635 97 538 119 419
is_linear=0
shrinkage=0.05


Tree=457
num_leaves=14
num_cat=3
split_feature=11 8 5 0 8 9 5 10 4 3 4 0 5
split_gain=0.0912518 0.241165 0.128279 0.19891 0.144758 0.208803 0.201334 0.219647 0.153215 0.149811 0.186273 0.181876 0.145207
threshold=698778025.18448842 3.2500000000000004 1619.0000000000002 577666.63225903024 4.7500000000000009 1960.5000000000002 3506.0000000000005 788.64285714285722 0 1 2 864051.32481822115 4743.0000000000009
decision_type=2 2 2 2 2 2 2 2 1 1 1 2 2
left_child=1 -1 3 -2 5 6 7 -4 -8 11 -11 -7 -6
right_child=2 -3 4 -5 12 9 8 -9 -10 10 -12 -13 -14
leaf_value=-0.0040808024078918008 0.0044503053306834779 0.0010141683302976566 -0.00068946532138130243 -0.0003467940150740299 -0.00047757098244700404 0.00068035296854385011 -0.00085872234059087703 -0.0046602709704745655 0.0018021509448838671 0.00086007534395676202 -0.0021332966104253299 0.0033300628113176892 -0.0042053075145259957
leaf_weight=48 40 45 85 47 72 272 159 59 82 123 90 85 41
leaf_count=48 40 45 85 47 72 272 159 59 82 123 90 85 41
internal_value=-0.000108772 -0.00161549 1.25481e-05 0.00185877 -0.000137846 6.23905e-05 -0.000837197 -0.00231639 4.6637e-05 0.000670007 -0.00038658 0.00127551 -0.00183011
internal_weight=1248 93 1155 87 1068 955 385 144 241 570 213 357 113
internal_count=1248 93 1155 87 1068 955 385 144 241 570 213 357 113
cat_boundaries=0 1 2 3
cat_threshold=2 12 2
is_linear=0
shrinkage=0.05


Tree=458
num_leaves=20
num_cat=1
split_feature=6 0 5 11 1 10 12 2 1 3 6 12 10 12 1 6 1 10 6
split_gain=0.16986 0.157422 0.150249 0.200904 0.126539 0.407662 0.173283 0.126396 0.32605 0.229006 0.294177 0.181672 0.176447 0.190283 0.155378 0.200926 0.136689 0.259254 0.228183
threshold=12113.000000000002 1876377.950518524 6000.5000000000009 7461141753.983779 708849.74897787033 966.16666666666686 50.500000000000007 707133.77038150944 806015.1151934301 0 5047.5000000000009 70.500000000000014 890.75000000000011 44.500000000000007 866108.93924456649 9274.5000000000018 671350.45176759572 616.19642857142867 8487.5000000000018
decision_type=2 2 2 2 2 2 2 2 2 1 2 2 2 2 2 2 2 2 2
left_child=1 7 3 4 6 -6 -2 9 12 10 -1 -12 13 -9 -10 -16 18 -18 -11
right_child=2 -3 -4 -5 5 -7 -8 8 14 16 11 -13 -14 -15 15 -17 17 -19 -20
leaf_value=-0.0018852585047069523 -0.00027343466099870355 0.0029079691808394001 0.0015444328140096777 -0.0046499295193435887 -0.0025302244942092028 0.003429303725742185 -0.0036771321338011139 -0.0034028026184476008 0.0030018481685322499 -0.00098159303992931073 0.0037131885577778804 0.0004952687099436993 -0.0040231051966485047 0.0010474164973229877 -0.0013632497936972264 0.0027831112971485016 -0.0047216949878599156 4.6110049574233503e-05 0.0037908012082334612
leaf_weight=45 79 53 49 42 60 55 71 41 57 67 127 67 74 58 96 42 44 81 40
leaf_count=45 79 53 49 42 60 55 71 41 57 67 127 67 74 58 96 42 44 81 40
internal_value=-0.000103334 0.000265178 -0.00102668 -0.00143706 -0.000927847 0.000319985 -0.00188452 9.82318e-05 -0.000596061 0.000640694 0.00168643 0.00260185 -0.00217615 -0.000795604 0.000805764 -0.000101314 -0.000488241 -0.00163216 0.00080248
internal_weight=1248 892 356 307 265 115 150 839 368 471 239 194 173 99 195 138 232 125 107
internal_count=1248 892 356 307 265 115 150 839 368 471 239 194 173 99 195 138 232 125 107
cat_boundaries=0 1
cat_threshold=9
is_linear=0
shrinkage=0.05


Tree=459
num_leaves=20
num_cat=0
split_feature=6 8 6 9 6 5 6 9 9 0 6 11 5 1 9 1 0 1 5
split_gain=0.153817 0.202909 0.24048 0.256493 0.2251 0.223471 0.20819 0.252153 0.175706 0.264154 0.250207 0.267607 0.137306 0.183797 0.213192 0.164271 0.157697 0.0977914 0.0596576
threshold=12148.500000000002 2.7500000000000004 8822.0000000000018 1935.5000000000002 9631.0000000000018 4977.5000000000009 5710.5000000000009 1995.5000000000002 1938.5000000000002 1745126.0284832132 4493.5000000000009 3209584788.3931065 6000.5000000000009 1296072.9129802992 1998.5000000000002 659749.2343736469 656916.13163539825 698334.10713997215 3277.0000000000005
decision_type=2 2 2 2 2 2 2 2 2 2 2 2 2 2 2 2 2 2 2
left_child=1 2 3 -1 -4 17 -5 -8 18 10 -10 -12 13 14 15 -2 -17 -6 -3
right_child=12 8 4 6 5 -7 7 -9 9 -11 11 -13 -14 -15 -16 16 -18 -19 -20
leaf_value=0.0036467308022377154 -0.0045678827411029486 -0.0039496328722452749 0.0054897936061024666 0.0013610858228180166 0.0010503121640067549 -0.0016829378201509825 -0.0035683496151028612 0.0012340232463008383 -0.0040514682356098839 0.0032014711262573579 0.00066648523524318916 -0.0031816671826792038 0.0014672112428732883 -0.0044550562654400152 0.0016146586684044452 0.00031080880992491038 -0.0029537104683752618 0.0044480793493696389 -0.0012188457293086687
leaf_weight=41 40 40 46 76 40 40 82 41 44 55 253 55 49 42 64 94 61 45 40
leaf_count=41 40 40 46 76 40 40 82 41 44 55 253 55 49 42 64 94 61 45 40
internal_value=-9.8167e-05 0.000248379 0.00106652 4.56199e-05 0.00249935 0.00139887 -0.000696318 -0.00196756 -0.000442082 -2.10187e-05 -0.000524533 -2.06848e-05 -0.000987304 -0.00138688 -0.000889334 -0.00171116 -0.000973937 0.00284913 -0.00258424
internal_weight=1248 898 411 240 171 125 199 123 487 407 352 308 350 301 259 195 155 85 80
internal_count=1248 898 411 240 171 125 199 123 487 407 352 308 350 301 259 195 155 85 80
is_linear=0
shrinkage=0.05


Tree=460
num_leaves=17
num_cat=1
split_feature=9 1 9 1 4 8 2 9 9 9 8 10 8 9 9 8
split_gain=0.108265 0.226706 0.156606 0.328991 0.134986 0.127937 0.18929 0.235836 0.196753 0.180707 0.511194 0.114537 0.0952806 0.168446 0.150931 0.0723406
threshold=1932.5000000000002 673270.56667703239 1950.5000000000002 1074979.9535577933 0 1.7500000000000002 692237.45421809389 1989.5000000000002 1983.5000000000002 1962.5000000000002 3.2500000000000004 1058.2500000000002 2.7500000000000004 2005.5000000000002 1971.5000000000002 3.2500000000000004
decision_type=2 2 2 2 1 2 2 2 2 2 2 2 2 2 2 2
left_child=1 -1 3 4 15 6 7 -4 -8 10 -7 -3 13 -11 -14 -2
right_child=2 11 5 -5 -6 9 8 -9 -10 12 -12 -13 14 -15 -16 -17
leaf_value=0.0017875336376075612 0.00013993137462593212 -0.0038182791325795866 0.0053121051964032037 0.0049968247287648006 0.0022879777046350335 0.001619350552818803 -0.0028103117922840355 9.6990591239022182e-05 0.001360167584273093 -0.0022610476254947358 -0.0054990198337243959 -0.0006471432319813176 0.0026544826799163633 0.0014472369288474822 -0.00024791256033178957 -0.0024992400986957367
leaf_weight=41 74 70 41 45 52 43 52 46 62 121 61 48 51 41 368 40
leaf_count=41 74 70 41 45 52 43 52 46 62 121 61 48 51 41 368 40
internal_value=-0.000196095 -0.00141543 -1.93638e-05 0.00120482 0.000176868 -0.000310902 0.000798269 0.00255469 -0.000542156 -0.000636367 -0.00255585 -0.00252833 -0.000292777 -0.00132253 0.000105362 -0.000786094
internal_weight=1256 159 1097 211 166 886 201 87 114 685 104 118 581 162 419 114
internal_count=1256 159 1097 211 166 886 201 87 114 685 104 118 581 162 419 114
cat_boundaries=0 1
cat_threshold=2
is_linear=0
shrinkage=0.05


Tree=461
num_leaves=15
num_cat=0
split_feature=11 6 10 5 11 5 5 9 9 5 6 11 11 10
split_gain=0.110805 0.202299 0.175851 0.158259 0.35526 0.140947 0.371391 0.170055 0.503163 0.115135 0.159961 0.111369 0.262178 0.0798701
threshold=1330165967.3837106 4048.0000000000005 648.71428571428589 1645.5000000000002 698778025.18448842 3950.5000000000005 3700.5000000000005 2007.5000000000002 1990.5000000000002 4184.0000000000009 6487.0000000000009 10296873943.737831 8532879060.3654881 578.40000000000009
decision_type=2 2 2 2 2 2 2 2 2 2 2 2 2 2
left_child=1 -1 3 4 -3 6 7 8 13 -7 -11 12 -12 -2
right_child=5 2 -4 -5 -6 9 -8 -9 -10 10 11 -13 -14 -15
leaf_value=-0.001819696593671464 -0.0024055189983702677 -0.0007127385306133268 0.0038064579589461738 -0.0011795363714918496 0.0051276433488490758 0.0024035213692210774 -0.0048673153214622289 -0.0033999379196514683 0.003783105864870147 0.0027979769655281589 -0.0002202305494392931 0.0020016713076688049 -0.0041086295222844552 -0.00047727210554652496
leaf_weight=65 86 60 55 75 46 48 58 45 65 42 376 43 49 143
leaf_count=65 86 60 55 75 46 48 58 45 65 42 376 43 49 143
internal_value=-0.00018629 0.000650222 0.0013305 0.000578133 0.00182177 -0.000449945 -0.00117009 -0.000537522 -9.93968e-05 6.24129e-05 -0.000157927 -0.0004232 -0.00066854 -0.00120142
internal_weight=1256 301 236 181 106 955 397 339 294 558 510 468 425 229
internal_count=1256 301 236 181 106 955 397 339 294 558 510 468 425 229
is_linear=0
shrinkage=0.05


Tree=462
num_leaves=17
num_cat=0
split_feature=11 6 10 5 11 5 5 11 9 2 6 5 6 9 7 1
split_gain=0.100001 0.182575 0.158705 0.142829 0.320622 0.127204 0.335181 0.160552 0.218497 0.217 0.146062 0.10391 0.144365 0.102023 0.168751 0.0982317
threshold=1330165967.3837106 4048.0000000000005 648.71428571428589 1645.5000000000002 698778025.18448842 3950.5000000000005 3700.5000000000005 1995210395.6649454 1990.5000000000002 710202.25717015762 10295.500000000002 4184.0000000000009 6487.0000000000009 1931.5000000000002 6.5000000000000009 653356.44379716844
decision_type=2 2 2 2 2 2 2 2 2 2 2 2 2 2 2 2
left_child=1 -1 3 4 -3 6 7 9 10 15 -9 -7 -13 -14 -15 -2
right_child=5 2 -4 -5 -6 11 -8 8 -10 -11 -12 12 13 14 -16 -17
leaf_value=-0.0017287117450569683 0.0013393940438011973 -0.00067710162101623913 0.0036161350611258638 -0.001120559689278404 0.0048712612615655305 0.0022833452763734385 -0.0046239495527296299 -0.0022880052449181679 0.0033640302309090745 -0.0043901208585642362 0.0015574838834994766 0.0026580780988470429 -0.0023271282104239312 -0.00055347318453351517 0.0022606533059539896 -0.0014561212624187817
leaf_weight=65 48 60 55 75 46 48 58 58 51 48 43 42 60 345 63 91
leaf_count=65 48 60 55 75 46 48 58 58 51 48 43 42 60 345 63 91
internal_value=-0.000176976 0.000617711 0.00126397 0.000549226 0.00173068 -0.000427448 -0.00111158 -0.000510646 0.00069627 -0.00149167 -0.000650817 5.92922e-05 -0.00015003 -0.00040204 -0.000118939 -0.000490763
internal_weight=1256 301 236 181 106 955 397 339 152 187 101 558 510 468 408 139
internal_count=1256 301 236 181 106 955 397 339 152 187 101 558 510 468 408 139
is_linear=0
shrinkage=0.05


Tree=463
num_leaves=15
num_cat=1
split_feature=11 10 8 10 2 10 4 9 7 9 10 10 11 7
split_gain=0.0902511 0.139 0.149515 0.329532 0.297765 0.11414 0.396642 0.120751 0.144237 0.128746 0.324682 0.225975 0.126732 0.119565
threshold=1330165967.3837106 706.13095238095252 3.2500000000000004 299.75000000000006 673725.02180245274 534.21428571428589 0 1931.5000000000002 6.5000000000000009 2000.5000000000002 973.75000000000011 945.62500000000011 3583509871.5321479 3.5000000000000004
decision_type=2 2 2 2 2 2 1 2 2 2 2 2 2 2
left_child=1 2 4 -4 -1 6 -2 13 9 10 -9 -11 -10 -7
right_child=5 -3 3 -5 -6 7 -8 8 12 11 -12 -13 -14 -15
leaf_value=0.0045461544593752819 -0.0048431306647086919 0.002468702485281471 0.001987607395548889 -0.0034097558635116467 -0.00080089302183213571 -0.003471929149016879 0.0012838039950001986 -0.0017619483318605418 -5.0152845991154521e-06 0.00122953481040895 0.0010229908137934219 -0.0026969650250720681 0.0038565521285500986 -8.0637888544622584e-05
leaf_weight=43 56 74 47 71 66 53 50 151 42 54 341 114 43 51
leaf_count=43 56 74 47 71 66 53 50 151 42 54 341 114 43 51
internal_value=-0.000168127 0.000586826 -2.66494e-05 -0.00125996 0.00130849 -0.000406076 -0.00195307 -0.000212929 9.8626e-06 -0.000239808 0.000168264 -0.00143488 0.00194848 -0.00180889
internal_weight=1256 301 227 118 109 955 106 849 745 660 492 168 85 104
internal_count=1256 301 227 118 109 955 106 849 745 660 492 168 85 104
cat_boundaries=0 1
cat_threshold=2
is_linear=0
shrinkage=0.05


Tree=464
num_leaves=15
num_cat=0
split_feature=11 10 8 10 2 10 9 7 8 11 11 7 11 10
split_gain=0.0814516 0.125447 0.134937 0.297403 0.268733 0.103011 0.108978 0.130174 0.121349 0.175053 0.114376 0.107907 0.102831 0.0730721
threshold=1330165967.3837106 706.13095238095252 3.2500000000000004 299.75000000000006 673725.02180245274 534.21428571428589 1931.5000000000002 6.5000000000000009 1.2500000000000002 1718228825.2549708 3583509871.5321479 3.5000000000000004 2819518946.5641532 441.00000000000006
decision_type=2 2 2 2 2 2 2 2 2 2 2 2 2 2
left_child=1 2 4 -4 -1 13 11 8 12 -10 -9 -7 -8 -2
right_child=5 -3 3 -5 -6 6 7 10 9 -11 -12 -13 -14 -15
leaf_value=0.0043188467881707261 -0.00077084605489665314 0.0023452673377972601 0.0018882270558103127 -0.0032392681887845548 -0.00076084838277011211 -0.0032983327222952867 0.0033001310236397243 -4.7645368058944036e-06 -0.0033745781828959788 -0.00022131890101898639 0.0036637245402617253 -7.6605966451632633e-05 -0.00024216342972067651 -0.0034444316339050964
leaf_weight=43 63 74 47 71 66 53 42 42 48 530 43 51 40 43
leaf_count=43 63 74 47 71 66 53 42 42 48 530 43 51 40 43
internal_value=-0.000159721 0.000557484 -2.5317e-05 -0.00119696 0.00124307 -0.000385772 -0.000202283 9.36945e-06 -0.000227818 -0.000483181 0.00185106 -0.00171845 0.00157218 -0.00185541
internal_weight=1256 301 227 118 109 955 849 745 660 578 85 104 82 106
internal_count=1256 301 227 118 109 955 849 745 660 578 85 104 82 106
is_linear=0
shrinkage=0.05


Tree=465
num_leaves=15
num_cat=0
split_feature=6 5 5 10 9 8 6 6 6 5 6 6 2 6
split_gain=0.148334 0.277074 0.187389 0.221625 0.189569 0.242597 0.151206 0.242064 0.143638 0.254034 0.472041 0.178211 0.233109 0.157046
threshold=4585.5000000000009 2168.5000000000005 4059.5000000000005 711.2261904761906 1928.5000000000002 4.7500000000000009 12960.000000000002 11422.500000000002 11376.500000000002 5037.0000000000009 8487.5000000000018 12214.500000000002 706590.53824524849 9047.5000000000018
decision_type=2 2 2 2 2 2 2 2 2 2 2 2 2 2
left_child=1 -1 4 -4 -2 6 7 -6 9 10 -5 -10 -13 -11
right_child=2 -3 3 8 5 -7 -8 -9 11 13 -12 12 -14 -15
leaf_value=0.00030899986218976079 0.0038098399713759295 -0.0046834509953499791 -0.0041044938098639258 -0.00016886668490769809 -3.4396277917773681e-05 0.0036215010792927517 -0.0018559522020536229 0.0031022035279311242 -0.0040692901712775769 0.00058512066167642606 0.0067551220816676506 -0.0022689645089485565 0.0011399598509888166 -0.0027029071748256688
leaf_weight=68 47 47 40 64 342 56 79 75 42 92 40 96 105 60
leaf_count=68 47 47 40 64 342 56 79 75 42 92 40 96 105 60
internal_value=-2.00501e-05 -0.00173139 0.000152889 -0.000523489 0.000761516 0.000501967 0.000149761 0.00052974 -0.000236435 0.000590055 0.00249421 -0.00110714 -0.000488183 -0.000712785
internal_weight=1253 115 1138 539 599 552 496 417 499 256 104 243 201 152
internal_count=1253 115 1138 539 599 552 496 417 499 256 104 243 201 152
is_linear=0
shrinkage=0.05


Tree=466
num_leaves=14
num_cat=0
split_feature=6 7 5 8 6 2 1 5 1 5 5 11 5
split_gain=0.133871 0.419574 0.169118 0.150884 0.143399 0.396826 0.254239 0.126614 0.108997 0.07218 0.079313 0.153341 0.126877
threshold=4585.5000000000009 4.5000000000000009 4059.5000000000005 4.7500000000000009 12960.000000000002 1250500.3859040069 810769.61929734773 4268.0000000000009 696594.67995976855 4508.0000000000009 5963.5000000000009 3809885249.7706304 5756.5000000000009
decision_type=2 2 2 2 2 2 2 2 2 2 2 2 2
left_child=1 -1 3 4 5 6 -2 -4 -6 -9 12 -12 -11
right_child=2 -3 7 -5 8 -7 -8 9 -10 10 11 -13 -14
leaf_value=0.00073268731373926296 0.00070965670093925794 -0.0054812612670833592 -0.0030060860788976049 0.0030588847615065115 -0.00311636979226023 -0.0038176803899529787 0.0039828483814037304 0.0013620311202491092 0.00044755169173430018 -0.0004941093200283253 -0.00078354348054706638 0.0029999033672475192 -0.0033858802820428864
leaf_weight=71 337 44 46 62 45 42 72 60 41 275 71 43 44
leaf_count=71 337 44 46 62 45 42 72 60 41 275 71 43 44
internal_value=-1.90476e-05 -0.00164482 0.000145244 0.00072344 0.000453798 0.000810592 0.00128587 -0.000497315 -0.00141729 -0.000263231 -0.00048844 0.000643546 -0.000892974
internal_weight=1253 115 1138 599 537 451 409 539 86 493 433 114 319
internal_count=1253 115 1138 599 537 451 409 539 86 493 433 114 319
is_linear=0
shrinkage=0.05


Tree=467
num_leaves=15
num_cat=0
split_feature=6 7 10 5 8 1 10 6 10 5 5 6 1 9
split_gain=0.120819 0.378665 0.156772 0.294408 0.430883 0.346327 0.209258 0.0973253 0.133435 0.15981 0.130152 0.221991 0.152723 0.0670855
threshold=4585.5000000000009 4.5000000000000009 564.07142857142867 1783.5000000000002 3.2500000000000004 675981.14024048846 616.19642857142867 12852.500000000002 690.00000000000011 3174.0000000000005 4950.0000000000009 15697.000000000002 717980.47789738665 1972.5000000000002
decision_type=2 2 2 2 2 2 2 2 2 2 2 2 2 2
left_child=1 -1 3 5 -5 -2 -4 8 -8 -10 12 -12 -9 -7
right_child=2 -3 6 4 -6 13 7 10 9 -11 11 -13 -14 -15
leaf_value=0.00069605293814879905 -0.0042812615233872621 -0.0052071981944953397 -0.0036773961537131454 0.0053961538225160664 -7.6099107640662379e-05 0.0027554630949452987 -0.0020402346125424462 -0.0014180245671137157 0.0023478023852815159 0.00014692135263918285 -0.0039429450876760615 0.0003020139795058129 0.0022443893070290375 -4.432250533010001e-05
leaf_weight=71 42 44 41 74 70 40 54 59 102 431 67 57 55 46
leaf_count=71 42 44 41 74 70 40 54 59 102 431 67 57 55 46
internal_value=-1.80952e-05 -0.00156258 0.000137982 0.00118513 0.00273603 -0.000559635 -0.000190914 -1.76464e-05 0.000328154 0.000568103 -0.000870523 -0.00199163 0.000348929 0.0012579
internal_weight=1253 115 1138 272 144 128 866 825 587 533 238 124 114 86
internal_count=1253 115 1138 272 144 128 866 825 587 533 238 124 114 86
is_linear=0
shrinkage=0.05


Tree=468
num_leaves=14
num_cat=1
split_feature=6 7 10 5 8 1 10 4 12 12 5 10 12
split_gain=0.109039 0.341746 0.141487 0.265703 0.388872 0.31256 0.188856 0.092627 0.361955 0.316722 0.205269 0.198865 0.0605447
threshold=4585.5000000000009 4.5000000000000009 564.07142857142867 1783.5000000000002 3.2500000000000004 675981.14024048846 616.19642857142867 0 15.500000000000002 27.500000000000004 3463.5000000000005 916.80000000000007 51.500000000000007
decision_type=2 2 2 2 2 2 2 1 2 2 2 2 2
left_child=1 -1 3 5 -5 -2 -4 8 -8 -10 -9 -12 -7
right_child=2 -3 6 4 -6 12 7 10 9 -11 11 -13 -14
leaf_value=0.0006612502523815968 -0.0040671984942275141 -0.0049468383513158187 -0.0034935263053673068 0.0051263461169484704 -7.2294162819162012e-05 -4.2106417316497995e-05 0.003797839466321474 -0.0030123393942780591 -0.0034977720437260971 0.00041265834469216386 -0.0025240024522152115 0.00080542744088788485 0.002617689906328451
leaf_weight=71 42 44 41 74 70 46 68 73 60 378 59 187 40
leaf_count=71 42 44 41 74 70 46 68 73 60 378 59 187 40
internal_value=-1.71905e-05 -0.00148445 0.000131083 0.00112587 0.00259923 -0.000531653 -0.000181368 -1.67641e-05 0.000403896 -0.000123017 -0.000684019 6.90564e-06 0.00119501
internal_weight=1253 115 1138 272 144 128 866 825 506 438 319 246 86
internal_count=1253 115 1138 272 144 128 866 825 506 438 319 246 86
cat_boundaries=0 1
cat_threshold=2
is_linear=0
shrinkage=0.05


Tree=469
num_leaves=13
num_cat=0
split_feature=9 8 9 5 9 5 8 5 5 5 11 2
split_gain=0.10541 0.106544 0.203012 0.24367 0.20241 0.407309 0.221803 0.183978 0.201969 0.122408 0.13086 0.0779135
threshold=2019.5000000000002 1.2500000000000002 1952.5000000000002 3305.5000000000005 1950.5000000000002 2135.0000000000005 1.7500000000000002 3487.5000000000005 4184.0000000000009 1417.0000000000002 8532879060.3654881 695322.11860512674
decision_type=2 2 2 2 2 2 2 2 2 2 2 2
left_child=1 2 -1 -4 5 -3 11 -7 -9 -8 -11 -6
right_child=-2 4 3 -5 6 7 9 8 -10 10 -12 -13
leaf_value=-0.003668474779335846 0.0023597530316975383 0.0045355808485866246 0.0029113590307090257 -0.0022786652532700755 0.003390330443455076 -0.0021196337513174515 -0.0025534905104962757 0.004133541923365556 8.4940391618364456e-05 -0.00023016468481527652 -0.0030111610322542813 0.00058958758395818772
leaf_weight=58 45 69 42 49 44 64 79 40 134 526 46 57
leaf_count=58 45 69 42 49 44 64 79 40 134 526 46 57
internal_value=-1.6331e-05 -0.000104844 -0.00135671 0.000116731 7.12913e-05 0.00115317 -0.000370379 0.000172551 0.00101565 -0.000708611 -0.000453811 0.00180971
internal_weight=1253 1208 149 91 1059 307 752 238 174 651 572 101
internal_count=1253 1208 149 91 1059 307 752 238 174 651 572 101
is_linear=0
shrinkage=0.05


Tree=470
num_leaves=17
num_cat=0
split_feature=9 6 8 10 8 10 5 10 9 1 2 1 9 7 5 9
split_gain=0.112912 0.192372 0.444707 0.115443 0.21811 0.186955 0.369693 0.173778 0.256875 0.135538 0.124724 0.10925 0.220207 0.218805 0.154013 0.12852
threshold=1931.5000000000002 11883.000000000002 2.7500000000000004 690.00000000000011 1.2500000000000002 441.00000000000006 2742.5000000000005 328.07142857142861 1972.5000000000002 811997.56703822489 604586.97028495732 737853.27408856654 2007.5000000000002 5.5000000000000009 3019.0000000000005 1981.5000000000002
decision_type=2 2 2 2 2 2 2 2 2 2 2 2 2 2 2 2
left_child=1 2 -1 4 -2 7 -7 8 -6 -8 -5 12 14 15 -12 -13
right_child=3 -3 -4 10 5 6 9 -9 -10 -11 11 13 -14 -15 -16 -17
leaf_value=0.0010546419495464459 -0.0033757098820286855 0.0014405871292686419 -0.0055890445621631481 0.0029120277272470831 0.0026419968367621931 -0.0045406308331250866 -0.00087818073419233171 0.003002430551995834 -0.0025814420991362289 0.0028433231270173567 0.0014428704950040666 0.0029435033262416258 0.0025119570685974532 -0.0019179997940385796 -0.0012302115447421717 0.00053432321024592967
leaf_weight=48 54 47 53 56 43 54 63 75 52 40 69 124 67 46 246 100
leaf_count=48 54 47 53 56 43 54 63 75 52 40 69 124 67 46 246 100
internal_value=9.3847e-05 -0.00120195 -0.00243165 0.000269952 -0.000431815 5.43322e-05 -0.00118972 0.00120325 -0.000217149 0.000567063 0.000647598 0.000453107 -9.10284e-05 0.00122296 -0.000644679 0.00186798
internal_weight=1237 148 101 1089 381 327 157 170 95 103 708 652 382 270 315 224
internal_count=1237 148 101 1089 381 327 157 170 95 103 708 652 382 270 315 224
is_linear=0
shrinkage=0.05


Tree=471
num_leaves=15
num_cat=0
split_feature=9 2 8 11 0 2 0 6 10 11 11 9 9 2
split_gain=0.101903 0.177757 0.194545 0.113515 0.289899 0.284005 0.230001 0.203297 0.169229 0.161257 0.120372 0.13784 0.361789 0.245107
threshold=1931.5000000000002 675591.77005089482 2.7500000000000004 1439639600.1146455 559558.65844934701 723410.77324754675 548453.68116028118 7106.0000000000009 402.25000000000006 1699728414.6997728 1916696999.7866015 1948.5000000000002 1955.5000000000002 1074979.9535577933
decision_type=2 2 2 2 2 2 2 2 2 2 2 2 2 2
left_child=1 -1 -3 4 6 7 8 -6 -2 -5 -11 13 -13 -12
right_child=3 2 -4 9 5 -7 -8 -9 -10 10 11 12 -14 -15
leaf_value=0.0013211908390298867 0.0017957153603095901 -7.6248769376737388e-05 -0.0045112336451625995 0.0032011729708217363 -0.0013865789084087649 0.00092363105802279388 0.0035086770723056467 -0.0062042384755183408 -0.002331948794195788 -0.0020237218910514622 0.00058047820047865955 -0.0043241392752927984 0.00055298944634722214 0.0052610818459652361
leaf_weight=49 44 48 51 54 41 45 54 47 57 49 93 41 524 40
leaf_count=49 44 48 51 54 41 45 54 47 57 49 93 41 524 40
internal_value=8.91547e-05 -0.00114185 -0.00236094 0.000256454 -0.000594884 -0.00230741 0.000874574 -0.00395965 -0.000533758 0.000562554 0.00037181 0.000539978 0.000199074 0.00198818
internal_weight=1237 148 99 1089 288 133 155 88 101 801 747 698 565 133
internal_count=1237 148 99 1089 288 133 155 88 101 801 747 698 565 133
is_linear=0
shrinkage=0.05


Tree=472
num_leaves=16
num_cat=1
split_feature=9 0 9 9 2 8 9 9 11 11 11 4 9 9 0
split_gain=0.0997201 0.148542 0.154206 0.138796 0.136997 0.17274 0.156611 0.196518 0.146192 0.218966 0.200508 0.192619 0.151824 0.111316 0.0718212
threshold=1998.5000000000002 711056.75921601092 2017.5000000000002 2011.5000000000002 633691.85660366749 4.7500000000000009 1940.5000000000002 1960.5000000000002 2402615724.763495 2054999846.0136054 8532879060.3654881 0 1928.5000000000002 2010.5000000000002 556708.52547526488
decision_type=2 2 2 2 2 2 2 2 2 2 2 1 2 2 2
left_child=4 2 3 14 6 8 -1 -8 9 11 12 -6 -10 -3 -2
right_child=1 13 -4 -5 5 -7 7 -9 10 -11 -12 -13 -14 -15 -16
leaf_value=0.00388398103765212 0.00130852214071307 0.0044196925461725441 -0.0023021728377694227 0.0034102196640494031 0.0008975007178167395 -0.0027868143184451573 -0.0023796329560520301 0.0018507181998495372 -0.0019370465574320408 -0.00372495322432466 -0.0019783622834464195 -0.001860263114834889 0.0013489593952043175 0.00089932852721911799 -0.0012134502461212207
leaf_weight=40 55 43 49 41 138 71 44 73 40 60 71 117 290 47 58
leaf_count=40 55 43 49 41 138 71 44 73 40 60 71 117 290 47 58
internal_value=8.46969e-05 0.0008905 0.000140892 0.000918231 -0.000165409 -0.00043444 0.00118317 0.000259817 -0.000201174 -0.00100728 0.000432051 -0.000367826 0.000950656 0.00258128 1.40584e-05
internal_weight=1237 293 203 154 944 787 157 117 716 315 401 255 330 90 113
internal_count=1237 293 203 154 944 787 157 117 716 315 401 255 330 90 113
cat_boundaries=0 1
cat_threshold=2
is_linear=0
shrinkage=0.05


Tree=473
num_leaves=12
num_cat=0
split_feature=11 2 11 5 11 9 9 10 1 10 10
split_gain=0.0926669 0.184226 0.126424 0.117638 0.228382 0.140518 0.129374 0.143742 0.172786 0.114985 0.103818
threshold=698778025.18448842 679627.29004813975 893374518.47858465 2514.0000000000005 1662849694.6577392 1931.5000000000002 1938.5000000000002 933.29166666666686 708849.74897787033 1216.2 590.70833333333337
decision_type=2 2 2 2 2 2 2 2 2 2 2
left_child=1 -1 -2 6 -5 9 -4 8 -8 -6 -7
right_child=2 -3 3 4 5 10 7 -9 -10 -11 -12
leaf_value=0.00060511526195720466 0.002539346021049741 -0.0039893626095727089 -0.003477833816702137 0.0032702150187575289 -0.0034462848626215883 -0.0015961841107421226 -0.0013312121285508349 -0.0030199761920084714 0.002145602133324636 7.0160285711450422e-05 0.0005447645474323425
leaf_weight=48 55 40 41 62 47 62 73 40 70 46 653
leaf_count=48 55 40 41 62 47 62 73 40 70 46 653
internal_value=8.04621e-05 -0.00148328 0.000200227 8.26294e-05 0.000345716 0.000121312 -0.000939181 -0.000370412 0.000370725 -0.00170697 0.000359116
internal_weight=1237 88 1149 1094 870 808 224 183 143 93 715
internal_count=1237 88 1149 1094 870 808 224 183 143 93 715
is_linear=0
shrinkage=0.05


Tree=474
num_leaves=15
num_cat=0
split_feature=9 0 9 9 9 9 2 9 9 9 5 5 5 5
split_gain=0.0881432 0.135882 0.173426 0.17088 0.141664 0.128521 0.0949843 0.228946 0.189193 0.163733 0.23084 0.0933679 0.312029 0.283163
threshold=1998.5000000000002 623747.9242224826 2017.5000000000002 2007.5000000000002 2007.5000000000002 1993.5000000000002 647728.45187070419 1940.5000000000002 1960.5000000000002 1932.5000000000002 3506.0000000000005 3823.0000000000005 2891.5000000000005 4302.5000000000009
decision_type=2 2 2 2 2 2 2 2 2 2 2 2 2 2
left_child=5 2 4 -3 -2 6 7 -1 -9 10 -8 12 -11 -13
right_child=1 3 -4 -5 -6 -7 9 8 -10 11 -12 13 -14 -15
leaf_value=0.0039260787302533131 -0.00082615810131435015 0.00476963296504237 -0.0029226402274798603 0.00072576733057050868 0.0023561582097196762 -0.0025750105217761865 -0.0041533980060679222 -0.0023776517715305093 0.0015358919063834726 -0.00044787445385549124 0.00018003516297395683 -0.0034686508301932082 0.0030253030053704749 0.00025664687540798685
leaf_weight=49 68 41 40 72 72 52 60 53 74 194 63 65 97 237
leaf_count=49 68 41 40 72 72 52 60 53 74 194 63 65 97 237
internal_value=7.6439e-05 0.000834025 -1.91165e-05 0.00219301 0.000810462 -0.000158701 -1.78404e-05 0.00102283 -9.73192e-05 -0.000273648 -0.00193383 7.07078e-05 0.000709851 -0.000545156
internal_weight=1237 293 180 113 140 944 892 176 127 716 123 593 291 302
internal_count=1237 293 180 113 140 944 892 176 127 716 123 593 291 302
is_linear=0
shrinkage=0.05


Tree=475
num_leaves=16
num_cat=0
split_feature=9 11 10 11 11 11 9 6 9 2 7 7 2 9 2
split_gain=0.206449 0.230316 0.201796 0.165277 0.137891 0.163261 0.334242 0.218837 0.116734 0.173136 0.153023 0.1655 0.363106 0.138882 0.108336
threshold=1973.5000000000002 772098445.15512359 3044.2500000000005 8532879060.3654881 1148630808.4997418 5576971583.2042608 1941.5000000000002 10295.500000000002 1990.5000000000002 666053.33509908104 1.5000000000000002 4.5000000000000009 680412.83644405415 1981.5000000000002 698334.10713997215
decision_type=2 2 2 2 2 2 2 2 2 2 2 2 2 2 2
left_child=1 -1 4 8 -3 7 -7 -6 9 -2 -10 12 -12 -11 -13
right_child=3 2 -4 -5 5 6 -8 -9 10 13 11 14 -14 -15 -16
leaf_value=0.0032752151995326484 -0.0041993643627502028 -0.0024357900223029513 0.0028194152105910086 -0.0038969934942352392 0.0016398581549824784 -0.0051609452434094264 0.0012235041719111728 -0.00074896229053469932 0.0024235940198996109 0.00086127712651539378 0.0011075637070462109 -0.00071546840426024239 -0.0039499326996191081 -0.0022302132420755258 0.0018637970172434668
leaf_weight=62 50 63 60 43 199 41 41 185 50 68 62 84 83 78 79
leaf_count=62 50 63 60 43 199 41 41 185 50 68 62 84 83 78 79
internal_value=-0.00023932 0.000376516 7.13902e-05 -0.000910861 -0.000240295 5.65207e-05 -0.00196872 0.000488994 -0.000679085 -0.00165999 -0.000142053 -0.000558555 -0.00178742 -0.000790341 0.000534605
internal_weight=1248 651 589 597 529 466 82 384 554 196 358 308 145 146 163
internal_count=1248 651 589 597 529 466 82 384 554 196 358 308 145 146 163
is_linear=0
shrinkage=0.05


Tree=476
num_leaves=21
num_cat=0
split_feature=9 9 1 10 6 9 9 5 5 10 10 5 5 5 0 6 9 9 6 10
split_gain=0.18632 0.150167 0.201114 0.222609 0.231645 0.243809 0.150028 0.222406 0.19873 0.190691 0.142385 0.168219 0.290869 0.249866 0.653501 0.157543 0.210044 0.431015 0.118741 0.0645462
threshold=1973.5000000000002 1992.5000000000002 669203.61322633584 1884.1666666666667 11291.500000000002 1981.5000000000002 1995.5000000000002 2037.5000000000002 2758.0000000000005 738.42857142857144 3044.2500000000005 2963.5000000000005 2424.0000000000005 1645.5000000000002 559558.65844934701 13618.500000000002 1964.5000000000002 1942.5000000000002 7296.5000000000009 1058.2500000000002
decision_type=2 2 2 2 2 2 2 2 2 2 2 2 2 2 2 2 2 2 2 2
left_child=10 2 -2 4 5 -4 -3 -8 -9 -10 11 12 13 14 -1 16 17 -13 -15 -17
right_child=1 6 3 -5 -6 -7 7 8 9 -11 -12 15 -14 18 -16 19 -18 -19 -20 -21
leaf_value=0.0067797161411584875 -0.0048628916943238842 0.0025391601762452792 0.0011831275755312385 -0.0042922378923787282 0.0025135557855166697 -0.0039954665610018895 0.0019360399712775901 -0.0045183051559433808 0.0021351297742667349 -0.0014677536281635099 0.0026784445050482952 -0.0026421875578766366 0.0043662473904313871 0.00023663760499751318 -0.0016622016898264311 -7.2864742904174619e-05 -0.0042493866027697273 0.0017997543654368763 -0.003263795809820294 0.0027327516831730202
leaf_weight=41 45 43 41 43 51 51 68 40 47 168 60 115 54 47 52 41 46 104 50 41
leaf_count=41 45 43 41 43 51 51 68 40 47 168 60 115 54 47 52 41 46 104 50 41
internal_value=-0.000227354 -0.000865318 -0.00186349 -0.00113782 -0.000189295 -0.00168761 -0.000235325 -0.000604684 -0.00128221 -0.000680147 0.000357691 0.000122081 0.00112805 0.000207716 0.0020595 -0.000585284 -0.00117792 -0.000532772 -0.00156771 0.00132994
internal_weight=1248 597 231 186 143 92 366 323 255 215 651 591 244 190 93 347 265 219 97 82
internal_count=1248 597 231 186 143 92 366 323 255 215 651 591 244 190 93 347 265 219 97 82
is_linear=0
shrinkage=0.05


Tree=477
num_leaves=16
num_cat=0
split_feature=9 11 10 11 1 9 1 2 6 0 6 11 1 9 6
split_gain=0.168154 0.185703 0.16418 0.148062 0.130721 0.143213 0.204572 0.180509 0.171296 0.27106 0.126939 0.290116 0.216771 0.0913946 0.0620156
threshold=1973.5000000000002 772098445.15512359 3044.2500000000005 8532879060.3654881 1187518.3577207474 1990.5000000000002 669203.61322633584 729326.24648517405 11628.000000000002 577666.63225903024 13555.500000000002 5576971583.2042608 688091.77602969261 2004.5000000000002 14875.500000000002
decision_type=2 2 2 2 2 2 2 2 2 2 2 2 2 2 2
left_child=1 -1 10 4 5 6 -2 -8 9 -7 11 12 -3 -10 -12
right_child=3 2 -4 -5 -6 8 7 -9 13 -11 14 -13 -14 -15 -16
leaf_value=0.002942668604138758 -0.0050397634051651471 -0.0013981780392208661 0.0025445222575217487 -0.0036483978820141664 0.0018093720297603047 0.000331735669169575 0.00020584879068495789 -0.0037184167932177528 -0.00042299761056400288 -0.0032979383537256185 0.0029577824735315516 -0.0036791027760045836 0.0010277304114286033 0.0025916371783834902 0.00032796131118255508
leaf_weight=62 42 164 60 43 51 138 92 43 41 82 40 64 210 65 51
leaf_count=62 42 164 60 43 51 138 92 43 41 82 40 64 210 65 51
internal_value=-0.000215987 0.000339806 6.58205e-05 -0.000822052 -0.000602678 -0.00084724 -0.00199223 -0.0010441 -0.000225576 -0.00102114 -0.000215318 -0.000568357 -3.60369e-05 0.0014256 0.00148393
internal_weight=1248 651 589 597 554 503 177 135 326 220 529 438 374 106 91
internal_count=1248 651 589 597 554 503 177 135 326 220 529 438 374 106 91
is_linear=0
shrinkage=0.05


Tree=478
num_leaves=21
num_cat=0
split_feature=9 9 1 10 6 9 2 0 0 2 9 10 5 6 10 10 9 2 6 6
split_gain=0.151759 0.12307 0.163097 0.199319 0.207946 0.220417 0.153748 0.199348 0.201829 0.224683 0.121272 0.182727 0.3186 0.222577 0.776911 0.311115 0.152266 0.220146 0.163145 0.291437
threshold=1973.5000000000002 1992.5000000000002 669203.61322633584 1884.1666666666667 11291.500000000002 1981.5000000000002 1162692.8781822992 819663.42659956194 577666.63225903024 633691.85660366749 1944.5000000000002 334.29761904761909 2168.5000000000005 10428.500000000002 900.21428571428589 1320.5000000000002 1939.5000000000002 647728.45187070419 12390.500000000002 8183.0000000000009
decision_type=2 2 2 2 2 2 2 2 2 2 2 2 2 2 2 2 2 2 2 2
left_child=10 2 -2 4 5 -4 7 8 9 -3 16 -12 -13 15 -15 -14 17 -1 19 -19
right_child=1 6 3 -5 -6 -7 -8 -9 -10 -11 11 12 13 14 -16 -17 -18 18 -20 -21
leaf_value=0.0030880937276750197 -0.0043856639311545429 -0.002356215125159817 0.001176390279561463 -0.0040159410515496893 0.0024273005969382001 -0.0037475122942351828 -0.0028171736575967193 0.0031246305947020955 -0.0025864463865642169 0.0015057264062407841 0.0041374983754940333 -0.0032446640007386105 0.0043651326807357081 -0.0055555600848876778 0.0026205038998230565 -0.00069921582547502351 -0.0029934395257441796 0.00054818632503922447 0.0014997558465467827 -0.0039752269097701161
leaf_weight=49 45 51 41 43 51 51 49 49 73 144 40 47 89 45 82 46 48 76 62 67
leaf_count=49 45 51 41 43 51 51 49 49 73 144 40 47 89 45 82 46 48 76 62 67
internal_value=-0.000205187 -0.000780949 -0.00168459 -0.0010311 -0.000133558 -0.00155316 -0.000210622 0.000192284 -0.000343854 0.00049568 0.000322816 0.000957635 0.000546003 0.00122601 -0.000276527 0.0026395 -0.0004108 7.72575e-05 -0.000642406 -0.00157118
internal_weight=1248 597 231 186 143 92 366 317 268 195 651 349 309 262 127 135 302 254 205 143
internal_count=1248 597 231 186 143 92 366 317 268 195 651 349 309 262 127 135 302 254 205 143
is_linear=0
shrinkage=0.05


Tree=479
num_leaves=16
num_cat=0
split_feature=12 11 10 11 1 12 1 11 6 11 6 11 2 12 6
split_gain=0.136962 0.161768 0.145876 0.131204 0.123649 0.115769 0.168496 0.174677 0.153868 0.206942 0.115061 0.260597 0.194805 0.0803325 0.0581774
threshold=50.500000000000007 772098445.15512359 3044.2500000000005 8532879060.3654881 1187518.3577207474 33.500000000000007 669203.61322633584 2373671050.3539023 11628.000000000002 1156969962.7335804 13555.500000000002 5576971583.2042608 688091.77602969261 19.500000000000004 14875.500000000002
decision_type=2 2 2 2 2 2 2 2 2 2 2 2 2 2 2
left_child=3 -2 10 4 5 8 -7 -8 9 -1 11 12 -3 -10 -12
right_child=1 2 -4 -5 -6 6 7 -9 13 -11 14 -13 -14 -15 -16
leaf_value=0.0017203619825994357 0.0027360133383603348 -0.0013024565011549455 0.0023874068997489909 -0.0034024869709080741 0.0018105037711268546 -0.004568492086227274 0.00064244968663459945 -0.002983506393650452 0.0024438079680280333 -0.0018429590424197358 0.0028312574641313408 -0.0034984101090230982 0.00099044516103387607 -0.00038250269717536871 0.00028411745020717966
leaf_weight=54 62 169 60 43 51 42 76 59 65 166 40 64 205 41 51
leaf_count=54 62 169 60 43 51 42 76 59 65 166 40 64 205 41 51
internal_value=-0.000194928 0.000306675 5.09551e-05 -0.000741902 -0.000535394 -0.000773249 -0.0018027 -0.000942227 -0.000214315 -0.000968326 -0.000214049 -0.000550165 -4.56521e-05 0.00135061 0.00140374
internal_weight=1248 651 589 597 554 503 177 135 326 220 529 438 374 106 91
internal_count=1248 651 589 597 554 503 177 135 326 220 529 438 374 106 91
is_linear=0
shrinkage=0.05


Tree=480
num_leaves=11
num_cat=0
split_feature=10 1 11 0 9 0 9 9 1 1
split_gain=0.140597 0.172471 0.181174 0.161601 0.158169 0.160335 0.128353 0.154972 0.124834 0.176746
threshold=187.90476190476193 674719.12140738976 827639247.99359941 559558.65844934701 1949.5000000000002 527730.26579940575 1924.5000000000002 1930.5000000000002 675981.14024048846 679627.29004813975
decision_type=2 2 2 2 2 2 2 2 2 2
left_child=-1 2 -2 4 -4 -6 -3 -8 -9 -10
right_child=1 6 3 -5 5 -7 7 8 9 -11
leaf_value=-0.0027682956130731674 0.0043325608658778955 -0.0028402954941009022 0.0020937276260358179 0.0033913719913664653 0.00068148218982113425 -0.002603183618295148 0.002578024945841259 -0.0029361130700272043 0.0026871601374026527 -0.00027928716769652027
leaf_weight=42 40 43 72 47 85 66 53 40 54 716
leaf_count=42 40 43 72 47 85 66 53 40 54 716
internal_value=7.59045e-05 0.000174142 0.00119213 0.000726884 0.000165311 -0.0007542 -0.000174178 -4.13351e-05 -0.000212725 -7.12506e-05
internal_weight=1258 1216 310 270 223 151 906 863 810 770
internal_count=1258 1216 310 270 223 151 906 863 810 770
is_linear=0
shrinkage=0.05


Tree=481
num_leaves=12
num_cat=0
split_feature=10 1 9 7 1 9 9 9 10 10 2
split_gain=0.126889 0.155655 0.138624 0.169407 0.181454 0.196433 0.115838 0.139862 0.124092 0.1788 0.0348701
threshold=187.90476190476193 674719.12140738976 1938.5000000000002 2.5000000000000004 647728.45187070419 1984.5000000000002 1924.5000000000002 1930.5000000000002 346.05000000000007 1424.5833333333337 653356.44379716844
decision_type=2 2 2 2 2 2 2 2 2 2 2
left_child=-1 2 -2 -4 5 -5 -3 -8 -9 -10 -6
right_child=1 6 3 4 10 -7 7 8 9 -11 -12
leaf_value=-0.0026298808543721124 0.003247172998700051 -0.0026982807922501899 0.0028196533474329046 -0.0035208134544327074 0.0026284447689427109 0.00087136297294384114 0.0024491237438029065 0.0019664930084292761 -0.00092222746828768019 0.00071930552908123634 0.00055344982189126318
leaf_weight=42 62 43 64 57 41 46 53 61 501 248 40
leaf_count=42 62 43 64 57 41 46 53 61 501 248 40
internal_value=7.21093e-05 0.000165435 0.00113253 0.000603864 -0.000166845 -0.00155926 -0.000165469 -3.92683e-05 -0.000202089 -0.000378703 0.00160376
internal_weight=1258 1216 310 248 184 103 906 863 810 749 81
internal_count=1258 1216 310 248 184 103 906 863 810 749 81
is_linear=0
shrinkage=0.05


Tree=482
num_leaves=14
num_cat=0
split_feature=2 11 11 9 9 8 11 7 9 9 8 11 9
split_gain=0.0984513 0.134954 0.223526 0.126147 0.202302 0.116247 0.119787 0.11139 0.224931 0.264493 0.187177 0.170042 0.103474
threshold=673725.02180245274 683611074.48692858 893374518.47858465 2002.5000000000002 1997.5000000000002 2.2500000000000004 3248573015.5349393 6.5000000000000009 1938.5000000000002 1980.5000000000002 3.2500000000000004 1365574114.5564468 1924.5000000000002
decision_type=2 2 2 2 2 2 2 2 2 2 2 2 2
left_child=7 -2 -3 4 12 -5 -7 8 -1 10 -10 -11 -4
right_child=1 2 3 5 -6 6 -8 -9 9 11 -12 -13 -14
leaf_value=0.0038380029087897666 -0.0028429775473499752 0.003539617684749296 -0.0025890045061071473 0.00062347840284928682 0.0034241991039293466 -0.0037068650567792915 -0.00049102826993547243 -0.0015948298679621415 0.00081560424898333584 0.004610168956610006 -0.0031360296547533043 0.00070284099916373443 1.0552495820004437e-05
leaf_weight=61 46 41 41 47 42 67 51 43 58 43 62 79 577
leaf_count=61 46 41 41 47 42 67 51 43 58 43 62 79 577
internal_value=6.85038e-05 -0.000203943 -6.37628e-05 -0.00024284 6.62969e-05 -0.00147939 -0.00231697 0.000786628 0.00112459 0.000440632 -0.00122607 0.00208001 -0.00016191
internal_weight=1258 912 866 825 660 165 118 346 303 242 120 122 618
internal_count=1258 912 866 825 660 165 118 346 303 242 120 122 618
is_linear=0
shrinkage=0.05


Tree=483
num_leaves=8
num_cat=0
split_feature=5 11 11 6 9 6 11
split_gain=0.0986168 0.168676 0.117443 0.146122 0.0936699 0.16914 0.160534
threshold=971.00000000000011 772098445.15512359 979976411.40589082 3951.0000000000005 1934.5000000000002 11241.500000000002 1181196573.9609935
decision_type=2 2 2 2 2 2 2
left_child=-1 -2 -3 -4 5 -5 -6
right_child=1 2 3 4 6 -7 -8
leaf_value=-0.0020457874364131746 0.0024706187377985869 -0.0021090526982480962 0.0030942554294597358 0.0025976203611082446 0.0027963794903223252 -0.00080417780139084387 -0.00033625978186293875
leaf_weight=53 74 62 40 87 43 63 836
leaf_count=53 74 62 40 87 43 63 836
internal_value=6.50786e-05 0.000157922 6.60465e-06 0.000129309 1.40534e-05 0.00116887 -0.000183013
internal_weight=1258 1205 1131 1069 1029 150 879
internal_count=1258 1205 1131 1069 1029 150 879
is_linear=0
shrinkage=0.05


Tree=484
num_leaves=13
num_cat=0
split_feature=2 7 9 9 8 9 9 1 1 9 9 8
split_gain=0.0893106 0.100961 0.198798 0.237839 0.16781 0.166696 0.0969573 0.140192 0.142075 0.16416 0.113163 0.054417
threshold=673725.02180245274 6.5000000000000009 1938.5000000000002 1980.5000000000002 3.2500000000000004 2001.5000000000002 1924.5000000000002 675981.14024048846 679627.29004813975 2006.5000000000002 1930.5000000000002 3.7500000000000004
decision_type=2 2 2 2 2 2 2 2 2 2 2 2
left_child=1 2 -1 4 -4 -5 -2 -8 -9 10 -10 -11
right_child=6 -3 3 5 -6 -7 7 8 9 11 -12 -13
leaf_value=0.0036184748917146301 -0.0024605699245714482 -0.0015214337766993533 0.00077722523208900262 0.0037972981314880836 -0.0029643919365856079 0.00010037105491695306 -0.0028634584102736312 0.0025442436790197261 0.0024999438999220732 -0.00093122524513791392 2.3007780700430438e-05 -0.0030573756529056299
leaf_weight=61 45 43 58 62 62 60 43 54 50 78 593 49
leaf_count=61 45 43 58 62 62 60 43 54 50 78 593 49
internal_value=6.18247e-05 0.0007458 0.00106755 0.000424552 -0.00115594 0.00197914 -0.000197666 -8.02142e-05 6.50279e-05 -0.000108839 0.000215616 -0.00175155
internal_weight=1258 346 303 242 120 122 912 867 824 770 643 127
internal_count=1258 346 303 242 120 122 912 867 824 770 643 127
is_linear=0
shrinkage=0.05


Tree=485
num_leaves=13
num_cat=1
split_feature=6 6 5 2 6 5 5 1 11 3 11 5
split_gain=0.105809 0.138851 0.320426 0.189006 0.170326 0.177389 0.178783 0.137864 0.252456 0.229076 0.277473 0.154061
threshold=6880.5000000000009 15232.500000000002 5254.5000000000009 1371048.4651351552 7783.0000000000009 6088.5000000000009 2106.0000000000005 644066.59999089956 893374518.47858465 0 2848346485.9881806 2368.0000000000005
decision_type=2 2 2 2 2 2 2 2 2 1 2 2
left_child=7 3 -3 4 -2 6 -6 -1 -9 11 -11 -10
right_child=1 2 -4 -5 5 -7 -8 8 9 10 -12 -13
leaf_value=-0.0035533477540593593 0.0029358493642428437 -0.0047262908139104678 0.00087176821629715269 -0.0024317211258985138 -0.0010720127398148179 -0.0025534478273797545 0.0010320310293574862 0.002380951252763182 0.0029538936969801424 -0.00091352690745827184 -0.0059320281601200507 -0.00086693192259534391
leaf_weight=40 74 44 61 53 125 47 525 63 41 71 45 74
leaf_count=40 74 44 61 53 125 47 525 63 41 71 45 74
internal_value=-3.60916e-05 0.000238316 -0.00147409 0.000456522 0.000655066 0.000412916 0.000627407 -0.000799338 -0.000424643 -0.00118981 -0.00263335 0.000455653
internal_weight=1263 929 105 824 771 697 650 334 294 231 116 115
internal_count=1263 929 105 824 771 697 650 334 294 231 116 115
cat_boundaries=0 1
cat_threshold=6
is_linear=0
shrinkage=0.05


Tree=486
num_leaves=19
num_cat=0
split_feature=6 10 9 10 5 7 2 9 0 7 1 5 6 10 1 6 10 2
split_gain=0.0954929 0.138292 0.202155 0.22964 0.29104 0.284299 0.176105 0.1529 0.1418 0.226205 0.124422 0.205377 0.268676 0.257052 0.165702 0.148769 0.120506 0.0872359
threshold=6880.5000000000009 2466.7500000000005 1953.5000000000002 369.91666666666674 2078.0000000000005 3.5000000000000004 866108.93924456649 1977.5000000000002 1745126.0284832132 4.5000000000000009 644066.59999089956 1619.0000000000002 6369.5000000000009 583.41666666666686 710202.25717015762 4048.0000000000005 1166.7500000000002 707133.77038150944
decision_type=2 2 2 2 2 2 2 2 2 2 2 2 2 2 2 2 2 2
left_child=10 2 8 -4 -5 -6 7 -3 9 16 -1 15 13 -13 -15 -12 -2 -11
right_child=1 6 3 4 5 -7 -8 -9 -10 17 11 12 -14 14 -16 -17 -18 -19
leaf_value=-0.0033756804274162281 0.0036750082044353233 -0.0044935627730370948 0.0039957795049442709 -0.003392979113850743 0.003141406846492935 0.00025991732447377605 0.001259021569043398 -0.00057074908874239088 -0.0031714774219005412 -0.00058543437051695665 -0.00040824610041454438 -0.0032293110708091059 -0.004806393898823964 0.0028985694428628082 -0.00086598449541876719 0.0038511687927849578 6.5100569743663079e-05 -0.0034637292567640549
leaf_weight=40 43 46 59 40 119 305 50 54 46 77 41 53 42 57 60 41 50 40
leaf_count=40 43 46 59 40 119 305 50 54 46 77 41 53 42 57 60 41 50 40
internal_value=-3.4287e-05 0.0002264 0.000494093 0.00105762 0.000684015 0.00106864 -0.00116382 -0.00237524 -0.000657169 -0.000106415 -0.000759371 -0.000403411 -0.0012253 -0.000340554 0.000968029 0.00172146 0.0017342 -0.00156947
internal_weight=1263 929 779 523 464 424 150 100 256 210 334 294 212 170 117 82 93 117
internal_count=1263 929 779 523 464 424 150 100 256 210 334 294 212 170 117 82 93 117
is_linear=0
shrinkage=0.05


Tree=487
num_leaves=15
num_cat=0
split_feature=6 6 7 5 6 5 2 9 9 0 6 5 6 1
split_gain=0.0914786 0.261113 0.182598 0.245232 0.114289 0.289787 0.106377 0.132445 0.183868 0.300646 0.169751 0.200072 0.168601 0.153275
threshold=5934.5000000000009 5335.5000000000009 4.5000000000000009 1683.5000000000002 15232.500000000002 5254.5000000000009 1371048.4651351552 1953.5000000000002 2000.5000000000002 572600.24644636794 10109.500000000002 4898.5000000000009 13050.000000000002 677772.907508748
decision_type=2 2 2 2 2 2 2 2 2 2 2 2 2 2
left_child=1 2 3 -1 6 -6 7 10 12 -10 13 -12 -9 -2
right_child=4 -3 -4 -5 5 -7 -8 8 9 -11 11 -13 -14 -15
leaf_value=-0.001300897216212682 0.00042544186991803792 -0.0042991631461874302 -0.0020309034086142979 0.0032855243557282999 -0.0044831571269738071 0.0008405375656992441 -0.0017030424762012092 0.0020255181501400428 0.0015405833759174056 -0.0024620191906837541 0.0019543015698254037 -0.0022180179780116305 -0.00056540535924096515 -0.0030821721037500539
leaf_weight=55 51 46 75 62 44 61 59 322 98 90 102 40 78 80
leaf_count=55 51 46 75 62 44 61 59 322 98 90 102 40 78 80
internal_value=-3.25726e-05 -0.000915656 -0.000105024 0.00112951 0.000172475 -0.00139034 0.00035084 0.000491582 0.000914134 -0.000375556 -0.000418528 0.000779 0.00152029 -0.00171661
internal_weight=1263 238 192 117 1025 105 920 861 588 188 273 142 400 131
internal_count=1263 238 192 117 1025 105 920 861 588 188 273 142 400 131
is_linear=0
shrinkage=0.05


Tree=488
num_leaves=19
num_cat=0
split_feature=2 2 5 11 9 6 0 7 10 9 11 10 5 0 2 2 10 0
split_gain=0.0825847 0.19866 0.179283 0.287141 0.217834 0.173974 0.121493 0.249756 0.249089 0.0909995 0.208878 0.168108 0.317646 0.120061 0.111621 0.176065 0.0797188 0.182995
threshold=745781.66807709564 784289.86309009197 1749.5000000000002 4172380139.9289713 1967.5000000000002 14720.500000000002 1803305.4158322734 4.5000000000000009 973.75000000000011 1953.5000000000002 3295201420.6928525 642.91666666666686 2078.0000000000005 577666.63225903024 679627.29004813975 705434.07794821961 528.69047619047626 527730.26579940575
decision_type=2 2 2 2 2 2 2 2 2 2 2 2 2 2 2 2 2 2
left_child=5 -2 -3 4 -4 9 8 -8 -5 14 11 13 -13 -11 16 -16 -1 -18
right_child=1 2 3 6 -6 -7 7 -9 -10 10 -12 12 -14 -15 15 -17 17 -19
leaf_value=-0.0011287980842594565 -0.0038982096830916754 -0.0033751998551008176 0.0048820788324203182 -0.0045702878399478163 0.00032505875369381225 -0.0019980640531602231 -0.0017569375551952902 0.0030462529744545463 -0.00020527151556542288 0.0010675682021038873 0.0043485823881928808 -0.0039966854484468376 0.00055645528507055958 0.0041274060949501468 -0.0039854668067946901 0.00019210995457394689 -0.0011276705167256296 0.0033170072636990386
leaf_weight=44 41 41 46 51 61 77 59 50 91 147 40 46 229 41 43 61 40 55
leaf_count=44 41 41 46 51 61 77 59 50 91 147 40 46 229 41 43 61 40 55
internal_value=-3.0944e-05 -0.000583901 -0.000243333 0.000115344 0.00228415 0.000264683 -0.000809207 0.000446361 -0.00177299 0.000498238 0.000882068 0.000582585 -0.000205161 0.00173487 -0.000296275 -0.00153516 0.000630658 0.00144556
internal_weight=1263 440 399 358 107 823 251 109 142 746 503 463 275 188 243 104 139 95
internal_count=1263 440 399 358 107 823 251 109 142 746 503 463 275 188 243 104 139 95
is_linear=0
shrinkage=0.05


Tree=489
num_leaves=15
num_cat=0
split_feature=6 6 10 11 10 12 6 6 12 6 6 1 12 12
split_gain=0.0808744 0.232959 0.158545 0.202578 0.108439 0.16071 0.184237 0.156319 0.236649 0.156154 0.129656 0.15863 0.107451 0.0668402
threshold=5934.5000000000009 5335.5000000000009 856.28571428571433 893374518.47858465 2617.7500000000005 88.500000000000014 12561.500000000002 11815.500000000002 53.500000000000007 15390.500000000002 14274.000000000002 810769.61929734773 52.500000000000007 97.500000000000014
decision_type=2 2 2 2 2 2 2 2 2 2 2 2 2 2
left_child=1 2 3 -1 5 9 13 8 -6 10 11 -2 -5 -7
right_child=4 -3 -4 12 7 6 -8 -9 -10 -11 -12 -13 -14 -15
leaf_value=0.0015317757617449388 0.0011519176089854256 -0.0040556153955707405 0.0021736062872646888 -0.0007643831562664774 0.0030842334660701456 -0.0040105209708036415 0.0012825370106535653 -0.0029504870595701508 -0.0023546217910552516 -0.0019827643851525723 0.003365166844256843 -0.00060843313893366776 -0.0042808337699777139 -0.0012516802419786869
leaf_weight=50 469 46 55 45 40 42 48 64 40 52 48 176 42 46
leaf_count=50 469 46 55 45 40 42 48 64 40 52 48 176 42 46
internal_value=-2.93968e-05 -0.00085972 -9.40371e-05 -0.0010044 0.0001634 0.000371319 -0.00120925 -0.00110866 0.000364806 0.000659852 0.000858143 0.000671574 -0.00246198 -0.0025684
internal_weight=1263 238 192 137 1025 881 136 144 80 745 693 645 87 88
internal_count=1263 238 192 137 1025 881 136 144 80 745 693 645 87 88
is_linear=0
shrinkage=0.05


Tree=490
num_leaves=18
num_cat=1
split_feature=10 9 10 9 4 1 6 2 9 5 5 6 6 2 10 2 8
split_gain=0.108738 0.279996 0.143069 0.24764 0.215111 0.122642 0.112284 0.169137 0.0977323 0.343399 0.222297 0.163697 0.316449 0.156052 0.122347 0.186498 0.095505
threshold=441.00000000000006 1935.5000000000002 695.04761904761915 1991.5000000000002 0 712108.83043039031 6974.0000000000009 692237.45421809389 1975.5000000000002 3359.0000000000005 3506.0000000000005 7046.0000000000009 8438.5000000000018 706590.53824524849 1052.1666666666667 729326.24648517405 2.7500000000000004
decision_type=2 2 2 2 1 2 2 2 2 2 2 2 2 2 2 2 2
left_child=1 -1 3 4 5 -2 -3 -8 10 16 13 -12 -13 -4 -11 -16 -10
right_child=2 6 8 -5 -6 -7 7 -9 9 14 11 12 -14 -15 15 -17 -18
leaf_value=-0.0029561253244670613 -0.0039632565773478371 0.0031562966722251278 -0.00087310270263025395 -0.0039693387303973591 0.0018914204235875706 -9.5918176059679285e-05 0.0022872431333834198 -0.0015218610721229413 0.0016975713563476538 -0.0020742129621794448 0.0027962353561033913 -0.0043411129977294176 0.00031369939890342827 -0.0045885524386540056 0.0015166630184777626 -0.001608732209290163 0.0050919305879506289
leaf_weight=41 41 72 65 71 61 41 68 51 43 74 47 43 242 50 123 78 40
leaf_count=41 41 72 65 71 61 41 68 51 43 74 47 43 242 50 123 78 40
internal_value=-0.000183982 0.000792973 -0.00040641 -0.00155548 -0.00035699 -0.00202959 0.00159775 0.00065477 -0.000100943 0.000514663 -0.00059398 6.22604e-05 -0.000388606 -0.00248852 -0.000336085 0.000303823 0.00333341
internal_weight=1251 232 1019 214 143 82 191 119 805 358 447 332 285 115 275 201 83
internal_count=1251 232 1019 214 143 82 191 119 805 358 447 332 285 115 275 201 83
cat_boundaries=0 1
cat_threshold=2
is_linear=0
shrinkage=0.05


Tree=491
num_leaves=13
num_cat=0
split_feature=10 9 0 11 9 10 5 11 1 9 9 9
split_gain=0.098136 0.252697 0.165495 0.144577 0.139856 0.279304 0.199711 0.151326 0.154363 0.20441 0.163758 0.126177
threshold=441.00000000000006 1935.5000000000002 552027.01918202371 799731815.64095652 2010.5000000000002 1373.3333333333337 1489.0000000000002 1129823722.8944821 675224.47328238969 2004.5000000000002 1949.5000000000002 1981.5000000000002
decision_type=2 2 2 2 2 2 2 2 2 2 2 2
left_child=1 -1 -3 -4 6 -6 -2 -8 10 -10 -9 -5
right_child=4 2 3 11 5 -7 7 8 9 -11 -12 -13
leaf_value=-0.0028083192427868376 -0.0035889746643966293 -0.00050761856731366029 0.0050212752142148771 -0.00053852924646066854 -0.003884801257095517 0.001313441867241636 0.0028390983024358073 0.00055509041057020018 -2.8666171761476285e-05 0.0035077263982119886 -0.0024092851117584915 0.0033371714505067633
leaf_weight=41 41 66 41 42 73 40 44 72 573 44 132 42
leaf_count=41 41 66 41 42 73 40 44 72 573 44 132 42
internal_value=-0.000174783 0.000753325 0.00151787 0.00258732 -0.00038609 -0.00204472 -0.000179219 -1.76006e-05 -0.0001707 0.000223524 -0.00136303 0.00139932
internal_weight=1251 232 191 125 1019 113 906 865 821 617 204 84
internal_count=1251 232 191 125 1019 113 906 865 821 617 204 84
is_linear=0
shrinkage=0.05


Tree=492
num_leaves=20
num_cat=1
split_feature=6 6 1 2 3 2 9 6 11 11 6 5 5 9 5 5 10 2 11
split_gain=0.0914864 0.166328 0.239316 0.256577 0.242044 0.337066 0.189683 0.162341 0.132395 0.233802 0.183414 0.279883 0.143797 0.215532 0.19335 0.160338 0.130391 0.112957 0.135853
threshold=6406.0000000000009 10661.000000000002 1250500.3859040069 884681.24447337526 0 633691.85660366749 1999.5000000000002 5934.5000000000009 3151076015.2598825 3667406982.7411861 15232.500000000002 5350.5000000000009 2775.5000000000005 1990.5000000000002 2106.0000000000005 4302.5000000000009 428.46666666666675 728598.1774898424 1733650919.7273407
decision_type=2 2 2 2 1 2 2 2 2 2 2 2 2 2 2 2 2 2 2
left_child=7 2 3 4 5 -2 -6 16 12 -10 11 -11 14 15 -3 -14 -1 18 -18
right_child=1 8 -4 -5 6 -7 -8 -9 9 10 -12 -13 13 -15 -16 -17 17 -19 -20
leaf_value=0.0018927838434238866 0.0041329070397478065 -0.00065726582655933376 -0.0047084171147573559 0.0026475662546118304 -0.0017178230144179844 -0.0010401257557004027 -0.005674336128300283 0.0034566804157166614 0.0034612758285624701 0.0028024318437515337 -0.0029020843758189585 -0.002271699390604183 -0.0037703332709852697 0.0012999367781735044 0.0037357910309219738 -0.00033529760348128862 -0.0011079005531428267 -0.0023879579664207997 0.0025786212736331835
leaf_weight=72 40 67 42 49 116 148 41 43 72 77 40 42 82 57 40 58 64 60 41
leaf_count=72 40 67 42 49 116 148 41 43 72 77 40 42 82 57 40 58 64 60 41
internal_value=-0.000166044 -0.000395653 -0.00112055 -0.000738088 -0.00121895 5.7463e-05 -0.00258632 0.000630207 0.000195105 0.00109742 2.69969e-05 0.00101156 -0.000490537 -0.00129197 0.000984998 -0.00234725 0.000117387 -0.000657331 0.000331598
internal_weight=1251 971 436 394 345 188 157 280 535 231 159 119 304 197 107 140 237 165 105
internal_count=1251 971 436 394 345 188 157 280 535 231 159 119 304 197 107 140 237 165 105
cat_boundaries=0 1
cat_threshold=9
is_linear=0
shrinkage=0.05


Tree=493
num_leaves=12
num_cat=1
split_feature=10 9 0 5 9 10 5 11 11 3 0
split_gain=0.0818273 0.229268 0.151372 0.133238 0.12396 0.248521 0.176241 0.153346 0.172151 0.11262 0.0690768
threshold=441.00000000000006 1935.5000000000002 552027.01918202371 1275.0000000000002 2010.5000000000002 1373.3333333333337 1683.5000000000002 1211680667.6610169 1754974690.8422458 0 559558.65844934701
decision_type=2 2 2 2 2 2 2 2 2 1 2
left_child=1 -1 -3 -4 6 -6 -2 -8 10 -10 -9
right_child=4 2 3 -5 5 -7 7 8 9 -11 -12
leaf_value=-0.0027027772901375303 -0.0028224412221381249 -0.00051915021207550485 0.0045800494832371405 0.0011951464097180605 -0.0036479426892346714 0.0012554830731824041 0.0029356334466747076 -0.0034614148293146672 0.00074925663791698953 -0.00048849275869108997 -0.00066112438347772692
leaf_weight=41 58 66 46 79 73 40 43 49 355 361 40
leaf_count=41 58 66 46 79 73 40 43 49 355 361 40
internal_value=-0.000157742 0.000689746 0.00141798 0.00244079 -0.000350693 -0.00191222 -0.000155934 2.64455e-05 -0.000128952 0.000128838 -0.00220286
internal_weight=1251 232 191 125 1019 113 906 848 805 716 89
internal_count=1251 232 191 125 1019 113 906 848 805 716 89
cat_boundaries=0 1
cat_threshold=6
is_linear=0
shrinkage=0.05


Tree=494
num_leaves=17
num_cat=0
split_feature=6 6 2 2 2 2 5 6 6 7 10 5 10 9 2 11
split_gain=0.0838693 0.149296 0.171587 0.221447 0.163274 0.2248 0.22007 0.145799 0.130958 0.182981 0.109946 0.104976 0.120331 0.133259 0.103494 0.117767
threshold=6406.0000000000009 10661.000000000002 1250500.3859040069 884681.24447337526 707133.77038150944 729326.24648517405 2022.0000000000002 5934.5000000000009 11556.500000000002 4.5000000000000009 428.46666666666675 2177.0000000000005 4070.0000000000005 1980.5000000000002 728598.1774898424 1733650919.7273407
decision_type=2 2 2 2 2 2 2 2 2 2 2 2 2 2 2 2
left_child=7 2 3 4 6 -6 -2 10 9 -3 -1 -10 13 -13 15 -12
right_child=1 8 -4 -5 5 -7 -8 -9 11 -11 14 12 -14 -15 -16 -17
leaf_value=0.001756917677670976 0.0023881984116848223 0.0040008478612658018 -0.0039445385417860492 0.0025832358088033898 -0.0053391448504469816 -0.00086857376714760909 -0.0012426985569723554 0.0032912304408328481 -0.0025528529414995797 -0.00036593053361123548 -0.00097840934067789927 -0.00039520840804893956 -0.0023898445620116862 0.00159567995494623 -0.0022413035621866584 0.0024539646510852546
leaf_weight=72 55 49 46 45 47 70 173 43 42 47 64 215 44 138 60 41
leaf_count=72 55 49 46 45 47 70 173 43 42 47 64 215 44 138 60 41
internal_value=-0.000149751 -0.000369593 -0.00105637 -0.000715719 -0.00114602 -0.00266444 -0.000366824 0.000612633 0.000190101 0.00186295 0.000126642 -0.000175715 7.57704e-05 0.000383099 -0.000584751 0.000361851
internal_weight=1251 971 436 390 345 117 228 280 535 96 237 439 397 353 165 105
internal_count=1251 971 436 390 345 117 228 280 535 96 237 439 397 353 165 105
is_linear=0
shrinkage=0.05


Tree=495
num_leaves=19
num_cat=0
split_feature=12 5 2 5 10 5 8 1 8 10 0 0 8 7 5 5 8 0
split_gain=0.169095 0.163513 0.17529 0.226752 0.17901 0.207484 0.189039 0.167978 0.17875 0.219088 0.514313 0.154255 0.133527 0.12121 0.231161 0.118805 0.128607 0.0682669
threshold=94.500000000000014 2910.5000000000005 723410.77324754675 3341.0000000000005 1424.5833333333337 5470.0000000000009 2.2500000000000004 714688.47652307793 4.2500000000000009 534.21428571428589 560101.17611787876 564023.5249507291 4.7500000000000009 2.5000000000000004 1770.5000000000002 3540.0000000000005 2.2500000000000004 559558.65844934701
decision_type=2 2 2 2 2 2 2 2 2 2 2 2 2 2 2 2 2 2
left_child=1 7 12 -4 6 -6 -5 8 9 10 -1 -2 15 -9 -15 -3 -17 -11
right_child=11 2 3 4 5 -7 -8 13 -10 17 -12 -13 -14 14 -16 16 -18 -19
leaf_value=0.0016362664005201725 -3.6269230246222737e-05 -0.0014562089941190445 0.0031222943961620332 -0.0042604944528208981 -0.00096145062816931917 0.003178459801215758 -0.00077433668745886851 -0.0017564515422453129 0.00084157239221635148 -0.0057888824248504712 -0.0052252505281516776 0.0034620021245496319 0.0034658787468940301 -0.0013806358794681728 0.0034900325668065211 0.0026427633592296237 0.00035837824486174385 -0.0028855570210726002
leaf_weight=72 58 51 40 58 85 47 118 42 56 41 44 69 53 42 58 96 172 40
leaf_count=72 58 51 40 58 85 47 118 42 56 41 44 69 53 42 58 96 172 40
internal_value=0.000135706 -6.11902e-05 0.000387287 -0.000419323 -0.000879273 0.000512608 -0.00192318 -0.000878668 -0.00165114 -0.00235973 -0.000966378 0.00186437 0.00114186 0.000497635 0.00144435 0.000755736 0.00117667 -0.00435514
internal_weight=1242 1115 720 348 308 132 176 395 253 197 116 127 372 142 100 319 268 81
internal_count=1242 1115 720 348 308 132 176 395 253 197 116 127 372 142 100 319 268 81
is_linear=0
shrinkage=0.05


Tree=496
num_leaves=20
num_cat=0
split_feature=9 6 5 2 5 10 5 8 1 8 10 7 8 7 5 5 8 10 5
split_gain=0.152608 0.203493 0.14757 0.158199 0.204644 0.161556 0.187254 0.170608 0.151601 0.161322 0.197727 0.163263 0.120508 0.109392 0.208623 0.107221 0.116068 0.0570814 0.0260332
threshold=1929.5000000000002 7296.5000000000009 2910.5000000000005 723410.77324754675 3341.0000000000005 1424.5833333333337 5470.0000000000009 2.2500000000000004 714688.47652307793 4.2500000000000009 534.21428571428589 5.5000000000000009 4.7500000000000009 2.5000000000000004 1770.5000000000002 3540.0000000000005 2.2500000000000004 875.25000000000011 4827.0000000000009
decision_type=2 2 2 2 2 2 2 2 2 2 2 2 2 2 2 2 2 2 2
left_child=1 -1 8 12 -5 7 -7 -6 9 10 11 -2 15 -10 -15 -4 -17 -12 -3
right_child=2 18 3 4 5 6 -8 -9 13 -11 17 -13 -14 14 -16 16 -18 -19 -20
leaf_value=0.0043823387067606478 0.00080243287800205133 -0.00066488880738688758 -0.0013833985873954553 0.0029661796335130933 -0.0040474697198956636 -0.00091337813502725441 0.0030195368344875725 -0.0007356197885987428 -0.0016686289238610438 0.00079949381345483883 -0.0054484154637221525 -0.0029631721005195155 0.0032925848963336565 -0.0013116040117373425 0.0033155309379598579 0.0025106251547792153 0.00034045930677716253 -0.0027935776630329204 0.0011390359781216831
leaf_weight=47 63 40 51 40 58 85 47 118 42 56 41 53 53 42 58 96 172 40 40
leaf_count=47 63 40 51 40 58 85 47 118 42 56 41 53 53 42 58 96 172 40 40
internal_value=0.000128921 0.00177115 -5.81307e-05 0.000367923 -0.000398357 -0.000835309 0.000486978 -0.00182702 -0.000834735 -0.00156858 -0.00224174 -0.000918059 0.00108477 0.000472754 0.00137213 0.000717949 0.00111783 -0.00413738 0.000237074
internal_weight=1242 127 1115 720 348 308 132 176 395 253 197 116 372 142 100 319 268 81 80
internal_count=1242 127 1115 720 348 308 132 176 395 253 197 116 372 142 100 319 268 81 80
is_linear=0
shrinkage=0.05


Tree=497
num_leaves=18
num_cat=1
split_feature=9 0 10 4 10 9 0 0 9 9 0 8 10 2 1 0 2
split_gain=0.137729 0.13841 0.111257 0.0946086 0.185411 0.19882 0.165277 0.161328 0.274482 0.408548 0.230235 0.207609 0.261464 0.120869 0.296684 0.107201 0.0723023
threshold=1929.5000000000002 564023.5249507291 3690.0000000000005 0 973.75000000000011 1948.5000000000002 541721.52379552484 572600.24644636794 1994.5000000000002 1944.5000000000002 819663.42659956194 3.2500000000000004 759.87500000000011 760862.6221296686 701797.52207137598 559558.65844934701 745781.66807709564
decision_type=2 2 2 1 2 2 2 2 2 2 2 2 2 2 2 2 2
left_child=1 -1 3 7 5 -5 -7 11 9 -9 -10 15 -13 14 -6 -2 -4
right_child=2 -3 16 4 13 6 -8 8 10 -11 -12 12 -14 -15 -16 -17 -18
leaf_value=-0.00011777946191582957 -0.0017786426989293499 0.0031959453316116912 0.002925029919454258 -0.0036147080411735389 0.0026888981116874339 -0.0023955852281991007 0.00096466358283885415 -0.0040773343066261578 -0.0058865483380101911 0.00096500806764179175 -0.00094137179210435507 -0.00081605626735836267 0.0034185316301433436 0.0038647596977408171 -0.002588396637541492 0.0010286862944609467 9.7911293795775798e-05
leaf_weight=58 123 69 49 42 76 48 154 55 52 149 43 65 83 46 41 47 42
leaf_count=58 123 69 49 42 76 48 154 55 52 149 43 65 83 46 41 47 42
internal_value=0.000122475 0.00168259 -5.52242e-05 -0.000204115 0.000387625 -0.000484621 0.000166189 -0.000594452 -0.00142825 -0.000394447 -0.00364821 0.000189527 0.00155875 0.00169332 0.00083959 -0.0010025 0.00162021
internal_weight=1242 127 1115 1024 407 244 202 617 299 204 95 318 148 163 117 170 91
internal_count=1242 127 1115 1024 407 244 202 617 299 204 95 318 148 163 117 170 91
cat_boundaries=0 1
cat_threshold=2
is_linear=0
shrinkage=0.05


Tree=498
num_leaves=16
num_cat=2
split_feature=11 11 5 6 11 11 3 10 10 11 11 5 10 4 2
split_gain=0.154128 0.18798 0.182475 0.205062 0.18151 0.175163 0.15289 0.329022 0.275549 0.179722 0.179371 0.17511 0.244475 0.100399 0.0912322
threshold=1439639600.1146455 8313619937.4681358 1853.0000000000002 9889.0000000000018 979976411.40589082 10296873943.737831 0 677.53333333333342 877.73333333333346 3195248590.6646457 6006384901.5637598 2587.5000000000005 616.19642857142867 1 681908.35680202011
decision_type=2 2 2 2 2 2 1 2 2 2 2 2 2 1 2
left_child=2 6 4 -4 13 -3 10 -8 -9 -10 11 -2 -13 14 -1
right_child=1 5 3 -5 -6 -7 7 8 9 -11 -12 12 -14 -15 -16
leaf_value=-0.0033186871902612242 0.0040728838075088656 -0.0032428147736936808 -0.0042692178269275105 1.4399249600816748e-05 0.0030848770352895371 0.0007347636743215845 0.002859753020354273 -0.0045140581403640993 -0.0015426317250538861 0.0016371484853535596 0.0041703112675653157 -0.0027076883357949558 0.0010880425658749977 0.0007394042757029335 -0.00030120643808252435
leaf_weight=46 41 62 65 49 40 50 68 47 107 76 48 48 365 75 55
leaf_count=46 41 62 65 49 40 50 68 47 107 76 48 48 365 75 55
internal_value=0.000116351 0.000451401 -0.000809604 -0.00242801 4.45576e-05 -0.00146711 0.000719992 -0.000189402 -0.00109913 -0.000222067 0.00123893 0.000956288 0.000646892 -0.000646424 -0.0016755
internal_weight=1242 912 330 114 216 112 800 298 230 183 502 454 413 176 101
internal_count=1242 912 330 114 216 112 800 298 230 183 502 454 413 176 101
cat_boundaries=0 1 2
cat_threshold=12 2
is_linear=0
shrinkage=0.05


Tree=499
num_leaves=14
num_cat=1
split_feature=11 9 11 11 6 6 6 8 5 5 10 5 3
split_gain=0.140091 0.274294 0.177047 0.190421 0.104417 0.202394 0.305761 0.230907 0.0890923 0.116389 0.119566 0.186233 0.142061
threshold=1567205604.7806945 1930.5000000000002 8532879060.3654881 10296873943.737831 12390.500000000002 10661.000000000002 9009.0000000000018 3.2500000000000004 2500.0000000000005 2910.5000000000005 1363.6250000000002 4059.5000000000005 0
decision_type=2 2 2 2 2 2 2 2 2 2 2 2 1
left_child=1 -1 8 -4 5 6 7 -3 -2 -10 12 -12 -11
right_child=2 4 3 -5 -6 -7 -8 -9 9 10 11 -13 -14
leaf_value=0.0031944063377159181 0.0028207134519842394 -0.0021072611487843976 -0.0036235369992657349 0.00069802555852220398 -0.0035198516700239409 0.0020738418872126053 -0.005113946554838154 0.0014262604596740681 -0.001980414356096714 0.0012425469401533011 0.0039999147574417294 0.00085107231667886176 -0.00059864300783961117
leaf_weight=40 47 106 52 50 42 49 46 82 42 172 60 216 238
leaf_count=40 47 106 52 50 42 49 46 82 42 172 60 216 238
internal_value=0.000110534 -0.000712595 0.000453113 -0.00150512 -0.00119346 -0.000848197 -0.00146008 -0.000566044 0.000710842 0.000574628 0.000731059 0.0015356 0.000189464
internal_weight=1242 365 877 102 325 283 234 188 775 728 686 276 410
internal_count=1242 365 877 102 325 283 234 188 775 728 686 276 410
cat_boundaries=0 1
cat_threshold=4
is_linear=0
shrinkage=0.05


end of trees

feature_importances:
sqft_per_bedroom=970
lot_size_sqft=955
year_built=936
state_x_sqft=913
sqft=881
city=585
county=469
state=409
bathrooms=336
bedrooms=300
building_age=178
property_type=105
owner_occupied=100

parameters:
[boosting: gbdt]
[objective: regression]
[metric: l1]
[tree_learner: serial]
[device_type: cpu]
[data_sample_strategy: bagging]
[data: ]
[valid: ]
[num_iterations: 500]
[learning_rate: 0.05]
[num_leaves: 31]
[num_threads: 0]
[seed: 42]
[deterministic: 0]
[force_col_wise: 0]
[force_row_wise: 0]
[histogram_pool_size: -1]
[max_depth: 6]
[min_data_in_leaf: 40]
[min_sum_hessian_in_leaf: 0.001]
[bagging_fraction: 0.8]
[pos_bagging_fraction: 1]
[neg_bagging_fraction: 1]
[bagging_freq: 5]
[bagging_seed: 400]
[bagging_by_query: 0]
[feature_fraction: 0.8]
[feature_fraction_bynode: 1]
[feature_fraction_seed: 30056]
[extra_trees: 0]
[extra_seed: 12879]
[early_stopping_round: 0]
[early_stopping_min_delta: 0]
[first_metric_only: 0]
[max_delta_step: 0]
[lambda_l1: 0]
[lambda_l2: 0]
[linear_lambda: 0]
[min_gain_to_split: 0]
[drop_rate: 0.1]
[max_drop: 50]
[skip_drop: 0.5]
[xgboost_dart_mode: 0]
[uniform_drop: 0]
[drop_seed: 17869]
[top_rate: 0.2]
[other_rate: 0.1]
[min_data_per_group: 100]
[max_cat_threshold: 32]
[cat_l2: 10]
[cat_smooth: 10]
[max_cat_to_onehot: 4]
[top_k: 20]
[monotone_constraints: ]
[monotone_constraints_method: basic]
[monotone_penalty: 0]
[feature_contri: ]
[forcedsplits_filename: ]
[refit_decay_rate: 0.9]
[cegb_tradeoff: 1]
[cegb_penalty_split: 0]
[cegb_penalty_feature_lazy: ]
[cegb_penalty_feature_coupled: ]
[path_smooth: 0]
[interaction_constraints: ]
[verbosity: -1]
[saved_feature_importance_type: 0]
[use_quantized_grad: 0]
[num_grad_quant_bins: 4]
[quant_train_renew_leaf: 0]
[stochastic_rounding: 1]
[linear_tree: 0]
[max_bin: 255]
[max_bin_by_feature: ]
[min_data_in_bin: 3]
[bin_construct_sample_cnt: 200000]
[data_random_seed: 175]
[is_enable_sparse: 1]
[enable_bundle: 1]
[use_missing: 1]
[zero_as_missing: 0]
[feature_pre_filter: 1]
[pre_partition: 0]
[two_round: 0]
[header: 0]
[label_column: ]
[weight_column: ]
[group_column: ]
[ignore_column: ]
[categorical_feature: 3,4]
[forcedbins_filename: ]
[precise_float_parser: 0]
[parser_config_file: ]
[objective_seed: 16083]
[num_class: 1]
[is_unbalance: 0]
[scale_pos_weight: 1]
[sigmoid: 1]
[boost_from_average: 1]
[reg_sqrt: 0]
[alpha: 0.9]
[fair_c: 1]
[poisson_max_delta_step: 0.7]
[tweedie_variance_power: 1.5]
[lambdarank_truncation_level: 30]
[lambdarank_norm: 1]
[label_gain: ]
[lambdarank_position_bias_regularization: 0]
[eval_at: ]
[multi_error_top_k: 1]
[auc_mu_weights: ]
[num_machines: 1]
[local_listen_port: 12400]
[time_out: 120]
[machine_list_filename: ]
[machines: ]
[gpu_platform_id: -1]
[gpu_device_id: -1]
[gpu_use_dp: 0]
[num_gpu: 1]

end of parameters

pandas_categorical:[["Condo", "Multi Family", "Single Family", "Townhouse"], [false, true]]
